Player,Team,Pos,Rank,VORP,Tier,Volatility,ADP,ESPN_Rank,NFL_Rank,CBS_Rank,Pass_Yds,Pass_TD,Int,Rush_Yds,Rush_TD,Rec,Rec_Yds,Rec_TD
Christian McCaffrey,SF,RB,1,174.0,1.0,1.0600692307494513,1.0,5.0,8.0,5.0,,,,1260.0,11.0,71.0,614.0,7.0
Breece Hall,NYJ,RB,2,133.33,1.0,1.1511709156041439,6.0,16.0,24.0,17.0,,,,932.0,9.0,75.0,646.0,8.0
Bijan Robinson,ATL,RB,3,126.23,1.0,1.294958341460524,5.5,14.0,31.0,22.0,,,,1111.0,6.0,69.0,604.0,8.0
CeeDee Lamb,DAL,WR,4,119.5,1.0,1.1511709156041439,3.0,12.0,19.0,20.0,,,,82.0,1.0,120.0,1590.0,10.0
Saquon Barkley,PHI,RB,5,116.2,1.0,1.4548368744384814,10.5,23.0,39.0,13.0,,,,1217.0,14.0,53.0,400.0,6.0
Tyreek Hill,MIA,WR,6,108.03,1.0,1.1313000959472126,2.0,19.0,18.0,25.0,,,,24.0,0.0,107.0,1526.0,11.0
Jonathan Taylor,IND,RB,7,106.03,1.0,1.242766905802466,11.0,21.0,35.0,28.0,,,,1386.0,12.0,34.0,271.0,2.0
Josh Allen,BUF,QB,8,91.66,1.0,1.0200230769164838,22.5,1.0,1.0,2.0,3997.0,32.0,15.0,686.0,10.0,,,
Kyren Williams,LAR,RB,9,91.37,2.0,1.3675748308869284,16.5,25.0,46.0,33.0,,,,1206.0,12.0,35.0,231.0,3.0
Jalen Hurts,PHI,QB,10,90.12,1.0,1.0200230769164838,31.5,2.0,2.0,1.0,3966.0,31.0,16.0,600.0,13.0,,,
Derrick Henry,BAL,RB,11,82.97,2.0,1.2803230768307725,19.0,29.0,45.0,39.0,,,,1299.0,12.0,25.0,228.0,0.0
Amon-Ra St. Brown,DET,WR,12,81.9,2.0,1.1745571376353894,,24.0,34.0,30.0,,,,34.0,0.0,112.0,1414.0,10.0
Ja'Marr Chase,CIN,WR,13,81.8,1.0,1.296314478916488,6.5,20.0,30.0,37.0,,,,4.0,0.0,99.0,1302.0,10.0
Isiah Pacheco,KC,RB,14,80.53,2.0,1.2626001918944252,24.5,32.0,44.0,46.0,,,,1018.0,11.0,43.0,257.0,2.0
Travis Etienne,JAX,RB,15,80.35,2.0,1.1471389645776566,15.5,,49.0,43.0,,,,905.0,11.0,50.0,415.0,1.0
Jahmyr Gibbs,DET,RB,16,80.13,2.0,1.2990083023134367,11.5,31.0,48.0,42.0,,,,950.0,10.0,63.0,422.0,1.0
Justin Jefferson,MIN,WR,17,79.3,1.0,1.2803230768307725,5.0,22.0,32.0,38.0,,,,-3.0,0.0,103.0,1518.0,6.0
Lamar Jackson,BAL,QB,18,73.04,1.0,1.0200230769164838,39.0,3.0,4.0,3.0,3609.0,29.0,11.0,919.0,5.0,,,
A.J. Brown,PHI,WR,19,72.93,2.0,1.2648804100166702,,26.0,36.0,41.0,,,,1.0,0.0,92.0,1365.0,9.0
Travis Kelce,KC,TE,20,72.75,1.0,1.6962159460447168,29.5,71.0,94.0,54.0,,,,,,101.0,1149.0,8.0
James Cook,BUF,RB,21,71.4,2.0,1.6226500864046445,34.5,41.0,68.0,34.0,,,,1289.0,6.0,43.0,390.0,4.0
Rachaad White,TB,RB,22,69.93,2.0,1.327791896279511,33.5,35.0,53.0,49.0,,,,865.0,8.0,54.0,446.0,3.0
Puka Nacua,LAR,WR,23,69.8,1.0,1.2602999999142888,14.5,28.0,43.0,35.0,,,,73.0,0.0,100.0,1448.0,7.0
De'Von Achane,MIA,RB,24,69.0,2.0,1.0872785688176947,21.0,45.0,50.0,48.0,,,,903.0,9.0,41.0,298.0,5.0
Josh Jacobs,GB,RB,25,66.83,2.0,1.0721942305149414,23.5,47.0,51.0,50.0,,,,1121.0,11.0,34.0,284.0,0.0
Joe Mixon,HOU,RB,26,65.53,2.0,1.583424497440506,43.5,37.0,69.0,44.0,,,,927.0,10.0,43.0,362.0,3.0
Travis Etienne Jr.,JAX,RB,27,64.1,3.0,5.0,,34.0,,,,,,,,,,
Patrick Mahomes,KC,QB,28,64.02,1.0,1.0200230769164838,33.5,4.0,3.0,4.0,4484.0,32.0,11.0,421.0,1.0,,,
Sam LaPorta,DET,TE,29,62.48,1.0,1.4683003461820983,30.5,69.0,96.0,83.0,,,,,,84.0,846.0,9.0
Mark Andrews,BAL,TE,30,59.15,1.0,1.3708325740233382,50.0,82.0,100.0,81.0,,,,,,65.0,852.0,11.0
Garrett Wilson,NYJ,WR,31,58.7,1.0,1.442777195551526,12.5,30.0,38.0,55.0,,,,1.0,0.0,99.0,1190.0,7.0
Alvin Kamara,NO,RB,32,58.3,2.0,1.6769458510985307,44.0,36.0,75.0,57.0,,,,718.0,6.0,75.0,526.0,2.0
Deebo Samuel,SF,WR,33,56.8,3.0,5.0,24.5,,,53.0,,,,223.0,4.0,66.0,985.0,6.0
Kenneth Walker III,SEA,RB,34,54.73,3.0,1.5702184204881293,,42.0,73.0,67.0,,,,858.0,12.0,29.0,244.0,1.0
Marvin Harrison Jr.,ARI,WR,35,47.43,2.0,1.1710772441672181,,48.0,56.0,47.0,,,,11.0,0.0,95.0,1299.0,8.0
George Kittle,SF,TE,36,46.08,1.0,1.1201384614989025,64.5,97.0,103.0,103.0,,,,,,61.0,915.0,7.0
Chris Olave,NO,WR,37,46.0,3.0,1.5387658982000245,25.0,33.0,55.0,63.0,,,,0.0,0.0,89.0,1187.0,7.0
Anthony Richardson,IND,QB,38,45.62,2.0,1.052976082003334,51.5,8.0,5.0,7.0,3592.0,24.0,10.0,629.0,6.0,,,
James Conner,ARI,RB,39,43.87,4.0,1.3344513222694079,58.5,77.0,80.0,62.0,,,,962.0,8.0,37.0,249.0,3.0
Trey McBride,ARI,TE,40,43.08,1.0,1.193095560943069,48.0,98.0,109.0,105.0,,,,,,83.0,902.0,5.0
Nico Collins,HOU,WR,41,41.8,3.0,1.1443884610298831,30.0,50.0,58.0,52.0,,,,8.0,0.0,75.0,1231.0,9.0
Mike Evans,TB,WR,42,41.6,3.0,1.327791896279511,36.0,43.0,57.0,61.0,,,,1.0,0.0,70.0,1108.0,10.0
Dalton Kincaid,BUF,TE,43,40.52,1.0,1.1972044373048745,50.0,108.0,111.0,100.0,,,,,,88.0,865.0,6.0
C.J. Stroud,HOU,QB,44,40.16,4.0,1.1710772441672181,,7.0,6.0,15.0,4223.0,30.0,9.0,162.0,3.0,,,
Brock Purdy,SF,QB,45,39.61,3.0,1.0,98.0,,11.0,11.0,4206.0,33.0,9.0,157.0,2.0,,,
David Montgomery,DET,RB,46,39.37,4.0,1.1217956220088665,64.5,72.0,79.0,76.0,,,,965.0,10.0,24.0,183.0,0.0
Deebo Samuel Sr.,SF,WR,47,39.3,2.0,1.1961852861035422,,44.0,52.0,,,,,,,,,
Davante Adams,LV,WR,48,38.43,3.0,1.2752717968471292,19.0,48.0,63.0,60.0,,,,0.0,0.0,92.0,1121.0,8.0
Drake London,ATL,WR,49,37.5,3.0,1.2908519925012076,21.5,53.0,54.0,68.0,,,,0.0,0.0,85.0,1211.0,6.0
Brandon Aiyuk,SF,WR,50,36.83,3.0,1.2309173878772568,36.0,52.0,61.0,65.0,,,,4.0,0.0,70.0,1201.0,8.0
David Njoku,CLE,TE,51,36.38,2.0,1.6226500864046445,90.0,106.0,133.0,99.0,,,,,,75.0,879.0,7.0
Cooper Kupp,LAR,WR,52,36.27,3.0,1.1114837740898027,36.0,58.0,59.0,64.0,,,,10.0,0.0,90.0,1103.0,8.0
Aaron Jones,MIN,RB,53,36.13,4.0,1.3421544883344363,56.0,73.0,71.0,89.0,,,,724.0,5.0,49.0,362.0,2.0
Joe Burrow,CIN,QB,54,36.12,2.0,1.1401615384153863,63.0,6.0,9.0,14.0,4265.0,33.0,12.0,150.0,2.0,,,
DK Metcalf,SEA,WR,55,35.7,3.0,1.4391403602799988,39.0,46.0,62.0,71.0,,,,1.0,0.0,67.0,1023.0,10.0
Najee Harris,PIT,RB,56,35.43,4.0,1.0346809865432094,65.5,80.0,81.0,82.0,,,,970.0,8.0,28.0,183.0,1.0
Dak Prescott,DAL,QB,57,35.28,2.0,1.0200230769164838,76.5,9.0,10.0,9.0,4230.0,34.0,13.0,230.0,2.0,,,
Rhamondre Stevenson,NE,RB,58,35.23,4.0,1.4308452518726247,59.0,66.0,87.0,88.0,,,,825.0,6.0,50.0,320.0,0.0
Jayden Daniels,WSH,QB,59,35.19,3.0,1.1716621253405994,100.5,,15.0,8.0,3604.0,27.0,15.0,633.0,5.0,,,
Zamir White,LV,RB,60,35.1,4.0,1.5509075894984494,66.0,74.0,101.0,73.0,,,,1233.0,5.0,33.0,228.0,0.0
DeVonta Smith,PHI,WR,61,34.67,3.0,1.1779690004665715,46.0,56.0,66.0,59.0,,,,0.0,0.0,80.0,1127.0,9.0
Jake Ferguson,DAL,TE,62,34.6,2.0,1.3678474114441417,87.5,,132.0,117.0,,,,,,71.0,763.0,7.0
Kyle Pitts,ATL,TE,63,34.25,1.0,1.2949583414605241,65.5,107.0,115.0,124.0,,,,,,64.0,877.0,5.0
DJ Moore,CHI,WR,64,33.73,3.0,1.3415681048900736,38.5,51.0,65.0,70.0,,,,25.0,1.0,69.0,998.0,9.0
Evan Engram,JAX,TE,65,33.18,1.0,1.6303295143975043,72.0,104.0,139.0,113.0,,,,,,92.0,818.0,5.0
Caleb Williams,CHI,QB,66,31.52,3.0,1.1716621253405994,98.5,,17.0,10.0,3478.0,28.0,13.0,565.0,5.0,,,
Brian Robinson Jr.,WSH,RB,67,31.5,3.0,1.3678474114441417,,75.0,,90.0,,,,716.0,6.0,28.0,292.0,4.0
Amari Cooper,CLE,WR,68,31.0,3.0,1.0693619730864188,56.0,68.0,64.0,66.0,,,,0.0,0.0,73.0,1245.0,7.0
D'Andre Swift,CHI,RB,69,29.83,4.0,1.2002307691648375,58.5,81.0,91.0,91.0,,,,919.0,4.0,40.0,257.0,2.0
Kyler Murray,ARI,QB,70,29.23,2.0,1.158928246010002,68.5,10.0,7.0,16.0,3647.0,27.0,14.0,436.0,5.0,,,
Jordan Love,GB,QB,71,29.06,2.0,1.1201384614989025,71.0,12.0,12.0,6.0,3990.0,36.0,10.0,184.0,3.0,,,
Raheem Mostert,MIA,RB,72,28.97,4.0,1.3108417440081452,77.5,83.0,99.0,84.0,,,,822.0,11.0,17.0,108.0,2.0
Stefon Diggs,HOU,WR,73,28.77,3.0,1.3675748308869284,37.5,54.0,67.0,75.0,,,,4.0,0.0,82.0,1036.0,7.0
Jaylen Waddle,MIA,WR,74,28.63,3.0,1.3908348693585368,37.5,61.0,60.0,80.0,,,,22.0,0.0,76.0,1084.0,6.0
George Pickens,PIT,WR,75,27.9,3.0,1.1734049327160472,57.5,64.0,74.0,69.0,,,,27.0,0.0,63.0,1153.0,8.0
Dallas Goedert,PHI,TE,76,27.4,2.0,1.0980926430517712,111.0,,138.0,134.0,,,,,,66.0,743.0,6.0
Tank Dell,HOU,WR,77,26.13,4.0,1.2165826915448246,66.5,62.0,71.0,74.0,,,,61.0,0.0,63.0,909.0,10.0
Brock Bowers,LV,TE,78,25.75,2.0,1.0735694822888284,93.5,,136.0,139.0,,,,,,65.0,754.0,5.0
Tee Higgins,CIN,WR,79,25.5,3.0,1.3473874009952442,59.0,59.0,70.0,79.0,,,,0.0,0.0,65.0,982.0,9.0
Michael Pittman Jr.,IND,WR,80,24.9,2.0,5.0,,57.0,,,,,,,,,,
Tony Pollard,TEN,RB,81,24.8,4.0,1.1201384614989025,79.5,91.0,97.0,97.0,,,,940.0,7.0,29.0,192.0,0.0
Zay Flowers,BAL,WR,82,24.43,3.0,1.4933159543198238,58.5,55.0,81.0,78.0,,,,51.0,1.0,74.0,958.0,7.0
Michael Pittman,IND,WR,83,22.7,3.0,1.1961852861035422,35.0,,85.0,77.0,,,,10.0,0.0,96.0,1074.0,5.0
Jared Goff,DET,QB,84,22.58,3.0,1.0490463215258856,106.5,,16.0,18.0,4431.0,31.0,9.0,42.0,1.0,,,
Malik Nabers,NYG,WR,85,21.3,3.0,1.4180941205191637,44.5,63.0,77.0,87.0,,,,10.0,0.0,70.0,1051.0,6.0
Javonte Williams,DEN,RB,86,20.47,4.0,1.2803230768307725,83.0,92.0,98.0,108.0,,,,797.0,4.0,43.0,227.0,2.0
Calvin Ridley,TEN,WR,87,19.97,4.0,1.5217538985471264,79.0,59.0,84.0,86.0,,,,21.0,0.0,62.0,901.0,9.0
Zack Moss,CIN,RB,88,19.57,4.0,1.2165826915448246,85.5,101.0,104.0,92.0,,,,753.0,6.0,37.0,254.0,3.0
Trevor Lawrence,JAX,QB,89,19.33,3.0,1.0872785688176947,121.5,17.0,14.0,12.0,3990.0,28.0,12.0,308.0,5.0,,,
Devin Singletary,NYG,RB,90,19.17,4.0,1.6947748019904885,86.5,87.0,95.0,125.0,,,,879.0,5.0,30.0,167.0,0.0
Nick Chubb,CLE,RB,91,18.35,4.0,1.2452316076294279,89.0,,112.0,102.0,,,,866.0,5.0,33.0,263.0,1.0
Jaylen Warren,PIT,RB,92,18.33,4.0,1.193095560943069,88.0,95.0,102.0,106.0,,,,713.0,4.0,51.0,338.0,1.0
Brian Robinson,WSH,RB,93,15.7,4.0,5.0,93.5,,106.0,,,,,,,,,
Justin Herbert,LAC,QB,94,14.55,3.0,1.1114837740898027,124.0,18.0,13.0,19.0,3924.0,28.0,10.0,263.0,3.0,,,
Christian Kirk,JAX,WR,95,14.47,4.0,1.3308355260738103,67.5,77.0,76.0,93.0,,,,9.0,0.0,75.0,983.0,6.0
Rashee Rice,KC,WR,96,14.37,4.0,1.5868503900533264,77.5,65.0,88.0,98.0,,,,2.0,0.0,74.0,895.0,7.0
Chris Godwin,TB,WR,97,14.33,4.0,1.4683003461820983,74.0,69.0,83.0,96.0,,,,27.0,1.0,78.0,922.0,5.0
Gus Edwards,LAC,RB,98,13.25,4.0,1.465940054495913,111.5,,107.0,126.0,,,,629.0,10.0,15.0,185.0,0.0
Austin Ekeler,WSH,RB,99,12.3,4.0,1.322240926611886,91.0,99.0,117.0,104.0,,,,560.0,7.0,39.0,326.0,2.0
Deshaun Watson,CLE,QB,100,9.49,4.0,1.240276922997805,164.5,11.0,23.0,23.0,4022.0,28.0,18.0,350.0,2.0,,,
Jayden Reed,GB,WR,101,9.47,4.0,1.1401615384153863,80.0,88.0,93.0,85.0,,,,105.0,3.0,58.0,732.0,8.0
Chase Brown,CIN,RB,102,9.45,4.0,1.3678474114441417,105.5,,129.0,114.0,,,,626.0,3.0,35.0,401.0,3.0
Dalton Schultz,HOU,TE,103,9.15,2.0,1.570921092868694,125.5,119.0,148.0,147.0,,,,,,59.0,656.0,6.0
Tua Tagovailoa,MIA,QB,104,9.05,3.0,1.1471389645776566,106.0,,20.0,26.0,4290.0,29.0,13.0,93.0,0.0,,,
Tyjae Spears,TEN,RB,105,8.2,4.0,1.8177656022059816,101.5,94.0,108.0,140.0,,,,601.0,3.0,42.0,321.0,1.0
Terry McLaurin,WSH,WR,106,6.73,4.0,1.0693619730864188,65.5,90.0,92.0,94.0,,,,5.0,0.0,76.0,1025.0,5.0
Kirk Cousins,ATL,QB,107,6.68,4.0,1.191007980036206,135.5,15.0,26.0,21.0,4029.0,30.0,7.0,111.0,2.0,,,
Keenan Allen,CHI,WR,108,6.37,4.0,1.6619739457556788,68.5,79.0,86.0,115.0,,,,8.0,0.0,71.0,834.0,6.0
T.J. Hockenson,MIN,TE,109,6.2,3.0,1.318801089918256,,,155.0,168.0,,,,,,64.0,663.0,3.0
Baker Mayfield,TB,QB,110,4.49,4.0,1.0245231607629428,159.5,,25.0,24.0,3993.0,29.0,11.0,150.0,1.0,,,
Pat Freiermuth,PIT,TE,111,3.65,2.0,1.9525177833654075,126.0,116.0,162.0,165.0,,,,,,54.0,613.0,5.0
Diontae Johnson,CAR,WR,112,2.27,4.0,1.9045911155788504,89.5,67.0,116.0,107.0,,,,10.0,0.0,64.0,794.0,8.0
Christian Watson,GB,WR,113,1.0,4.0,1.7489273190875003,98.5,76.0,119.0,101.0,,,,27.0,1.0,48.0,735.0,10.0
Jonathon Brooks,CAR,RB,114,0.8,4.0,1.64073846132748,89.0,110.0,110.0,142.0,,,,710.0,5.0,20.0,173.0,1.0
Ezekiel Elliott,DAL,RB,115,0.4,4.0,2.4517766403901122,107.5,86.0,118.0,169.0,,,,455.0,4.0,29.0,194.0,2.0
Joshua Karty,LAR,K,116,0.0,0.0,5.373839381681796,296.0,270.0,520.0,366.0,,,,,,,,
Daniel Carlson,LV,K,117,0.0,0.0,5.373839381681796,238.5,270.0,520.0,366.0,,,,,,,,
Packers,GB,DST,118,0.0,0.0,5.373839381681796,304.5,270.0,520.0,366.0,,,,,,,,
Matthew Stafford,LAR,QB,119,0.0,4.0,1.2452316076294279,149.5,,21.0,31.0,4144.0,28.0,13.0,63.0,0.0,,,
Nick Folk,TEN,K,120,0.0,0.0,5.373839381681796,,270.0,520.0,366.0,,,,,,,,
Cam Little,JAX,K,121,0.0,0.0,5.373839381681796,,270.0,520.0,366.0,,,,,,,,
Anders Carlson,GB,K,122,0.0,0.0,5.373839381681796,,270.0,520.0,366.0,,,,,,,,
Commanders,WSH,DST,123,0.0,0.0,7.130790190735696,208.0,270.0,520.0,,,,,,,,,
Blake Grupe,NO,K,124,0.0,0.0,5.373839381681796,297.0,270.0,520.0,366.0,,,,,,,,
Graham Gano,NYG,K,125,0.0,0.0,5.373839381681796,,270.0,520.0,366.0,,,,,,,,
Wil Lutz,DEN,K,126,0.0,0.0,5.373839381681796,255.0,270.0,520.0,366.0,,,,,,,,
Chad Ryland,NE,K,127,0.0,0.0,5.373839381681796,,270.0,520.0,366.0,,,,,,,,
Cade York,WSH,K,128,0.0,0.0,5.373839381681796,,270.0,520.0,366.0,,,,,,,,
Raiders,LV,DST,129,0.0,0.0,5.373839381681796,239.5,270.0,520.0,366.0,,,,,,,,
Titans,TEN,DST,130,0.0,0.0,5.373839381681796,257.0,270.0,520.0,366.0,,,,,,,,
Buccaneers,TB,DST,131,0.0,0.0,5.373839381681796,245.5,270.0,520.0,366.0,,,,,,,,
Matthew Wright,PIT,K,132,0.0,0.0,7.130790190735696,,270.0,520.0,,,,,,,,,
Rams,LAR,DST,133,0.0,0.0,7.130790190735696,306.0,270.0,520.0,,,,,,,,,
Patriots,NE,DST,134,0.0,0.0,5.373839381681796,272.0,270.0,520.0,366.0,,,,,,,,
Will Reichard,MIN,K,135,0.0,0.0,5.373839381681796,270.0,270.0,520.0,366.0,,,,,,,,
Cardinals,ARI,DST,136,0.0,0.0,5.373839381681796,,270.0,520.0,366.0,,,,,,,,
Austin Seibert,NYJ,K,137,0.0,0.0,7.130790190735696,,270.0,520.0,,,,,,,,,
Greg Joseph,GB,K,138,0.0,0.0,5.373839381681796,,270.0,520.0,366.0,,,,,,,,
Michael Badgley,DET,K,139,0.0,0.0,5.0,,270.0,,,,,,,,,,
Broncos,DEN,DST,140,0.0,0.0,5.373839381681796,278.0,270.0,520.0,366.0,,,,,,,,
Jerome Ford,CLE,RB,141,0.0,4.0,1.7602179836512262,109.5,,147.0,116.0,,,,611.0,3.0,37.0,266.0,5.0
Xavier Worthy,KC,WR,142,0.0,4.0,1.1716621253405994,83.5,,105.0,112.0,,,,11.0,0.0,56.0,929.0,6.0
Vikings,MIN,DST,143,0.0,0.0,4.776566757493188,277.0,,520.0,366.0,,,,,,,,
Cowboys,DAL,DST,144,0.0,0.0,4.776566757493188,178.0,,520.0,366.0,,,,,,,,
49ers,SF,DST,145,0.0,0.0,4.776566757493188,166.0,,520.0,366.0,,,,,,,,
Steelers,PIT,DST,146,0.0,0.0,4.776566757493188,198.5,,520.0,366.0,,,,,,,,
Browns,CLE,DST,147,0.0,0.0,4.776566757493188,192.5,,520.0,366.0,,,,,,,,
Eagles,PHI,DST,148,0.0,0.0,4.776566757493188,224.0,,520.0,366.0,,,,,,,,
Saints,NO,DST,149,0.0,0.0,4.776566757493188,246.5,,520.0,366.0,,,,,,,,
Panthers,CAR,DST,150,0.0,0.0,4.776566757493188,,,520.0,366.0,,,,,,,,
Hunter Henry,NE,TE,151,0.0,3.0,1.2697547683923704,177.0,,165.0,176.0,,,,,,44.0,472.0,7.0
Falcons,ATL,DST,152,0.0,0.0,4.776566757493188,259.0,,520.0,366.0,,,,,,,,
N.Y. Jets,NYJ,DST,153,0.0,0.0,5.0,,,,366.0,,,,,,,,
L.A. Chargers,LAC,DST,154,0.0,0.0,5.0,,,,366.0,,,,,,,,
Texans,HOU,DST,155,0.0,0.0,5.373839381681796,226.5,270.0,520.0,366.0,,,,,,,,
N.Y. Giants,NYG,DST,156,0.0,0.0,5.0,,,,366.0,,,,,,,,
L.A. Rams,LAR,DST,157,0.0,0.0,5.0,,,,366.0,,,,,,,,
Jets,NYJ,DST,158,0.0,0.0,5.0,166.5,,520.0,,,,,,,,,
Ravens,BAL,DST,159,0.0,0.0,4.776566757493188,176.5,,520.0,366.0,,,,,,,,
Charlie Smyth,NO,K,160,0.0,0.0,5.0,,,520.0,,,,,,,,,
Spencer Shrader,IND,K,161,0.0,0.0,5.0,,,520.0,,,,,,,,,
Brayden Narveson,TEN,K,162,0.0,0.0,5.0,,,520.0,,,,,,,,,
Jude McAtamney,NYG,K,163,0.0,0.0,5.0,,,520.0,,,,,,,,,
Lucas Havrisik,CLE,K,164,0.0,0.0,5.0,,,520.0,,,,,,,,,
Alex Hale,GB,K,165,0.0,0.0,5.0,,,520.0,,,,,,,,,
Mike Badgley,DET,K,166,0.0,0.0,5.0,,,520.0,,,,,,,,,
Joey Slye,NE,K,167,0.0,0.0,5.0,,,520.0,,,,,,,,,
Matt Prater,ARI,K,168,0.0,0.0,4.776566757493188,,,520.0,366.0,,,,,,,,
Chris Boswell,PIT,K,169,0.0,0.0,4.776566757493188,303.0,,520.0,366.0,,,,,,,,
Jake Elliott,PHI,K,170,0.0,0.0,4.776566757493188,172.0,,520.0,366.0,,,,,,,,
Jason Myers,SEA,K,171,0.0,0.0,4.776566757493188,215.5,,520.0,366.0,,,,,,,,
Ka'imi Fairbairn,HOU,K,172,0.0,0.0,4.776566757493188,168.0,,520.0,366.0,,,,,,,,
Brandon Aubrey,DAL,K,173,0.0,0.0,4.776566757493188,144.0,,520.0,366.0,,,,,,,,
Justin Tucker,BAL,K,174,0.0,0.0,4.776566757493188,147.5,,520.0,366.0,,,,,,,,
Jason Sanders,MIA,K,175,0.0,0.0,5.373839381681796,192.5,270.0,520.0,366.0,,,,,,,,
Team,WSH,DST,176,0.0,0.0,5.0,,,,366.0,,,,,,,,
Younghoe Koo,ATL,K,177,0.0,0.0,5.373839381681796,175.0,270.0,520.0,366.0,,,,,,,,
Greg Zuerlein,NYJ,K,178,0.0,0.0,5.373839381681796,248.0,270.0,520.0,366.0,,,,,,,,
Chiefs,KC,DST,179,0.0,0.0,5.373839381681796,214.5,270.0,520.0,366.0,,,,,,,,
Cameron Dicker,LAC,K,180,0.0,0.0,5.373839381681796,201.0,270.0,520.0,366.0,,,,,,,,
Chargers,LAC,DST,181,0.0,0.0,7.130790190735696,313.5,270.0,520.0,,,,,,,,,
Evan McPherson,CIN,K,182,0.0,0.0,5.373839381681796,188.5,270.0,520.0,366.0,,,,,,,,
Chase McLaughlin,TB,K,183,0.0,0.0,5.373839381681796,319.0,270.0,520.0,366.0,,,,,,,,
Dustin Hopkins,CLE,K,184,0.0,0.0,5.373839381681796,299.0,270.0,520.0,366.0,,,,,,,,
Jake Bates,DET,K,185,0.0,0.0,5.373839381681796,276.0,270.0,520.0,366.0,,,,,,,,
Lions,DET,DST,186,0.0,0.0,5.373839381681796,273.5,270.0,520.0,366.0,,,,,,,,
Bengals,CIN,DST,187,0.0,0.0,5.373839381681796,267.0,270.0,520.0,366.0,,,,,,,,
Harrison Butker,KC,K,188,0.0,0.0,5.373839381681796,151.0,270.0,520.0,366.0,,,,,,,,
Jake Moody,SF,K,189,0.0,0.0,5.373839381681796,176.0,270.0,520.0,366.0,,,,,,,,
Eddy Pineiro,CAR,K,190,0.0,0.0,5.373839381681796,,270.0,520.0,366.0,,,,,,,,
Colts,IND,DST,191,0.0,0.0,5.373839381681796,282.5,270.0,520.0,366.0,,,,,,,,
Cairo Santos,CHI,K,192,0.0,0.0,5.373839381681796,257.0,270.0,520.0,366.0,,,,,,,,
Bills,BUF,DST,193,0.0,0.0,5.373839381681796,216.5,270.0,520.0,366.0,,,,,,,,
Tyler Bass,BUF,K,194,0.0,0.0,5.373839381681796,200.0,270.0,520.0,366.0,,,,,,,,
Jaguars,JAX,DST,195,0.0,0.0,5.373839381681796,297.0,270.0,520.0,366.0,,,,,,,,
Seahawks,SEA,DST,196,0.0,0.0,5.373839381681796,260.5,270.0,520.0,366.0,,,,,,,,
Bears,CHI,DST,197,0.0,0.0,5.373839381681796,274.5,270.0,520.0,366.0,,,,,,,,
Dolphins,MIA,DST,198,0.0,0.0,5.373839381681796,205.0,270.0,520.0,366.0,,,,,,,,
Giants,NYG,DST,199,0.0,0.0,7.130790190735696,262.0,270.0,520.0,,,,,,,,,
Matt Gay,IND,K,200,0.0,0.0,5.373839381681796,207.0,270.0,520.0,366.0,,,,,,,,
Luke Musgrave,GB,TE,201,-0.55,3.0,1.0245231607629428,154.0,,170.0,171.0,,,,,,58.0,606.0,4.0
Geno Smith,SEA,QB,202,-1.86,4.0,1.0,182.5,,27.0,27.0,3763.0,28.0,13.0,184.0,2.0,,,
Taysom Hill,NO,TE,203,-2.77,3.0,5.0,160.5,,166.0,,,,,,,,,
Jordan Addison,MIN,WR,204,-2.9,4.0,1.941084615074736,98.0,89.0,89.0,136.0,,,,2.0,0.0,55.0,717.0,7.0
Courtland Sutton,DEN,WR,205,-3.5,4.0,1.553086533755987,112.0,85.0,114.0,111.0,,,,1.0,0.0,56.0,764.0,9.0
Cole Kmet,CHI,TE,206,-3.78,2.0,1.765342663808965,130.5,127.0,171.0,146.0,,,,,,59.0,604.0,7.0
DeAndre Hopkins,TEN,WR,207,-4.0,4.0,1.6216834880162905,98.5,93.0,125.0,95.0,,,,6.0,0.0,60.0,858.0,9.0
Rome Odunze,CHI,WR,208,-4.17,4.0,1.8553862208360905,95.0,95.0,90.0,135.0,,,,12.0,0.0,57.0,827.0,5.0
Tyler Conklin,NYJ,TE,209,-9.22,3.0,2.323342104295241,183.5,120.0,184.0,188.0,,,,,,58.0,601.0,3.0
Aaron Rodgers,NYJ,QB,210,-9.28,4.0,1.3433242506811989,140.0,,22.0,36.0,3623.0,24.0,9.0,73.0,2.0,,,
Ladd McConkey,LAC,WR,211,-9.5,4.0,1.3332504159777576,95.0,100.0,112.0,119.0,,,,9.0,0.0,67.0,877.0,5.0
Jameson Williams,DET,WR,212,-10.25,4.0,1.0245231607629428,112.5,,122.0,121.0,,,,70.0,2.0,48.0,716.0,6.0
Cade Otton,TB,TE,213,-11.5,3.0,1.5395095367847411,191.5,,177.0,199.0,,,,,,48.0,494.0,4.0
Jaxon Smith-Njigba,SEA,WR,214,-11.5,4.0,1.9835795183958755,101.5,84.0,128.0,137.0,,,,0.0,0.0,68.0,707.0,6.0
Brian Thomas Jr.,JAX,WR,215,-11.6,5.0,1.0245231607629428,,,123.0,122.0,,,,9.0,0.0,62.0,885.0,5.0
Romeo Doubs,GB,WR,216,-12.25,5.0,1.0980926430517712,126.0,,127.0,123.0,,,,1.0,0.0,56.0,742.0,8.0
Tyler Lockett,SEA,WR,217,-13.75,5.0,1.0735694822888284,133.5,,126.0,129.0,,,,1.0,0.0,66.0,781.0,6.0
Jerry Jeudy,CLE,WR,218,-13.95,5.0,1.0735694822888284,138.5,,130.0,127.0,,,,8.0,0.0,63.0,918.0,4.0
Keon Coleman,BUF,WR,219,-14.2,4.0,1.5376485117952703,105.5,103.0,134.0,118.0,,,,14.0,0.0,66.0,890.0,5.0
Josh Palmer,LAC,WR,220,-15.15,5.0,1.220708446866485,,,124.0,133.0,,,,7.0,0.0,64.0,870.0,4.0
Trey Benson,ARI,RB,221,-15.25,4.0,1.564032697547684,108.0,,164.0,141.0,,,,739.0,6.0,14.0,122.0,1.0
Curtis Samuel,BUF,WR,222,-15.6,5.0,1.44141689373297,120.0,,120.0,138.0,,,,89.0,2.0,56.0,602.0,5.0
Rico Dowdle,DAL,RB,223,-16.55,5.0,2.1525885558583107,128.0,,179.0,132.0,,,,720.0,5.0,22.0,191.0,2.0
Marquise Brown,KC,WR,224,-17.03,5.0,1.2090470602595818,,114.0,121.0,109.0,,,,19.0,0.0,63.0,784.0,8.0
Khalil Shakir,BUF,WR,225,-18.1,5.0,1.0980926430517712,124.0,,135.0,131.0,,,,8.0,0.0,59.0,839.0,5.0
J.K. Dobbins,LAC,RB,226,-18.25,5.0,3.2316076294277924,,,201.0,110.0,,,,557.0,6.0,33.0,270.0,4.0
Chigoziem Okonkwo,TEN,TE,227,-19.15,3.0,5.0,193.0,,,210.0,,,,,,47.0,492.0,3.0
Jakobi Meyers,LV,WR,228,-19.16,5.0,1.5885558583106265,136.0,,144.0,120.0,,,,16.0,1.0,61.0,712.0,7.0
Isaiah Likely,BAL,TE,229,-19.98,3.0,2.411449401902815,186.0,130.0,210.0,157.0,,,,,,39.0,547.0,8.0
Blake Corum,LAR,RB,230,-21.4,5.0,1.5885558583106265,112.0,,173.0,149.0,,,,677.0,6.0,13.0,138.0,1.0
Noah Fant,SEA,TE,231,-21.68,4.0,2.4731596982737942,216.5,128.0,181.0,212.0,,,,,,44.0,503.0,3.0
Daniel Jones,NYG,QB,232,-21.69,5.0,1.220708446866485,207.0,,41.0,32.0,3124.0,20.0,14.0,556.0,4.0,,,
Chuba Hubbard,CAR,RB,233,-22.0,5.0,2.1399093900079507,128.5,113.0,154.0,178.0,,,,555.0,4.0,27.0,179.0,0.0
Rashid Shaheed,NO,WR,234,-22.1,5.0,1.318801089918256,151.0,,143.0,130.0,,,,43.0,0.0,49.0,798.0,6.0
Gabe Davis,JAX,WR,235,-22.6,5.0,1.955039900181029,148.0,101.0,131.0,156.0,,,,0.0,0.0,41.0,666.0,6.0
Brandin Cooks,DAL,WR,236,-23.17,5.0,1.5383936937354261,149.0,111.0,142.0,128.0,,,,33.0,0.0,60.0,724.0,7.0
Derek Carr,NO,QB,237,-23.29,5.0,1.2229675481796052,207.5,27.0,39.0,29.0,3894.0,31.0,10.0,59.0,0.0,,,
Adam Thielen,CAR,WR,238,-24.37,5.0,1.7416651480466763,162.5,105.0,141.0,143.0,,,,5.0,0.0,68.0,691.0,5.0
Mike Williams,NYJ,WR,239,-24.5,5.0,1.1716621253405994,141.5,,137.0,144.0,,,,5.0,0.0,59.0,793.0,4.0
Will Levis,TEN,QB,240,-24.89,4.0,1.564032697547684,177.5,,28.0,51.0,3287.0,22.0,14.0,183.0,2.0,,,
Juwan Johnson,NO,TE,241,-24.9,4.0,1.6621253405994552,240.5,,222.0,195.0,,,,,,42.0,430.0,6.0
Zach Ertz,WSH,TE,242,-25.75,4.0,2.0790190735694822,248.5,,234.0,190.0,,,,,,54.0,486.0,5.0
Zach Charbonnet,SEA,RB,243,-26.05,5.0,2.2016348773841963,124.5,,145.0,194.0,,,,505.0,2.0,34.0,212.0,0.0
Antonio Gibson,NE,RB,244,-26.45,5.0,1.6866485013623977,153.0,,180.0,152.0,,,,378.0,2.0,52.0,395.0,2.0
Demario Douglas,NE,WR,245,-26.7,5.0,1.1226158038147138,,,140.0,145.0,,,,44.0,0.0,64.0,777.0,3.0
Tyler Allgeier,ATL,RB,246,-26.9,5.0,1.1471389645776566,145.0,,172.0,166.0,,,,548.0,4.0,17.0,183.0,2.0
Ty Chandler,MIN,RB,247,-27.25,5.0,1.2942779291553133,134.5,,175.0,163.0,,,,555.0,6.0,22.0,167.0,0.0
Chig Okonkwo,TEN,TE,248,-29.25,3.0,5.0,,,198.0,,,,,,,,,
Joshua Palmer,LAC,WR,249,-30.6,5.0,5.0,134.0,112.0,,,,,,,,,,
Jonnu Smith,MIA,TE,250,-31.18,4.0,2.3522620240089633,214.0,141.0,216.0,197.0,,,,,,45.0,524.0,4.0
Jaleel McLaughlin,DEN,RB,251,-33.2,5.0,1.0735694822888284,153.0,,177.0,180.0,,,,582.0,2.0,27.0,144.0,2.0
Sam Darnold,MIN,QB,252,-33.44,5.0,1.2032120364248946,217.0,38.0,29.0,40.0,4130.0,25.0,20.0,57.0,1.0,,,
Ben Sinnott,WSH,TE,253,-35.28,3.0,2.337055860253441,197.5,146.0,209.0,216.0,,,,,,45.0,462.0,3.0
Mike Gesicki,CIN,TE,254,-36.7,4.0,2.128065395095368,229.5,,252.0,206.0,,,,,,42.0,418.0,5.0
Adonai Mitchell,IND,WR,255,-38.4,5.0,1.0245231607629428,146.5,,157.0,158.0,,,,11.0,0.0,48.0,730.0,4.0
Tucker Kraft,GB,TE,256,-38.5,5.0,1.4168937329700273,293.0,,221.0,238.0,,,,,,34.0,372.0,3.0
Ja'Lynn Polk,NE,WR,257,-38.53,6.0,1.7816697387170737,177.5,115.0,153.0,155.0,,,,9.0,0.0,61.0,741.0,3.0
Tyler Higbee,LAR,TE,258,-38.6,3.0,2.6185286103542236,,,269.0,203.0,,,,,,51.0,514.0,3.0
Darnell Mooney,ATL,WR,259,-38.7,6.0,1.318801089918256,175.5,,151.0,164.0,,,,8.0,0.0,50.0,748.0,3.0
Wan'Dale Robinson,NYG,WR,260,-39.3,7.0,1.3433242506811989,219.0,,152.0,166.0,,,,77.0,1.0,61.0,554.0,3.0
Dawson Knox,BUF,TE,261,-40.48,5.0,2.8224300202315495,287.0,139.0,231.0,229.0,,,,,,32.0,327.0,5.0
Michael Wilson,ARI,WR,262,-41.13,6.0,1.8076525937393944,168.0,117.0,160.0,154.0,,,,0.0,0.0,48.0,702.0,5.0
Ja'Tavion Sanders,CAR,TE,263,-42.05,4.0,1.6130790190735695,250.0,,223.0,248.0,,,,,,38.0,351.0,2.0
Michael Mayer,LV,TE,264,-42.4,5.0,1.5395095367847411,299.5,,250.0,228.0,,,,,,38.0,437.0,3.0
MarShawn Lloyd,GB,RB,265,-43.95,5.0,2.6185286103542236,157.0,,226.0,160.0,,,,597.0,6.0,13.0,131.0,1.0
Khalil Herbert,CHI,RB,266,-44.05,5.0,1.4904632152588557,180.5,,203.0,183.0,,,,578.0,3.0,23.0,151.0,1.0
Bo Nix,DEN,QB,267,-44.29,5.0,1.1401615384153863,199.0,40.0,37.0,45.0,3074.0,24.0,11.0,251.0,1.0,,,
Demarcus Robinson,LAR,WR,268,-44.8,7.0,1.3923705722070845,236.0,,159.0,175.0,,,,20.0,0.0,43.0,579.0,5.0
Hayden Hurst,LAC,TE,269,-44.95,5.0,1.2942779291553133,276.5,,247.0,235.0,,,,,,37.0,385.0,3.0
Kendre Miller,NO,RB,270,-45.2,5.0,1.0245231607629428,179.5,,194.0,193.0,,,,452.0,4.0,17.0,186.0,1.0
Greg Dulcich,DEN,TE,271,-45.42,4.0,2.662277207516845,243.5,150.0,234.0,232.0,,,,,,35.0,477.0,2.0
Gerald Everett,CHI,TE,272,-45.45,3.0,2.972959026882222,,149.0,262.0,217.0,,,,,,44.0,403.0,4.0
Dontayvion Wicks,GB,WR,273,-46.13,6.0,1.9860221865243721,159.0,118.0,158.0,173.0,,,,1.0,0.0,38.0,581.0,6.0
Bryce Young,CAR,QB,274,-46.6,5.0,1.3923705722070845,204.5,,42.0,58.0,3023.0,20.0,11.0,230.0,1.0,,,
Xavier Legette,CAR,WR,275,-47.15,6.0,1.8828337874659402,156.0,,156.0,192.0,,,,10.0,0.0,45.0,630.0,3.0
Josh Downs,IND,WR,276,-47.73,6.0,1.8707161104537318,164.5,124.0,145.0,174.0,,,,0.0,0.0,56.0,662.0,3.0
Quentin Johnston,LAC,WR,277,-47.75,6.0,1.5149863760217985,183.0,,163.0,184.0,,,,8.0,0.0,47.0,597.0,4.0
Bucky Irving,TB,RB,278,-48.0,5.0,1.784741144414169,172.0,,217.0,185.0,,,,477.0,4.0,20.0,201.0,1.0
Rashod Bateman,BAL,WR,279,-48.3,7.0,1.220708446866485,224.0,,167.0,176.0,,,,13.0,0.0,47.0,624.0,4.0
Jermaine Burton,CIN,WR,280,-49.0,6.0,1.0490463215258856,201.5,,174.0,172.0,,,,7.0,0.0,47.0,652.0,4.0
Tim Patrick,DEN,WR,281,-49.3,7.0,2.0790190735694822,265.0,,192.0,148.0,,,,0.0,0.0,47.0,653.0,7.0
Darius Slayton,NYG,WR,282,-50.25,7.0,1.5149863760217985,286.5,,183.0,162.0,,,,0.0,0.0,44.0,690.0,5.0
Kendrick Bourne,NE,WR,283,-50.6,8.0,2.1472716369782883,307.0,122.0,188.0,151.0,,,,38.0,0.0,53.0,629.0,6.0
Russell Wilson,PIT,QB,284,-51.08,5.0,1.220708446866485,218.5,,47.0,56.0,2663.0,17.0,8.0,277.0,4.0,,,
Colby Parkinson,LAR,TE,285,-51.38,5.0,3.2900833460793506,267.0,138.0,218.0,269.0,,,,,,16.0,179.0,2.0
DJ Chark,LAC,WR,286,-51.45,7.0,1.6621253405994552,274.5,,186.0,159.0,,,,0.0,0.0,36.0,555.0,8.0
Clyde Edwards-Helaire,KC,RB,287,-51.5,6.0,1.8092643051771118,212.5,,224.0,191.0,,,,383.0,2.0,30.0,276.0,2.0
Braelon Allen,NYJ,RB,288,-51.55,5.0,1.4168937329700273,168.5,,213.0,196.0,,,,508.0,4.0,13.0,119.0,1.0
Jaylen Wright,MIA,RB,289,-52.6,5.0,2.446866485013624,141.0,,238.0,179.0,,,,478.0,5.0,17.0,180.0,1.0
Brevin Jordan,HOU,TE,290,-55.25,6.0,3.869209809264305,,,341.0,224.0,,,,,,26.0,401.0,5.0
Jalen McMillan,TB,WR,291,-55.4,7.0,2.1525885558583107,269.0,,161.0,208.0,,,,8.0,0.0,39.0,529.0,3.0
Noah Gray,KC,TE,292,-57.35,5.0,1.1716621253405994,311.0,,263.0,256.0,,,,,,28.0,294.0,2.0
Tyrone Tracy Jr.,NYG,RB,293,-57.6,5.0,2.581823076402216,,135.0,226.0,186.0,,,,584.0,4.0,14.0,123.0,1.0
Luke McCaffrey,WSH,WR,294,-57.85,7.0,1.9318801089918256,239.0,,168.0,206.0,,,,9.0,0.0,41.0,534.0,3.0
Daniel Bellinger,NYG,TE,295,-57.95,5.0,1.0735694822888284,290.5,,256.0,259.0,,,,,,29.0,314.0,1.0
Alexander Mattison,LV,RB,296,-58.73,6.0,3.0023076916483746,218.5,125.0,225.0,225.0,,,,353.0,2.0,20.0,128.0,2.0
Samaje Perine,DEN,RB,297,-59.3,6.0,2.029972752043597,256.5,,240.0,198.0,,,,357.0,2.0,33.0,279.0,1.0
Kenneth Gainwell,PHI,RB,298,-60.1,6.0,2.9618528610354224,224.0,,267.0,187.0,,,,488.0,4.0,29.0,201.0,0.0
Jelani Woods,IND,TE,299,-60.3,5.0,1.318801089918256,266.0,,250.0,263.0,,,,,,16.0,249.0,2.0
Odell Beckham Jr.,MIA,WR,300,-60.75,6.0,1.8583106267029974,,,205.0,170.0,,,,2.0,0.0,46.0,673.0,4.0
Jaheim Bell,NE,TE,301,-61.05,6.0,5.0,,,264.0,,,,,,,,,
Roschon Johnson,CHI,RB,302,-61.05,6.0,1.9318801089918256,210.0,,241.0,203.0,,,,395.0,3.0,33.0,209.0,0.0
Tommy Tremble,CAR,TE,303,-61.95,6.0,2.3732970027247955,,,306.0,250.0,,,,,,25.0,223.0,5.0
Kylen Granson,IND,TE,304,-63.0,5.0,2.177111716621253,289.0,,300.0,252.0,,,,,,28.0,359.0,2.0
Jahan Dotson,PHI,WR,305,-63.3,6.0,2.692098092643052,157.5,121.0,190.0,,,,,,,,,
Durham Smythe,MIA,TE,306,-63.48,6.0,2.5292440657016044,,195.0,283.0,244.0,,,,,,37.0,385.0,2.0
Elijah Mitchell,SF,RB,307,-63.73,5.0,2.6819384609846346,179.0,136.0,220.0,220.0,,,,502.0,4.0,11.0,56.0,0.0
Malachi Corley,NYJ,WR,308,-63.8,7.0,2.422343324250681,266.5,,169.0,227.0,,,,9.0,0.0,39.0,487.0,2.0
Theo Johnson,NYG,TE,309,-65.28,5.0,7.814997700729787,287.0,139.0,520.0,246.0,,,,,,39.0,370.0,2.0
Jamaal Williams,NO,RB,310,-65.6,6.0,1.6130790190735695,241.0,,214.0,239.0,,,,367.0,3.0,18.0,75.0,0.0
Jalen Tolbert,DAL,WR,311,-65.9,7.0,2.667574931880109,252.5,123.0,191.0,,,,,,,,,
D'Onta Foreman,CLE,RB,312,-67.0,6.0,1.8092643051771118,240.5,,248.0,215.0,,,,389.0,3.0,13.0,118.0,2.0
Ricky Pearsall,SF,WR,313,-68.17,6.0,2.5253064296092997,190.0,144.0,150.0,223.0,,,,12.0,0.0,31.0,494.0,3.0
Javon Baker,NE,WR,314,-68.3,7.0,5.0,279.0,,187.0,,,,,,,,,
Tyler Boyd,TEN,WR,315,-68.9,7.0,1.8092643051771118,237.0,,185.0,218.0,,,,11.0,0.0,43.0,516.0,2.0
Elijah Higgins,ARI,TE,316,-68.92,6.0,3.195975676436054,,198.0,324.0,250.0,,,,,,31.0,373.0,2.0
Adam Trautman,DEN,TE,317,-70.0,6.0,3.2806539509536785,,,350.0,257.0,,,,,,25.0,236.0,3.0
Donald Parham Jr.,LAC,TE,318,-70.45,6.0,1.3678474114441417,,251.0,,236.0,,,,,,28.0,292.0,5.0
Roman Wilson,PIT,WR,319,-70.7,7.0,1.9963367183777172,236.0,159.0,149.0,203.0,,,,11.0,0.0,41.0,553.0,3.0
Justice Hill,BAL,RB,320,-70.85,6.0,2.128065395095368,233.5,,265.0,219.0,,,,487.0,3.0,15.0,112.0,0.0
Josh Whyle,TEN,TE,321,-71.0,6.0,3.010899182561308,,190.0,272.0,,,,,,,,,
Johnny Mundt,MIN,TE,322,-72.05,6.0,1.8583106267029974,,,299.0,264.0,,,,,,26.0,246.0,1.0
Mo Alie-Cox,IND,TE,323,-73.32,5.0,4.578253258717241,316.0,197.0,397.0,253.0,,,,,,16.0,206.0,5.0
Drake Maye,NE,QB,324,-73.33,5.0,3.2850006920472024,215.5,39.0,33.0,150.0,2107.0,13.0,14.0,155.0,1.0,,,
Marvin Mims Jr.,DEN,WR,325,-73.6,6.0,2.446866485013624,,129.0,188.0,,,,,,,,,
Josh Oliver,MIN,TE,326,-73.65,6.0,3.9673024523160763,,,382.0,261.0,,,,,,26.0,243.0,2.0
Zay Jones,ARI,WR,327,-74.3,8.0,5.0,290.5,,195.0,,,,,,,,,
Donald Parham,LAC,TE,328,-74.35,6.0,5.0,,,289.0,,,,,,,,,
Elijah Moore,CLE,WR,329,-74.4,8.0,1.9625666007446516,304.0,147.0,202.0,181.0,,,,19.0,0.0,54.0,618.0,3.0
Austin Hooper,NE,TE,330,-75.25,6.0,4.1880108991825615,,,392.0,262.0,,,,,,29.0,263.0,1.0
Josh Reynolds,DEN,WR,331,-75.37,8.0,2.699840125285045,317.0,131.0,229.0,182.0,,,,0.0,0.0,41.0,580.0,5.0
Tanner Hudson,CIN,TE,332,-75.65,6.0,1.7602179836512262,,,277.0,308.0,,,,,,12.0,113.0,1.0
Miles Sanders,CAR,RB,333,-76.1,6.0,3.1580381471389645,256.5,,297.0,209.0,,,,461.0,2.0,31.0,172.0,0.0
Dameon Pierce,HOU,RB,334,-76.3,6.0,2.1035422343324255,206.0,,215.0,260.0,,,,219.0,2.0,13.0,100.0,0.0
Ray-Ray McCloud,ATL,WR,335,-76.4,8.0,5.0,338.0,,198.0,,,,,,,,,
Drew Ogletree,IND,TE,336,-77.35,6.0,5.0,,181.0,,,,,,,,,,
Tank Bigsby,JAX,RB,337,-77.65,6.0,1.1716621253405994,222.5,,254.0,247.0,,,,306.0,6.0,1.0,6.0,0.0
Greg Dortch,ARI,WR,338,-78.03,7.0,1.5638549654816525,257.0,169.0,176.0,200.0,,,,20.0,0.0,45.0,488.0,4.0
Troy Franklin,DEN,WR,339,-78.27,6.0,1.9562984641799916,199.5,177.0,208.0,153.0,,,,10.0,0.0,56.0,737.0,4.0
Tre Tucker,LV,WR,340,-78.4,8.0,5.0,291.5,,204.0,,,,,,,,,
Keaton Mitchell,BAL,RB,341,-78.6,6.0,3.1269748485234703,243.0,164.0,284.0,202.0,,,,581.0,4.0,9.0,92.0,0.0
Ray Davis,BUF,RB,342,-79.33,9.0,8.265839118028921,169.0,132.0,520.0,189.0,,,,458.0,4.0,21.0,203.0,1.0
Jonathan Mingo,CAR,WR,343,-79.9,8.0,2.3330016639110305,309.5,145.0,193.0,221.0,,,,0.0,0.0,46.0,502.0,2.0
AJ Dillon,GB,RB,344,-80.77,6.0,2.258749420485242,240.0,172.0,228.0,240.0,,,,305.0,2.0,18.0,181.0,0.0
Eric Gray,NYG,RB,345,-80.8,6.0,5.0,223.0,,243.0,,,,,,,,,
Brock Wright,DET,TE,346,-81.15,6.0,7.0235525820981,,193.0,520.0,255.0,,,,,,27.0,251.0,3.0
Parker Washington,JAX,WR,347,-81.2,6.0,5.0,,,207.0,,,,,,,,,
Jeremy Ruckert,NYJ,TE,348,-81.55,6.0,1.6376021798365121,,,292.0,318.0,,,,,,11.0,112.0,1.0
Dylan Laube,LV,RB,349,-81.8,7.0,5.0,274.0,,245.0,,,,,,,,,
Darnell Washington,PIT,TE,350,-81.8,6.0,3.942779291553134,,204.0,324.0,,,,,,,,,
K.J. Osborn,NE,WR,351,-81.9,6.0,1.7602179836512262,,,206.0,237.0,,,,2.0,0.0,39.0,407.0,2.0
Logan Thomas,SF,TE,352,-82.55,6.0,5.0,,,332.0,,,,,,,,,
Andrei Iosivas,CIN,WR,353,-82.85,7.0,2.6430517711171664,261.0,133.0,200.0,,,,,,,,,
Carson Steele,KC,RB,354,-82.85,7.0,2.716621253405995,300.0,,300.0,230.0,,,,279.0,2.0,22.0,214.0,1.0
Brenton Strange,JAX,TE,355,-83.0,6.0,2.5940054495912808,,,350.0,285.0,,,,,,12.0,101.0,2.0
Will Mallory,IND,TE,356,-83.1,6.0,1.3678474114441417,,,308.0,323.0,,,,,,10.0,116.0,1.0
Foster Moreau,NO,TE,357,-83.58,6.0,4.495962714755005,,182.0,382.0,304.0,,,,,,11.0,120.0,1.0
Robert Tonyan,MIN,TE,358,-83.75,6.0,1.4168937329700273,,,324.0,307.0,,,,,,12.0,114.0,1.0
Payne Durham,TB,TE,359,-84.25,6.0,2.3978201634877383,,,350.0,293.0,,,,,,12.0,136.0,1.0
Chase Edmonds,TB,RB,360,-84.4,9.0,1.9809264305177112,,,285.0,245.0,,,,322.0,2.0,21.0,139.0,0.0
Ian Thomas,CAR,TE,361,-84.48,6.0,5.98984557900946,,199.0,476.0,270.0,,,,,,21.0,209.0,1.0
AJ Barner,SEA,TE,362,-84.7,6.0,1.1471389645776566,,,331.0,325.0,,,,,,11.0,108.0,1.0
Will Dissly,LAC,TE,363,-84.7,5.0,3.9673024523160763,327.0,,404.0,283.0,,,,,,15.0,156.0,1.0
Devin Culp,TB,TE,364,-85.45,6.0,1.6621253405994552,,,343.0,316.0,,,,,,11.0,113.0,1.0
Dallin Holker,NO,TE,365,-85.5,6.0,1.6130790190735695,,,343.0,318.0,,,,,,11.0,112.0,1.0
Davis Allen,LAR,TE,366,-85.5,6.0,1.8828337874659402,,,348.0,312.0,,,,,,11.0,115.0,1.0
Harrison Bryant,LV,TE,367,-85.65,6.0,5.0,,,366.0,,,,,,,,,
Peyton Hendershot,DAL,TE,368,-85.7,6.0,1.784741144414169,,,350.0,318.0,,,,,,11.0,112.0,1.0
Kimani Vidal,LAC,RB,369,-85.8,9.0,1.9809264305177112,157.5,179.0,219.0,,,,,,,,,
Connor Heyward,PIT,TE,370,-85.9,6.0,6.125340599455041,,,476.0,267.0,,,,,,24.0,203.0,1.0
Quintin Morris,BUF,TE,371,-85.95,6.0,4.408719346049047,,,420.0,281.0,,,,,,11.0,123.0,2.0
Drew Sample,CIN,TE,372,-86.55,6.0,1.8337874659400546,,,361.0,327.0,,,,,,12.0,100.0,1.0
Treylon Burks,TEN,WR,373,-86.75,8.0,1.6130790190735695,312.0,157.0,182.0,,,,,,,,,
Irv Smith,KC,TE,374,-86.85,6.0,2.667574931880109,,,382.0,314.0,,,,,,13.0,104.0,1.0
Jordan Akins,CLE,TE,375,-86.88,6.0,4.825193856719967,,200.0,420.0,324.0,,,,,,11.0,110.0,1.0
Stone Smartt,LAC,TE,376,-86.9,6.0,4.212534059945504,,,417.0,286.0,,,,,,11.0,157.0,1.0
Jalen Nailor,MIN,WR,377,-87.6,6.0,1.0,,,234.0,234.0,,,,1.0,0.0,34.0,471.0,2.0
Pharaoh Brown,SEA,TE,378,-88.1,6.0,4.26158038147139,,,423.0,290.0,,,,,,11.0,152.0,1.0
Audric Estime,DEN,RB,379,-89.25,6.0,2.569482288828338,213.0,185.0,,249.0,,,,347.0,2.0,9.0,84.0,1.0
Lucas Krull,DEN,TE,380,-89.28,6.0,3.2596820764910297,,213.0,317.0,333.0,,,,,,9.0,104.0,1.0
Isaac Guerendo,SF,RB,381,-89.4,7.0,5.0,284.5,,266.0,,,,,,,,,
Joseph Fortson,MIA,TE,382,-89.85,6.0,5.0,,,410.0,,,,,,,,,
Cade Stover,HOU,TE,383,-90.28,6.0,2.2585901556752814,,250.0,319.0,304.0,,,,,,11.0,120.0,1.0
Audric Estim√©,DEN,RB,384,-90.5,9.0,5.0,,,270.0,,,,,,,,,
Tip Reiman,ARI,TE,385,-90.75,6.0,3.829495282233773,,212.0,369.0,329.0,,,,,,11.0,102.0,1.0
Jauan Jennings,SF,WR,386,-91.1,8.0,1.9564032697547684,320.0,156.0,195.0,,,,,,,,,
Luke Schoonmaker,DAL,TE,387,-91.15,6.0,5.0,,,417.0,,,,,,,,,
Jared Wiley,KC,TE,388,-91.18,6.0,2.9179348566730354,,249.0,359.0,294.0,,,,,,13.0,128.0,1.0
Gardner Minshew,LV,QB,389,-91.8,5.0,1.688689066043342,236.0,109.0,78.0,72.0,3109.0,20.0,14.0,68.0,2.0,,,
Teagan Quitoriano,HOU,TE,390,-92.15,6.0,7.081743869209809,,,520.0,272.0,,,,,,11.0,179.0,2.0
Ty Johnson,BUF,RB,391,-92.8,8.0,5.0,312.0,,277.0,,,,,,,,,
Cedrick Wilson Jr.,NO,WR,392,-93.1,9.0,1.9809264305177112,,170.0,,210.0,,,,3.0,0.0,34.0,434.0,5.0
Ray-Ray McCloud III,ATL,WR,393,-93.1,9.0,5.0,,142.0,,,,,,,,,,
Trey Sermon,IND,RB,394,-93.33,7.0,2.938519277454752,280.0,165.0,244.0,273.0,,,,274.0,1.0,2.0,8.0,0.0
Kalif Raymond,DET,WR,395,-93.4,9.0,3.550408719346049,,134.0,238.0,,,,,,,,,
Tanner McLachlan,CIN,TE,396,-93.65,6.0,2.665168964775311,,270.0,364.0,300.0,,,,,,12.0,123.0,1.0
Trey Palmer,TB,WR,397,-93.7,8.0,4.107578957143789,330.0,126.0,304.0,233.0,,,,25.0,0.0,35.0,389.0,3.0
John Bates,WSH,TE,398,-94.05,6.0,5.98984557900946,,213.0,490.0,284.0,,,,,,16.0,145.0,1.0
Cameron Latu,SF,TE,399,-94.15,6.0,3.452070832423842,,263.0,402.0,310.0,,,,,,10.0,121.0,1.0
Josiah Deguara,JAX,TE,400,-95.3,7.0,4.899182561307902,,,490.0,331.0,,,,,,12.0,95.0,1.0
Deuce Vaughn,DAL,RB,401,-95.6,7.0,1.3923705722070845,287.0,,282.0,266.0,,,,194.0,2.0,9.0,74.0,0.0
Luke Farrell,JAX,TE,402,-95.65,7.0,6.593323877353322,,207.0,520.0,296.0,,,,,,12.0,129.0,1.0
Charlie Kolar,BAL,TE,403,-95.65,7.0,4.801089918256131,,,490.0,335.0,,,,,,9.0,103.0,1.0
Van Jefferson,PIT,WR,404,-95.9,8.0,3.673024523160763,316.0,137.0,246.0,,,,,,,,,
A.T. Perry,NO,WR,405,-96.23,9.0,2.7327772243783803,,245.0,248.0,160.0,,,,3.0,0.0,40.0,650.0,6.0
Andrew Ogletree,IND,TE,406,-96.3,7.0,6.713896457765668,,,520.0,287.0,,,,,,10.0,161.0,1.0
MyCole Pruitt,PIT,TE,407,-96.55,7.0,6.615803814713897,,,520.0,291.0,,,,,,9.0,101.0,2.0
Grant Calcaterra,PHI,TE,408,-96.62,7.0,6.5062005277298205,,209.0,520.0,309.0,,,,,,11.0,117.0,1.0
Charlie Woerner,ATL,TE,409,-97.05,7.0,5.0,,,434.0,,,,,,,,,
Will Shipley,PHI,RB,410,-97.07,6.0,2.4918200141733613,224.5,192.0,233.0,278.0,,,,145.0,2.0,2.0,25.0,0.0
Evan Hull,IND,RB,411,-97.1,8.0,3.550408719346049,323.5,172.0,276.0,,,,,,,,,
Jordan Mason,SF,RB,412,-97.15,6.0,1.6621253405994552,230.5,,255.0,282.0,,,,163.0,2.0,1.0,5.0,0.0
Armani Rogers,PHI,TE,413,-97.45,7.0,6.46866485013624,,,520.0,297.0,,,,,,11.0,133.0,1.0
James Mitchell,DET,TE,414,-97.65,7.0,6.419618528610354,,,520.0,299.0,,,,,,12.0,124.0,1.0
Erick All,CIN,TE,415,-97.7,7.0,6.395095367847412,,,520.0,300.0,,,,,,12.0,123.0,1.0
KaVontae Turpin,DAL,WR,416,-98.27,9.0,3.909691367748255,,154.0,317.0,201.0,,,,126.0,1.0,26.0,291.0,6.0
Brayden Willis,SF,TE,417,-98.3,7.0,6.149863760217984,,,520.0,310.0,,,,,,10.0,121.0,1.0
Alec Pierce,IND,WR,418,-98.43,8.0,1.8275128545946877,336.0,188.0,232.0,226.0,,,,0.0,0.0,29.0,487.0,3.0
John FitzPatrick,ATL,TE,419,-98.5,7.0,5.953678474114441,,,520.0,318.0,,,,,,10.0,117.0,1.0
Cedric Tillman,CLE,WR,420,-98.6,9.0,3.722070844686648,,142.0,253.0,,,,,,,,,
Albert Okwuegbunam,PHI,TE,421,-98.75,7.0,5.7574931880108995,,,520.0,326.0,,,,,,11.0,107.0,1.0
Julian Hill,MIA,TE,422,-98.9,7.0,5.708446866485013,,,520.0,328.0,,,,,,11.0,104.0,1.0
Jalin Hyatt,NYG,WR,423,-98.9,8.0,5.0,279.5,,242.0,,,,,,,,,
Nick Vannett,TEN,TE,424,-99.4,7.0,5.5858310626703,,,520.0,333.0,,,,,,9.0,104.0,1.0
Chris Rodriguez Jr.,WSH,RB,425,-99.8,9.0,3.3542234332425065,,183.0,279.0,,,,,,,,,
Jack Stoll,NYG,TE,426,-99.85,7.0,4.43324250681199,,270.0,410.0,,,,,,,,,
Calvin Austin III,PIT,WR,427,-99.85,9.0,2.8392370572207084,,155.0,230.0,,,,,,,,,
Ben Sims,GB,TE,428,-99.98,7.0,5.953071427989579,,259.0,520.0,289.0,,,,,,11.0,93.0,2.0
Ross Dwelley,ATL,TE,429,-100.28,7.0,5.898251980979512,,248.0,520.0,318.0,,,,,,8.0,127.0,1.0
Dyami Brown,WSH,WR,430,-100.57,7.0,2.1639247722676798,233.0,195.0,260.0,213.0,,,,2.0,0.0,32.0,497.0,4.0
Ko Kieft,TB,TE,431,-101.3,7.0,8.651226158038147,,208.0,520.0,,,,,,,,,
Brandon Johnson,DEN,WR,432,-101.3,9.0,4.801089918256131,,,369.0,214.0,,,,0.0,0.0,27.0,378.0,6.0
Xavier Gipson,NYJ,WR,433,-101.3,9.0,3.108991825613079,,151.0,237.0,,,,,,,,,
Cole Turner,WSH,TE,434,-101.35,7.0,5.705934275100912,,263.0,520.0,316.0,,,,,,10.0,118.0,1.0
Isaiah Davis,NYJ,RB,435,-101.55,9.0,6.910081743869211,,152.0,393.0,,,,,,,,,
Jase McClellan,ATL,RB,436,-101.6,9.0,5.0,,,288.0,,,,,,,,,
Eric Saubert,SF,TE,437,-101.65,7.0,5.0,,,486.0,,,,,,,,,
Emari Demercado,ARI,RB,438,-102.6,8.0,1.3023418312082877,345.0,270.0,268.0,254.0,,,,212.0,2.0,22.0,136.0,0.0
Travis Vokolek,ARI,TE,439,-102.62,7.0,5.53207650234422,,270.0,520.0,329.0,,,,,,11.0,102.0,1.0
Devontez Walker,BAL,WR,440,-103.5,8.0,1.784741144414169,284.5,180.0,212.0,,,,,,,,,
Nelson Agholor,BAL,WR,441,-104.55,9.0,3.991825613079019,,148.0,270.0,,,,,,,,,
Michael Carter,ARI,RB,442,-105.37,8.0,3.9634153836395942,342.0,163.0,323.0,295.0,,,,136.0,1.0,5.0,29.0,0.0
Ced Wilson,NO,WR,443,-105.6,9.0,5.0,,,257.0,,,,,,,,,
John Stephens Jr.,DAL,TE,444,-106.8,7.0,7.7193460490463215,,246.0,520.0,,,,,,,,,
Mitchell Wilcox,NE,TE,445,-107.05,7.0,6.73841961852861,,270.0,504.0,,,,,,,,,
Royce Freeman,DAL,RB,446,-107.3,8.0,7.596730245231608,341.0,158.0,427.0,,,,,,,,,
Ameer Abdullah,LV,RB,447,-107.43,9.0,5.287323723624027,,183.0,426.0,265.0,,,,224.0,0.0,17.0,125.0,0.0
Nyheim Hines,CLE,RB,448,-107.53,9.0,5.789869887237643,,160.0,435.0,275.0,,,,118.0,1.0,12.0,100.0,0.0
Tyler Davis,GB,TE,449,-108.45,7.0,7.400544959128066,,259.0,520.0,,,,,,,,,
Brady Russell,SEA,TE,450,-108.45,7.0,7.400544959128066,,259.0,520.0,,,,,,,,,
Zach Gentry,LV,TE,451,-108.45,7.0,7.400544959128066,,259.0,520.0,,,,,,,,,
Deneric Prince,KC,RB,452,-108.75,7.0,1.44141689373297,268.0,240.0,258.0,,,,,,,,,
Ronnie Rivers,LAR,RB,453,-108.85,9.0,4.286103542234333,,,405.0,271.0,,,,208.0,1.0,8.0,62.0,0.0
Hunter Long,LAR,TE,454,-109.0,7.0,7.228882833787466,,266.0,520.0,,,,,,,,,
Anthony Firkser,NYJ,TE,455,-109.85,7.0,7.130790190735696,,270.0,520.0,,,,,,,,,
Kevin Foelsch,PHI,TE,456,-109.85,7.0,5.0,,,520.0,,,,,,,,,
Stephen Carlson,CHI,TE,457,-109.85,7.0,5.0,,,520.0,,,,,,,,,
McCallan Castles,PHI,TE,458,-109.85,7.0,5.0,,,520.0,,,,,,,,,
Tanner Conner,MIA,TE,459,-109.85,7.0,5.0,,,520.0,,,,,,,,,
Baylor Cupp,KC,TE,460,-109.85,7.0,5.0,,,520.0,,,,,,,,,
Michael Ezeike,SEA,TE,461,-109.85,7.0,5.0,,,520.0,,,,,,,,,
Mason Fairchild,NO,TE,462,-109.85,7.0,5.0,,,520.0,,,,,,,,,
Devon Garrison,SEA,TE,463,-109.85,7.0,5.0,,,520.0,,,,,,,,,
Tre' McKitty,BUF,TE,464,-109.85,7.0,7.130790190735696,,270.0,520.0,,,,,,,,,
Cam Grandy,CIN,TE,465,-109.85,7.0,5.0,,,520.0,,,,,,,,,
Jacob Hollister,CAR,TE,466,-109.85,7.0,7.130790190735696,,270.0,520.0,,,,,,,,,
Jacob Harris,PHI,TE,467,-109.85,7.0,5.0,,,520.0,,,,,,,,,
Zach Davidson,BUF,TE,468,-109.85,7.0,7.130790190735696,,270.0,520.0,,,,,,,,,
Zach Heins,LAC,TE,469,-109.85,7.0,5.0,,,520.0,,,,,,,,,
Sage Surratt,ARI,TE,470,-109.85,7.0,7.130790190735696,,270.0,520.0,,,,,,,,,
Sal Cannella,TB,TE,471,-109.85,7.0,5.0,,,520.0,,,,,,,,,
Shawn Bowman,JAX,TE,472,-109.85,7.0,5.0,,,520.0,,,,,,,,,
Tucker Fisk,LAC,TE,473,-109.85,7.0,7.130790190735696,,270.0,520.0,,,,,,,,,
Luke Benson,LAC,TE,474,-109.85,7.0,5.0,,,520.0,,,,,,,,,
Feleipe Franks,CAR,TE,475,-109.85,7.0,7.130790190735696,,270.0,520.0,,,,,,,,,
Jody Fortson Jr.,MIA,TE,476,-109.85,7.0,5.0,,270.0,,,,,,,,,,
Brenden Bates,CHI,TE,477,-109.85,7.0,5.0,,,520.0,,,,,,,,,
Sammis Reyes,MIN,TE,478,-109.85,7.0,7.130790190735696,,270.0,520.0,,,,,,,,,
Nate Adkins,DEN,TE,479,-109.85,7.0,5.0,,,520.0,,,,,,,,,
Kehinde Oginni Hassan,ATL,TE,480,-109.85,7.0,5.0,,,520.0,,,,,,,,,
Miller Forristall,LAR,TE,481,-109.85,7.0,7.130790190735696,,270.0,520.0,,,,,,,,,
Parker Hesse,DET,TE,482,-109.85,7.0,7.130790190735696,,270.0,520.0,,,,,,,,,
David Wells,TB,TE,483,-109.85,7.0,7.130790190735696,,270.0,520.0,,,,,,,,,
Shane Zylstra,DET,TE,484,-109.85,7.0,7.130790190735696,,270.0,520.0,,,,,,,,,
Hunter Kampmoyer,DEN,TE,485,-109.85,7.0,7.130790190735696,,270.0,520.0,,,,,,,,,
Tyler Mabry,SEA,TE,486,-109.85,7.0,7.130790190735696,,270.0,520.0,,,,,,,,,
Zack Kuntz,NYJ,TE,487,-109.85,7.0,7.130790190735696,,270.0,520.0,,,,,,,,,
Eric Tomlinson,IND,TE,488,-109.85,7.0,7.130790190735696,,270.0,520.0,,,,,,,,,
Joel Wilson,GB,TE,489,-109.85,7.0,5.0,,,520.0,,,,,,,,,
Alec Holler,DAL,TE,490,-109.85,7.0,5.0,,,520.0,,,,,,,,,
La'Michael Pettway,NE,TE,491,-109.85,7.0,5.0,,,520.0,,,,,,,,,
Isaac Rex,LAC,TE,492,-109.85,7.0,5.0,,,520.0,,,,,,,,,
Ben Ellefson,MIN,TE,493,-109.85,7.0,5.0,,270.0,,,,,,,,,,
Mike Rigerman,BAL,TE,494,-109.85,7.0,5.0,,,520.0,,,,,,,,,
Kenny Yeboah,NYJ,TE,495,-109.85,7.0,5.0,,,520.0,,,,,,,,,
Hayden Rucci,MIA,TE,496,-109.85,7.0,5.0,,,520.0,,,,,,,,,
Lincoln Sefcik,NYJ,TE,497,-109.85,7.0,5.0,,,520.0,,,,,,,,,
Bernhard Seikovits,ARI,TE,498,-109.85,7.0,5.0,,,520.0,,,,,,,,,
Thomas Yassmin,DEN,TE,499,-109.85,7.0,5.0,,,520.0,,,,,,,,,
Jesper Horsted,CAR,TE,500,-109.85,7.0,5.0,,,520.0,,,,,,,,,
Riley Sharp,BAL,TE,501,-109.85,7.0,5.0,,,520.0,,,,,,,,,
John Shenker,LV,TE,502,-109.85,7.0,5.0,,,520.0,,,,,,,,,
Brevyn Spann-Ford,DAL,TE,503,-109.85,7.0,5.0,,,520.0,,,,,,,,,
Princeton Fant,DAL,TE,504,-109.85,7.0,7.130790190735696,,270.0,520.0,,,,,,,,,
Geor'Quarius Spivey,KC,TE,505,-109.85,7.0,5.0,,,520.0,,,,,,,,,
Steven Stilianos,TEN,TE,506,-109.85,7.0,5.0,,,520.0,,,,,,,,,
Austin Stogner,ATL,TE,507,-109.85,7.0,5.0,,,520.0,,,,,,,,,
Tommy Sweeney,CHI,TE,508,-109.85,7.0,5.0,,,520.0,,,,,,,,,
Messiah Swinson,GB,TE,509,-109.85,7.0,5.0,,,520.0,,,,,,,,,
Tanner Taula,TB,TE,510,-109.85,7.0,5.0,,,520.0,,,,,,,,,
Jordan Thomas,ATL,TE,511,-109.85,7.0,5.0,,,520.0,,,,,,,,,
Jake Tonges,SF,TE,512,-109.85,7.0,5.0,,,520.0,,,,,,,,,
Jacob Warren,NE,TE,513,-109.85,7.0,5.0,,,520.0,,,,,,,,,
Treyton Welch,CLE,TE,514,-109.85,7.0,5.0,,,520.0,,,,,,,,,
Cole Fotheringham,LV,TE,515,-109.85,7.0,7.130790190735696,,270.0,520.0,,,,,,,,,
Jack Westover,SEA,TE,516,-109.85,7.0,5.0,,,520.0,,,,,,,,,
Henry Pearson,GB,TE,517,-109.85,7.0,7.130790190735696,,270.0,520.0,,,,,,,,,
Blake Whiteheart,ARI,TE,518,-109.85,7.0,5.0,,,520.0,,,,,,,,,
Rod Williams,PIT,TE,519,-109.85,7.0,5.0,,,520.0,,,,,,,,,
Rodney Williams,PIT,TE,520,-109.85,7.0,5.0,,270.0,,,,,,,,,,
Mason Pline,SF,TE,521,-109.85,7.0,5.0,,,520.0,,,,,,,,,
Neal Johnson,MIN,TE,522,-109.85,7.0,5.0,,,520.0,,,,,,,,,
Lawrence Cager,NYG,TE,523,-109.85,7.0,7.130790190735696,,270.0,520.0,,,,,,,,,
Nikola Kalinic,LAR,TE,524,-109.85,7.0,5.0,,,520.0,,,,,,,,,
Chris Myarick,JAX,TE,525,-109.85,7.0,7.130790190735696,,270.0,520.0,,,,,,,,,
Marcedes Lewis,CHI,TE,526,-109.85,7.0,5.0,,,520.0,,,,,,,,,
Zaire Mitchell-Paden,CLE,TE,527,-109.85,7.0,5.0,,,520.0,,,,,,,,,
Jordan Murray,IND,TE,528,-109.85,7.0,5.0,,,520.0,,,,,,,,,
Sean McKeon,DET,TE,529,-109.85,7.0,5.0,,,520.0,,,,,,,,,
Trey Knox,MIN,TE,530,-109.85,7.0,5.0,,,520.0,,,,,,,,,
Dalton Keene,HOU,TE,531,-109.85,7.0,5.0,,,520.0,,,,,,,,,
Patrick Murtagh,JAX,TE,532,-109.85,7.0,5.0,,,520.0,,,,,,,,,
Chris Manhertz,NYG,TE,533,-109.85,7.0,5.0,,,520.0,,,,,,,,,
David Martin-Robinson,TEN,TE,534,-109.85,7.0,5.0,,,520.0,,,,,,,,,
Matt Sokol,PIT,TE,535,-109.85,7.0,7.130790190735696,,270.0,520.0,,,,,,,,,
Nick Muse,MIN,TE,536,-109.85,7.0,5.0,,,520.0,,,,,,,,,
Thomas Odukoya,TEN,TE,537,-109.85,7.0,5.0,,,520.0,,,,,,,,,
Kevin Rader,NO,TE,538,-109.85,7.0,7.130790190735696,,270.0,520.0,,,,,,,,,
E.J. Jenkins,PHI,TE,539,-109.85,7.0,5.0,,,520.0,,,,,,,,,
Michael Jacobson,NO,TE,540,-109.85,7.0,5.0,,,520.0,,,,,,,,,
Cordarrelle Patterson,PIT,RB,541,-110.47,8.0,3.0123939416932726,344.0,203.0,304.0,303.0,,,,139.0,1.0,3.0,23.0,0.0
Kevin Harris,NE,RB,542,-110.5,9.0,1.9809264305177112,,234.0,274.0,,,,,,,,,
Trenton Irwin,CIN,WR,543,-110.6,9.0,4.7298322101335355,,185.0,387.0,222.0,,,,2.0,0.0,36.0,485.0,3.0
Craig Reynolds,DET,RB,544,-110.6,9.0,5.0,,,332.0,,,,,,,,,
Olamide Zaccheaus,WSH,WR,545,-110.65,9.0,1.44141689373297,,215.0,197.0,,,,,,,,,
Kyle Juszczyk,SF,RB,546,-111.15,9.0,7.425068119891008,,,520.0,258.0,,,,21.0,0.0,25.0,269.0,2.0
Noah Brown,HOU,WR,547,-111.6,9.0,3.7956403269754766,,161.0,275.0,,,,,,,,,
Rasheen Ali,BAL,RB,548,-111.9,7.0,2.541256754901755,296.0,211.0,296.0,276.0,,,,181.0,2.0,2.0,23.0,0.0
Joshua Kelley,NYG,RB,549,-112.4,9.0,5.0,,,355.0,,,,,,,,,
D'Ernest Johnson,JAX,RB,550,-112.45,9.0,8.50408719346049,,167.0,473.0,,,,,,,,,
Andrew Beck,HOU,RB,551,-112.53,9.0,6.56652341991885,,243.0,520.0,241.0,,,,3.0,2.0,23.0,216.0,4.0
Dare Ogunbowale,HOU,RB,552,-112.65,9.0,6.517711171662126,,189.0,414.0,,,,,,,,,
Jake Bobo,SEA,WR,553,-113.3,9.0,3.574931880108992,,168.0,273.0,,,,,,,,,
Tyler Goodson,IND,RB,554,-113.8,9.0,2.3732970027247955,,,360.0,304.0,,,,127.0,1.0,4.0,28.0,0.0
Tutu Atwell,LAR,WR,555,-114.45,8.0,3.9182561307901906,335.0,162.0,281.0,,,,,,,,,
Pierre Strong,CLE,RB,556,-114.5,9.0,5.0,,,379.0,,,,,,,,,
Isaiah Spiller,LAC,RB,557,-114.9,9.0,3.550408719346049,,,402.0,298.0,,,,147.0,1.0,4.0,20.0,0.0
Jeff Wilson,MIA,RB,558,-115.15,8.0,3.4032697547683926,324.0,,400.0,302.0,,,,144.0,1.0,3.0,21.0,0.0
Trayveon Williams,CIN,RB,559,-116.75,9.0,8.724795640326978,,175.0,490.0,,,,,,,,,
Matt Breida,SF,RB,560,-117.5,9.0,3.697547683923706,,,422.0,312.0,,,,106.0,1.0,5.0,39.0,0.0
Boston Scott,LAR,RB,561,-118.3,9.0,5.0,,,413.0,,,,,,,,,
Hassan Haskins,TEN,RB,562,-119.5,9.0,6.419618528610354,,,498.0,277.0,,,,165.0,0.0,13.0,71.0,0.0
Cam Akers,HOU,RB,563,-120.8,8.0,4.653950953678475,315.0,220.0,369.0,,,,,,,,,
Raheem Blackshear,CAR,RB,564,-121.83,10.0,4.389227393859448,,228.0,423.0,314.0,,,,84.0,1.0,7.0,50.0,0.0
Kadarius Toney,KC,WR,565,-121.9,9.0,5.0,,,290.0,,,,,,,,,
JaMycal Hasty,NE,RB,566,-121.95,10.0,6.346049046321526,,,506.0,288.0,,,,108.0,1.0,9.0,56.0,0.0
Hunter Luepke,DAL,RB,567,-122.63,10.0,6.371411975702034,,238.0,520.0,268.0,,,,48.0,4.0,8.0,54.0,0.0
Kendall Milton,PHI,RB,568,-122.9,10.0,6.9346049046321525,,,520.0,278.0,,,,145.0,2.0,2.0,25.0,0.0
D.J. Montgomery,IND,WR,569,-123.2,9.0,5.0,,,293.0,,,,,,,,,
Justin Watson,KC,WR,570,-123.5,9.0,5.389645776566757,,166.0,345.0,,,,,,,,,
Julius Chestnut,TEN,RB,571,-123.85,10.0,8.822888283378745,,201.0,520.0,,,,,,,,,
Quez Watkins,PIT,WR,572,-123.9,9.0,5.0,,,295.0,,,,,,,,,
Brandon Powell,MIN,WR,573,-124.0,9.0,4.629427792915532,,171.0,319.0,,,,,,,,,
Carlos Washington,ATL,RB,574,-124.0,10.0,5.0,,,432.0,,,,,,,,,
Emanuel Wilson,GB,RB,575,-124.6,10.0,2.6185286103542236,,270.0,336.0,,,,,,,,,
Xavier Hutchinson,HOU,WR,576,-124.6,9.0,5.0,,,298.0,,,,,,,,,
Pierre Strong Jr.,CLE,RB,577,-124.85,10.0,1.5395095367847411,,270.0,,292.0,,,,188.0,1.0,1.0,8.0,0.0
Isaiah Hodgins,NYG,WR,578,-125.3,9.0,5.0,,,302.0,,,,,,,,,
Jawhar Jordan,HOU,RB,579,-125.7,10.0,3.2806539509536785,,270.0,363.0,,,,,,,,,
Jeremy McNichols,WSH,RB,580,-125.7,10.0,5.97648995418505,,269.0,520.0,274.0,,,,105.0,0.0,14.0,115.0,1.0
Donovan Peoples-Jones,DET,WR,581,-126.0,9.0,5.0,,,306.0,,,,,,,,,
Nick Westbrook-Ikhine,TEN,WR,582,-126.1,9.0,5.0,,,308.0,,,,,,,,,
DeWayne McBride,MIN,RB,583,-126.15,10.0,3.623978201634878,,270.0,377.0,,,,,,,,,
Tyler Scott,CHI,WR,584,-126.3,9.0,2.029972752043597,,217.0,259.0,,,,,,,,,
Myles Gaskin,MIN,RB,585,-126.45,10.0,8.455040871934605,,206.0,510.0,,,,,,,,,
Malik Washington,MIA,WR,586,-126.5,8.0,5.0,301.5,,311.0,,,,,,,,,
Marquez Valdes-Scantling,BUF,WR,587,-126.55,9.0,2.8392370572207084,,205.0,280.0,,,,,,,,,
Johnny Wilson,PHI,WR,588,-126.8,8.0,5.0,277.0,,312.0,,,,,,,,,
Derius Davis,LAC,WR,589,-126.9,9.0,5.0,,,313.0,,,,,,,,,
Parris Campbell,PHI,WR,590,-126.95,9.0,4.43324250681199,,187.0,327.0,,,,,,,,,
Blake Watson,DEN,RB,591,-127.05,10.0,4.114441416893733,,270.0,397.0,,,,,,,,,
C.J. Ham,MIN,RB,592,-127.3,10.0,5.610354223433243,,,520.0,332.0,,,,16.0,1.0,13.0,71.0,0.0
Trent Sherfield,MIN,WR,593,-127.4,9.0,5.0,,,316.0,,,,,,,,,
Travis Homer,CHI,RB,594,-127.6,10.0,5.0,,,472.0,,,,,,,,,
Nick Bawden,HOU,RB,595,-127.93,10.0,5.9087176444694585,,270.0,520.0,280.0,,,,16.0,4.0,3.0,28.0,0.0
Tyquan Thornton,NE,WR,596,-128.2,9.0,6.125340599455041,,176.0,385.0,,,,,,,,,
Mecole Hardman,KC,WR,597,-128.5,9.0,5.0,,,328.0,,,,,,,,,
Bub Means,NO,WR,598,-128.5,9.0,4.5803814713896465,,191.0,337.0,,,,,,,,,
DeeJay Dallas,ARI,RB,599,-128.55,10.0,6.762942779291554,,234.0,469.0,,,,,,,,,
Malik Davis,DAL,RB,600,-128.6,10.0,5.0,,,478.0,,,,,,,,,
Jordan Mims,NO,RB,601,-129.0,10.0,4.899182561307902,,266.0,425.0,,,,,,,,,
Sean Tucker,TB,RB,602,-130.05,10.0,7.743869209809265,,224.0,499.0,,,,,,,,,
Kenny McIntosh,SEA,RB,603,-130.4,10.0,5.0,,,494.0,,,,,,,,,
Emani Bailey,KC,RB,604,-130.4,10.0,5.0,,,494.0,,,,,,,,,
Chris Evans,CIN,RB,605,-130.5,10.0,4.948228882833788,,270.0,431.0,,,,,,,,,
La'Mical Perine,PIT,RB,606,-130.65,10.0,8.087193460490465,,222.0,511.0,,,,,,,,,
Chris Moore,ARI,WR,607,-130.7,9.0,5.0,,,338.0,,,,,,,,,
Allen Lazard,NYJ,WR,608,-130.75,8.0,5.708446866485013,318.0,193.0,385.0,,,,,,,,,
Robert Woods,HOU,WR,609,-130.8,9.0,5.0,,,339.0,,,,,,,,,
Jamari Thrash,CLE,WR,610,-130.8,9.0,5.0,,,339.0,,,,,,,,,
Israel Abanikanda,NYJ,RB,611,-130.9,10.0,5.0,,,496.0,,,,,,,,,
Ryan Flournoy,DAL,WR,612,-130.9,9.0,5.119891008174387,,201.0,369.0,,,,,,,,,
Kene Nwangwu,MIN,RB,613,-130.95,10.0,7.228882833787466,,242.0,496.0,,,,,,,,,
Skyy Moore,KC,WR,614,-131.2,9.0,5.0,,,346.0,,,,,,,,,
Kayshon Boutte,NE,WR,615,-131.2,9.0,5.0,,,346.0,,,,,,,,,
Jason Brownlee,NYJ,WR,616,-131.4,9.0,5.0,,,350.0,,,,,,,,,
Jacob Cowing,SF,WR,617,-131.5,9.0,5.0,,,355.0,,,,,,,,,
KhaDarel Hodge,ATL,WR,618,-131.8,9.0,10.0,,153.0,520.0,,,,,,,,,
Mason Tipton,NO,WR,619,-131.9,9.0,5.0,,,358.0,,,,,,,,,
Jaret Patterson,LAC,RB,620,-131.95,10.0,8.602179836512262,,210.0,520.0,,,,,,,,,
Sione Vaki,DET,RB,621,-132.25,7.0,7.866485013623978,274.0,236.0,516.0,,,,,,,,,
David Moore,CAR,WR,622,-132.5,9.0,5.0,,,362.0,,,,,,,,,
Jordan Whittington,LAR,WR,623,-132.7,7.0,5.0,258.0,,364.0,,,,,,,,,
Marcus Rosemy-Jacksaint,WSH,WR,624,-132.8,9.0,5.0,,,366.0,,,,,,,,,
Jamison Crowder,WSH,WR,625,-132.8,9.0,5.0,,,366.0,,,,,,,,,
Keaontay Ingram,KC,RB,626,-132.9,10.0,5.0,,,506.0,,,,,,,,,
Chris Brooks,MIA,RB,627,-132.95,10.0,8.30790190735695,,222.0,520.0,,,,,,,,,
Nikko Remigio,KC,WR,628,-133.0,9.0,5.0,,,373.0,,,,,,,,,
Mack Hollins,BUF,WR,629,-133.2,9.0,5.0,,,374.0,,,,,,,,,
Casey Washington,ATL,WR,630,-133.3,9.0,5.0,,,375.0,,,,,,,,,
Zach Evans,LAR,RB,631,-133.3,10.0,5.0,,,511.0,,,,,,,,,
KJ Hamler,BUF,WR,632,-133.5,9.0,5.0,,,377.0,,,,,,,,,
Patrick Taylor,SF,RB,633,-133.7,10.0,5.0,,,514.0,,,,,,,,,
Darrynton Evans,BUF,RB,634,-133.8,10.0,8.111716621253407,,230.0,520.0,,,,,,,,,
Isaiah McKenzie,NYG,WR,635,-133.8,9.0,5.0,,,381.0,,,,,,,,,
Michael Burton,DEN,RB,636,-133.85,10.0,8.062670299727522,,232.0,520.0,,,,,,,,,
Dante Miller,NYG,RB,637,-134.05,10.0,7.96457765667575,,236.0,520.0,,,,,,,,,
Mike Woods,CLE,WR,638,-134.2,9.0,5.0,,,387.0,,,,,,,,,
Adam Prentice,NO,RB,639,-134.4,10.0,7.866485013623978,,240.0,520.0,,,,,,,,,
Avery Williams,ATL,RB,640,-134.55,10.0,7.792915531335149,,243.0,520.0,,,,,,,,,
Cody Schrader,SF,RB,641,-134.9,10.0,5.0,,,517.0,,,,,,,,,
Robbie Chosen,SF,WR,642,-135.0,9.0,5.0,,,394.0,,,,,,,,,
Keilan Robinson,JAX,RB,643,-135.0,10.0,6.713896457765668,,270.0,503.0,,,,,,,,,
Chris Conley,SF,WR,644,-135.0,9.0,5.0,,,394.0,,,,,,,,,
Malik Heath,GB,WR,645,-135.4,9.0,5.0,,,399.0,,,,,,,,,
Elijah Dotson,LAC,RB,646,-135.45,10.0,6.836512261580381,,270.0,508.0,,,,,,,,,
Tyrion Davis-Price,PHI,RB,647,-135.8,10.0,7.204359673024523,,266.0,519.0,,,,,,,,,
Ashton Dulin,IND,WR,648,-135.9,9.0,5.0,,,405.0,,,,,,,,,
Jalen Reagor,NE,WR,649,-136.0,9.0,5.0,,,407.0,,,,,,,,,
Ihmir Smith-Marsette,CAR,WR,650,-136.2,9.0,2.5204359673024523,,232.0,294.0,,,,,,,,,
Khari Blasingame,CHI,RB,651,-136.7,10.0,7.253405994550409,,265.0,520.0,,,,,,,,,
Justyn Ross,KC,WR,652,-136.7,9.0,5.0,,,409.0,,,,,,,,,
Jalen Brooks,DAL,WR,653,-136.9,9.0,3.0599455040871937,,226.0,310.0,,,,,,,,,
Tim Jones,JAX,WR,654,-137.1,9.0,5.0,,,412.0,,,,,,,,,
John Metchie III,HOU,WR,655,-137.7,9.0,3.133514986376022,,227.0,314.0,,,,,,,,,
SaRodorick Thompson Jr.,LAR,RB,656,-137.9,10.0,5.0,,,520.0,,,,,,,,,
Mohamed Ibrahim,MIN,RB,657,-137.9,10.0,5.0,,,520.0,,,,,,,,,
George Holani,SEA,RB,658,-137.9,10.0,5.0,,,520.0,,,,,,,,,
Zander Horvath,MIA,RB,659,-137.9,10.0,5.0,,,520.0,,,,,,,,,
Deon Jackson,NYJ,RB,660,-137.9,10.0,7.130790190735696,,270.0,520.0,,,,,,,,,
Jarveon Howard,GB,RB,661,-137.9,10.0,5.0,,,520.0,,,,,,,,,
Alec Ingold,MIA,RB,662,-137.9,10.0,5.0,,,520.0,,,,,,,,,
Owen Wright,BAL,RB,663,-137.9,10.0,7.130790190735696,,270.0,520.0,,,,,,,,,
Nate McCrary,GB,RB,664,-137.9,10.0,7.130790190735696,,270.0,520.0,,,,,,,,,
Jalen Jackson,JAX,RB,665,-137.9,10.0,5.0,,,520.0,,,,,,,,,
Patrick Taylor Jr.,SF,RB,666,-137.9,10.0,5.0,,270.0,,,,,,,,,,
Terrell Jennings,NE,RB,667,-137.9,10.0,5.0,,,520.0,,,,,,,,,
Jakob Johnson,NYG,RB,668,-137.9,10.0,5.0,,,520.0,,,,,,,,,
Hassan Hall,ARI,RB,669,-137.9,10.0,5.0,,,520.0,,,,,,,,,
Ian Wheeler,CHI,RB,670,-137.9,10.0,5.0,,,520.0,,,,,,,,,
Jake Funk,DET,RB,671,-137.9,10.0,7.130790190735696,,270.0,520.0,,,,,,,,,
Elijah Collins,CIN,RB,672,-137.9,10.0,5.0,,,520.0,,,,,,,,,
British Brooks,HOU,RB,673,-137.9,10.0,5.0,,,520.0,,,,,,,,,
Brittain Brown,LV,RB,674,-137.9,10.0,5.0,,,520.0,,,,,,,,,
Spencer Brown,ATL,RB,675,-137.9,10.0,5.0,,,520.0,,,,,,,,,
Robert Burns,ATL,RB,676,-137.9,10.0,5.0,,,520.0,,,,,,,,,
Jack Colletto,PIT,RB,677,-137.9,10.0,5.0,,,520.0,,,,,,,,,
Chris Collier,BAL,RB,678,-137.9,10.0,5.0,,,520.0,,,,,,,,,
Snoop Conner,DAL,RB,679,-137.9,10.0,5.0,,,520.0,,,,,,,,,
Tony Jones,ARI,RB,680,-137.9,10.0,5.0,,,520.0,,,,,,,,,
Daijun Edwards,PIT,RB,681,-137.9,10.0,5.0,,,520.0,,,,,,,,,
Ellis Merriweather,GB,RB,682,-137.9,10.0,7.130790190735696,,270.0,520.0,,,,,,,,,
DeShaun Fenwick,NE,RB,683,-137.9,10.0,5.0,,,520.0,,,,,,,,,
Reggie Gilliam,BUF,RB,684,-137.9,10.0,5.0,,,520.0,,,,,,,,,
Frank Gore Jr.,BUF,RB,685,-137.9,10.0,5.0,,,520.0,,,,,,,,,
Troy Hairston,HOU,RB,686,-137.9,10.0,5.0,,,520.0,,,,,,,,,
Austin Jones,WSH,RB,687,-137.9,10.0,5.0,,,520.0,,,,,,,,,
Jacob Kibodi,NO,RB,688,-137.9,10.0,5.0,,,520.0,,,,,,,,,
John Kelly,BAL,RB,689,-137.9,10.0,5.0,,,520.0,,,,,,,,,
Michael Wiley,WSH,RB,690,-137.9,10.0,7.130790190735696,,270.0,520.0,,,,,,,,,
Jacob Saylors,CLE,RB,691,-137.9,10.0,5.0,,,520.0,,,,,,,,,
Mike Boone,CAR,RB,692,-137.9,10.0,5.0,,,520.0,,,,,,,,,
Sam Schnee,TEN,RB,693,-137.9,10.0,5.0,,,520.0,,,,,,,,,
Justin Jackson,DET,RB,694,-137.9,10.0,5.0,,270.0,,,,,,,,,,
Damien Harris,BUF,RB,695,-137.9,10.0,5.0,,270.0,,,,,,,,,,
Aaron Shampklin,PIT,RB,696,-137.9,10.0,5.0,,,520.0,,,,,,,,,
Jaden Shirden,CAR,RB,697,-137.9,10.0,5.0,,,520.0,,,,,,,,,
Jonathan Ward,PIT,RB,698,-137.9,10.0,5.0,,,520.0,,,,,,,,,
Jabari Small,TEN,RB,699,-137.9,10.0,5.0,,,520.0,,,,,,,,,
Ke'Shawn Vaughn,SF,RB,700,-137.9,10.0,5.0,,,520.0,,,,,,,,,
Louis Rees-Zammit,KC,RB,701,-137.9,10.0,7.130790190735696,,270.0,520.0,,,,,,,,,
Colson Yankoff,WSH,RB,702,-137.9,10.0,5.0,,,520.0,,,,,,,,,
J.J. Taylor,HOU,RB,703,-137.9,10.0,5.0,,,520.0,,,,,,,,,
D.J. Williams,TB,RB,704,-137.9,10.0,5.0,,,520.0,,,,,,,,,
Sony Michel,LAR,RB,705,-137.9,10.0,5.0,,270.0,,,,,,,,,,
Kairee Robinson,SEA,RB,706,-137.9,10.0,5.0,,,520.0,,,,,,,,,
James Robinson,NO,RB,707,-137.9,10.0,5.0,,,520.0,,,,,,,,,
Aidan Robbins,CLE,RB,708,-137.9,10.0,5.0,,,520.0,,,,,,,,,
Patrick Ricard,BAL,RB,709,-137.9,10.0,5.0,,,520.0,,,,,,,,,
Demetric Felton,IND,RB,710,-137.9,10.0,7.130790190735696,,270.0,520.0,,,,,,,,,
Gary Brightwell,JAX,RB,711,-137.9,10.0,7.130790190735696,,270.0,520.0,,,,,,,,,
Nathaniel Peat,DAL,RB,712,-137.9,10.0,5.0,,,520.0,,,,,,,,,
Lew Nichols III,PHI,RB,713,-137.9,10.0,5.0,,,520.0,,,,,,,,,
Jermar Jefferson,DET,RB,714,-137.9,10.0,7.130790190735696,,270.0,520.0,,,,,,,,,
Xazavian Valladay,NYJ,RB,715,-137.9,10.0,7.130790190735696,,270.0,520.0,,,,,,,,,
Tony Jones Jr.,ARI,RB,716,-137.9,10.0,5.0,,270.0,,,,,,,,,,
Sincere McCormick,LV,RB,717,-137.9,10.0,5.0,,,520.0,,,,,,,,,
Tyreik McAllister,LV,RB,718,-137.9,10.0,5.0,,,520.0,,,,,,,,,
Lorenzo Lingard,NYG,RB,719,-137.9,10.0,5.0,,,520.0,,,,,,,,,
Kobe Lewis,SEA,RB,720,-137.9,10.0,5.0,,,520.0,,,,,,,,,
Bam Knight,DET,RB,721,-137.9,10.0,5.0,,,520.0,,,,,,,,,
Anthony McFarland,MIA,RB,722,-137.9,10.0,5.0,,,520.0,,,,,,,,,
Ramon Jefferson,TB,RB,723,-137.9,10.0,5.0,,,520.0,,,,,,,,,
Tyler Badie,DEN,RB,724,-137.9,10.0,5.0,,,520.0,,,,,,,,,
Equanimeous St. Brown,NO,WR,725,-138.0,9.0,5.0,,,416.0,,,,,,,,,
Braxton Berrios,MIA,WR,726,-138.2,9.0,3.2561307901907357,,229.0,321.0,,,,,,,,,
David Bell,CLE,WR,727,-138.35,9.0,3.8937329700272483,,217.0,335.0,,,,,,,,,
Brenden Rice,LAC,WR,728,-138.6,8.0,4.26158038147139,302.0,215.0,348.0,,,,,,,,,
Charlie Jones,CIN,WR,729,-139.1,9.0,2.692098092643052,,246.0,315.0,,,,,,,,,
Rakim Jarrett,TB,WR,730,-139.75,9.0,2.2016348773841963,,254.0,303.0,,,,,,,,,
Anthony Gould,IND,WR,731,-141.3,10.0,5.414168937329701,,221.0,401.0,,,,,,,,,
Laviska Shenault Jr.,SEA,WR,732,-141.9,10.0,5.0,,,430.0,,,,,,,,,
Cornelius Johnson,LAC,WR,733,-142.95,10.0,2.4713896457765667,,270.0,330.0,,,,,,,,,
Deonte Harty,BAL,WR,734,-143.9,10.0,4.801089918256131,,252.0,407.0,,,,,,,,,
Antoine Green,DET,WR,735,-143.95,10.0,2.7411444141689376,,270.0,341.0,,,,,,,,,
Jalen Guyton,LV,WR,736,-144.05,10.0,4.286103542234333,,253.0,387.0,,,,,,,,,
Tre'Quan Smith,DET,WR,737,-144.1,10.0,5.0,,,433.0,,,,,,,,,
Ronnie Bell,SF,WR,738,-144.35,10.0,3.133514986376022,,270.0,357.0,,,,,,,,,
Tejhaun Palmer,ARI,WR,739,-145.15,10.0,3.574931880108992,,270.0,375.0,,,,,,,,,
Devaughn Vele,DEN,WR,740,-145.35,10.0,3.697547683923706,,270.0,380.0,,,,,,,,,
Zach Pascal,ARI,WR,741,-145.6,10.0,3.869209809264305,,270.0,387.0,,,,,,,,,
Russell Gage,BAL,WR,742,-145.65,10.0,3.9673024523160763,,270.0,391.0,,,,,,,,,
Danny Gray,SF,WR,743,-145.9,10.0,4.8501362397820165,,258.0,415.0,,,,,,,,,
Ben Skowronek,HOU,WR,744,-146.0,10.0,4.040871934604905,,270.0,394.0,,,,,,,,,
Scotty Miller,PIT,WR,745,-146.5,10.0,5.0,,219.0,,,,,,,,,,
Devin Duvernay,JAX,WR,746,-146.9,10.0,5.0,,,473.0,,,,,,,,,
Trent Sherfield Sr.,MIN,WR,747,-147.4,10.0,5.0,,224.0,,,,,,,,,,
Scott Miller,PIT,WR,748,-147.7,10.0,5.0,,,478.0,,,,,,,,,
D'Wayne Eskridge,SEA,WR,749,-148.8,10.0,5.0,,,486.0,,,,,,,,,
River Cracraft,MIA,WR,750,-149.95,10.0,6.149863760217984,,254.0,464.0,,,,,,,,,
Britain Covey,PHI,WR,751,-150.9,10.0,5.0,,,499.0,,,,,,,,,
Tylan Wallace,BAL,WR,752,-152.35,10.0,6.100817438692098,,270.0,478.0,,,,,,,,,
Terrace Marshall Jr.,CAR,WR,753,-152.35,10.0,6.100817438692098,,270.0,478.0,,,,,,,,,
Velus Jones Jr.,CHI,WR,754,-152.4,10.0,5.0,,,511.0,,,,,,,,,
Kyle Philips,TEN,WR,755,-152.45,10.0,7.008174386920981,,254.0,499.0,,,,,,,,,
Damiere Byrd,BUF,WR,756,-152.75,10.0,6.272479564032698,,270.0,485.0,,,,,,,,,
DJ Turner,LV,WR,757,-152.9,10.0,8.111716621253407,,230.0,520.0,,,,,,,,,
Sterling Shepard,TB,WR,758,-153.25,10.0,7.891008174386921,,239.0,520.0,,,,,,,,,
Jha'Quan Jackson,TEN,WR,759,-153.95,10.0,6.615803814713897,,270.0,499.0,,,,,,,,,
Byron Pringle,WSH,WR,760,-154.4,10.0,6.762942779291554,,270.0,505.0,,,,,,,,,
DeAndre Carter,CHI,WR,761,-155.15,10.0,7.008174386920981,,270.0,515.0,,,,,,,,,
Tom Kennedy,DET,WR,762,-155.5,10.0,7.52316076294278,,254.0,520.0,,,,,,,,,
Bo Melton,GB,WR,763,-157.0,10.0,5.0,,,520.0,,,,,,,,,
David Sills,DEN,WR,764,-157.0,10.0,5.0,,,520.0,,,,,,,,,
Jalen Moreno-Cropper,DAL,WR,765,-157.0,10.0,5.0,,,520.0,,,,,,,,,
Justin Shorter,BUF,WR,766,-157.0,10.0,5.0,,,520.0,,,,,,,,,
Rondale Moore,ATL,WR,767,-157.0,10.0,7.130790190735696,,270.0,520.0,,,,,,,,,
Denzel Mims,JAX,WR,768,-157.0,10.0,5.0,,,520.0,,,,,,,,,
Lance McCutcheon,NYJ,WR,769,-157.0,10.0,5.0,,,520.0,,,,,,,,,
Xavier Smith,LAR,WR,770,-157.0,10.0,5.0,,,520.0,,,,,,,,,
Marcus Simms,SEA,WR,771,-157.0,10.0,5.0,,,520.0,,,,,,,,,
Steven Sims,HOU,WR,772,-157.0,10.0,5.0,,,520.0,,,,,,,,,
Willie Snead,MIA,WR,773,-157.0,10.0,5.0,,,520.0,,,,,,,,,
Kyric McGowan,MIA,WR,774,-157.0,10.0,5.0,,,520.0,,,,,,,,,
Anthony Miller,BAL,WR,775,-157.0,10.0,5.0,,,520.0,,,,,,,,,
Brandon Smith,NYJ,WR,776,-157.0,10.0,5.0,,,520.0,,,,,,,,,
Stanley Morgan,NO,WR,777,-157.0,10.0,5.0,,,520.0,,,,,,,,,
Anthony Schwartz,MIA,WR,778,-157.0,10.0,7.130790190735696,,270.0,520.0,,,,,,,,,
Kyle Sheets,KC,WR,779,-157.0,10.0,5.0,,,520.0,,,,,,,,,
Tayvion Robinson,CAR,WR,780,-157.0,10.0,5.0,,,520.0,,,,,,,,,
Sam Pinckney,CAR,WR,781,-157.0,10.0,5.0,,,520.0,,,,,,,,,
Jaelon Darden,CLE,WR,782,-157.0,10.0,7.130790190735696,,270.0,520.0,,,,,,,,,
Dez Fitzpatrick,PIT,WR,783,-157.0,10.0,7.130790190735696,,270.0,520.0,,,,,,,,,
James Proche,CLE,WR,784,-157.0,10.0,5.0,,,520.0,,,,,,,,,
Cornell Powell,KC,WR,785,-157.0,10.0,7.130790190735696,,270.0,520.0,,,,,,,,,
Kendric Pryor,CIN,WR,786,-157.0,10.0,5.0,,,520.0,,,,,,,,,
Jacob Harris,PHI,WR,787,-157.0,10.0,5.0,,270.0,,,,,,,,,,
DeVante Parker,PHI,WR,788,-157.0,10.0,5.0,,270.0,,,,,,,,,,
Marcus Riley,NYJ,WR,789,-157.0,10.0,5.0,,,520.0,,,,,,,,,
Corey Davis,NYJ,WR,790,-157.0,10.0,5.0,,270.0,,,,,,,,,,
Tyrell Shavers,BUF,WR,791,-157.0,10.0,5.0,,,520.0,,,,,,,,,
John Ross,PHI,WR,792,-157.0,10.0,5.0,,,520.0,,,,,,,,,
Sean Ryan,BAL,WR,793,-157.0,10.0,5.0,,,520.0,,,,,,,,,
Samson Nacua,NO,WR,794,-157.0,10.0,5.0,,,520.0,,,,,,,,,
Braylon Sanders,MIA,WR,795,-157.0,10.0,5.0,,,520.0,,,,,,,,,
Joseph Scates,JAX,WR,796,-157.0,10.0,5.0,,,520.0,,,,,,,,,
Ty Scott,SEA,WR,797,-157.0,10.0,5.0,,,520.0,,,,,,,,,
Zavier Scott,IND,WR,798,-157.0,10.0,5.0,,,520.0,,,,,,,,,
Bryce Oliver,TEN,WR,799,-157.0,10.0,5.0,,,520.0,,,,,,,,,
Miles Boykin,NYG,WR,800,-157.0,10.0,5.0,,,520.0,,,,,,,,,
Michael Gallup,LV,WR,801,-157.0,10.0,5.0,,270.0,,,,,,,,,,
Chris Blair,ATL,WR,802,-157.0,10.0,5.0,,,520.0,,,,,,,,,
Dimitri Stanley,GB,WR,803,-157.0,10.0,5.0,,,520.0,,,,,,,,,
Drake Stoops,LAR,WR,804,-157.0,10.0,5.0,,,520.0,,,,,,,,,
Shedrick Jackson,CIN,WR,805,-157.0,10.0,7.130790190735696,,270.0,520.0,,,,,,,,,
Isaiah Winstead,NYJ,WR,806,-157.0,10.0,5.0,,,520.0,,,,,,,,,
Easop Winston,SEA,WR,807,-157.0,10.0,5.0,,,520.0,,,,,,,,,
Isaiah Wooden,LAC,WR,808,-157.0,10.0,5.0,,,520.0,,,,,,,,,
Elijah Cooks,JAX,WR,809,-157.0,10.0,7.130790190735696,,270.0,520.0,,,,,,,,,
Dareke Young,SEA,WR,810,-157.0,10.0,5.0,,,520.0,,,,,,,,,
Irvin Charles,NYJ,WR,811,-157.0,10.0,7.130790190735696,,270.0,520.0,,,,,,,,,
Mitchell Tinsley,WSH,WR,812,-157.0,10.0,7.130790190735696,,270.0,520.0,,,,,,,,,
Malik Cunningham,BAL,WR,813,-157.0,10.0,5.0,,270.0,,,,,,,,,,
Chase Cota,NYG,WR,814,-157.0,10.0,7.130790190735696,,270.0,520.0,,,,,,,,,
Austin Watkins Jr.,PHI,WR,815,-157.0,10.0,7.130790190735696,,270.0,520.0,,,,,,,,,
Joseph Ngata,PHI,WR,816,-157.0,10.0,7.130790190735696,,270.0,520.0,,,,,,,,,
Colton Dowell,TEN,WR,817,-157.0,10.0,7.130790190735696,,270.0,520.0,,,,,,,,,
Grant DuBose,GB,WR,818,-157.0,10.0,7.130790190735696,,270.0,520.0,,,,,,,,,
Mason Kinsey,TEN,WR,819,-157.0,10.0,7.130790190735696,,270.0,520.0,,,,,,,,,
Easop Winston Jr.,SEA,WR,820,-157.0,10.0,5.0,,270.0,,,,,,,,,,
Michael Bandy,DEN,WR,821,-157.0,10.0,7.130790190735696,,270.0,520.0,,,,,,,,,
Cody White,SEA,WR,822,-157.0,10.0,7.130790190735696,,270.0,520.0,,,,,,,,,
Dax Milne,LV,WR,823,-157.0,10.0,7.130790190735696,,270.0,520.0,,,,,,,,,
Racey McMath,DAL,WR,824,-157.0,10.0,7.130790190735696,,270.0,520.0,,,,,,,,,
Mike Strachan,CAR,WR,825,-157.0,10.0,7.130790190735696,,270.0,520.0,,,,,,,,,
Kawaan Baker,NE,WR,826,-157.0,10.0,5.0,,270.0,,,,,,,,,,
Seth Williams,JAX,WR,827,-157.0,10.0,7.130790190735696,,270.0,520.0,,,,,,,,,
Ryan Miller,TB,WR,828,-157.0,10.0,7.130790190735696,,270.0,520.0,,,,,,,,,
Dee Williams,SEA,WR,829,-157.0,10.0,5.0,,,520.0,,,,,,,,,
Kristian Wilkerson,LV,WR,830,-157.0,10.0,5.0,,,520.0,,,,,,,,,
David Wallis,NE,WR,831,-157.0,10.0,5.0,,,520.0,,,,,,,,,
Tahj Washington,MIA,WR,832,-157.0,10.0,5.0,,270.0,,,,,,,,,,
Malik Taylor,NYJ,WR,833,-157.0,10.0,5.0,,,520.0,,,,,,,,,
Thayer Thomas,MIN,WR,834,-157.0,10.0,5.0,,,520.0,,,,,,,,,
Cody Thompson,TB,WR,835,-157.0,10.0,5.0,,,520.0,,,,,,,,,
Jesse Matthews,ATL,WR,836,-157.0,10.0,5.0,,,520.0,,,,,,,,,
Austin Trammell,JAX,WR,837,-157.0,10.0,5.0,,,520.0,,,,,,,,,
Brycen Tremayne,WSH,WR,838,-157.0,10.0,5.0,,,520.0,,,,,,,,,
Dylan Drummond,ATL,WR,839,-157.0,10.0,7.130790190735696,,270.0,520.0,,,,,,,,,
Jalen Virgil,DEN,WR,840,-157.0,10.0,5.0,,,520.0,,,,,,,,,
Dayton Wade,BAL,WR,841,-157.0,10.0,5.0,,,520.0,,,,,,,,,
Greg Ward,IND,WR,842,-157.0,10.0,5.0,,,520.0,,,,,,,,,
Sam Wiglusz,LAR,WR,843,-157.0,10.0,5.0,,,520.0,,,,,,,,,
Terrell Bynum,LV,WR,844,-157.0,10.0,7.130790190735696,,270.0,520.0,,,,,,,,,
Isaiah Washington,BAL,WR,845,-157.0,10.0,5.0,,,520.0,,,,,,,,,
Montrell Washington,KC,WR,846,-157.0,10.0,5.0,,,520.0,,,,,,,,,
Duece Watts,PIT,WR,847,-157.0,10.0,5.0,,,520.0,,,,,,,,,
Jalen Wayne,GB,WR,848,-157.0,10.0,5.0,,,520.0,,,,,,,,,
Xavier Weaver,ARI,WR,849,-157.0,10.0,5.0,,,520.0,,,,,,,,,
Raleigh Webb,TB,WR,850,-157.0,10.0,5.0,,,520.0,,,,,,,,,
Nsimba Webster,CHI,WR,851,-157.0,10.0,5.0,,,520.0,,,,,,,,,
Lucky Jackson,MIN,WR,852,-157.0,10.0,7.130790190735696,,270.0,520.0,,,,,,,,,
David White Jr.,JAX,WR,853,-157.0,10.0,5.0,,,520.0,,,,,,,,,
Jordan Matthews,CAR,WR,854,-157.0,10.0,5.0,,,520.0,,,,,,,,,
Simi Fehoko,LAC,WR,855,-157.0,10.0,7.130790190735696,,270.0,520.0,,,,,,,,,
Gunner Olszewski,NYG,WR,856,-157.0,10.0,7.130790190735696,,270.0,520.0,,,,,,,,,
Johnny Johnson III,HOU,WR,857,-157.0,10.0,5.0,,,520.0,,,,,,,,,
Kelvin Harmon,DAL,WR,858,-157.0,10.0,5.0,,,520.0,,,,,,,,,
Jacob Copeland,PIT,WR,859,-157.0,10.0,5.0,,,520.0,,,,,,,,,
Mike Harley Jr.,MIA,WR,860,-157.0,10.0,5.0,,,520.0,,,,,,,,,
John Jiles,NYG,WR,861,-157.0,10.0,5.0,,,520.0,,,,,,,,,
Cam Johnson,DAL,WR,862,-157.0,10.0,5.0,,,520.0,,,,,,,,,
Cephus Johnson III,TB,WR,863,-157.0,10.0,5.0,,,520.0,,,,,,,,,
Laquon Treadwell,IND,WR,864,-157.0,10.0,7.130790190735696,,270.0,520.0,,,,,,,,,
Collin Johnson,CHI,WR,865,-157.0,10.0,5.0,,,520.0,,,,,,,,,
Justin Hall,MIN,WR,866,-157.0,10.0,5.0,,,520.0,,,,,,,,,
Jalon Calhoun,DET,WR,867,-157.0,10.0,5.0,,,520.0,,,,,,,,,
Lideatrick Griffin,LV,WR,868,-157.0,10.0,5.0,,,520.0,,,,,,,,,
Alex Bachman,LV,WR,869,-157.0,10.0,5.0,,,520.0,,,,,,,,,
Tyler Johnson,LAR,WR,870,-157.0,10.0,5.0,,,520.0,,,,,,,,,
Andre Baccellia,ARI,WR,871,-157.0,10.0,5.0,,,520.0,,,,,,,,,
Maurice Alexander,DET,WR,872,-157.0,10.0,5.0,,,520.0,,,,,,,,,
Jaelen Gill,LAC,WR,873,-157.0,10.0,5.0,,,520.0,,,,,,,,,
Xavier Johnson,BUF,WR,874,-157.0,10.0,5.0,,,520.0,,,,,,,,,
Deon Cain,BUF,WR,875,-157.0,10.0,5.0,,,520.0,,,,,,,,,
Jaray Jenkins,PIT,WR,876,-157.0,10.0,5.0,,,520.0,,,,,,,,,
Jalen Coker,CAR,WR,877,-157.0,10.0,5.0,,,520.0,,,,,,,,,
Jeshaun Jones,MIN,WR,878,-157.0,10.0,5.0,,,520.0,,,,,,,,,
N'Keal Harry,MIN,WR,879,-157.0,10.0,5.0,,,520.0,,,,,,,,,
Trent Taylor,SF,WR,880,-157.0,10.0,7.130790190735696,,270.0,520.0,,,,,,,,,
Julian Hicks,GB,WR,881,-157.0,10.0,5.0,,,520.0,,,,,,,,,
OJ Hiliare,ATL,WR,882,-157.0,10.0,5.0,,,520.0,,,,,,,,,
Tyrie Cleveland,IND,WR,883,-157.0,10.0,5.0,,,520.0,,,,,,,,,
Keith Kirkwood,BAL,WR,884,-157.0,10.0,7.130790190735696,,270.0,520.0,,,,,,,,,
Dan Chisena,ARI,WR,885,-157.0,10.0,5.0,,,520.0,,,,,,,,,
Quintez Cephus,HOU,WR,886,-157.0,10.0,5.0,,,520.0,,,,,,,,,
Joshua Cephus,JAX,WR,887,-157.0,10.0,5.0,,,520.0,,,,,,,,,
Dennis Houston,NYG,WR,888,-157.0,10.0,5.0,,,520.0,,,,,,,,,
Jadon Janke,MIA,WR,889,-157.0,10.0,5.0,,,520.0,,,,,,,,,
Lil'Jordan Humphrey,DEN,WR,890,-157.0,10.0,5.0,,,520.0,,,,,,,,,
Tre'Shaun Harrison,TEN,WR,891,-157.0,10.0,5.0,,,520.0,,,,,,,,,
Andy Isabella,BUF,WR,892,-157.0,10.0,5.0,,,520.0,,,,,,,,,
Qadir Ismail,BAL,WR,893,-157.0,10.0,5.0,,,520.0,,,,,,,,,
Tyler Harrell,NYJ,WR,894,-157.0,10.0,5.0,,,520.0,,,,,,,,,
JaQuae Jackson,NE,WR,895,-157.0,10.0,5.0,,,520.0,,,,,,,,,
John Jackson,CHI,WR,896,-157.0,10.0,5.0,,,520.0,,,,,,,,,
Devin Carter,CAR,WR,897,-157.0,10.0,5.0,,,520.0,,,,,,,,,
Hayden Hatten,SEA,WR,898,-157.0,10.0,5.0,,,520.0,,,,,,,,,
Dante Pettis,CHI,WR,899,-157.0,10.0,7.130790190735696,,270.0,520.0,,,,,,,,,
Je'Quan Burton,MIA,WR,900,-157.0,10.0,5.0,,,520.0,,,,,,,,,
Kazmeir Allen,WSH,WR,901,-157.0,10.0,5.0,,,520.0,,,,,,,,,
Kevin Austin Jr.,NO,WR,902,-157.0,10.0,5.0,,,520.0,,,,,,,,,
Phillip Brooks,KC,WR,903,-157.0,10.0,5.0,,,520.0,,,,,,,,,
Tanner Knue,TB,WR,904,-157.0,10.0,5.0,,,520.0,,,,,,,,,
JJ Laap,LAR,WR,905,-157.0,10.0,5.0,,,520.0,,,,,,,,,
Shaquan Davis,NO,WR,906,-157.0,10.0,5.0,,,520.0,,,,,,,,,
Matt Landers,NE,WR,907,-157.0,10.0,5.0,,,520.0,,,,,,,,,
Peter LeBlanc,CHI,WR,908,-157.0,10.0,5.0,,,520.0,,,,,,,,,
Phillip Dorsett,DEN,WR,909,-157.0,10.0,7.130790190735696,,270.0,520.0,,,,,,,,,
Kaden Davis,DET,WR,910,-157.0,10.0,5.0,,,520.0,,,,,,,,,
Davion Davis,WSH,WR,911,-157.0,10.0,5.0,,,520.0,,,,,,,,,
T.J. Luther,PIT,WR,912,-157.0,10.0,5.0,,,520.0,,,,,,,,,
Juwann Winfree,IND,WR,913,-157.0,10.0,7.130790190735696,,270.0,520.0,,,,,,,,,
James Proche II,CLE,WR,914,-157.0,10.0,5.0,,270.0,,,,,,,,,,
Ayir Asante,NYG,WR,915,-157.0,10.0,5.0,,,520.0,,,,,,,,,
Tay Martin,SF,WR,916,-157.0,10.0,5.0,,,520.0,,,,,,,,,
David Durden,DAL,WR,917,-157.0,10.0,5.0,,,520.0,,,,,,,,,
Malik Knowles,MIN,WR,918,-157.0,10.0,5.0,,,520.0,,,,,,,,,
Jontre Kirklin,SF,WR,919,-157.0,10.0,5.0,,,520.0,,,,,,,,,
Josh Ali,ATL,WR,920,-157.0,10.0,5.0,,,520.0,,,,,,,,,
Latreal Jones,TB,WR,921,-157.0,10.0,5.0,,,520.0,,,,,,,,,
Daurice Fountain,DET,WR,922,-157.0,10.0,5.0,,,520.0,,,,,,,,,
Deontay Burnett,DAL,WR,923,-157.0,10.0,5.0,,,520.0,,,,,,,,,
Cole Burgess,CIN,WR,924,-157.0,10.0,5.0,,,520.0,,,,,,,,,
Martavis Bryant,WSH,WR,925,-157.0,10.0,5.0,,,520.0,,,,,,,,,
Jeff Foreman,LV,WR,926,-157.0,10.0,5.0,,,520.0,,,,,,,,,
Bryce Ford-Wheaton,NYG,WR,927,-157.0,10.0,5.0,,,520.0,,,,,,,,,
Samori Toure,GB,WR,928,-157.0,10.0,7.130790190735696,,270.0,520.0,,,,,,,,,
Griffin Hebert,PHI,WR,929,-157.0,10.0,5.0,,,520.0,,,,,,,,,
Daylen Baldwin,ARI,WR,930,-157.0,10.0,5.0,,,520.0,,,,,,,,,
Ramel Keyton,LV,WR,931,-157.0,10.0,5.0,,,520.0,,,,,,,,,
Ahmarean Brown,CLE,WR,932,-157.0,10.0,5.0,,,520.0,,,,,,,,,
Erik Ezukanma,MIA,WR,933,-157.0,10.0,5.0,,,520.0,,,,,,,,,
Taysom Hill,NO,QB,934,-183.31,8.0,5.0,160.5,,,231.0,38.0,0.0,0.0,403.0,6.0,,,
Justin Fields,PIT,QB,935,-189.44,6.0,1.7602179836512262,192.0,,211.0,242.0,639.0,4.0,2.0,197.0,2.0,,,
Jacoby Brissett,NE,QB,936,-207.44,6.0,2.0544959128065394,229.0,,286.0,243.0,1203.0,7.0,7.0,69.0,0.0,,,
Aidan O'Connell,LV,QB,937,-226.09,7.0,2.8392370572207084,277.5,,261.0,336.0,346.0,2.0,1.0,3.0,0.0,,,
Jarrett Stidham,DEN,QB,938,-237.28,8.0,1.3678474114441417,,,322.0,337.0,264.0,2.0,1.0,20.0,0.0,,,
Sam Howell,SEA,QB,939,-237.98,7.0,2.667574931880109,285.0,,287.0,355.0,154.0,1.0,1.0,16.0,0.0,,,
Michael Penix Jr.,ATL,QB,940,-239.09,8.0,2.544959128065395,,,291.0,354.0,123.0,1.0,0.0,10.0,0.0,,,
Joshua Dobbs,SF,QB,941,-241.02,7.0,5.670015157345709,280.0,174.0,441.0,338.0,172.0,1.0,0.0,21.0,0.0,,,
Jameis Winston,CLE,QB,942,-241.67,7.0,1.5149863760217985,262.0,,329.0,350.0,164.0,1.0,1.0,21.0,0.0,,,
Cooper Rush,DAL,QB,943,-242.74,8.0,5.709511119505147,,178.0,443.0,362.0,166.0,1.0,1.0,4.0,0.0,,,
Drew Lock,NYG,QB,944,-243.19,8.0,1.7356948228882834,,,334.0,364.0,124.0,1.0,1.0,17.0,0.0,,,
Jake Browning,CIN,QB,945,-245.84,7.0,2.912806539509537,272.0,,419.0,341.0,174.0,1.0,0.0,15.0,0.0,,,
Mitchell Trubisky,BUF,QB,946,-245.87,8.0,5.0,,,429.0,,,,,,,,,
Jimmy Garoppolo,LAR,QB,947,-247.67,8.0,3.010899182561308,,,428.0,346.0,146.0,1.0,0.0,17.0,0.0,,,
Tyler Huntley,CLE,QB,948,-248.65,8.0,5.0,,,436.0,,,,,,,,,
Hendon Hooker,DET,QB,949,-248.85,8.0,5.0,,,440.0,,,,,,,,,
Carson Wentz,KC,QB,950,-248.88,8.0,3.6485013623978206,,,447.0,339.0,170.0,1.0,0.0,18.0,0.0,,,
Mac Jones,JAX,QB,951,-249.12,8.0,3.4768392370572205,,,444.0,343.0,163.0,1.0,0.0,15.0,0.0,,,
Sean Clifford,GB,QB,952,-249.13,8.0,5.0,,,444.0,,,,,,,,,
Easton Stick,LAC,QB,953,-249.14,8.0,3.574931880108992,,,447.0,342.0,147.0,1.0,0.0,22.0,0.0,,,
Tyrod Taylor,NYJ,QB,954,-249.27,8.0,3.2561307901907357,,,439.0,347.0,148.0,1.0,0.0,15.0,0.0,,,
Joe Flacco,IND,QB,955,-249.31,7.0,3.6485013623978206,271.0,,452.0,344.0,147.0,1.0,0.0,20.0,0.0,,,
Kenny Pickett,PHI,QB,956,-249.39,8.0,3.2070844686648505,,,438.0,348.0,162.0,1.0,1.0,26.0,0.0,,,
Bailey Zappe,NE,QB,957,-249.63,8.0,5.0,,,458.0,,,,,,,,,
Mason Rudolph,TEN,QB,958,-249.81,8.0,5.0,,,459.0,,,,,,,,,
Malik Willis,TEN,QB,959,-249.81,8.0,5.0,,,459.0,,,,,,,,,
Andy Dalton,CAR,QB,960,-250.05,8.0,3.550408719346049,,,455.0,351.0,121.0,1.0,0.0,17.0,0.0,,,
Case Keenum,HOU,QB,961,-250.13,8.0,5.0,,,465.0,,,,,,,,,
Tyson Bagent,CHI,QB,962,-250.14,8.0,2.9373297002724796,,,437.0,358.0,139.0,1.0,1.0,20.0,0.0,,,
Mitch Trubisky,BUF,QB,963,-250.33,8.0,5.0,,,,349.0,160.0,1.0,1.0,24.0,0.0,,,
Nick Mullens,MIN,QB,964,-250.4,7.0,3.673024523160763,264.0,,461.0,352.0,169.0,1.0,1.0,14.0,0.0,,,
Marcus Mariota,WSH,QB,965,-250.46,8.0,3.108991825613079,,,446.0,360.0,144.0,1.0,1.0,16.0,0.0,,,
Desmond Ridder,ARI,QB,966,-250.48,8.0,3.501362397820164,,,457.0,355.0,144.0,1.0,1.0,20.0,0.0,,,
Mike White,MIA,QB,967,-250.55,8.0,3.1580381471389645,,,449.0,361.0,172.0,1.0,1.0,4.0,0.0,,,
Skylar Thompson,MIA,QB,968,-250.69,8.0,5.0,,,471.0,,,,,,,,,
Kyle Trask,TB,QB,969,-251.08,8.0,3.0844686648501365,,,450.0,365.0,100.0,1.0,0.0,3.0,0.0,,,
Spencer Rattler,NO,QB,970,-251.85,8.0,4.040871934604905,,,482.0,358.0,119.0,1.0,0.0,8.0,0.0,,,
Stetson Bennett,LAR,QB,971,-252.15,8.0,5.0,,,483.0,,,,,,,,,
Sam Hartman,WSH,QB,972,-252.43,8.0,5.0,,,484.0,,,,,,,,,
Davis Mills,HOU,QB,973,-253.31,8.0,4.153936535180465,,270.0,451.0,345.0,157.0,1.0,0.0,14.0,0.0,,,
Trey Lance,DAL,QB,974,-253.84,8.0,4.1790063568968705,,270.0,453.0,352.0,159.0,1.0,1.0,18.0,0.0,,,
Michael Pratt,GB,QB,975,-254.3,8.0,4.423829056699374,,270.0,467.0,357.0,122.0,1.0,0.0,8.0,0.0,,,
Josh Johnson,BAL,QB,976,-254.89,8.0,5.414168937329701,,,520.0,340.0,147.0,1.0,0.0,26.0,0.0,,,
Taylor Heinicke,ATL,QB,977,-255.03,8.0,5.193460490463216,,270.0,441.0,,,,,,,,,
Zach Wilson,DEN,QB,978,-255.28,8.0,5.487738419618529,,270.0,453.0,,,,,,,,,
Jaren Hall,MIN,QB,979,-255.35,8.0,5.561307901907357,,270.0,456.0,,,,,,,,,
Joe Milton III,NE,QB,980,-255.48,8.0,5.683923705722072,,270.0,461.0,,,,,,,,,
Tommy DeVito,NYG,QB,981,-255.48,8.0,5.683923705722072,,270.0,461.0,,,,,,,,,
C.J. Beathard,JAX,QB,982,-255.66,8.0,5.806539509536785,,270.0,466.0,,,,,,,,,
Kyle Allen,PIT,QB,983,-255.76,8.0,5.85558583106267,,270.0,468.0,,,,,,,,,
Jordan Travis,NYJ,QB,984,-255.87,8.0,5.904632152588556,,270.0,470.0,,,,,,,,,
Clayton Tune,ARI,QB,985,-256.18,8.0,6.0272479564032695,,270.0,475.0,,,,,,,,,
Carter Bradley,LV,QB,986,-256.66,8.0,4.8501362397820165,,,520.0,363.0,106.0,1.0,0.0,7.0,0.0,,,
Tanner McKee,PHI,QB,987,-257.13,8.0,6.346049046321526,,270.0,488.0,,,,,,,,,
Sam Ehlinger,IND,QB,988,-257.21,8.0,6.370572207084469,,270.0,489.0,,,,,,,,,
Dorian Thompson-Robinson,CLE,QB,989,-258.74,8.0,6.861035422343324,,270.0,509.0,,,,,,,,,
Devin Leary,BAL,QB,990,-259.83,8.0,7.081743869209809,,270.0,518.0,,,,,,,,,
John Paddock,ATL,QB,991,-261.13,8.0,5.0,,,520.0,,,,,,,,,
John Rhys Plumlee,PIT,QB,992,-261.13,8.0,5.0,,,520.0,,,,,,,,,
E.J. Perry,JAX,QB,993,-261.13,8.0,5.0,,,520.0,,,,,,,,,
Luis Perez,LAC,QB,994,-261.13,8.0,5.0,,,520.0,,,,,,,,,
Andrew Peasley,NYJ,QB,995,-261.13,8.0,5.0,,,520.0,,,,,,,,,
Dresser Winn,LAR,QB,996,-261.13,8.0,5.0,,,520.0,,,,,,,,,
Anthony Brown,BUF,QB,997,-261.13,8.0,5.0,,,520.0,,,,,,,,,
Chris Oladokun,KC,QB,998,-261.13,8.0,5.0,,,520.0,,,,,,,,,
Jack Plummer,CAR,QB,999,-261.13,8.0,5.0,,,520.0,,,,,,,,,
Tanner Mordecai,SF,QB,1000,-261.13,8.0,5.0,,,520.0,,,,,,,,,
Trace McSorley,WSH,QB,1001,-261.13,8.0,5.0,,,520.0,,,,,,,,,
Jake Luton,CAR,QB,1002,-261.13,8.0,5.0,,,520.0,,,,,,,,,
Jason Bean,IND,QB,1003,-261.13,8.0,5.0,,,520.0,,,,,,,,,
Ian Book,KC,QB,1004,-261.13,8.0,7.130790190735696,,270.0,520.0,,,,,,,,,
Tim Boyle,HOU,QB,1005,-261.13,8.0,5.0,,,520.0,,,,,,,,,
Shane Buechele,BUF,QB,1006,-261.13,8.0,5.0,,,520.0,,,,,,,,,
Jake Haener,NO,QB,1007,-261.13,8.0,7.130790190735696,,270.0,520.0,,,,,,,,,
Nathan Peterman,LV,QB,1008,-261.13,8.0,7.130790190735696,,270.0,520.0,,,,,,,,,
Austin Reed,CHI,QB,1009,-261.13,8.0,5.0,,,520.0,,,,,,,,,
Malik Cunningham,BAL,QB,1010,-261.13,8.0,5.0,,,520.0,,,,,,,,,
John Wolford,TB,QB,1011,-261.13,8.0,5.0,,,520.0,,,,,,,,,
Logan Woodside,CIN,QB,1012,-261.13,8.0,5.0,,,520.0,,,,,,,,,
Ben DiNucci,BUF,QB,1013,-261.13,8.0,5.0,,,520.0,,,,,,,,,
Jake Fromm,DET,QB,1014,-261.13,8.0,5.0,,,520.0,,,,,,,,,
PJ Walker,SEA,QB,1015,-261.13,8.0,5.0,,,520.0,,,,,,,,,
Will Grier,PHI,QB,1016,-261.13,8.0,5.0,,,520.0,,,,,,,,,
J.J. McCarthy,MIN,QB,1017,-261.13,8.0,7.130790190735696,,270.0,520.0,,,,,,,,,
Brett Rypien,CHI,QB,1018,-261.13,8.0,7.130790190735696,,270.0,520.0,,,,,,,,,
Nate Sudfeld,DET,QB,1019,-261.13,8.0,7.130790190735696,,270.0,520.0,,,,,,,,,
Kedon Slovis,IND,QB,1020,-261.13,8.0,5.0,,,520.0,,,,,,,,,
Brandon Allen,SF,QB,1021,-261.13,8.0,7.130790190735696,,270.0,520.0,,,,,,,,,
Jeff Driskel,WSH,QB,1022,-261.13,8.0,7.130790190735696,,270.0,520.0,,,,,,,,,
Emory Jones,BAL,QB,1023,-261.13,8.0,5.0,,,520.0,,,,,,,,,
Matt Corral,MIN,QB,1024,-261.13,8.0,5.0,,,520.0,,,,,,,,,
Adrian Martinez,NYJ,QB,1025,-261.13,8.0,5.0,,,520.0,,,,,,,,,
