name,pos,pts_espn,pts_cbs,pts_nfl
aaron_rodgers,QB,381.0,,370.78
tom_brady,QB,354.0,434.8,364.96
drew_brees,QB,345.0,404.6,343.96
matthew_stafford,QB,338.0,381.2,322.9
cam_newton,QB,325.0,366.8,363.04
arian_foster,RB,296.0,,290.6
eli_manning,QB,279.0,341.6,263.34
ray_rice,RB,278.0,247.2,252.0
michael_vick,QB,271.0,343.2,283.8
tony_romo,QB,265.0,329.4,284.6
peyton_manning,QB,263.0,329.0,279.46
philip_rivers,QB,263.0,331.8,254.66
lesean_mccoy,RB,259.0,243.0,243.4
matt_ryan,QB,246.0,354.8,268.52
ben_roethlisberger,QB,235.0,309.8,282.86
robert_griffin_iii,QB,230.0,312.0,272.4
calvin_johnson,WR,224.0,,220.4
josh_freeman,QB,218.0,295.2,259.4
matt_schaub,QB,215.0,308.2,240.88
chris_johnson,RB,215.0,210.8,230.7
joe_flacco,QB,208.0,290.4,226.68
maurice_jones-drew,RB,208.0,178.8,232.5
alex_smith,QB,206.0,279.0,238.96
andy_dalton,QB,202.0,273.8,241.44
matt_forte,RB,199.0,180.4,203.5
jay_cutler,QB,197.0,308.4,224.0
ryan_mathews,RB,195.0,182.0,256.5
marshawn_lynch,RB,193.0,190.6,182.7
rob_gronkowski,TE,191.0,167.0,202.7
trent_richardson,RB,190.0,183.2,211.4
jamaal_charles,RB,186.0,172.4,191.4
jimmy_graham,TE,186.0,,159.9
fred_jackson,RB,185.0,179.8,206.6
larry_fitzgerald,WR,184.0,176.2,190.2
demarco_murray,RB,183.0,196.6,175.0
carson_palmer,QB,182.0,286.6,204.82
ryan_fitzpatrick,QB,182.0,279.0,238.14
steven_jackson,RB,182.0,181.8,194.7
michael_turner,RB,182.0,171.8,199.3
tim_tebow,QB,178.0,141.0,118.58
adrian_peterson,RB,177.0,172.0,193.6
frank_gore,RB,177.0,153.4,158.6
wes_welker,WR,176.0,162.0,165.8
darren_mcfadden,RB,175.0,207.4,224.8
roddy_white,WR,173.0,166.2,173.3
andre_johnson,WR,172.0,168.8,193.5
andrew_luck,QB,170.0,301.4,232.76
matt_cassel,QB,169.0,259.0,228.52
mike_wallace,WR,169.0,136.0,168.9
aj_green,WR,169.0,166.8,163.2
ahmad_bradshaw,RB,167.0,174.0,176.6
greg_jennings,WR,166.0,174.2,167.2
darren_sproles,RB,164.0,164.8,156.0
sam_bradford,QB,161.0,257.8,167.4
stevan_ridley,RB,161.0,146.4,137.1
hakeem_nicks,WR,160.0,164.0,155.0
russell_wilson,QB,159.0,260.0,44.34
julio_jones,WR,155.0,181.6,172.5
dwayne_bowe,WR,152.0,133.2,167.2
reggie_bush,RB,150.0,137.2,194.1
victor_cruz,WR,150.0,158.4,180.5
percy_harvin,WR,150.0,160.0,173.2
christian_ponder,QB,149.0,252.6,202.4
jordy_nelson,WR,149.0,169.2,149.1
vincent_jackson,WR,149.0,133.8,170.3
jake_locker,QB,148.0,289.4,142.74
brandon_marshall,WR,148.0,160.6,167.5
steve_smith,WR,148.0,151.4,184.8
steve_smith,WR,148.0,73.0,184.8
steve_smith,WR,71.0,151.4,184.8
steve_smith,WR,71.0,73.0,184.8
marques_colston,WR,147.0,150.4,175.4
kevin_smith,RB,146.0,125.4,32.8
dez_bryant,WR,146.0,152.8,179.9
john_skelton,QB,144.0,167.6,68.4
jonathan_stewart,RB,144.0,118.2,145.4
shonn_greene,RB,142.0,147.2,195.0
jeremy_maclin,WR,142.0,147.2,159.5
antonio_gates,TE,142.0,129.0,137.7
doug_martin,RB,141.0,176.0,156.6
desean_jackson,WR,141.0,137.4,165.0
blaine_gabbert,QB,139.0,222.4,193.36
willis_mcgahee,RB,139.0,139.2,156.8
benjarvus_green-ellis,RB,138.0,153.6,152.2
demaryius_thomas,WR,138.0,154.8,162.0
vernon_davis,TE,138.0,116.8,141.5
brandon_weeden,QB,136.0,223.0,134.3
brandon_lloyd,WR,136.0,142.8,150.6
eric_decker,WR,135.0,139.4,136.5
steve_johnson,WR,134.0,137.0,146.7
robert_meachem,WR,133.0,124.4,141.3
mark_sanchez,QB,131.0,198.4,186.8
michael_bush,RB,129.0,104.4,120.6
miles_austin,WR,129.0,130.4,152.1
cedric_benson,RB,128.0,128.0,
antonio_brown,WR,128.0,138.8,132.3
cj_spiller,RB,127.0,100.8,111.1
peyton_hillis,RB,127.0,133.4,121.7
kenny_britt,WR,127.0,122.8,156.5
ben_tate,RB,126.0,97.6,138.2
roy_helu,RB,125.0,87.0,148.5
beanie_wells,RB,124.0,107.0,168.9
deangelo_williams,RB,124.0,127.6,132.5
donald_brown,RB,124.0,139.6,136.0
isaac_redman,RB,123.0,124.8,128.8
pierre_garcon,WR,123.0,127.8,111.6
torrey_smith,WR,123.0,134.4,137.2
denarius_moore,WR,123.0,107.6,117.6
aaron_hernandez,TE,121.0,124.8,120.7
mark_ingram,RB,120.0,106.6,133.7
jason_witten,TE,120.0,109.4,132.1
malcom_floyd,WR,119.0,114.6,145.3
jermichael_finley,TE,119.0,113.6,120.1
toby_gerhart,RB,118.0,100.0,111.8
santonio_holmes,WR,117.0,106.6,127.6
tony_gonzalez,TE,117.0,99.2,107.9
lance_moore,WR,116.0,116.2,128.9
anquan_boldin,WR,114.0,115.6,127.6
ryan_williams,RB,112.0,121.4,82.2
pierre_thomas,RB,111.0,89.6,132.4
david_wilson,RB,110.0,100.8,85.2
nate_washington,WR,110.0,116.4,119.7
fred_davis,TE,110.0,102.2,121.1
michael_crabtree,WR,108.0,103.8,117.0
titus_young,WR,107.0,127.0,100.6
jacob_tamme,TE,107.0,93.0,94.9
ryan_tannehill,QB,105.0,209.4,106.8
jared_cook,TE,105.0,84.8,104.6
bernard_scott,RB,103.0,62.2,73.3
darrius_heyward-bey,WR,102.0,123.4,128.4
justin_blackmon,WR,102.0,120.2,108.2
felix_jones,RB,101.0,74.8,85.1
daniel_thomas,RB,101.0,80.0,65.8
reggie_wayne,WR,101.0,129.2,147.8
sidney_rice,WR,100.0,104.2,92.9
brandon_pettigrew,TE,100.0,102.2,113.2
kendall_wright,WR,99.0,101.6,
brent_celek,TE,99.0,92.6,97.4
shane_vereen,RB,96.0,81.6,57.6
rueben_randle,WR,96.0,75.2,
owen_daniels,TE,95.0,92.8,99.2
nate_burleson,WR,94.0,85.0,81.7
dustin_keller,TE,94.0,87.2,121.0
legarrette_blount,RB,93.0,92.8,103.3
taiwan_jones,RB,93.0,60.2,
leonard_hankerson,WR,91.0,84.2,
rashad_jennings,RB,90.0,104.2,
laurent_robinson,WR,90.0,99.2,89.4
brandon_lafell,WR,90.0,101.2,101.1
mike_tolbert,RB,89.0,51.6,69.0
mike_williams,WR,89.0,99.0,104.5
davone_bess,WR,86.0,86.8,97.8
mario_manningham,WR,83.0,89.6,92.1
greg_little,WR,83.0,117.8,131.4
anthony_armstrong,WR,83.0,,
jermaine_gresham,TE,83.0,98.4,84.2
greg_olsen,TE,82.0,93.2,99.2
mike_goodson,RB,81.0,52.4,67.8
steve_breaston,WR,81.0,59.2,104.4
martellus_bennett,TE,81.0,64.8,
coby_fleener,TE,81.0,77.8,91.7
matt_moore,QB,80.0,31.8,85.34
jon_baldwin,WR,78.0,92.8,91.1
james_jones,WR,78.0,78.2,89.1
braylon_edwards,WR,78.0,73.0,
ed_dickson,TE,77.0,65.2,96.8
evan_royster,RB,76.0,90.2,43.2
austin_collie,WR,75.0,55.2,71.8
kyle_rudolph,TE,75.0,78.8,82.9
randy_moss,WR,73.0,101.4,81.4
michael_floyd,WR,73.0,69.2,76.8
jonathan_dwyer,RB,72.0,52.2,
kevin_walter,WR,71.0,59.6,94.0
alshon_jeffery,WR,70.0,86.8,
jerome_simpson,WR,70.0,92.8,72.1
danny_amendola,WR,69.0,93.4,103.0
kevin_kolb,QB,68.0,77.6,132.66
doug_baldwin,WR,68.0,87.2,116.3
james_starks,RB,67.0,56.4,149.7
david_nelson,WR,67.0,88.8,83.4
alfred_morris,RB,65.0,97.0,77.3
jacoby_ford,WR,65.0,70.8,82.9
mohamed_sanu,WR,65.0,59.0,86.3
joel_dreessen,TE,65.0,50.2,
delone_carter,RB,63.0,41.4,84.8
marcedes_lewis,TE,63.0,67.8,78.9
rashard_mendenhall,RB,62.0,73.4,119.8
evan_moore,TE,62.0,21.8,67.3
jacquizz_rodgers,RB,61.0,,61.3
scott_chandler,TE,61.0,61.0,
eddie_royal,WR,60.0,66.8,
randall_cobb,WR,60.0,93.8,74.7
heath_miller,TE,60.0,71.4,
matt_flynn,QB,59.0,47.0,185.64
lamichael_james,RB,59.0,44.2,50.5
josh_morgan,WR,59.0,,
jason_snelling,RB,58.0,33.4,
keiland_williams,RB,58.0,17.6,
devery_henderson,WR,58.0,61.0,110.8
brandon_jacobs,RB,57.0,60.4,71.1
kendall_hunter,RB,57.0,56.8,61.1
damian_williams,WR,57.0,,85.3
leron_mcclain,RB,56.0,16.6,
santana_moss,WR,56.0,,79.5
matt_hasselbeck,QB,55.0,55.2,94.34
isaiah_pead,RB,55.0,57.6,69.2
danny_woodhead,RB,55.0,54.4,75.5
alex_green,RB,55.0,50.6,
brandon_stokley,WR,55.0,,
andre_roberts,WR,55.0,56.2,
donnie_avery,WR,55.0,45.6,
bernard_pierce,RB,54.0,47.2,
robert_turbin,RB,53.0,80.6,
lamar_miller,RB,53.0,52.6,66.4
dion_lewis,RB,53.0,42.6,40.7
legedu_naanee,WR,53.0,,77.0
kevin_ogletree,WR,53.0,43.8,
anthony_fasano,TE,53.0,46.6,
mikel_leshoure,RB,52.0,123.4,90.4
leon_washington,RB,52.0,43.6,37.2
stephen_hill,WR,52.0,70.2,
mike_thomas,WR,52.0,,
jacoby_jones,WR,52.0,47.2,
tony_scheffler,TE,52.0,42.8,
zach_miller,TE,51.0,53.8,
tony_moeaki,TE,51.0,41.8,
bilal_powell,RB,50.0,45.2,
kellen_davis,TE,49.0,47.8,
dexter_mccluster,WR,47.0,51.2,103.0
emmanuel_sanders,WR,47.0,80.6,
greg_salas,WR,47.0,,
joe_webb,QB,46.0,13.2,
ronnie_brown,RB,46.0,70.0,
donald_jones,WR,46.0,,
dennis_pitta,TE,46.0,44.2,74.1
benjamin_watson,TE,46.0,40.0,70.3
knowshon_moreno,RB,45.0,34.2,61.8
ronnie_hillman,RB,45.0,86.4,68.2
josh_gordon,WR,44.0,79.0,
jerrel_jernigan,WR,43.0,,
jordan_cameron,TE,43.0,37.6,
earl_bennett,WR,42.0,66.4,
dallas_clark,TE,42.0,66.8,
daryl_richardson,RB,39.0,19.8,
john_carlson,TE,39.0,25.2,
brian_quick,WR,38.0,88.2,
golden_tate,WR,38.0,67.2,
vincent_brown,WR,38.0,,
dwayne_allen,TE,38.0,55.8,
kevin_boss,TE,37.0,41.8,
chris_givens,WR,36.0,,
chaz_schilens,WR,36.0,,
todd_heap,TE,35.0,31.2,
ryan_broyles,WR,34.0,44.8,
brian_hartline,WR,34.0,58.2,
chad_henne,QB,33.0,17.6,0.0
montario_hardesty,RB,33.0,55.6,
lance_kendricks,TE,33.0,64.8,85.2
armon_binns,WR,32.0,42.6,
vick_ballard,RB,26.0,52.0,
bryce_brown,RB,23.0,,
joe_mcknight,RB,20.0,41.4,104.6
david_garrard,QB,0.0,,0.0
javon_ringer,RB,0.0,36.2,45.7
brandon_jackson,RB,0.0,30.2,
chris_ivory,RB,0.0,26.4,
john_kuhn,RB,0.0,30.0,35.7
baron_batch,RB,0.0,,
bobby_rainey,RB,0.0,,
chris_ogbonnaya,RB,0.0,,
marcel_reece,RB,0.0,38.6,55.5
lance_ball,RB,0.0,17.8,
tashard_choice,RB,0.0,12.2,
justin_forsett,RB,0.0,12.2,
larod_stephens-howling,RB,0.0,13.6,45.0
dj_ware,RB,0.0,25.0,45.6
brian_leonard,RB,0.0,16.0,
tim_hightower,RB,0.0,32.8,75.3
brandon_saine,RB,0.0,25.4,43.4
chris_rainey,RB,0.0,34.8,
jamie_harper,RB,0.0,22.6,
phillip_tanner,RB,0.0,,
michael_smith,RB,0.0,,
mewelde_moore,RB,0.0,,
jahvid_best,RB,0.0,21.8,139.1
jackie_battle,RB,0.0,,
ryan_grant,RB,0.0,,
anthony_dixon,RB,0.0,,
darel_scott,RB,0.0,15.8,
cyrus_gray,RB,0.0,,
tyrell_sutton,RB,0.0,,
aaron_brown,RB,0.0,,
brandon_bolden,RB,0.0,,
tauren_poole,RB,0.0,,
curtis_brinkley,RB,0.0,,
chris_polk,RB,0.0,,
steve_slaton,RB,0.0,,
ryan_torain,RB,0.0,,
deji_karim,RB,0.0,,
jerious_norwood,RB,0.0,,
early_doucet,WR,0.0,43.0,72.1
jerricho_cotchery,WR,0.0,43.8,
louis_murphy,WR,0.0,,
jason_avant,WR,0.0,,
andre_caldwell,WR,0.0,,
devin_hester,WR,0.0,66.6,
rod_streater,WR,0.0,66.2,
harry_douglas,WR,0.0,71.6,
adrian_arrington,WR,0.0,,
brad_smith,WR,0.0,,
michael_jenkins,WR,0.0,,
mohamed_massaquoi,WR,0.0,,72.8
josh_cribbs,WR,0.0,,
jeremy_kerley,WR,0.0,62.8,73.2
preston_parker,WR,0.0,57.8,
riley_cooper,WR,0.0,43.0,
tandon_doss,WR,0.0,,
julian_edelman,WR,0.0,,
arrelious_benn,WR,0.0,44.2,72.6
dane_sanzenbacher,WR,0.0,,
ty_hilton,WR,0.0,61.0,
lestar_jean,WR,,61.0,
rob_housler,TE,,58.2,
juron_criner,WR,,48.0,
charles_clay,TE,,32.2,34.7
michael_egnew,TE,,32.0,
kellen_winslow,TE,,24.2,
ladarius_green,TE,,22.2,
evan_rodriguez,TE,,21.8,
david_ausberry,TE,,21.2,
bear_pascoe,TE,,20.0,
visanthe_shiancoe,TE,,19.8,
colt_mccoy,QB,,15.8,70.4
james_casey,TE,,14.0,
shaun_hill,QB,,12.2,0.0
nick_foles,QB,,11.2,
brock_osweiler,QB,,9.2,
kyle_orton,QB,,8.6,
jason_campbell,QB,,8.4,8.96
colin_kaepernick,QB,,6.0,
mike_kafka,QB,,5.6,18.94
brady_quinn,QB,,4.2,
chris_redman,QB,,2.2,
graham_harrell,QB,,2.2,
rex_grossman,QB,,2.2,0.0
tyler_thigpen,QB,,2.2,
tj_yates,QB,,1.4,
matt_leinart,QB,,0.8,
byron_leftwich,QB,,0.6,
brian_hoyer,QB,,0.4,
caleb_hanie,QB,,0.4,0.0
ryan_lindley,QB,,0.4,
tyrod_taylor,QB,,0.4,
ryan_mallett,QB,,0.0,
terrelle_pryor,QB,,0.0,
jabar_gaffney,WR,,,72.6
danario_alexander,WR,,,71.6
derek_anderson,QB,,,0.0
david_carr,QB,,,0.0
kellen_clemens,QB,,,0.0
chase_daniel,QB,,,0.0
bruce_gradkowski,QB,,,0.0
