name,pos,pts_espn,pts_cbs,pts_nfl
aaron_rodgers,QB,352.0,415.8,340.68
drew_brees,QB,334.0,423.8,340.68
tom_brady,QB,325.0,369.6,318.28
peyton_manning,QB,324.0,400.0,333.96
cam_newton,QB,323.0,368.6,306.52
matt_ryan,QB,314.0,362.2,276.72
colin_kaepernick,QB,306.0,330.2,302.08
matthew_stafford,QB,288.0,356.2,262.22
tony_romo,QB,284.0,341.8,260.36
russell_wilson,QB,280.0,315.8,271.6
andrew_luck,QB,280.0,343.6,328.6
adrian_peterson,RB,279.0,258.4,287.8
robert_griffin_iii,QB,268.0,347.0,289.78
arian_foster,RB,261.0,213.0,310.4
calvin_johnson,WR,236.0,223.2,207.4
marshawn_lynch,RB,233.0,221.6,247.6
eli_manning,QB,232.0,316.8,244.44
ray_rice,RB,232.0,211.6,225.7
matt_schaub,QB,230.0,277.0,206.0
jamaal_charles,RB,228.0,232.0,242.3
cj_spiller,RB,227.0,238.0,235.6
doug_martin,RB,226.0,235.4,247.8
trent_richardson,RB,226.0,227.0,211.7
ben_roethlisberger,QB,221.0,281.2,232.82
carson_palmer,QB,221.0,288.0,224.74
alfred_morris,RB,219.0,201.2,223.4
josh_freeman,QB,218.0,281.4,254.52
philip_rivers,QB,216.0,266.0,236.0
joe_flacco,QB,215.0,262.6,223.2
andy_dalton,QB,210.0,291.0,254.24
sam_bradford,QB,206.0,284.4,199.68
ryan_tannehill,QB,205.0,259.6,138.46
dez_bryant,WR,202.0,198.4,187.2
aj_green,WR,201.0,197.2,194.0
jay_cutler,QB,200.0,284.0,198.88
lesean_mccoy,RB,200.0,217.2,211.5
michael_vick,QB,198.0,282.0,239.1
brandon_marshall,WR,196.0,190.4,201.1
steven_jackson,RB,192.0,184.2,186.8
julio_jones,WR,186.0,188.2,184.0
matt_forte,RB,182.0,191.8,189.1
stevan_ridley,RB,181.0,188.2,207.6
demaryius_thomas,WR,180.0,182.4,176.4
frank_gore,RB,178.0,164.6,175.5
roddy_white,WR,177.0,171.0,160.4
andre_johnson,WR,177.0,173.8,168.6
vincent_jackson,WR,175.0,165.6,169.7
jimmy_graham,TE,174.0,161.0,179.4
rob_gronkowski,TE,173.0,149.0,153.1
chris_johnson,RB,172.0,186.6,188.7
maurice_jones-drew,RB,172.0,173.6,189.8
randall_cobb,WR,171.0,168.8,181.0
alex_smith,QB,170.0,266.6,202.92
jake_locker,QB,170.0,258.4,175.8
brandon_weeden,QB,170.0,269.0,169.04
darren_mcfadden,RB,168.0,148.8,206.8
larry_fitzgerald,WR,167.0,182.4,166.2
christian_ponder,QB,165.0,229.4,151.7
david_wilson,RB,164.0,160.4,179.9
reggie_bush,RB,161.0,177.0,207.0
eddie_lacy,RB,159.0,136.2,162.5
darren_sproles,RB,154.0,153.2,162.0
wes_welker,WR,154.0,149.8,140.9
mike_wallace,WR,154.0,130.2,137.1
ej_manuel,QB,152.0,228.0,119.64
victor_cruz,WR,152.0,163.8,157.3
demarco_murray,RB,151.0,175.2,206.6
marques_colston,WR,150.0,155.2,153.3
reggie_wayne,WR,149.0,144.4,173.4
james_jones,WR,146.0,138.8,120.4
montee_ball,RB,142.0,127.2,178.6
ryan_mathews,RB,140.0,128.2,133.2
lamar_miller,RB,138.0,161.6,185.0
torrey_smith,WR,138.0,136.4,155.1
steve_smith,WR,137.0,143.8,157.3
matt_flynn,QB,134.0,173.2,120.7
eric_decker,WR,134.0,145.2,143.1
antonio_brown,WR,134.0,137.2,151.7
jordy_nelson,WR,134.0,136.4,149.4
sidney_rice,WR,134.0,96.4,117.5
rashard_mendenhall,RB,133.0,131.8,151.8
tony_gonzalez,TE,133.0,121.2,126.4
dwayne_bowe,WR,132.0,153.6,149.1
cecil_shorts,WR,131.0,140.4,146.4
daryl_richardson,RB,130.0,130.6,111.9
desean_jackson,WR,130.0,131.8,153.1
giovani_bernard,RB,129.0,142.6,104.4
chris_ivory,RB,128.0,120.2,180.6
ahmad_bradshaw,RB,128.0,130.4,171.2
deangelo_williams,RB,128.0,108.6,112.6
shane_vereen,RB,128.0,136.2,109.6
steve_johnson,WR,128.0,128.4,137.4
benjarvus_green-ellis,RB,127.0,100.4,142.5
ty_hilton,WR,126.0,135.8,132.7
anquan_boldin,WR,125.0,112.6,135.7
hakeem_nicks,WR,124.0,140.2,148.4
pierre_garcon,WR,123.0,155.6,147.7
mike_williams,WR,123.0,126.8,130.7
jason_witten,TE,123.0,123.2,115.4
greg_jennings,WR,122.0,113.8,140.8
tavon_austin,WR,119.0,131.6,130.8
miles_austin,WR,118.0,121.6,133.1
josh_gordon,WR,118.0,126.8,
lance_moore,WR,117.0,118.0,135.8
chris_givens,WR,117.0,125.2,75.7
danny_amendola,WR,115.0,144.0,149.4
denarius_moore,WR,115.0,104.8,128.4
vernon_davis,TE,114.0,118.8,106.8
andre_brown,RB,113.0,118.8,110.1
golden_tate,WR,112.0,117.8,120.8
kendall_wright,WR,112.0,97.6,120.4
ronnie_hillman,RB,111.0,105.4,77.9
emmanuel_sanders,WR,110.0,103.4,119.2
vincent_brown,WR,108.0,105.2,74.4
ryan_broyles,WR,107.0,110.2,82.1
vick_ballard,RB,106.0,92.2,91.0
rueben_randle,WR,105.0,105.2,81.1
mark_ingram,RB,103.0,108.2,120.8
geno_smith,QB,102.0,153.0,90.22
greg_olsen,TE,102.0,99.0,105.4
malcom_floyd,WR,99.0,82.0,84.2
antonio_gates,TE,99.0,102.6,97.7
kyle_rudolph,TE,98.0,94.6,94.9
owen_daniels,TE,98.0,89.4,94.7
brandon_myers,TE,98.0,88.2,99.7
jermichael_finley,TE,98.0,107.0,96.1
jared_cook,TE,94.0,102.6,95.7
kenny_britt,WR,93.0,131.4,136.2
martellus_bennett,TE,93.0,96.0,73.4
alshon_jeffery,WR,92.0,108.8,88.7
blaine_gabbert,QB,90.0,196.6,115.8
andre_roberts,WR,87.0,71.8,90.5
deandre_hopkins,WR,86.0,113.2,82.2
isaac_redman,RB,85.0,35.6,44.7
michael_floyd,WR,84.0,118.6,98.4
jacquizz_rodgers,RB,83.0,66.6,98.9
jeremy_kerley,WR,83.0,73.6,62.5
michael_bush,RB,82.0,68.4,72.0
austin_collie,WR,82.0,,50.1
brandon_pettigrew,TE,82.0,86.2,87.8
brian_hartline,WR,81.0,93.2,90.4
mikel_leshoure,RB,80.0,64.0,97.4
shonn_greene,RB,80.0,78.4,77.6
bilal_powell,RB,80.0,77.8,37.0
danny_woodhead,RB,79.0,93.4,97.0
braylon_edwards,WR,79.0,,40.9
pierre_thomas,RB,78.0,97.6,98.8
justin_blackmon,WR,78.0,105.4,111.4
fred_davis,TE,78.0,83.2,83.4
jacoby_jones,WR,77.0,81.8,55.7
leveon_bell,RB,76.0,88.4,93.1
brandon_lafell,WR,76.0,96.8,101.2
isaiah_pead,RB,75.0,71.8,120.4
bryce_brown,RB,75.0,98.6,74.6
greg_little,WR,75.0,91.2,109.1
jordan_cameron,TE,75.0,100.2,81.2
roy_helu,RB,74.0,67.4,50.5
kenbrell_thompkins,WR,74.0,115.2,86.1
brandon_lloyd,WR,74.0,,
jonathan_stewart,RB,73.0,97.6,152.4
johnathan_franklin,RB,73.0,61.0,95.6
michael_turner,RB,73.0,,
jonathan_dwyer,RB,72.0,71.0,60.8
marcel_reece,RB,72.0,53.4,55.6
ben_tate,RB,70.0,100.8,97.7
santana_moss,WR,70.0,71.6,80.7
darrius_heyward-bey,WR,70.0,89.6,102.2
julius_thomas,TE,70.0,45.0,
bernard_pierce,RB,69.0,100.6,81.2
fred_jackson,RB,69.0,88.6,118.2
robert_woods,WR,69.0,74.6,63.2
andrew_hawkins,WR,69.0,50.0,
jermaine_gresham,TE,69.0,63.6,95.3
robert_turbin,RB,68.0,46.0,59.7
zac_stacy,RB,68.0,61.4,59.0
nate_burleson,WR,68.0,78.4,75.7
coby_fleener,TE,68.0,80.6,68.5
aaron_dobson,WR,67.0,87.6,80.7
brian_quick,WR,67.0,44.8,91.8
ed_dickson,TE,67.0,58.2,110.2
mike_tolbert,RB,66.0,63.6,17.4
marcedes_lewis,TE,66.0,73.2,78.1
rod_streater,WR,65.0,93.4,
brandon_gibson,WR,65.0,66.2,70.4
dwayne_allen,TE,65.0,69.4,71.7
mohamed_sanu,WR,64.0,89.0,97.2
tyler_eifert,TE,64.0,92.4,52.7
nick_foles,QB,63.0,54.0,
eddie_royal,WR,63.0,,42.9
rob_housler,TE,63.0,73.0,56.5
brent_celek,TE,63.0,53.2,69.4
heath_miller,TE,63.0,71.2,81.8
kendall_hunter,RB,62.0,66.4,58.6
julian_edelman,WR,62.0,,78.2
davone_bess,WR,62.0,72.6,40.1
jason_avant,WR,62.0,56.0,18.4
daniel_thomas,RB,61.0,73.0,60.5
scott_chandler,TE,60.0,54.8,71.4
kevin_kolb,QB,59.0,12.0,98.72
lance_dunbar,RB,59.0,37.0,27.5
riley_cooper,WR,59.0,58.2,73.9
zach_miller,TE,59.0,69.2,61.1
cordarrelle_patterson,WR,58.0,88.8,70.1
justin_hunter,WR,58.0,48.4,43.7
santonio_holmes,WR,57.0,78.4,98.4
jarius_wright,WR,56.0,66.2,
josh_morgan,WR,56.0,63.8,76.7
dexter_mccluster,WR,56.0,66.2,45.4
keenan_allen,WR,55.0,71.0,
jacoby_ford,WR,55.0,50.8,51.1
delanie_walker,TE,55.0,65.4,69.6
larod_stephens-howling,RB,54.0,68.8,
joseph_randle,RB,53.0,46.6,55.3
willis_mcgahee,RB,53.0,,97.5
cedric_benson,RB,53.0,,
nate_washington,WR,53.0,52.6,70.8
leonard_hankerson,WR,53.0,62.2,22.9
zach_sudfeld,TE,53.0,58.8,
zach_ertz,TE,53.0,27.2,47.1
dujuan_harris,RB,52.0,53.0,
toby_gerhart,RB,52.0,43.2,52.8
rashad_jennings,RB,52.0,52.2,45.4
doug_baldwin,WR,52.0,43.2,48.8
donnie_avery,WR,52.0,69.8,88.0
kellen_winslow,TE,52.0,49.2,
lamichael_james,RB,51.0,55.6,44.1
joique_bell,RB,51.0,84.4,59.6
stephen_hill,WR,51.0,65.2,96.8
domenik_hixon,WR,50.0,50.2,45.4
dallas_clark,TE,50.0,54.0,
chad_henne,QB,49.0,63.4,
ryan_williams,RB,49.0,42.0,77.8
justin_forsett,RB,49.0,33.0,25.4
kenny_stills,WR,49.0,66.6,39.4
travis_kelce,TE,49.0,50.2,
christine_michael,RB,48.0,44.8,41.5
mike_gillislee,RB,48.0,34.2,44.3
jordan_shipley,WR,48.0,42.0,22.8
terrance_williams,WR,47.0,,69.6
quinton_patton,WR,47.0,,46.6
luke_stocker,TE,47.0,24.8,47.4
mark_sanchez,QB,46.0,57.0,104.06
harry_douglas,WR,46.0,48.0,37.1
knile_davis,RB,44.0,66.2,49.9
jerome_simpson,WR,44.0,,44.7
tony_scheffler,TE,43.0,47.2,69.3
dwayne_harris,WR,42.0,,46.3
jacob_tamme,TE,40.0,47.2,42.4
tj_graham,WR,39.0,46.6,31.7
tom_crabtree,TE,39.0,31.8,16.4
ronnie_brown,RB,38.0,13.4,47.5
earl_bennett,WR,38.0,50.2,47.1
brandon_jackson,RB,37.0,,
beanie_wells,RB,37.0,,
david_paulson,TE,37.0,,
markus_wheaton,WR,36.0,72.2,36.8
aj_jenkins,WR,36.0,,57.9
corey_fuller,WR,36.0,,
tiquan_underwood,WR,36.0,,51.1
kyle_williams,WR,35.0,,61.1
knowshon_moreno,RB,34.0,54.8,44.5
shaun_draughn,RB,34.0,16.4,24.2
stedman_bailey,WR,34.0,,55.8
louis_murphy,WR,34.0,,35.4
kirk_cousins,QB,33.0,26.6,0.0
jon_baldwin,WR,33.0,41.2,62.1
taylor_thompson,TE,33.0,,
lestar_jean,WR,32.0,,
felix_jones,RB,31.0,,54.9
michael_crabtree,WR,31.0,47.8,
marvin_jones,WR,31.0,,56.9
tandon_doss,WR,31.0,,27.4
matt_cassel,QB,30.0,11.8,0.0
jason_snelling,RB,30.0,21.6,31.7
jason_campbell,QB,29.0,11.4,0.0
bruce_gradkowski,QB,29.0,4.6,
andre_ellington,RB,29.0,18.6,
robert_meachem,WR,29.0,,34.7
josh_boyce,WR,29.0,,31.2
evan_royster,RB,28.0,24.4,31.9
montario_hardesty,RB,27.0,24.2,32.5
donald_brown,RB,26.0,32.2,46.1
percy_harvin,WR,24.0,,
chris_polk,RB,23.0,22.2,
stepfan_taylor,RB,23.0,31.4,16.1
aaron_mellette,WR,23.0,,
darick_rogers,WR,22.0,,
mike_goodson,RB,21.0,12.4,75.9
chris_ogbonnaya,RB,20.0,,
mario_manningham,WR,20.0,,57.7
marlon_moore,WR,19.0,,
brandon_bolden,RB,18.0,15.0,
bernard_scott,RB,18.0,,10.4
peyton_hillis,RB,17.0,,59.3
latavius_murray,RB,16.0,27.0,51.5
rex_burkhead,RB,15.0,,
nick_toon,WR,15.0,,
delone_carter,RB,14.0,23.0,
leron_mcclain,RB,14.0,,9.0
joe_mcknight,RB,12.0,,33.1
armando_allen,RB,12.0,17.2,
leon_washington,RB,11.0,,
alex_green,RB,11.0,,
legarrette_blount,RB,10.0,52.4,31.5
denard_robinson,RB,10.0,48.6,51.7
tashard_choice,RB,8.0,,
cierre_wood,RB,7.0,,
anthony_allen,RB,6.0,,
darel_scott,RB,6.0,,
james_starks,RB,4.0,,27.0
ray_graham,RB,0.0,,
cyrus_gray,RB,0.0,,
kenjon_barner,RB,0.0,18.6,
terrance_ganaway,RB,0.0,,
kerwynn_williams,RB,0.0,,
marcus_lattimore,RB,0.0,,
brandon_jacobs,RB,0.0,,
javon_ringer,RB,0.0,,
jackie_battle,RB,0.0,,
mike_james,RB,0.0,23.2,
terrelle_pryor,QB,,90.6,35.82
james_casey,TE,,72.2,38.8
brandon_stokley,WR,,52.2,
jeff_cumberland,TE,,52.2,26.7
damaris_johnson,WR,,49.8,
david_ausberry,TE,,49.2,27.4
jerricho_cotchery,WR,,47.2,32.7
joel_dreessen,TE,,47.0,38.7
anthony_fasano,TE,,46.0,37.3
juron_criner,WR,,43.2,
travis_benjamin,WR,,42.8,45.4
tony_moeaki,TE,,38.2,45.4
garrett_graham,TE,,36.8,
charles_clay,TE,,34.8,
john_kuhn,RB,,29.6,
matt_barkley,QB,,26.0,0.0
dion_lewis,RB,,25.2,28.1
benjamin_watson,TE,,24.8,52.1
lance_kendricks,TE,,24.2,51.4
brian_leonard,RB,,22.2,13.5
jeff_king,TE,,21.0,17.4
ryan_fitzpatrick,QB,,21.0,
phillip_tanner,RB,,17.2,
jorvorskie_lane,RB,,16.0,
jed_collins,RB,,14.0,
tim_tebow,QB,,5.8,
graham_harrell,QB,,5.2,
drew_stanton,QB,,5.0,
charlie_whitehurst,QB,,4.8,
tyrod_taylor,QB,,4.8,
tyler_wilson,QB,,4.0,
dennis_dixon,QB,,3.8,0.0
brian_hoyer,QB,,2.8,
brock_osweiler,QB,,2.8,
chase_daniel,QB,,2.2,0.0
josh_mccown,QB,,1.8,
kyle_orton,QB,,1.8,
ryan_mallett,QB,,1.8,
shaun_hill,QB,,1.8,
curtis_painter,QB,,1.0,
dan_orlovsky,QB,,0.0,
david_carr,QB,,0.0,0.0
tj_yates,QB,,0.0,
jake_ballard,TE,,,59.8
ace_sanders,WR,,,59.1
laurent_robinson,WR,,,50.4
plaxico_burress,WR,,,49.9
vance_mcdonald,TE,,,46.9
devin_hester,WR,,,46.1
craig_stevens,TE,,,45.4
randy_moss,WR,,,44.3
ramses_barden,WR,,,40.7
courtney_roby,WR,,,39.1
derek_hagan,WR,,,38.5
kevin_walter,WR,,,37.2
michael_jenkins,WR,,,35.4
marquise_goodwin,WR,,,35.3
aldrick_robinson,WR,,,34.7
austin_pettis,WR,,,34.1
rishard_matthews,WR,,,33.1
kevin_ogletree,WR,,,32.5
josh_cribbs,WR,,,31.5
lavon_brazill,WR,,,31.1
mike_thomas,WR,,,30.4
justin_brown,WR,,,29.4
keshawn_martin,WR,,,29.1
eric_weems,WR,,,28.7
deion_branch,WR,,,28.6
charles_johnson,WR,,,28.3
ryan_swope,WR,,,28.1
david_reed,WR,,,27.1
david_thomas,TE,,,27.1
matthew_slater,WR,,,26.5
jamie_harper,RB,,,26.4
tavarres_king,WR,,,26.1
andre_caldwell,WR,,,25.3
ben_obomanu,WR,,,24.6
devier_posey,WR,,,23.4
marquess_wilson,WR,,,23.1
ted_ginn,WR,,,22.7
chaz_schilens,WR,,,22.7
kevin_dorsey,WR,,,22.1
brandon_tate,WR,,,22.0
chris_harper,WR,,,21.4
devin_aromashodu,WR,,,20.4
damian_williams,WR,,,20.1
vonta_leach,RB,,,19.2
kris_durham,WR,,,18.9
david_nelson,WR,,,18.8
deon_butler,WR,,,18.7
lavelle_hawkins,WR,,,18.6
jordan_reed,TE,,,17.3
taiwan_jones,RB,,,17.2
billy_bajema,TE,,,12.8
owen_marecic,RB,,,11.7
montell_owens,RB,,,11.5
shaun_chapas,RB,,,10.0
michael_robinson,RB,,,10.0
niles_paul,TE,,,9.4
clay_harbor,TE,,,6.8
derek_anderson,QB,,,0.0
richard_bartel,QB,,,0.0
charlie_batch,QB,,,0.0
jimmy_clausen,QB,,,0.0
kellen_clemens,QB,,,0.0
bj_daniels,QB,,,0.0
jake_delhomme,QB,,,0.0
zac_dysert,QB,,,0.0
