name,pos,madden_ovr
roberto_garza,C,77
patrick_mannelly,C,66
ricky_henry,C,59
charles_tillman,CB,89
tim_jennings,CB,81
kelvin_hayden,CB,76
dj_moore,CB,72
jonathan_wilhite,CB,71
isaiah_frey,CB,60
cornelius_brown,CB,58
greg_mccoy,CB,57
henry_melton,DT,80
matt_toeaina,DT,74
stephen_paea,DT,73
john_mccargo,DT,68
demario_pressley,DT,65
jordan_miller,DT,63
nate_collins,DT,62
tyler_clutts,RB,66
evan_rodriguez,RB,61
chris_conte,FS,72
anthony_walters,FS,62
matt_forte,RB,93
michael_bush,RB,83
kahlil_bell,RB,69
armando_allen,RB,64
harvey_unga,RB,58
alvester_alexander,RB,57
robbie_gould,K,95
israel_idonije,LE,80
shea_mcclellin,LE,76
chauncey_davis,LE,73
cheta_ozougwu,LE,64
chris_spencer,LG,77
edwin_williams,LG,73
nick_roach,LOLB,75
geno_hayes,LOLB,74
jabara_williams,LOLB,61
chris_williams,LT,72
jmarcus_webb,LT,69
james_brown,LT,60
brian_urlacher,MLB,95
blake_costanzo,MLB,66
dom_decicco,MLB,57
adrien_cole,MLB,50
adam_podlesh,P,78
jay_cutler,QB,87
jason_campbell,QB,79
josh_mccown,QB,70
julius_peppers,RE,97
thaddeus_gibson,RE,72
corey_wootton,RE,72
lance_louis,RG,71
chilo_rachal,RG,69
lance_briggs,ROLB,92
patrick_trahan,ROLB,61
jt_thomas,ROLB,60
gabe_carimi,RT,79
aj_greene,RT,61
major_wright,SS,77
craig_steltz,SS,72
brandon_hardin,SS,70
kellen_davis,TE,78
matt_spaeth,TE,71
draylen_ross,TE,63
kyle_adams,TE,61
brandon_marshall,WR,91
devin_hester,WR,78
earl_bennett,WR,77
johnny_knox,WR,75
eric_weems,WR,73
alshon_jeffery,WR,70
dane_sanzenbacher,WR,67
devin_thomas,WR,67
kyle_cook,C,82
reggie_stephens,C,66
leon_hall,CB,89
nate_clements,CB,87
terence_newman,CB,82
jason_allen,CB,78
dre_kirkpatrick,CB,75
adam_jones,CB,73
brandon_ghee,CB,68
shaun_prater,CB,67
geno_atkins,DT,93
domata_peko,DT,84
pat_sims,DT,77
devon_still,DT,72
nick_hayden,DT,67
brandon_thompson,DT,66
vaughn_meatoga,DT,56
chris_pressley,RB,76
james_develin,RB,59
reggie_nelson,FS,79
george_iloka,FS,65
robert_sands,FS,64
benjarvus_green-ellis,RB,82
bernard_scott,RB,77
brian_leonard,RB,73
daniel_herron,RB,68
aaron_brown,RB,63
cedric_peerman,RB,62
mike_nugent,K,81
carlos_dunlap,LE,85
robert_geathers,LE,79
derrick_harvey,LE,63
travelle_wharton,LG,85
otis_hudson,LG,66
manny_lawson,LOLB,82
dan_skuta,LOLB,66
dontay_moch,LOLB,59
micah_johnson,LOLB,57
andrew_whitworth,LT,91
anthony_collins,LT,78
rey_maualuga,MLB,83
roddrick_muckelroy,MLB,62
vontaze_burfict,MLB,56
kevin_huber,P,75
andy_dalton,QB,83
bruce_gradkowski,QB,73
zac_robinson,QB,60
michael_johnson,RE,77
jamaal_anderson,RE,74
dequin_evans,RE,54
kevin_zeitler,RG,75
clint_boling,RG,73
thomas_howard,ROLB,83
vincent_rey,ROLB,60
andre_smith,RT,81
dennis_roland,RT,78
matthew_odonnell,RT,61
taylor_mays,SS,71
jeromy_miles,SS,68
jermaine_gresham,TE,81
donald_lee,TE,73
orson_charles,TE,69
colin_cochart,TE,68
clark_harris,TE,61
aj_green,WR,89
jordan_shipley,WR,74
brandon_tate,WR,73
mohamed_sanu,WR,71
armon_binns,WR,68
andrew_hawkins,WR,65
marvin_jones,WR,65
ryan_whalen,WR,63
kashif_moore,WR,56
vidal_hazelton,WR,55
eric_wood,C,86
garrison_sanborn,C,57
colin_brown,C,54
terrence_mcgee,CB,82
stephon_gilmore,CB,77
leodis_mckelvin,CB,75
aaron_williams,CB,72
ron_brooks,CB,67
justin_rogers,CB,63
prince_miller,CB,57
kyle_williams,DT,90
marcell_dareus,DT,86
dwan_edwards,DT,79
alex_carrington,DT,71
torell_troup,DT,66
kellen_heard,DT,65
jarron_gilbert,DT,62
lionel_dotson,DT,59
corey_mcintyre,RB,74
jairus_byrd,FS,87
bryan_scott,FS,77
fred_jackson,RB,89
cj_spiller,RB,80
tashard_choice,RB,72
johnny_white,RB,66
rian_lindell,K,85
john_potter,K,60
mario_williams,LE,97
chris_kelsay,LE,81
danny_batten,LE,67
andy_levitre,LG,90
keith_williams,LG,61
michael_jasper,LG,53
kirk_morrison,LOLB,79
arthur_moats,LOLB,69
nigel_bradham,LOLB,63
cordy_glenn,LT,72
chris_hairston,LT,69
kelvin_sheppard,MLB,76
scott_mckillop,MLB,68
tank_carder,MLB,63
brian_moorman,P,88
ryan_fitzpatrick,QB,82
vince_young,QB,75
tyler_thigpen,QB,69
mark_anderson,RE,81
shawne_merriman,RE,78
spencer_johnson,RE,72
kyle_moore,RE,69
chad_rinehart,RG,81
kraig_urbik,RG,79
mark_asper,RG,61
nick_barnett,ROLB,89
chris_white,ROLB,57
erik_pears,RT,80
sam_young,RT,69
zebrie_sanders,RT,66
george_wilson,SS,81
danorris_searcy,SS,70
joshua_nesbitt,SS,64
scott_chandler,TE,78
lee_smith,TE,69
kevin_brock,TE,62
mike_caussin,TE,59
stevie_johnson,WR,89
brad_smith,WR,75
donald_jones,WR,73
david_nelson,WR,72
derek_hagan,WR,70
ruvell_martin,WR,69
marcus_easley,WR,66
naaman_roosevelt,WR,66
david_clowney,WR,64
tj_graham,WR,64
jd_walton,C,72
philip_blake,C,70
lonie_paxton,C,66
champ_bailey,CB,95
tracy_porter,CB,80
drayton_florence,CB,74
chris_harris,CB,74
omar_bolden,CB,69
joshua_moore,CB,67
sydquan_thompson,CB,67
tony_carter,CB,64
coryell_judie,CB,62
ty_warren,DT,82
justin_bannan,DT,78
kevin_vickerson,DT,76
derek_wolfe,DT,72
mitch_unrein,DT,62
sealver_siliga,DT,54
chris_gronkowski,RB,65
austin_sylvester,RB,58
quinton_carter,FS,72
rahim_moore,FS,68
willis_mcgahee,RB,85
knowshon_moreno,RB,76
lance_ball,RB,71
ronnie_hillman,RB,68
jeremiah_johnson,RB,65
mario_fannin,RB,61
matt_prater,K,85
robert_ayers,LE,78
jeremy_beal,LE,66
zane_beadles,LG,75
cj_davis,LG,63
von_miller,LOLB,89
cyril_obiozor,LOLB,60
mike_mohamed,LOLB,58
ryan_clady,LT,87
ryan_harris,LT,76
chris_clark,LT,64
joe_mays,MLB,79
nate_irving,MLB,65
jerry_franklin,MLB,58
britton_colquitt,P,81
peyton_manning,QB,93
brock_osweiler,QB,69
adam_weber,QB,69
caleb_hanie,QB,68
elvis_dumervil,RE,88
jason_hunter,RE,74
malik_jackson,RE,61
chris_kuper,RG,85
manny_ramirez,RG,65
dj_williams,ROLB,87
wesley_woodyard,ROLB,72
danny_trevathan,ROLB,59
orlando_franklin,RT,76
tony_hills,RT,70
mike_adams,SS,76
david_bruton,SS,65
rafael_bush,SS,62
jacob_tamme,TE,79
joel_dreessen,TE,77
virgil_green,TE,64
julius_thomas,TE,62
demaryius_thomas,WR,81
eric_decker,WR,78
andre_caldwell,WR,77
jason_hill,WR,74
brandon_stokley,WR,72
matthew_willis,WR,68
eric_page,WR,63
mark_dell,WR,60
greg_orton,WR,56
dandre_goodwin,WR,53
alex_mack,C,88
garth_gerhart,C,64
christian_yount,C,49
joe_haden,CB,92
sheldon_brown,CB,82
dimitri_patterson,CB,71
buster_skrine,CB,70
trevin_wade,CB,65
james_dockery,CB,63
ahtyba_rubin,DT,88
phil_taylor,DT,82
scott_paxson,DT,70
john_hughes,DT,65
brian_sanford,DT,65
billy_winn,DT,65
kiante_tripp,DT,59
owen_marecic,RB,70
eddie_williams,RB,64
brad_smelley,RB,63
usama_young,FS,77
ray_ventrone,FS,63
david_sims,FS,60
trent_richardson,RB,83
montario_hardesty,RB,72
brandon_jackson,RB,71
chris_ogbonnaya,RB,71
adonis_thomas,RB,61
phil_dawson,K,88
jabaal_sheard,LE,84
juqua_parker,LE,77
emmanuel_stephens,LE,65
auston_english,LE,62
jason_pinkston,LG,74
stanley_daniels,LG,68
ryan_miller,LG,64
scott_fujita,LOLB,78
emmanuel_acho,LOLB,64
quinton_spears,LOLB,58
craig_robertson,LOLB,55
joe_thomas,LT,97
dominic_alford,LT,53
dqwell_jackson,MLB,90
james-michael_johnson,MLB,58
reggie_hodges,P,66
colt_mccoy,QB,75
brandon_weeden,QB,74
seneca_wallace,QB,73
thaddeus_lewis,QB,60
frostee_rucker,RE,81
marcus_benard,RE,71
brian_schaefering,RE,66
shawn_lauvao,RG,72
john_greco,RG,71
jarrod_shaw,RG,60
chris_gocong,ROLB,81
kaluka_maiava,ROLB,71
benjamin_jacobs,ROLB,59
mitchell_schwartz,RT,74
oniel_cousins,RT,71
tj_ward,SS,86
eric_hagg,SS,64
benjamin_watson,TE,77
evan_moore,TE,73
alex_smith,TE,72
dan_gronkowski,TE,60
jordan_cameron,TE,57
josh_cribbs,WR,76
greg_little,WR,75
mohamed_massaquoi,WR,73
carlton_mitchell,WR,67
travis_benjamin,WR,66
jordan_norwood,WR,65
josh_cooper,WR,61
rod_windsor,WR,61
jeremy_zuttah,C,75
ted_larsen,C,69
andrew_economos,C,62
aqib_talib,CB,87
eric_wright,CB,79
ej_biggers,CB,70
myron_lewis,CB,68
keith_tandy,CB,66
leonard_johnson,CB,64
anthony_gaitor,CB,61
derrick_roberson,CB,61
gerald_mccoy,DT,82
amobi_okoye,DT,75
brian_price,DT,74
gary_gibson,DT,72
roy_miller,DT,69
frank_okam,DT,65
ej_wilson,DT,62
erik_lorig,RB,67
cody_johnson,RB,61
ronde_barber,FS,86
cody_grimm,FS,70
tramain_thomas,FS,59
legarrette_blount,RB,79
doug_martin,RB,76
michael_smith,RB,64
mossis_madu,RB,63
connor_barth,K,82
kai_forbath,K,59
michael_bennett,LE,81
daquan_bowers,LE,75
jayme_mitchell,LE,69
daniel_teo-nesheim,LE,65
carl_nicks,LG,97
desmond_wynn,LG,59
quincy_black,LOLB,73
dekoda_watson,LOLB,69
jacob_cutrera,LOLB,62
donald_penn,LT,87
jamon_meredith,LT,62
mason_foster,MLB,74
najee_goode,MLB,56
michael_koenen,P,84
josh_freeman,QB,82
dan_orlovsky,QB,70
brett_ratliff,QB,63
adrian_clayborn,RE,80
wallace_gilberry,RE,64
george_johnson,RE,64
davin_joseph,RG,88
derek_hardman,RG,66
adam_hayward,ROLB,72
lavonte_david,ROLB,71
rennie_curran,ROLB,66
jeremy_trueblood,RT,75
demar_dotson,RT,69
mark_barron,SS,80
larry_asante,SS,71
ahmad_black,SS,67
devin_holland,SS,55
dallas_clark,TE,81
luke_stocker,TE,67
drake_dunsmore,TE,65
chase_coffman,TE,64
zack_pianalto,TE,63
vincent_jackson,WR,89
mike_williams,WR,78
arrelious_benn,WR,73
dezmon_briscoe,WR,72
preston_parker,WR,71
sammie_stroughter,WR,69
wallace_wright,WR,63
tiquan_underwood,WR,62
ed_gant,WR,55
lyle_sendlein,C,80
ryan_bartholomew,C,60
patrick_peterson,CB,84
william_gay,CB,78
greg_toler,CB,75
aj_jefferson,CB,74
michael_adams,CB,68
jamell_fleming,CB,67
justin_bethel,CB,64
marshay_green,CB,61
crezdon_butler,CB,60
dan_williams,DT,78
david_carter,DT,71
ricky_lumpkin,DT,57
anthony_sherman,RB,71
kerry_rhodes,FS,87
rashad_johnson,FS,66
beanie_wells,RB,85
larod_stephens-howling,RB,74
ryan_williams,RB,73
alfonso_smith,RB,67
javarris_james,RB,64
william_powell,RB,61
jay_feely,K,84
calais_campbell,LE,91
vonnie_holliday,LE,75
ronald_talley,LE,63
daryn_colledge,LG,83
senio_kelemete,LG,65
obrien_schofield,LOLB,75
clark_haggans,LOLB,74
antonio_coleman,LOLB,64
levi_brown,LT,74
nate_potter,LT,61
dj_young,LT,59
daryl_washington,MLB,84
paris_lenon,MLB,77
stewart_bradley,MLB,74
quan_sturdivant,MLB,65
reggie_walker,MLB,64
dave_zastudil,P,77
kevin_kolb,QB,75
john_skelton,QB,74
richard_bartel,QB,66
ryan_lindley,QB,65
darnell_dockett,RE,89
nick_eason,RE,70
landon_cohen,RE,63
adam_snyder,RG,71
chris_stewart,RG,58
blake_dechristopher,RG,50
sam_acho,ROLB,74
quentin_groves,ROLB,71
brandon_williams,ROLB,57
jeremy_bridges,RT,76
bobby_massie,RT,69
danthony_batiste,RT,68
adrian_wilson,SS,95
james_sanders,SS,76
blake_gideon,SS,63
todd_heap,TE,79
jeff_king,TE,72
mike_leach,TE,69
rob_housler,TE,66
jim_dray,TE,65
steve_skelton,TE,62
larry_fitzgerald,WR,97
michael_floyd,WR,75
early_doucet,WR,74
andre_roberts,WR,74
stephen_williams,WR,61
isaiah_williams,WR,61
jaymar_johnson,WR,60
demarco_sampson,WR,60
nick_hardwick,C,90
david_molk,C,67
colin_baxter,C,65
antoine_cason,CB,86
quentin_jammer,CB,84
marcus_gilchrist,CB,70
shareece_wright,CB,68
gregory_gatson,CB,59
deandre_presley,CB,55
antonio_garay,DT,82
cam_thomas,DT,72
charlie_bryant,DT,62
leron_mcclain,RB,81
jacob_hester,RB,74
eric_weddle,FS,95
corey_lynch,FS,67
ryan_mathews,RB,87
ronnie_brown,RB,77
curtis_brinkley,RB,68
edwin_baker,RB,62
nate_kaeding,K,92
nick_novak,K,74
jacques_cesaire,LE,75
corey_liuget,LE,73
damik_scafe,LE,63
tyronne_green,LG,72
stephen_schilling,LG,68
shaun_phillips,LOLB,88
antwan_barnes,LOLB,76
melvin_ingram,LOLB,74
jared_gaither,LT,80
brandyn_dombrowski,LT,65
phil_trautwein,LT,59
takeo_spikes,MLB,85
donald_butler,MLB,84
demorrio_williams,MLB,74
jonas_mouton,MLB,63
andrew_gachkar,MLB,61
bront_bird,MLB,58
mike_scifres,P,91
philip_rivers,QB,92
charlie_whitehurst,QB,73
jarrett_lee,QB,63
luis_castillo,RE,81
vaughn_martin,RE,76
kendall_reyes,RE,70
louis_vasquez,RG,83
rex_hadnot,RG,74
johnnie_troutman,RG,63
jarret_johnson,ROLB,84
larry_english,ROLB,74
darryl_gamble,ROLB,60
ricky_elmore,ROLB,58
jeromey_clary,RT,75
mario_henderson,RT,71
atari_bigby,SS,77
darrell_stuckey,SS,72
brandon_taylor,SS,71
sean_cattouse,SS,62
antonio_gates,TE,91
randy_mcmichael,TE,78
ladarius_green,TE,65
dante_rosario,TE,63
kory_sperry,TE,61
brad_taylor,TE,57
mike_windt,TE,46
malcom_floyd,WR,82
robert_meachem,WR,80
eddie_royal,WR,79
vincent_brown,WR,74
roscoe_parrish,WR,71
richard_goodman,WR,66
micheal_spurlock,WR,66
phillip_payne,WR,61
rodney_hudson,C,74
rob_bruggeman,C,65
cam_holland,C,59
brandon_flowers,CB,93
stanford_routt,CB,84
javier_arenas,CB,76
jacques_reeves,CB,69
jalil_brown,CB,67
travis_daniels,CB,67
dequan_menzie,CB,64
mikail_baker,CB,61
neiko_thorpe,CB,57
dontari_poe,DT,77
amon_gordon,DT,72
jerrell_powe,DT,67
anthony_toribio,DT,65
shane_bannon,RB,65
kendrick_lewis,FS,81
kyle_mccarthy,FS,65
tysyn_hartman,FS,62
jamaal_charles,RB,91
peyton_hillis,RB,83
dexter_mccluster,RB,74
cyrus_gray,RB,66
shaun_draughn,RB,64
nate_eachus,RB,64
ryan_succop,K,78
tyson_jackson,LE,76
allen_bailey,LE,72
jerome_long,LE,60
ryan_lilja,LG,85
jeff_allen,LG,70
luke_patterson,LG,62
justin_houston,LOLB,82
andy_studebaker,LOLB,74
branden_albert,LT,89
donald_stephenson,LT,64
derrick_johnson,MLB,92
jovan_belcher,MLB,77
brandon_siler,MLB,77
leon_williams,MLB,68
cory_greenwood,MLB,66
caleb_campbell,MLB,58
dexter_heyman,MLB,54
dustin_colquitt,P,89
matt_cassel,QB,80
brady_quinn,QB,72
ricky_stanzi,QB,65
glenn_dorsey,RE,83
ropati_pitoitua,RE,70
brandon_bair,RE,67
jon_asamoah,RG,84
darryl_harris,RG,63
tamba_hali,ROLB,95
cameron_sheffield,ROLB,65
gabe_miller,ROLB,59
eric_winston,RT,91
david_mims,RT,60
eric_berry,SS,88
abram_elam,SS,79
donald_washington,SS,68
kevin_boss,TE,77
tony_moeaki,TE,76
thomas_gafford,TE,66
jake_oconnell,TE,64
steve_maneri,TE,57
dwayne_bowe,WR,91
steve_breaston,WR,79
jonathan_baldwin,WR,74
terrance_copper,WR,65
devon_wylie,WR,64
junior_hemingway,WR,63
jeremy_horne,WR,59
jamar_newsome,WR,55
samson_satele,C,83
aq_shipley,C,65
jerraud_powers,CB,80
kevin_thomas,CB,71
justin_king,CB,69
chris_rucker,CB,69
cassius_vaughn,CB,67
terrence_johnson,CB,65
brandon_king,CB,64
antonio_fenelus,CB,63
korey_lindsey,CB,60
cameron_chism,CB,57
antonio_johnson,DT,71
brandon_mckinney,DT,71
josh_chapman,DT,68
chigbo_anunoby,DT,59
kyle_miller,RB,55
antoine_bethea,FS,91
jermale_hines,FS,61
donald_brown,RB,78
mewelde_moore,RB,73
delone_carter,RB,71
deji_karim,RB,68
vick_ballard,RB,64
darren_evans,RB,63
adam_vinatieri,K,89
cory_redding,LE,88
fili_moala,LE,73
ollie_ogbu,LE,55
joe_reitz,LG,73
seth_olsen,LG,66
zane_taylor,LG,61
robert_mathis,LOLB,88
jerry_hughes,LOLB,64
anthony_castonzo,LT,77
jeff_linkenbach,LT,66
steven_baker,LT,53
pat_angerer,MLB,80
kavell_conner,MLB,73
aj_edds,MLB,65
chris_galippo,MLB,59
scott_lutrus,MLB,59
mario_harvey,MLB,57
pat_mcafee,P,84
andrew_luck,QB,84
drew_stanton,QB,70
chandler_harnish,QB,64
drake_nevis,RE,73
ricardo_mathews,RE,67
mike_mcglynn,RG,76
ben_ijalana,RG,75
dwight_freeney,ROLB,90
mario_addison,ROLB,62
tim_fugger,ROLB,56
winston_justice,RT,77
george_foster,RT,75
justin_anderson,RT,63
tom_zbikowski,SS,80
david_caldwell,SS,72
joe_lefeged,SS,72
mike_newton,SS,65
coby_fleener,TE,75
dwayne_allen,TE,71
andre_smith,TE,62
justin_snow,TE,56
reggie_wayne,WR,88
austin_collie,WR,78
donnie_avery,WR,71
ty_hilton,WR,64
quan_cosby,WR,63
lavon_brazill,WR,62
kris_adams,WR,56
jeremy_ross,WR,56
jarred_fayson,WR,54
phil_costa,C,71
kevin_kowalski,C,63
brandon_carr,CB,89
morris_claiborne,CB,81
mike_jenkins,CB,80
orlando_scandrick,CB,73
mario_butler,CB,63
cj_wilson,CB,62
teddy_williams,CB,50
jay_ratliff,DT,92
josh_brent,DT,70
robert_callaway,DT,52
lawrence_vickers,RB,76
shaun_chapas,RB,66
gerald_sensabaugh,FS,77
akwasi_owusu-ansah,FS,69
danny_mccray,FS,67
demarco_murray,RB,83
felix_jones,RB,81
phillip_tanner,RB,69
lance_dunbar,RB,63
darrell_scott,RB,57
dan_bailey,K,80
kenyon_coleman,LE,80
sean_lissemore,LE,76
tyrone_crawford,LE,68
nate_livings,LG,75
david_arkin,LG,69
ronald_leary,LG,62
anthony_spencer,LOLB,85
victor_butler,LOLB,75
kyle_wilber,LOLB,64
baraka_atkins,LOLB,58
tyron_smith,LT,88
pat_mcquistan,LT,71
levy_adcock,LT,52
sean_lee,MLB,88
dan_connor,MLB,76
bruce_carter,MLB,70
caleb_mcsurdy,MLB,57
orie_lemon,MLB,53
chris_jones,P,61
tony_romo,QB,90
kyle_orton,QB,80
stephen_mcgee,QB,66
rudy_carpenter,QB,60
jason_hatcher,RE,77
marcus_spears,RE,76
clifton_geathers,RE,62
mackenzy_bernadeau,RG,74
bill_nagy,RG,71
demarcus_ware,ROLB,99
alex_albright,ROLB,59
doug_free,RT,84
jermey_parnell,RT,71
jeff_adams,RT,64
brodney_pool,SS,76
barry_church,SS,72
matt_johnson,SS,68
mana_silva,SS,63
justin_taplin-ross,SS,57
jason_witten,TE,93
john_phillips,TE,73
james_hanna,TE,65
john_nalbone,TE,63
lp_ladouceur,TE,47
miles_austin,WR,88
dez_bryant,WR,86
andre_holmes,WR,67
kevin_ogletree,WR,67
dwayne_harris,WR,66
danny_coale,WR,63
raymond_radway,WR,58
tim_benford,WR,56
mike_pouncey,C,80
ryan_cook,C,72
vontae_davis,CB,88
richard_marshall,CB,81
sean_smith,CB,79
jonathan_wade,CB,67
nolan_carroll,CB,65
vincent_agnew,CB,58
marcus_brown,CB,58
quinten_lawrence,CB,58
randy_starks,DT,89
paul_soliai,DT,87
tony_mcdaniel,DT,78
kheeston_randall,DT,64
ryan_baker,DT,62
isaako_aaitui,DT,61
chas_alecxih,DT,60
charles_clay,RB,68
reshad_jones,FS,74
jimmy_wilson,FS,67
anderson_russell,FS,66
kelcie_mccray,FS,64
reggie_bush,RB,84
daniel_thomas,RB,74
steve_slaton,RB,72
lamar_miller,RB,69
dan_carpenter,K,81
jared_odrick,LE,80
olivier_vernon,LE,66
richie_incognito,LG,78
ray_feinga,LG,67
derek_dennis,LG,56
koa_misi,LOLB,76
jason_trusnik,LOLB,73
jake_long,LT,95
will_barker,LT,56
karlos_dansby,MLB,91
gary_guyton,MLB,71
austin_spitler,MLB,61
brandon_fields,P,89
matt_moore,QB,78
david_garrard,QB,77
ryan_tannehill,QB,74
pat_devlin,QB,62
cameron_wake,RE,93
jamaal_westerman,RE,68
jacquies_smith,RE,58
nate_garner,RG,71
john_jerry,RG,69
kevin_burnett,ROLB,81
josh_kaddu,ROLB,59
jonathan_freeny,ROLB,52
artis_hicks,RT,73
jonathan_martin,RT,73
lydon_murtha,RT,68
chris_clemons,SS,75
tyrell_johnson,SS,72
tyrone_culver,SS,70
anthony_fasano,TE,81
michael_egnew,TE,66
jeron_mastrud,TE,65
will_yeatman,TE,60
john_denney,TE,44
brian_hartline,WR,77
davone_bess,WR,76
chad_ochocinco,WR,76
legedu_naanee,WR,73
clyde_gates,WR,66
bj_cunningham,WR,65
marlon_moore,WR,64
jeff_fuller,WR,63
julius_pruitt,WR,61
rishard_matthews,WR,60
chris_hogan,WR,56
jason_kelce,C,76
steve_vallos,C,73
nnamdi_asomugha,CB,92
dominique_rodgers-cromartie,CB,81
joselio_hanson,CB,73
brandon_boykin,CB,66
curtis_marsh,CB,66
brandon_hughes,CB,65
dj_johnson,CB,64
trevard_lindley,CB,64
cliff_harris,CB,60
cullen_jenkins,DT,88
mike_patterson,DT,83
fletcher_cox,DT,76
derek_landri,DT,76
antonio_dixon,DT,74
cedric_thornton,DT,61
stanley_havili,RB,63
oshiomogho_atogwe,FS,83
nate_allen,FS,78
colt_anderson,FS,68
tom_nelson,FS,63
lesean_mccoy,RB,95
dion_lewis,RB,72
chris_polk,RB,65
bryce_brown,RB,63
alex_henery,K,77
jason_babin,LE,93
brandon_graham,LE,73
evan_mathis,LG,92
mike_gibson,LG,71
dallas_reynolds,LG,64
akeem_jordan,LOLB,72
moise_fokou,LOLB,71
mychal_kendricks,LOLB,70
jason_peters,LT,96
demetress_bell,LT,81
king_dunlap,LT,68
dennis_kelly,LT,62
demeco_ryans,MLB,87
jamar_chaney,MLB,76
greg_lloyd,MLB,63
chas_henry,P,66
michael_vick,QB,89
mike_kafka,QB,72
trent_edwards,QB,70
nick_foles,QB,65
trent_cole,RE,95
darryl_tapp,RE,76
vinny_curry,RE,69
phillip_hunt,RE,69
danny_watkins,RG,74
julian_vandervelde,RG,61
brandon_washington,RG,60
brian_rolle,ROLB,71
keenan_clayton,ROLB,68
casey_matthews,ROLB,65
todd_herremans,RT,88
thomas_welch,RT,66
kurt_coleman,SS,74
jaiquawn_jarrett,SS,70
brent_celek,TE,83
clay_harbor,TE,71
brett_brackett,TE,54
jon_dorenbos,TE,41
desean_jackson,WR,86
jeremy_maclin,WR,86
jason_avant,WR,79
riley_cooper,WR,69
marvin_mcnutt,WR,67
mardy_gilyard,WR,63
chad_hall,WR,63
damaris_johnson,WR,61
ronald_johnson,WR,61
todd_mcclure,C,89
joe_hawley,C,68
tyler_horn,C,59
brent_grimes,CB,90
asante_samuel,CB,88
dunta_robinson,CB,81
christopher_owens,CB,73
dominique_franks,CB,71
darrin_walls,CB,64
peyton_thompson,CB,60
robert_mcclain,CB,59
jonathan_babineaux,DT,87
corey_peters,DT,80
peria_jerry,DT,74
vance_walker,DT,67
travian_robertson,DT,61
micanor_regis,DT,58
mike_cox,RB,69
bradie_ewing,RB,61
thomas_decoud,FS,82
shann_schillinger,FS,67
suaesi_tuimaunei,FS,65
michael_turner,RB,91
jacquizz_rodgers,RB,74
jason_snelling,RB,74
dimitri_nance,RB,62
antone_smith,RB,57
matt_bryant,K,88
ray_edwards,LE,83
kroy_biermann,LE,74
cliff_matthews,LE,67
justin_blalock,LG,85
mike_johnson,LG,65
stephen_nicholas,LOLB,77
spencer_adkins,LOLB,66
sam_baker,LT,76
will_svitek,LT,75
lamar_holmes,LT,61
lofa_tatupu,MLB,75
akeem_dent,MLB,70
matt_bosher,P,73
matt_ryan,QB,89
chris_redman,QB,73
john_parker_wilson,QB,63
dominique_davis,QB,56
john_abraham,RE,91
lawrence_sidbury,RE,72
jonathan_massaquoi,RE,61
louis_nzegwu,RE,53
vince_manuwai,RG,74
peter_konz,RG,72
andrew_jackson,RG,68
sean_weatherspoon,ROLB,88
robert_james,ROLB,66
max_gruder,ROLB,56
tyson_clabo,RT,90
garrett_reynolds,RT,64
william_moore,SS,81
charles_mitchell,SS,68
matt_hansen,SS,49
tony_gonzalez,TE,87
michael_palmer,TE,65
tommy_gallarda,TE,61
adam_nissley,TE,61
joe_zelenka,TE,61
roddy_white,WR,94
julio_jones,WR,88
harry_douglas,WR,76
kevin_cone,WR,63
kerry_meier,WR,62
james_rodgers,WR,62
michael_calvin,WR,57
drew_davis,WR,55
cody_pearcy,WR,51
jonathan_goodwin,C,79
jason_slowey,C,62
chase_beeler,C,56
carlos_rogers,CB,91
tarell_brown,CB,83
tramaine_brock,CB,77
chris_culliver,CB,74
perrish_cox,CB,70
curtis_holcomb,CB,66
cory_nelms,CB,56
isaac_sopoaga,DT,85
ricky_jean_francois,DT,74
ian_williams,DT,64
bruce_miller,RB,77
dashon_goldson,FS,84
colin_jones,FS,68
trenton_robinson,FS,67
mark_legree,FS,61
frank_gore,RB,92
brandon_jacobs,RB,81
kendall_hunter,RB,75
lamichael_james,RB,73
anthony_dixon,RB,68
rock_cartwright,RB,67
jewel_hampton,RB,62
david_akers,K,91
ray_mcdonald,LE,92
demarcus_dobbs,LE,64
patrick_butrym,LE,53
mike_iupati,LG,91
joe_looney,LG,63
ahmad_brooks,LOLB,84
darius_fleming,LOLB,62
kourtnei_brown,LOLB,52
joe_staley,LT,87
derek_hall,LT,62
patrick_willis,MLB,98
navorro_bowman,MLB,91
larry_grant,MLB,75
tavares_gooden,MLB,69
joe_holland,MLB,48
andy_lee,P,95
alex_smith,QB,83
josh_johnson,QB,70
colin_kaepernick,QB,70
scott_tolzien,QB,65
justin_smith,RE,98
will_tukuafu,RE,63
tony_jerod-eddie,RE,53
alex_boone,RG,69
daniel_kilgore,RG,67
mike_person,RG,65
aldon_smith,ROLB,89
parys_haralson,ROLB,85
cam_johnson,ROLB,59
anthony_davis,RT,77
donte_whitner,SS,88
cj_spillman,SS,68
vernon_davis,TE,95
delanie_walker,TE,80
nate_byham,TE,65
konrad_reuland,TE,62
brian_jennings,TE,61
randy_moss,WR,84
michael_crabtree,WR,83
mario_manningham,WR,82
ted_ginn,WR,74
aj_jenkins,WR,69
kyle_williams,WR,69
brett_swain,WR,64
chris_owusu,WR,62
joe_hastings,WR,57
nathan_palmer,WR,53
david_baas,C,77
chris_white,C,72
jim_cordle,C,65
corey_webster,CB,89
terrell_thomas,CB,85
prince_amukamara,CB,79
bruce_johnson,CB,74
justin_tryon,CB,73
jayron_hosley,CB,69
dante_hughes,CB,68
antwaun_molden,CB,68
michael_coe,CB,63
janzen_jackson,CB,58
chris_canty,DT,87
linval_joseph,DT,82
shaun_rogers,DT,79
rocky_bernard,DT,74
marvin_austin,DT,69
dwayne_hendricks,DT,62
markus_kuhn,DT,60
henry_hynoski,RB,74
antrel_rolle,FS,81
chris_horton,FS,71
steve_brown,FS,65
will_hill,FS,61
ahmad_bradshaw,RB,88
david_wilson,RB,74
darel_scott,RB,63
dj_ware,RB,63
andre_brown,RB,62
lawrence_tynes,K,78
justin_tuck,LE,93
adrian_tracy,LE,67
justin_trattou,LE,65
david_diehl,LG,81
kevin_boothe,LG,79
mathias_kiwanuka,LOLB,83
keith_rivers,LOLB,79
clint_sintim,LOLB,69
will_beatty,LT,78
selvish_capers,LT,65
chase_blackburn,MLB,76
mark_herzlich,MLB,68
greg_jones,MLB,67
steve_weatherford,P,79
eli_manning,QB,97
david_carr,QB,71
ryan_perrilloux,QB,55
jason_pierre-paul,RE,96
osi_umenyiora,RE,88
chris_snee,RG,88
mitch_petrus,RG,69
michael_boley,ROLB,81
jacquian_williams,ROLB,72
spencer_paysinger,ROLB,62
james_brewer,RT,73
sean_locklear,RT,73
brandon_mosley,RT,66
matthew_mccants,RT,65
kenny_phillips,SS,88
tyler_sash,SS,62
martellus_bennett,TE,79
bear_pascoe,TE,70
travis_beckum,TE,67
adrien_robinson,TE,66
ryan_purvis,TE,61
zak_deossie,TE,46
hakeem_nicks,WR,94
victor_cruz,WR,90
domenik_hixon,WR,73
ramses_barden,WR,69
rueben_randle,WR,69
jerrel_jernigan,WR,66
isaiah_stanback,WR,63
brad_meester,C,88
john_estes,C,66
mike_brewster,C,64
rashean_mathis,CB,87
derek_cox,CB,85
aaron_ross,CB,80
william_middleton,CB,72
ashton_youboty,CB,67
kevin_rutland,CB,64
mike_harris,CB,63
tj_heath,CB,58
terrance_knighton,DT,84
tyson_alualu,DT,79
cj_mosley,DT,73
danthony_smith,DT,65
corvey_irvin,DT,61
jeris_pendleton,DT,60
greg_jones,RB,91
brock_bolen,RB,74
naufahu_tahi,RB,70
dwight_lowery,FS,77
courtney_greene,FS,74
rod_issac,FS,62
maurice_jones-drew,RB,97
rashad_jennings,RB,74
montell_owens,RB,69
dujuan_harris,RB,67
jalen_parmele,RB,65
richard_murphy,RB,56
josh_scobee,K,90
brandon_coutu,K,63
jeremy_mincey,LE,81
austen_lane,LE,72
will_rackley,LG,66
daryl_smith,LOLB,92
russell_allen,LOLB,75
ryan_davis,LOLB,53
eugene_monroe,LT,87
william_robinson,LT,63
daniel_baldridge,LT,62
paul_posluszny,MLB,88
jk_schaffer,MLB,53
bryan_anger,P,64
chad_henne,QB,75
blaine_gabbert,QB,74
jordan_palmer,QB,63
andre_branch,RE,70
john_chick,RE,67
george_selvie,RE,63
aaron_morgan,RE,54
uche_nwaneri,RG,84
jason_spitz,RG,76
clint_session,ROLB,79
brandon_marshall,ROLB,63
kyle_bosworth,ROLB,55
eben_britton,RT,81
guy_whimper,RT,75
cameron_bradfield,RT,64
dawan_landry,SS,81
chris_prosinski,SS,66
marcedes_lewis,TE,84
zach_miller,TE,69
zach_potter,TE,63
colin_cloherty,TE,60
matt_veldman,TE,60
jeremy_cain,TE,41
laurent_robinson,WR,83
justin_blackmon,WR,80
lee_evans,WR,77
mike_thomas,WR,75
chastin_west,WR,68
brian_robiskie,WR,67
taylor_price,WR,64
cecil_shorts_iii,WR,61
nick_mangold,C,97
terrence_campbell,C,57
darrelle_revis,CB,99
antonio_cromartie,CB,85
kyle_wilson,CB,76
isaiah_trufant,CB,66
ellis_lankster,CB,64
ryan_steed,CB,64
julian_posey,CB,62
danton_lynn,CB,59
sione_pouha,DT,88
kenrick_ellis,DT,65
martin_tevaseu,DT,58
john_conner,RB,78
josh_baker,RB,64
fui_vakapuna,RB,59
laron_landry,FS,83
eric_smith,FS,73
tracy_wilson,FS,64
shonn_greene,RB,82
joe_mcknight,RB,73
bilal_powell,RB,62
terrance_ganaway,RB,61
josh_brown,K,79
nick_folk,K,72
quinton_coples,LE,75
jay_richardson,LE,72
brett_roy,LE,61
matt_slauson,LG,75
caleb_schlauderaff,LG,63
robert_griffin,LG,59
bryan_thomas,LOLB,79
garrett_mcintyre,LOLB,65
dbrickashaw_ferguson,LT,90
stephon_heyer,LT,74
david_harris,MLB,89
bart_scott,MLB,87
josh_mauga,MLB,66
demario_davis,MLB,61
nick_bellore,MLB,60
tj_conley,P,68
mark_sanchez,QB,80
tim_tebow,QB,77
greg_mcelroy,QB,66
gj_kinne,QB,61
matt_simms,QB,61
muhammad_wilkerson,RE,81
mike_devito,RE,78
marcus_dixon,RE,69
brandon_moore,RG,89
dennis_landolt,RG,60
calvin_pace,ROLB,84
aaron_maybin,ROLB,74
ricky_sapp,ROLB,55
wayne_hunter,RT,74
ray_willis,RT,74
vladimir_ducasse,RT,71
yeremiah_bell,SS,80
josh_bush,SS,67
antonio_allen,SS,65
dustin_keller,TE,85
jeff_cumberland,TE,64
brian_linthicum,TE,62
dedrick_epps,TE,57
tanner_purdum,TE,51
santonio_holmes,WR,86
chaz_schilens,WR,74
stephen_hill,WR,68
jeremy_kerley,WR,67
patrick_turner,WR,65
jordan_white,WR,63
eron_riley,WR,61
scotty_mcknight,WR,57
dexter_jackson,WR,53
dominic_raiola,C,80
dan_gerberry,C,62
chris_houston,CB,83
alphonso_smith,CB,74
aaron_berry,CB,73
jacob_lacey,CB,71
bill_bentley,CB,70
don_carey,CB,70
chris_greenwood,CB,63
jonte_green,CB,62
ross_weaver,CB,59
ndamukong_suh,DT,92
corey_williams,DT,83
nick_fairley,DT,79
sammie_hill,DT,77
andre_fluellen,DT,66
james_bryant,RB,57
louis_delmas,FS,83
john_wendling,FS,69
jahvid_best,RB,81
kevin_smith,RB,78
jerome_harrison,RB,75
mikel_leshoure,RB,72
keiland_williams,RB,69
joique_bell,RB,58
jason_hanson,K,87
cliff_avril,LE,89
lawrence_jackson,LE,79
everette_brown,LE,71
rob_sims,LG,88
jacques_mcclendon,LG,71
justin_durant,LOLB,83
tahir_whitehead,LOLB,61
slade_norris,LOLB,57
jeff_backus,LT,81
riley_reiff,LT,77
jason_fox,LT,64
stephen_tulloch,MLB,90
ashlee_palmer,MLB,67
ben_graham,P,71
ryan_donahue,P,60
matthew_stafford,QB,91
shaun_hill,QB,76
kellen_moore,QB,68
kyle_vanden_bosch,RE,82
willie_young,RE,75
ronnell_lewis,RE,69
ugo_chinasa,RE,58
stephen_peterman,RG,86
dylan_gandy,RG,75
deandre_levy,ROLB,80
travis_lewis,ROLB,66
doug_hogue,ROLB,64
gosder_cherilus,RT,78
corey_hilliard,RT,76
johnny_culbreath,RT,60
erik_coleman,SS,77
amari_spievey,SS,77
ricardo_silva,SS,59
brandon_pettigrew,TE,84
tony_scheffler,TE,77
will_heller,TE,63
nathan_overbay,TE,56
don_muhlbach,TE,54
calvin_johnson,WR,99
nate_burleson,WR,77
titus_young,WR,75
maurice_stovall,WR,68
ryan_broyles,WR,65
stefan_logan,WR,63
terrence_toliver,WR,61
lance_long,WR,60
nate_hughes,WR,59
patrick_edwards,WR,55
jeff_saturday,C,90
brett_goode,C,63
sampson_genus,C,60
charles_woodson,CB,89
tramon_williams,CB,88
sam_shields,CB,74
jarrett_bush,CB,71
davon_house,CB,71
casey_hayward,CB,70
brandian_ross,CB,61
bj_raji,DT,84
daniel_muir,DT,69
johnny_jones,DT,64
john_kuhn,RB,86
jon_hoese,RB,58
morgan_burnett,FS,81
md_jennings,FS,69
anthony_levine,FS,61
james_starks,RB,77
alex_green,RB,68
brandon_saine,RB,62
marc_tyler,RB,59
mason_crosby,K,83
ryan_pickett,LE,85
cj_wilson,LE,69
jerel_worthy,LE,68
lawrence_guy,LE,59
tj_lang,LG,87
evan_dietrich-smith,LG,66
clay_matthews,LOLB,94
brad_jones,LOLB,75
vic_sooto,LOLB,65
terrell_manning,LOLB,60
marshall_newhouse,LT,73
derek_sherrod,LT,70
desmond_bishop,MLB,86
aj_hawk,MLB,83
dj_smith,MLB,71
robert_francois,MLB,63
dezman_moses,MLB,55
tim_masthay,P,76
aaron_rodgers,QB,99
graham_harrell,QB,66
bj_coleman,QB,61
anthony_hargrove,RE,74
jarius_wynn,RE,74
phillip_merling,RE,73
mike_neal,RE,70
mike_daniels,RE,62
josh_sitton,RG,95
ray_dominguez,RG,57
nick_perry,ROLB,73
erik_walden,ROLB,72
frank_zombo,ROLB,69
jamari_lattimore,ROLB,56
bryan_bulaga,RT,89
andrew_datko,RT,65
charlie_peprah,SS,77
jerron_mcmillian,SS,65
jermichael_finley,TE,86
andrew_quarless,TE,70
dj_williams,TE,68
tom_crabtree,TE,65
ryan_taylor,TE,63
greg_jennings,WR,93
jordy_nelson,WR,89
james_jones,WR,79
donald_driver,WR,78
randall_cobb,WR,76
diondre_borel,WR,65
tori_gurley,WR,63
jarrett_boykin,WR,59
shaky_smithson,WR,59
dale_moss,WR,56
ryan_kalil,C,93
jeff_byers,C,63
zack_williams,C,61
jj_jansen,C,56
chris_gamble,CB,91
captain_munnerlyn,CB,74
darius_butler,CB,68
brandon_hogan,CB,67
josh_norman,CB,67
josh_thomas,CB,64
rj_stanford,CB,58
ron_edwards,DT,76
terrell_mcclain,DT,72
ogemdi_nwagbuo,DT,70
sione_fua,DT,69
andre_neblett,DT,69
frank_kearse,DT,68
mike_tolbert,RB,89
richie_brockel,RB,59
sherrod_martin,FS,75
haruki_nakamura,FS,71
dj_campbell,FS,62
jonathan_nelson,FS,62
jonathan_stewart,RB,84
deangelo_williams,RB,84
josh_vaughan,RB,64
armond_smith,RB,63
olindo_mare,K,82
greg_hardy,LE,79
thomas_keiser,LE,69
eric_norwood,LE,69
frank_alexander,LE,63
mike_pollak,LG,79
amini_silatolu,LG,73
roger_allen,LG,63
james_anderson,LOLB,87
thomas_davis,LOLB,80
kion_wilson,LOLB,65
kenny_onatolu,LOLB,62
jordan_gross,LT,93
garry_williams,LT,70
bruce_campbell,LT,69
jon_beason,MLB,93
jason_phillips,MLB,69
brad_nortman,P,57
cam_newton,QB,89
derek_anderson,QB,73
jimmy_clausen,QB,68
charles_johnson,RE,91
antwan_applewhite,RE,76
jyles_tucker,RE,71
geoff_hangartner,RG,80
bryant_browning,RG,61
luke_kuechly,ROLB,81
jordan_senn,ROLB,72
jason_williams,ROLB,69
jeff_otah,RT,85
byron_bell,RT,71
lee_ziemba,RT,64
charles_godfrey,SS,80
reggie_smith,SS,72
jordan_pugh,SS,71
greg_olsen,TE,84
gary_barnidge,TE,68
ben_hartsock,TE,65
greg_smith,TE,52
steve_smith,WR,95
brandon_lafell,WR,74
david_gettis,WR,72
seyi_ajirotutu,WR,66
kealoha_pilares,WR,66
armanti_edwards,WR,64
joe_adams,WR,63
darvin_adams,WR,60
dan_koppen,C,82
dan_connolly,C,80
devin_mccourty,CB,83
kyle_arrington,CB,79
will_allen,CB,76
ras-i_dowling,CB,74
sterling_moore,CB,69
marquice_cole,CB,67
alfonzo_dennard,CB,67
vince_wilfork,DT,95
kyle_love,DT,77
gerard_warren,DT,77
ron_brace,DT,72
myron_pryor,DT,71
marcus_harrison,DT,65
spencer_larsen,RB,71
tony_fiammetta,RB,70
eric_kettani,RB,63
steve_gregory,FS,73
sergio_brown,FS,69
ross_ventrone,FS,60
danny_woodhead,RB,78
joseph_addai,RB,77
stevan_ridley,RB,75
shane_vereen,RB,73
brandon_bolden,RB,62
stephen_gostkowski,K,87
brandon_deaderick,LE,75
jonathan_fanene,LE,75
logan_mankins,LG,95
ryan_wendell,LG,72
rob_ninkovich,LOLB,86
donta_hightower,LOLB,74
bobby_carpenter,LOLB,73
nate_solder,LT,80
kyle_hix,LT,55
brandon_spikes,MLB,83
dane_fletcher,MLB,69
niko_koutouvides,MLB,67
mike_rivera,MLB,53
zoltan_mesko,P,83
tom_brady,QB,98
brian_hoyer,QB,73
ryan_mallett,QB,72
chandler_jones,RE,75
trevor_scott,RE,75
jermaine_cunningham,RE,70
jake_bequette,RE,69
brian_waters,RG,91
robert_gallery,RG,77
donald_thomas,RG,74
jerod_mayo,ROLB,90
tracy_white,ROLB,69
jeff_tarpinian,ROLB,55
sebastian_vollmer,RT,84
marcus_cannon,RT,67
matt_kopa,RT,64
patrick_chung,SS,85
josh_barrett,SS,72
tavon_wilson,SS,70
nate_ebner,SS,58
rob_gronkowski,TE,97
aaron_hernandez,TE,88
daniel_fells,TE,67
danny_aiken,TE,48
wes_welker,WR,95
brandon_lloyd,WR,88
deion_branch,WR,79
jabar_gaffney,WR,78
julian_edelman,WR,74
donte_stallworth,WR,70
matthew_slater,WR,67
jesse_holley,WR,65
jeremy_ebert,WR,60
stefen_wisniewski,C,82
colin_miller,C,58
ron_bartell,CB,81
shawntae_spencer,CB,79
demarcus_van_dyke,CB,70
pat_lee,CB,68
chimdi_chekwa,CB,67
bryan_mccann,CB,63
brandon_underwood,CB,63
terrail_lambert,CB,56
richard_seymour,DT,92
tommy_kelly,DT,86
desmond_bryant,DT,76
travis_ivey,DT,64
christo_bilukidi,DT,60
dominique_hamilton,DT,60
jamie_cumbie,DT,56
marcel_reece,RB,84
owen_schmitt,RB,65
manase_tonga,RB,65
michael_huff,FS,83
matt_giordano,FS,71
curtis_taylor,FS,61
darren_mcfadden,RB,91
mike_goodson,RB,74
taiwan_jones,RB,68
lonyae_miller,RB,60
sebastian_janikowski,K,97
lamarr_houston,LE,85
dave_tollefson,LE,70
jack_crawford,LE,62
mason_brodine,LE,52
cooper_carlisle,LG,77
tony_bergstrom,LG,66
philip_wheeler,LOLB,75
travis_goethel,LOLB,60
kaelin_burnett,LOLB,55
jared_veldheer,LT,88
zach_hurd,LT,61
kevin_haslam,LT,58
rolando_mcclain,MLB,85
nathan_stupar,MLB,61
shane_lechler,P,97
carson_palmer,QB,84
matt_leinart,QB,73
terrelle_pryor,QB,65
matt_shaughnessy,RE,78
hall_davis,RE,63
carl_ihenacho,RE,63
mike_brisiel,RG,84
alex_parsons,RG,65
lucas_nix,RG,62
aaron_curry,ROLB,79
miles_burris,ROLB,65
khalif_barnes,RT,75
ed_wang,RT,73
joseph_barksdale,RT,71
tyvon_branch,SS,89
mike_mitchell,SS,76
brandon_myers,TE,71
david_ausberry,TE,67
richard_gordon,TE,65
tory_humphrey,TE,61
jon_condo,TE,39
darrius_heyward-bey,WR,83
denarius_moore,WR,80
jacoby_ford,WR,75
louis_murphy,WR,73
juron_criner,WR,67
rod_streater,WR,66
duke_calhoun,WR,65
derek_carrier,WR,59
eddie_mcgee,WR,58
thomas_mayo,WR,56
scott_wells,C,89
robert_turner,C,69
cortland_finnegan,CB,92
bradley_fletcher,CB,77
janoris_jenkins,CB,74
jerome_murphy,CB,71
trumaine_johnson,CB,69
josh_gordy,CB,68
kendric_burney,CB,60
kendall_langford,DT,86
michael_brockers,DT,73
trevor_laws,DT,72
darell_scott,DT,66
cornell_banks,DT,62
jermelle_cudjo,DT,60
brit_miller,RB,65
quintin_mikell,FS,80
craig_dahl,FS,72
steven_jackson,RB,92
isaiah_pead,RB,69
chase_reynolds,RB,63
daryl_richardson,RB,63
greg_zuerlein,K,58
chris_long,LE,91
eugene_sims,LE,68
jamaar_jarrett,LE,62
bryan_mattison,LG,73
rokevious_watkins,LG,64
tim_barnes,LG,62
jo-lonn_dunbar,LOLB,72
mario_haggan,LOLB,72
alex_hoffman-ellis,LOLB,53
rodger_saffold,LT,75
quinn_ojinnaka,LT,70
ryan_mckee,LT,61
james_laurinaitis,MLB,88
josh_hull,MLB,64
aaron_brown,MLB,55
noah_keller,MLB,55
tom_malone,P,59
john_hekker,P,49
sam_bradford,QB,80
kellen_clemens,QB,72
tom_brandstater,QB,66
austin_davis,QB,62
robert_quinn,RE,78
william_hayes,RE,71
harvey_dahl,RG,91
kevin_hughes,RG,61
rocky_mcintosh,ROLB,73
justin_cole,ROLB,69
sammy_brown,ROLB,57
jason_smith,RT,75
barry_richardson,RT,73
jose_valdez,RT,69
darian_stewart,SS,77
matthew_daniels,SS,63
lance_kendricks,TE,72
michael_hoomanawanui,TE,70
brody_eldridge,TE,65
matthew_mulligan,TE,64
mike_mcneill,TE,59
ben_guidugli,TE,58
deangelo_peterson,TE,55
jake_mcquaide,TE,41
steve_smith,WR,77
danny_amendola,WR,76
brandon_gibson,WR,74
danario_alexander,WR,72
brian_quick,WR,70
chris_givens,WR,67
austin_pettis,WR,65
greg_salas,WR,65
mike_campbell,WR,59
matt_birk,C,90
tony_wragge,C,71
cecil_newton,C,65
lardarius_webb,CB,91
jimmy_smith,CB,81
cary_williams,CB,78
corey_graham,CB,70
danny_gorrer,CB,66
asa_jackson,CB,65
chykie_brown,CB,64
terrence_cody,DT,77
ryan_mcbean,DT,72
maake_kemoeatu,DT,70
deangelo_tyson,DT,63
ishmaaily_kitchen,DT,56
vonta_leach,RB,92
ed_reed,FS,97
christian_thompson,FS,65
emanuel_cook,FS,64
ray_rice,RB,95
anthony_allen,RB,70
bernard_pierce,RB,69
damien_berry,RB,67
bobby_rainey,RB,62
billy_cundiff,K,81
pernell_mcphee,LE,79
arthur_jones,LE,69
bobbie_williams,LG,82
jah_reid,LG,74
kelechi_osemele,LG,69
justin_boren,LG,62
paul_kruger,LOLB,79
sergio_kindle,LOLB,70
chavis_williams,LOLB,54
bryant_mckinnie,LT,84
ramon_harewood,LT,56
ray_lewis,MLB,94
jameel_mcclain,MLB,80
dannell_ellerbe,MLB,70
brendon_ayanbadejo,MLB,63
josh_bynes,MLB,58
sam_koch,P,92
joe_flacco,QB,88
curtis_painter,QB,68
tyrod_taylor,QB,67
haloti_ngata,RE,97
bryan_hall,RE,56
nicolas_jean-baptiste,RE,49
marshal_yanda,RG,96
gino_gradkowski,RG,68
howard_barbieri,RG,66
antoine_mcclain,RG,53
terrell_suggs,ROLB,96
courtney_upshaw,ROLB,71
albert_mcclellan,ROLB,58
michael_oher,RT,82
addison_lawrence,RT,60
bernard_pollard,SS,80
sean_considine,SS,74
cyhl_quarles,SS,56
ed_dickson,TE,77
dennis_pitta,TE,74
davon_drew,TE,57
morgan_cox,TE,41
anquan_boldin,WR,87
torrey_smith,WR,80
jacoby_jones,WR,74
david_reed,WR,67
tandon_doss,WR,65
laquan_williams,WR,61
patrick_williams,WR,61
tommy_streeter,WR,57
deonte_thompson,WR,56
devin_goda,WR,55
will_montgomery,C,79
erik_cook,C,68
nick_sundberg,C,57
deangelo_hall,CB,86
josh_wilson,CB,83
cedric_griffin,CB,76
kevin_barnes,CB,69
morgan_trent,CB,68
brandyn_thompson,CB,65
chase_minnifield,CB,64
jordan_bernstine,CB,61
richard_crawford,CB,61
barry_cofield,DT,83
chris_neild,DT,69
chris_baker,DT,64
darrel_young,RB,74
tanard_jackson,FS,78
madieu_williams,FS,73
dejon_gomes,FS,69
roy_helu,RB,79
tim_hightower,RB,77
evan_royster,RB,73
alfred_morris,RB,64
neil_rackers,K,79
graham_gano,K,72
adam_carriker,LE,79
jarvis_jenkins,LE,73
kentwan_balmer,LE,68
kory_lichtensteiger,LG,80
maurice_hurt,LG,69
adam_gettis,LG,63
ryan_kerrigan,LOLB,86
chris_wilson,LOLB,62
markus_white,LOLB,55
trent_williams,LT,87
james_lee,LT,69
tom_compton,LT,57
london_fletcher,MLB,91
perry_riley,MLB,79
jonathan_goff,MLB,76
lorenzo_alexander,MLB,74
bryan_kehl,MLB,66
keenan_robinson,MLB,58
sav_rocca,P,72
robert_griffin_iii,QB,83
rex_grossman,QB,75
kirk_cousins,QB,72
jonathan_crompton,QB,63
stephen_bowen,RE,78
kedric_golston,RE,73
darrion_scott,RE,62
chris_chester,RG,75
josh_leribeus,RG,66
brian_orakpo,ROLB,91
rob_jackson,ROLB,65
jammal_brown,RT,76
tyler_polumbus,RT,65
willie_smith,RT,65
brandon_meriweather,SS,75
reed_doughty,SS,72
travon_bellamy,SS,59
fred_davis,TE,83
chris_cooley,TE,79
logan_paulsen,TE,68
richard_quinn,TE,67
niles_paul,TE,63
santana_moss,WR,83
pierre_garcon,WR,82
josh_morgan,WR,79
leonard_hankerson,WR,71
anthony_armstrong,WR,69
brandon_banks,WR,65
terrence_austin,WR,59
aldrick_robinson,WR,57
brian_de_la_puente,C,80
matt_tennant,C,70
jabari_greer,CB,88
patrick_robinson,CB,76
elbert_mack,CB,68
johnny_patrick,CB,68
marquis_johnson,CB,64
corey_white,CB,64
kamaal_mcilwain,CB,63
cord_parks,CB,60
laron_scott,CB,58
brodrick_bunkley,DT,88
sedrick_ellis,DT,83
remi_ayodele,DT,71
tom_johnson,DT,64
akiem_hicks,DT,60
swanson_miller,DT,59
jed_collins,RB,82
korey_hall,RB,68
malcolm_jenkins,FS,83
jonathon_amaya,FS,66
darren_sproles,RB,89
pierre_thomas,RB,82
mark_ingram,RB,79
chris_ivory,RB,77
travaris_cadet,RB,60
john_kasay,K,87
garrett_hartley,K,78
cameron_jordan,LE,78
turk_mcbride,LE,73
greg_romeus,LE,64
braylon_broughton,LE,52
ben_grubbs,LG,89
eric_olsen,LG,70
scott_shanle,LOLB,76
chris_chamberlain,LOLB,74
will_herring,LOLB,72
martez_wilson,LOLB,71
jermon_bushrod,LT,88
marcel_jones,LT,61
curtis_lofton,MLB,90
ezra_butler,MLB,57
kadarron_anderson,MLB,55
thomas_morstead,P,88
drew_brees,QB,98
chase_daniel,QB,70
luke_mccown,QB,70
sean_canfield,QB,66
will_smith,RE,86
junior_galette,RE,77
jahri_evans,RG,96
andrew_tiller,RG,61
david_hawthorne,ROLB,88
jonathan_casillas,ROLB,66
lawrence_wilson,ROLB,65
nate_bussey,ROLB,53
zach_strief,RT,83
charles_brown,RT,78
fenuki_tupou,RT,66
roman_harper,SS,84
isa_abdul-quddus,SS,68
johnny_thomas,SS,57
jimmy_graham,TE,95
david_thomas,TE,75
michael_higgins,TE,57
justin_drescher,TE,41
marques_colston,WR,91
lance_moore,WR,82
devery_henderson,WR,77
nick_toon,WR,67
adrian_arrington,WR,64
courtney_roby,WR,63
joseph_morgan,WR,55
andy_tanner,WR,55
max_unger,C,82
lemuel_jeanpierre,C,67
brandon_browner,CB,84
richard_sherman,CB,83
marcus_trufant,CB,82
walter_thurmond,CB,67
roy_lewis,CB,66
byron_maxwell,CB,66
phillip_adams,CB,64
jeremy_lane,CB,62
ron_parker,CB,59
brandon_mebane,DT,87
alan_branch,DT,84
jason_jones,DT,84
clinton_mcdonald,DT,66
jaye_howard,DT,64
lazarius_levingston,DT,63
greg_scruggs,DT,61
michael_robinson,RB,89
earl_thomas,FS,91
chris_maragos,FS,63
marshawn_lynch,RB,90
leon_washington,RB,75
kregg_lumpkin,RB,68
robert_turbin,RB,67
tyrell_sutton,RB,63
steven_hauschka,K,75
red_bryant,LE,84
dexter_davis,LE,65
pierre_allen,LE,63
paul_mcquistan,LG,77
paul_fanaika,LG,70
_sweezy,LG,59
kj_wright,LOLB,80
heath_farwell,LOLB,70
malcolm_smith,LOLB,56
russell_okung,LT,80
frank_omiyale,LT,67
allen_barbre,LT,56
barrett_ruud,MLB,78
bobby_wagner,MLB,69
korey_toomer,MLB,52
jon_ryan,P,87
matt_flynn,QB,79
tarvaris_jackson,QB,77
russell_wilson,QB,70
josh_portis,QB,60
chris_clemons,RE,91
bruce_irvin,RE,74
jameson_konz,RE,52
deuce_lutui,RG,71
john_moffitt,RG,70
rishaw_johnson,RG,59
leroy_hill,ROLB,82
matt_mccoy,ROLB,65
alex_barron,RT,76
breno_giacomini,RT,75
james_carpenter,RT,71
kam_chancellor,SS,89
winston_guy,SS,70
jeron_johnson,SS,68
kellen_winslow,TE,85
zach_miller,TE,79
cameron_morrah,TE,70
anthony_mccoy,TE,65
clint_gresham,TE,42
sidney_rice,WR,84
doug_baldwin,WR,77
mike_williams,WR,76
golden_tate,WR,75
ben_obomanu,WR,73
deon_butler,WR,70
ricardo_lockette,WR,67
kris_durham,WR,64
maurkice_pouncey,C,85
doug_legursky,C,75
greg_warren,C,72
ike_taylor,CB,88
keenan_lewis,CB,74
curtis_brown,CB,67
walter_mcfadden,CB,67
cortez_allen,CB,65
terrence_frederick,CB,62
casey_hampton,DT,87
steve_mclendon,DT,73
alameda_taamu,DT,71
kade_weston,DT,56
david_johnson,RB,76
ryan_clark,FS,84
ryan_mundy,FS,72
rashard_mendenhall,RB,86
isaac_redman,RB,77
jonathan_dwyer,RB,67
chris_rainey,RB,64
john_clay,RB,63
baron_batch,RB,62
shaun_suisham,K,75
cameron_heyward,LE,76
ziggy_hood,LE,76
willie_colon,LG,79
ramon_foster,LG,79
lamarr_woodley,LOLB,91
jason_worilds,LOLB,73
brandon_johnson,LOLB,71
mike_adams,LT,70
chris_scott,LT,69
kelvin_beachum,LT,60
lawrence_timmons,MLB,87
larry_foote,MLB,79
stevenson_sylvester,MLB,65
sean_spence,MLB,64
mortty_ivy,MLB,59
marshall_mcfadden,MLB,56
brandon_lindsey,MLB,53
jeremy_kapinos,P,74
ben_roethlisberger,QB,95
charlie_batch,QB,75
byron_leftwich,QB,75
troy_smith,QB,71
jerrod_johnson,QB,64
brett_keisel,RE,87
corbin_bryant,RE,60
al_woods,RE,59
david_decastro,RG,82
trai_essex,RG,75
john_malecki,RG,64
james_harrison,ROLB,93
chris_carter,ROLB,62
marcus_gilbert,RT,78
jonathan_scott,RT,75
troy_polamalu,SS,97
will_allen,SS,69
damon_cromartie-smith,SS,65
myron_rolle,SS,64
heath_miller,TE,84
leonard_pope,TE,72
weslye_saunders,TE,66
david_paulson,TE,65
jamie_mccoy,TE,63
mike_wallace,WR,89
antonio_brown,WR,85
jerricho_cotchery,WR,79
emmanuel_sanders,WR,72
jimmy_young,WR,64
derrick_williams,WR,63
toney_clemons,WR,58
marquis_maze,WR,55
david_gilreath,WR,54
chris_myers,C,93
ben_jones,C,71
johnathan_joseph,CB,94
kareem_jackson,CB,74
brice_mccain,CB,73
brandon_harris,CB,70
alan_ball,CB,69
sherrick_mcmanis,CB,66
roc_carmichael,CB,64
shaun_cody,DT,77
earl_mitchell,DT,74
david_hunter,DT,64
loni_fangupo,DT,63
james_casey,RB,77
moran_norris,RB,67
derrell_smith,RB,52
danieal_manning,FS,81
troy_nolan,FS,73
torri_williams,FS,65
arian_foster,RB,96
ben_tate,RB,84
justin_forsett,RB,73
davin_meggett,RB,61
shayne_graham,K,84
randy_bullock,K,66
jj_watt,LE,88
jared_crick,LE,70
rashon_harris,LE,58
wade_smith,LG,80
thomas_austin,LG,62
connor_barwin,LOLB,85
whitney_mercilus,LOLB,69
jesse_nading,LOLB,66
duane_brown,LT,92
andrew_gardner,LT,61
nick_mondek,LT,57
brian_cushing,MLB,93
bradie_james,MLB,79
darryl_sharpton,MLB,75
tim_dobbins,MLB,71
shawn_loiseau,MLB,60
mister_alexander,MLB,54
donnie_jones,P,78
matt_schaub,QB,89
tj_yates,QB,74
john_beck,QB,70
case_keenum,QB,64
antonio_smith,RE,87
tim_jamison,RE,76
rennie_moore,RE,59
antoine_caldwell,RG,75
brandon_brooks,RG,67
shelley_smith,RG,67
brooks_reed,ROLB,79
bryan_braman,ROLB,60
rashad_butler,RT,75
derek_newton,RT,70
glover_quin,SS,79
quintin_demps,SS,71
shiloh_keo,SS,68
eddie_pleasant,SS,65
owen_daniels,TE,85
garrett_graham,TE,64
phillip_supernaw,TE,59
jonathan_weeks,TE,40
andre_johnson,WR,97
kevin_walter,WR,75
devier_posey,WR,65
lestar_jean,WR,64
keshawn_martin,WR,64
juaquin_iglesias,WR,63
jeff_maehl,WR,61
trindon_holliday,WR,55
jerrell_jackson,WR,55
eugene_amano,C,73
kevin_matthews,C,66
jason_mccourty,CB,83
alterraun_verner,CB,81
tommie_campbell,CB,69
ryan_mouton,CB,68
coty_sensabaugh,CB,67
terrence_wheatley,CB,63
chris_hawkins,CB,60
jurrell_casey,DT,82
karl_klug,DT,79
shaun_smith,DT,76
senderrick_marks,DT,74
leger_douzable,DT,72
mike_martin,DT,66
zach_clayton,DT,64
lamar_divens,DT,63
dajohn_harris,DT,60
quinn_johnson,RB,63
michael_griffin,FS,89
markelle_martin,FS,68
robert_johnson,FS,66
chris_johnson,RB,90
javon_ringer,RB,73
jamie_harper,RB,65
herb_donaldson,RB,61
darius_reynaud,RB,61
rob_bironas,K,96
derrick_morgan,LE,74
malcolm_sheppard,LE,66
pannel_egboh,LE,64
scott_solomon,LE,62
steve_hutchinson,LG,88
kyle_devan,LG,73
ryan_durand,LG,70
akeem_ayers,LOLB,78
zac_diles,LOLB,71
patrick_bailey,LOLB,66
michael_roos,LT,91
byron_stingily,LT,62
colin_mccarthy,MLB,76
tim_shaw,MLB,62
kevin_malast,MLB,57
brett_kern,P,68
matt_hasselbeck,QB,85
jake_locker,QB,75
rusty_smith,QB,61
kamerion_wimbley,RE,88
dave_ball,RE,78
keyunta_dawson,RE,67
leroy_harris,RG,86
fernando_velasco,RG,68
george_bias,RG,61
will_witherspoon,ROLB,83
gerald_mcrath,ROLB,72
zach_brown,ROLB,65
david_stewart,RT,93
troy_kropog,RT,75
michael_otto,RT,65
jordan_babineaux,SS,80
al_afalava,SS,73
jared_cook,TE,82
craig_stevens,TE,72
taylor_thompson,TE,62
cameron_graham,TE,56
beau_brinkley,TE,50
kenny_britt,WR,88
nate_washington,WR,83
kendall_wright,WR,74
lavelle_hawkins,WR,72
damian_williams,WR,72
marc_mariani,WR,69
oj_murdock,WR,56
james_kirkendoll,WR,53
john_sullivan,C,91
quentin_saulsberry,C,64
antoine_winfield,CB,90
chris_carr,CB,75
zack_bowman,CB,74
chris_cook,CB,74
josh_robinson,CB,69
brandon_burton,CB,66
marcus_sherels,CB,65
reggie_jones,CB,63
kevin_williams,DT,94
letroy_guion,DT,69
trevor_guyton,DT,66
fred_evans,DT,65
tydreke_powell,DT,60
jerome_felton,RB,75
rhett_ellison,RB,64
ryan_dimperio,RB,58
matt_asiata,RB,57
harrison_smith,FS,75
mistral_raymond,FS,68
andrew_sendejo,FS,61
adrian_peterson,RB,97
toby_gerhart,RB,75
lex_hilliard,RB,64
jordan_todman,RB,62
blair_walsh,K,66
brian_robison,LE,86
christian_ballard,LE,72
daundre_reed,LE,58
nick_reed,LE,58
charlie_johnson,LG,81
joe_berger,LG,77
brandon_fusco,LG,70
chad_greenway,LOLB,88
larry_dean,LOLB,49
matt_kalil,LT,80
demarcus_love,LT,63
jasper_brinkley,MLB,72
marvin_mitchell,MLB,66
audie_cole,MLB,63
tyrone_mckenzie,MLB,62
chris_kluwe,P,86
christian_ponder,QB,75
sage_rosenfels,QB,70
joe_webb,QB,67
jared_allen,RE,98
everson_griffen,RE,72
geoff_schwartz,RG,78
chris_degeare,RG,70
erin_henderson,ROLB,81
tyler_nielsen,ROLB,64
solomon_elimimian,ROLB,63
phil_loadholt,RT,82
patrick_brown,RT,65
levi_horn,RT,61
jamarca_sanford,SS,75
robert_blanton,SS,72
eric_frampton,SS,63
john_carlson,TE,79
kyle_rudolph,TE,79
cullen_loeffler,TE,64
allen_reisner,TE,64
mickey_shuler,TE,59
percy_harvin,WR,87
jerome_simpson,WR,80
michael_jenkins,WR,77
devin_aromashodu,WR,71
greg_childs,WR,66
stephen_burton,WR,65
jarius_wright,WR,64
emmanuel_arceneaux,WR,60
bryan_walters,WR,58
kerry_taylor,WR,57
