name,pos,madden_ovr
roberto_garza,C,76
patrick_mannelly,C,66
taylor_boggs,C,61
charles_tillman,CB,95
tim_jennings,CB,90
kelvin_hayden,CB,75
zack_bowman,CB,74
sherrick_mcmanis,CB,66
isaiah_frey,CB,60
henry_melton,DT,90
sedrick_ellis,DT,77
stephen_paea,DT,76
nate_collins,DT,67
corvey_irvin,DT,67
harvey_unga,RB,74
tony_fiammetta,RB,69
chris_conte,FS,74
brandon_hardin,FS,70
anthony_walters,FS,68
tom_nelson,FS,63
matt_forte,RB,91
michael_bush,RB,81
armando_allen,RB,67
robbie_gould,K,93
corey_wootton,LE,78
turk_mcbride,LE,72
cornelius_washington,LE,69
cheta_ozougwu,LE,64
matt_slauson,LG,79
edwin_williams,LG,73
james_brown,LG,65
james_anderson,LOLB,82
jt_thomas,LOLB,64
patrick_trahan,LOLB,62
jermon_bushrod,LT,86
eben_britton,LT,70
cory_brandon,LT,59
dj_williams,MLB,80
blake_costanzo,MLB,69
jon_bostic,MLB,67
adam_podlesh,P,73
jay_cutler,QB,86
josh_mccown,QB,71
matt_blanchard,QB,64
julius_peppers,RE,92
shea_mcclellin,RE,73
kyle_moore,RE,72
kyle_long,RG,75
derek_dennis,RG,60
lance_briggs,ROLB,94
khaseem_greene,ROLB,71
lawrence_wilson,ROLB,66
jerry_franklin,ROLB,60
jmarcus_webb,RT,77
jonathan_scott,RT,72
jordan_mills,RT,70
major_wright,SS,81
tom_zbikowski,SS,79
craig_steltz,SS,72
cyhl_quarles,SS,57
martellus_bennett,TE,88
steve_maneri,TE,69
kyle_adams,TE,66
brody_eldridge,TE,65
fendi_onobun,TE,62
brandon_marshall,WR,95
earl_bennett,WR,77
alshon_jeffery,WR,75
devin_hester,WR,73
eric_weems,WR,73
marquess_wilson,WR,66
terrence_toliver,WR,61
joe_anderson,WR,61
trevor_robinson,C,76
kyle_cook,C,75
leon_hall,CB,90
terence_newman,CB,85
adam_jones,CB,79
dre_kirkpatrick,CB,76
brandon_ghee,CB,68
shaun_prater,CB,67
onterio_mccalebb,CB,58
geno_atkins,DT,97
domata_peko,DT,81
devon_still,DT,74
brandon_thompson,DT,66
chris_pressley,RB,79
john_conner,RB,74
reggie_nelson,FS,88
george_iloka,FS,65
benjarvus_green-ellis,RB,82
giovani_bernard,RB,75
bernard_scott,RB,74
cedric_peerman,RB,70
rex_burkhead,RB,68
daniel_herron,RB,68
mike_nugent,K,83
carlos_dunlap,LE,89
jamaal_anderson,LE,74
margus_hunt,LE,70
wallace_gilberry,LE,70
travelle_wharton,LG,82
clint_boling,LG,78
james_harrison,LOLB,86
aaron_maybin,LOLB,74
andrew_whitworth,LT,90
dennis_roland,LT,69
tanner_hawkinson,LT,66
rey_maualuga,MLB,76
jk_schaffer,MLB,58
kevin_huber,P,84
andy_dalton,QB,84
josh_johnson,QB,70
john_skelton,QB,67
zac_robinson,QB,64
michael_johnson,RE,89
robert_geathers,RE,76
dontay_moch,RE,65
dequin_evans,RE,60
kevin_zeitler,RG,87
mike_pollak,RG,77
vontaze_burfict,ROLB,77
sean_porter,ROLB,70
vincent_rey,ROLB,66
emmanuel_lamur,ROLB,64
andre_smith,RT,92
anthony_collins,RT,78
reid_fragel,RT,69
taylor_mays,SS,74
shawn_williams,SS,72
jeromy_miles,SS,71
tyler_eifert,TE,80
jermaine_gresham,TE,80
alex_smith,TE,77
orson_charles,TE,71
richard_quinn,TE,70
clark_harris,TE,63
aj_green,WR,94
mohamed_sanu,WR,74
andrew_hawkins,WR,72
brandon_tate,WR,70
marvin_jones,WR,70
ryan_whalen,WR,68
cobi_hamilton,WR,67
dane_sanzenbacher,WR,65
eric_wood,C,82
doug_legursky,C,73
david_snow,C,69
garrison_sanborn,C,57
stephon_gilmore,CB,82
leodis_mckelvin,CB,77
ron_brooks,CB,68
justin_rogers,CB,67
crezdon_butler,CB,67
tj_heath,CB,60
marcell_dareus,DT,88
torell_troup,DT,68
corbin_bryant,DT,66
dorin_dickerson,RB,72
frank_summers,RB,67
jairus_byrd,FS,95
aaron_williams,FS,75
cj_spiller,RB,92
fred_jackson,RB,83
tashard_choice,RB,73
zach_brown,RB,66
rian_lindell,K,84
dustin_hopkins,K,71
mario_williams,LE,92
jarron_gilbert,LE,69
sam_young,LG,72
chris_scott,LG,68
colin_brown,LG,62
mark_anderson,LOLB,73
jerry_hughes,LOLB,72
kourtnei_brown,LOLB,56
cordy_glenn,LT,77
chris_hairston,LT,74
thomas_welch,LT,60
nigel_bradham,MLB,73
arthur_moats,MLB,70
kiko_alonso,MLB,70
brian_smith,MLB,61
marcus_dowtin,MLB,52
shawn_powell,P,65
kevin_kolb,QB,76
ej_manuel,QB,74
jeff_tuel,QB,64
kyle_williams,RE,91
alan_branch,RE,75
alex_carrington,RE,71
jay_ross,RE,57
kraig_urbik,RG,81
zack_chibane,RG,63
keith_williams,RG,61
manny_lawson,ROLB,82
bryan_scott,ROLB,73
chris_white,ROLB,61
erik_pears,RT,78
zebrie_sanders,RT,66
danorris_searcy,SS,75
duke_williams,SS,70
mana_silva,SS,65
jonathan_meeks,SS,64
scott_chandler,TE,83
lee_smith,TE,73
chris_gragg,TE,69
mike_caussin,TE,66
mickey_shuler,TE,62
stevie_johnson,WR,89
brad_smith,WR,73
robert_woods,WR,70
tj_graham,WR,70
marcus_easley,WR,66
darick_rogers,WR,66
marquise_goodwin,WR,64
chris_hogan,WR,63
demarco_sampson,WR,62
kevin_elliott,WR,60
jd_walton,C,79
philip_blake,C,68
cj_davis,C,65
quentin_saulsberry,C,64
justin_boren,C,61
champ_bailey,CB,93
chris_harris,CB,82
dominique_rodgers-cromartie,CB,79
tony_carter,CB,74
omar_bolden,CB,71
kayvon_webster,CB,69
mario_butler,CB,66
terrance_knighton,DT,80
kevin_vickerson,DT,78
sylvester_williams,DT,76
mitch_unrein,DT,66
sealver_siliga,DT,65
jacob_hester,RB,79
rahim_moore,FS,82
quentin_jammer,FS,79
quinton_carter,FS,72
knowshon_moreno,RB,76
montee_ball,RB,75
ronnie_hillman,RB,72
lance_ball,RB,70
jeremiah_johnson,RB,65
matt_prater,K,84
derek_wolfe,LE,74
jeremy_beal,LE,66
malik_jackson,LE,65
zane_beadles,LG,81
manny_ramirez,LG,76
von_miller,LOLB,97
stewart_bradley,LOLB,72
ryan_clady,LT,94
chris_clark,LT,64
joe_mays,MLB,79
nate_irving,MLB,66
steven_johnson,MLB,60
britton_colquitt,P,81
peyton_manning,QB,97
brock_osweiler,QB,73
zac_dysert,QB,68
robert_ayers,RE,81
shaun_phillips,RE,79
quanterus_smith,RE,68
louis_vasquez,RG,89
chris_kuper,RG,81
wesley_woodyard,ROLB,80
danny_trevathan,ROLB,68
orlando_franklin,RT,86
vinston_painter,RT,64
mike_adams,SS,78
david_bruton,SS,71
duke_ihenacho,SS,61
joel_dreessen,TE,83
jacob_tamme,TE,80
virgil_green,TE,71
julius_thomas,TE,65
aaron_brewer,TE,39
wes_welker,WR,93
demaryius_thomas,WR,90
eric_decker,WR,87
andre_caldwell,WR,74
trindon_holliday,WR,67
tavarres_king,WR,65
gerell_robinson,WR,62
greg_orton,WR,61
alex_mack,C,91
braxston_cave,C,64
christian_yount,C,57
joe_haden,CB,91
buster_skrine,CB,74
christopher_owens,CB,73
leon_mcfadden,CB,71
trevin_wade,CB,65
prince_miller,CB,59
phil_taylor,DT,83
ishmaaily_kitchen,DT,67
nicolas_jean-baptiste,DT,58
owen_marecic,RB,75
brad_smelley,RB,73
dan_gronkowski,RB,64
tashaun_gipson,FS,71
johnson_bademosi,FS,67
trent_richardson,RB,87
montario_hardesty,RB,72
brandon_jackson,RB,71
dion_lewis,RB,71
chris_ogbonnaya,RB,70
miguel_maysonet,RB,64
shayne_graham,K,83
ahtyba_rubin,LE,84
billy_winn,LE,75
hall_davis,LE,64
brian_sanford,LE,64
john_greco,LG,77
jason_pinkston,LG,74
paul_kruger,LOLB,87
quentin_groves,LOLB,76
james-michael_johnson,LOLB,67
joe_thomas,LT,97
oniel_cousins,LT,66
chris_faulk,LT,60
dqwell_jackson,MLB,87
craig_robertson,MLB,73
tank_carder,MLB,66
lj_fort,MLB,66
adrian_moten,MLB,55
spencer_lanning,P,69
tj_conley,P,67
brandon_weeden,QB,76
jason_campbell,QB,75
brian_hoyer,QB,71
desmond_bryant,RE,88
john_hughes,RE,68
armonty_bryant,RE,64
shawn_lauvao,RG,75
jarrod_shaw,RG,64
dominic_alford,RG,60
jabaal_sheard,ROLB,82
barkevious_mingo,ROLB,76
mitchell_schwartz,RT,83
rashad_butler,RT,74
ryan_miller,RT,65
tj_ward,SS,90
jamoris_slaughter,SS,70
jordan_cameron,TE,77
kellen_davis,TE,77
gary_barnidge,TE,74
josh_gordon,WR,81
davone_bess,WR,76
greg_little,WR,76
david_nelson,WR,74
travis_benjamin,WR,68
jordan_norwood,WR,66
josh_cooper,WR,64
tori_gurley,WR,63
jeremy_zuttah,C,77
ted_larsen,C,73
cody_wallace,C,69
andrew_economos,C,62
darrelle_revis,CB,97
eric_wright,CB,79
johnthan_banks,CB,72
anthony_gaitor,CB,70
leonard_johnson,CB,70
myron_lewis,CB,67
danny_gorrer,CB,64
gerald_mccoy,DT,91
derek_landri,DT,74
gary_gibson,DT,74
akeem_spence,DT,71
andre_neblett,DT,65
lazarius_levingston,DT,64
matthew_masifilo,DT,60
erik_lorig,RB,76
dashon_goldson,FS,90
ahmad_black,FS,75
keith_tandy,FS,69
doug_martin,RB,90
brian_leonard,RB,73
mike_james,RB,68
michael_smith,RB,66
jeff_demps,RB,63
connor_barth,K,85
daquan_bowers,LE,77
aaron_morgan,LE,67
william_gholston,LE,67
carl_nicks,LG,95
adam_hayward,LOLB,72
dekoda_watson,LOLB,70
jacob_cutrera,LOLB,66
donald_penn,LT,87
mike_remmers,LT,64
mason_foster,MLB,75
najee_goode,MLB,59
joe_holland,MLB,55
michael_koenen,P,82
chas_henry,P,68
josh_freeman,QB,82
dan_orlovsky,QB,70
adam_weber,QB,66
mike_glennon,QB,66
adrian_clayborn,RE,80
daniel_teo-nesheim,RE,68
steven_means,RE,67
markus_white,RE,64
davin_joseph,RG,88
jamon_meredith,RG,71
lavonte_david,ROLB,89
jonathan_casillas,ROLB,73
demar_dotson,RT,79
gabe_carimi,RT,75
jason_weaver,RT,61
mark_barron,SS,80
cody_grimm,SS,71
luke_stocker,TE,77
tom_crabtree,TE,74
zach_miller,TE,70
nate_byham,TE,68
danny_noble,TE,63
vincent_jackson,WR,92
mike_williams,WR,85
kevin_ogletree,WR,74
derek_hagan,WR,72
tiquan_underwood,WR,69
eric_page,WR,63
david_douglas,WR,62
chris_owusu,WR,62
lyle_sendlein,C,77
scott_wedige,C,61
patrick_peterson,CB,89
antoine_cason,CB,81
jerraud_powers,CB,78
javier_arenas,CB,76
jamell_fleming,CB,67
bryan_mccann,CB,66
dan_williams,DT,81
david_carter,DT,72
ricky_lumpkin,DT,60
jim_dray,RB,71
yeremiah_bell,FS,74
tyrann_mathieu,FS,72
justin_bethel,FS,71
rashard_mendenhall,RB,80
ryan_williams,RB,74
william_powell,RB,69
stepfan_taylor,RB,68
alfonso_smith,RB,67
andre_ellington,RB,67
jay_feely,K,85
calais_campbell,LE,93
matt_shaughnessy,LE,77
ronald_talley,LE,63
jonathan_cooper,LG,83
daryn_colledge,LG,80
chilo_rachal,LG,71
lorenzo_alexander,LOLB,78
obrien_schofield,LOLB,76
alex_okafor,LOLB,68
levi_brown,LT,74
nate_potter,LT,67
daryl_washington,MLB,90
karlos_dansby,MLB,83
jasper_brinkley,MLB,75
kevin_minter,MLB,71
reggie_walker,MLB,70
zack_nash,MLB,52
dave_zastudil,P,91
carson_palmer,QB,84
drew_stanton,QB,73
ryan_lindley,QB,65
darnell_dockett,RE,79
frostee_rucker,RE,77
earl_watford,RG,70
mike_gibson,RG,70
senio_kelemete,RG,64
sam_acho,ROLB,74
tim_fugger,ROLB,62
bobby_massie,RT,76
paul_fanaika,RT,70
rashad_johnson,SS,76
jonathon_amaya,SS,68
curtis_taylor,SS,63
jeff_king,TE,75
rob_housler,TE,74
mike_leach,TE,71
dc_jefferson,TE,71
kory_sperry,TE,67
larry_fitzgerald,WR,92
andre_roberts,WR,78
michael_floyd,WR,75
ryan_swope,WR,65
jarett_dillard,WR,65
laron_byrd,WR,63
kerry_taylor,WR,58
nick_hardwick,C,78
david_molk,C,68
colin_baxter,C,68
derek_cox,CB,84
shareece_wright,CB,75
johnny_patrick,CB,70
steve_williams,CB,69
gregory_gatson,CB,62
cornelius_brown,CB,60
cam_thomas,DT,76
kwame_geathers,DT,61
leron_mcclain,RB,81
chris_gronkowski,RB,65
eric_weddle,FS,96
darrell_stuckey,FS,74
ryan_mathews,RB,82
danny_woodhead,RB,82
ronnie_brown,RB,78
edwin_baker,RB,62
nick_novak,K,79
corey_liuget,LE,84
jarius_wynn,LE,73
chad_rinehart,LG,76
rich_ohrnberger,LG,70
jarret_johnson,LOLB,82
melvin_ingram,LOLB,77
thomas_keiser,LOLB,66
king_dunlap,LT,78
max_starks,LT,75
mike_harris,LT,57
donald_butler,MLB,85
manti_teo,MLB,74
dj_smith,MLB,73
jonas_mouton,MLB,69
andrew_gachkar,MLB,64
phillip_dillard,MLB,64
bront_bird,MLB,62
mike_scifres,P,89
philip_rivers,QB,84
charlie_whitehurst,QB,73
brad_sorensen,QB,64
kendall_reyes,RE,80
damik_scafe,RE,64
jeromey_clary,RG,73
stephen_schilling,RG,70
johnnie_troutman,RG,64
dwight_freeney,ROLB,88
larry_english,ROLB,77
tourek_williams,ROLB,63
dj_fluker,RT,78
brandyn_dombrowski,RT,72
marcus_gilchrist,SS,72
brandon_taylor,SS,70
sean_cattouse,SS,62
antonio_gates,TE,87
john_phillips,TE,76
ladarius_green,TE,68
mike_windt,TE,49
kyle_nelson,TE,43
danario_alexander,WR,82
malcom_floyd,WR,81
vincent_brown,WR,74
keenan_allen,WR,74
eddie_royal,WR,74
robert_meachem,WR,73
deon_butler,WR,70
richard_goodman,WR,66
mike_willie,WR,56
rodney_hudson,C,76
eric_kush,C,62
brandon_flowers,CB,94
dunta_robinson,CB,82
sean_smith,CB,82
sanders_commings,CB,70
jalil_brown,CB,66
neiko_thorpe,CB,57
dontari_poe,DT,78
anthony_toribio,DT,71
jerrell_powe,DT,70
anthony_sherman,RB,73
braden_wilson,RB,71
kendrick_lewis,FS,79
tysyn_hartman,FS,65
jamaal_charles,RB,94
shaun_draughn,RB,69
knile_davis,RB,66
cyrus_gray,RB,66
ryan_succop,K,78
tyson_jackson,LE,75
marcus_dixon,LE,73
austen_lane,LE,72
geoff_schwartz,LG,77
jeff_allen,LG,69
justin_houston,LOLB,91
edgar_jones,LOLB,65
branden_albert,LT,89
steven_baker,LT,56
derrick_johnson,MLB,93
akeem_jordan,MLB,71
zac_diles,MLB,68
nico_johnson,MLB,65
orie_lemon,MLB,57
dustin_colquitt,P,88
alex_smith,QB,87
chase_daniel,QB,75
ricky_stanzi,QB,65
tyler_bray,QB,64
mike_devito,RE,80
allen_bailey,RE,70
jon_asamoah,RG,88
ryan_durand,RG,69
tamba_hali,ROLB,89
frank_zombo,ROLB,70
eric_fisher,RT,84
donald_stephenson,RT,72
matt_reynolds,RT,59
eric_berry,SS,88
husain_abdullah,SS,78
tony_moeaki,TE,80
anthony_fasano,TE,80
travis_kelce,TE,73
thomas_gafford,TE,69
kevin_brock,TE,65
dwayne_bowe,WR,88
donnie_avery,WR,76
dexter_mccluster,WR,74
jonathan_baldwin,WR,73
terrance_copper,WR,65
devon_wylie,WR,64
mardy_gilyard,WR,63
junior_hemingway,WR,62
jamar_newsome,WR,60
samson_satele,C,78
khaled_holmes,C,69
vontae_davis,CB,87
greg_toler,CB,77
darius_butler,CB,74
cassius_vaughn,CB,72
josh_gordy,CB,69
marshay_green,CB,61
teddy_williams,CB,59
aubrayo_franklin,DT,82
brandon_mckinney,DT,71
josh_chapman,DT,67
martin_tevaseu,DT,66
montori_hughes,DT,63
stanley_havili,RB,73
antoine_bethea,FS,87
john_boyett,FS,70
larry_asante,FS,68
delano_howell,FS,66
ahmad_bradshaw,RB,83
vick_ballard,RB,77
donald_brown,RB,74
delone_carter,RB,72
kerwynn_williams,RB,64
adam_vinatieri,K,87
cory_redding,LE,83
ricardo_mathews,LE,73
lawrence_guy,LE,63
kellen_heard,LE,59
donald_thomas,LG,81
jeff_linkenbach,LG,70
joe_reitz,LG,69
erik_walden,LOLB,74
justin_hickman,LOLB,66
quinton_spears,LOLB,60
anthony_castonzo,LT,79
bradley_sowell,LT,62
justin_anderson,LT,59
pat_angerer,MLB,77
kelvin_sheppard,MLB,76
jerrell_freeman,MLB,74
kavell_conner,MLB,73
mario_harvey,MLB,63
scott_lutrus,MLB,59
pat_mcafee,P,94
andrew_luck,QB,88
matt_hasselbeck,QB,79
chandler_harnish,QB,66
ricky_jean_francois,RE,75
drake_nevis,RE,73
fili_moala,RE,73
mike_mcglynn,RG,72
hugh_thornton,RG,69
robert_griffin,RG,61
robert_mathis,ROLB,86
bjoern_werner,ROLB,74
lawrence_sidbury,ROLB,66
gosder_cherilus,RT,90
ben_ijalana,RT,72
lee_ziemba,RT,64
laron_landry,SS,86
joe_lefeged,SS,74
sergio_brown,SS,70
dwayne_allen,TE,84
coby_fleener,TE,77
weslye_saunders,TE,73
justice_cunningham,TE,69
matt_overton,TE,50
reggie_wayne,WR,91
ty_hilton,WR,79
darrius_heyward-bey,WR,79
lavon_brazill,WR,67
griff_whalen,WR,67
nathan_palmer,WR,63
phil_costa,C,74
travis_frederick,C,73
ryan_cook,C,72
kevin_kowalski,C,63
brandon_carr,CB,88
morris_claiborne,CB,82
orlando_scandrick,CB,76
sterling_moore,CB,68
bw_webb,CB,68
jason_hatcher,DT,87
jay_ratliff,DT,84
sean_lissemore,DT,76
josh_brent,DT,74
nick_hayden,DT,67
jeris_pendleton,DT,64
ben_bass,DT,61
lawrence_vickers,RB,79
matt_johnson,FS,71
jj_wilcox,FS,68
brandon_underwood,FS,67
demarco_murray,RB,84
joseph_randle,RB,69
phillip_tanner,RB,69
lance_dunbar,RB,65
dan_bailey,K,83
anthony_spencer,LE,89
tyrone_crawford,LE,72
nate_livings,LG,78
ronald_leary,LG,62
justin_durant,LOLB,81
alex_albright,LOLB,63
caleb_mcsurdy,LOLB,58
tyron_smith,LT,87
darrion_weems,LT,60
sean_lee,MLB,90
cameron_sheffield,MLB,63
chris_jones,P,67
tony_romo,QB,88
kyle_orton,QB,77
demarcus_ware,RE,94
kyle_wilber,RE,71
devonte_holloman,RE,64
mackenzy_bernadeau,RG,76
david_arkin,RG,69
ray_dominguez,RG,64
bruce_carter,ROLB,81
ernie_sims,ROLB,71
doug_free,RT,77
jermey_parnell,RT,76
barry_church,SS,75
will_allen,SS,69
eric_frampton,SS,67
danny_mccray,SS,66
micah_pellerin,SS,51
jason_witten,TE,96
james_hanna,TE,72
gavin_escobar,TE,72
colin_cochart,TE,69
andre_smith,TE,68
lp_ladouceur,TE,52
dez_bryant,WR,92
miles_austin,WR,84
dwayne_harris,WR,71
terrance_williams,WR,67
carlton_mitchell,WR,67
anthony_armstrong,WR,67
cole_beasley,WR,65
danny_coale,WR,63
tim_benford,WR,60
mike_pouncey,C,89
josh_samuda,C,65
brent_grimes,CB,89
richard_marshall,CB,79
jamar_taylor,CB,76
nolan_carroll,CB,72
dimitri_patterson,CB,70
will_davis,CB,68
rj_stanford,CB,64
julian_posey,CB,62
deandre_presley,CB,57
randy_starks,DT,88
paul_soliai,DT,85
vaughn_martin,DT,79
kheeston_randall,DT,64
chas_alecxih,DT,60
charles_clay,RB,77
jorvorskie_lane,RB,77
chris_clemons,FS,79
jimmy_wilson,FS,68
kelcie_mccray,FS,62
lamar_miller,RB,75
daniel_thomas,RB,74
mike_gillislee,RB,70
marcus_thigpen,RB,68
dan_carpenter,K,78
caleb_sturgis,K,71
cameron_wake,LE,97
jared_odrick,LE,79
derrick_shelby,LE,66
richie_incognito,LG,83
dallas_thomas,LG,74
koa_misi,LOLB,82
jason_trusnik,LOLB,73
jonathan_martin,LT,68
will_yeatman,LT,67
andrew_mcdonald,LT,66
dannell_ellerbe,MLB,84
jelani_jenkins,MLB,66
austin_spitler,MLB,66
brandon_fields,P,92
ryan_tannehill,QB,81
matt_moore,QB,75
pat_devlin,QB,65
aaron_corp,QB,62
dion_jordan,RE,83
olivier_vernon,RE,69
john_jerry,RG,75
lance_louis,RG,75
philip_wheeler,ROLB,87
jonathan_freeny,ROLB,62
josh_kaddu,ROLB,61
tyson_clabo,RT,89
nate_garner,RT,76
jeff_adams,RT,64
reshad_jones,SS,92
don_jones,SS,63
dustin_keller,TE,84
evan_rodriguez,TE,73
dion_sims,TE,70
michael_egnew,TE,70
kyle_miller,TE,63
john_denney,TE,48
mike_wallace,WR,87
brian_hartline,WR,81
brandon_gibson,WR,79
armon_binns,WR,67
rishard_matthews,WR,65
marvin_mcnutt,WR,64
jeff_fuller,WR,63
joe_hastings,WR,62
brian_tyms,WR,57
jason_kelce,C,79
dallas_reynolds,C,68
matt_tennant,C,65
cary_williams,CB,83
bradley_fletcher,CB,82
brandon_boykin,CB,72
brandon_hughes,CB,69
jordan_poyer,CB,68
curtis_marsh,CB,67
trevard_lindley,CB,63
isaac_sopoaga,DT,80
antonio_dixon,DT,70
bennie_logan,DT,69
james_casey,RB,82
emil_igwenagu,RB,62
kenny_phillips,FS,85
kurt_coleman,FS,70
david_sims,FS,63
lesean_mccoy,RB,93
bryce_brown,RB,77
felix_jones,RB,76
chris_polk,RB,67
alex_henery,K,80
cedric_thornton,LE,71
clifton_geathers,LE,66
evan_mathis,LG,98
danny_watkins,LG,73
allen_barbre,LG,69
connor_barwin,LOLB,83
brandon_graham,LOLB,76
joe_kruger,LOLB,66
jason_peters,LT,88
ed_wang,LT,67
matt_kopa,LT,58
demeco_ryans,MLB,85
mychal_kendricks,MLB,72
jason_phillips,MLB,70
jamar_chaney,MLB,70
emmanuel_acho,MLB,65
casey_matthews,MLB,62
donnie_jones,P,91
michael_vick,QB,81
nick_foles,QB,75
matt_barkley,QB,73
dennis_dixon,QB,68
gj_kinne,QB,63
fletcher_cox,RE,79
vinny_curry,RE,70
todd_herremans,RG,87
julian_vandervelde,RG,64
trent_cole,ROLB,84
phillip_hunt,ROLB,65
lane_johnson,RT,79
dennis_kelly,RT,70
nate_menkin,RT,65
patrick_chung,SS,82
earl_wolff,SS,71
colt_anderson,SS,70
nate_allen,SS,69
brent_celek,TE,85
zach_ertz,TE,75
clay_harbor,TE,74
derek_carrier,TE,62
jon_dorenbos,TE,45
desean_jackson,WR,85
jeremy_maclin,WR,83
jason_avant,WR,79
arrelious_benn,WR,73
riley_cooper,WR,70
damaris_johnson,WR,67
greg_salas,WR,65
bj_cunningham,WR,64
nick_miller,WR,56
peter_konz,C,72
joe_hawley,C,70
asante_samuel,CB,89
desmond_trufant,CB,77
robert_mcclain,CB,73
dominique_franks,CB,72
robert_alford,CB,72
terrence_johnson,CB,63
peyton_thompson,CB,63
jonathan_babineaux,DT,85
peria_jerry,DT,77
corey_peters,DT,74
travian_robertson,DT,66
micanor_regis,DT,63
patrick_dimarco,RB,76
bradie_ewing,RB,65
thomas_decoud,FS,84
charles_mitchell,FS,69
kemal_ishmael,FS,68
steven_jackson,RB,89
jacquizz_rodgers,RB,81
jason_snelling,RB,74
antone_smith,RB,65
josh_vaughan,RB,64
matt_bryant,K,87
kroy_biermann,LE,74
cliff_matthews,LE,68
malliciah_goodman,LE,67
justin_blalock,LG,82
jacques_mcclendon,LG,71
stephen_nicholas,LOLB,78
nick_clancy,LOLB,61
sam_baker,LT,80
alec_savoie,LT,59
akeem_dent,MLB,77
pat_schiller,MLB,60
brian_banks,MLB,57
matt_bosher,P,81
matt_ryan,QB,94
sean_renfree,QB,70
dominique_davis,QB,68
osi_umenyiora,RE,84
jonathan_massaquoi,RE,65
stansly_maponga,RE,64
garrett_reynolds,RG,74
phillipkeith_manley,RG,64
harland_gunn,RG,62
sean_weatherspoon,ROLB,83
robert_james,ROLB,67
lamar_holmes,RT,72
mike_johnson,RT,68
william_moore,SS,87
zeke_motta,SS,71
shann_schillinger,SS,67
tony_gonzalez,TE,95
chase_coffman,TE,68
levine_toilolo,TE,65
tommy_gallarda,TE,64
josh_harris,TE,57
roddy_white,WR,93
julio_jones,WR,92
harry_douglas,WR,76
drew_davis,WR,66
kevin_cone,WR,63
james_rodgers,WR,61
tim_toone,WR,59
jonathan_goodwin,C,85
daniel_kilgore,C,64
carlos_rogers,CB,90
tarell_brown,CB,88
nnamdi_asomugha,CB,83
chris_culliver,CB,78
tramaine_brock,CB,75
perrish_cox,CB,71
ian_williams,DT,73
lamar_divens,DT,67
quinton_dial,DT,64
bruce_miller,RB,88
will_tukuafu,RB,65
eric_reid,FS,76
craig_dahl,FS,74
cj_spillman,FS,69
frank_gore,RB,93
kendall_hunter,RB,79
lamichael_james,RB,74
marcus_lattimore,RB,70
anthony_dixon,RB,68
jewel_hampton,RB,65
dj_harper,RB,64
phil_dawson,K,89
ray_mcdonald,LE,89
tank_carradine,LE,75
tony_jerod-eddie,LE,63
mike_iupati,LG,95
joe_looney,LG,63
ahmad_brooks,LOLB,89
parys_haralson,LOLB,82
darius_fleming,LOLB,66
joe_staley,LT,96
kenny_wiggins,LT,56
patrick_willis,MLB,97
navorro_bowman,MLB,93
dan_skuta,MLB,68
michael_wilhoite,MLB,62
nathan_stupar,MLB,60
andy_lee,P,95
colin_kaepernick,QB,89
colt_mccoy,QB,73
scott_tolzien,QB,65
bj_daniels,QB,63
justin_smith,RE,94
glenn_dorsey,RE,82
alex_boone,RG,89
adam_snyder,RG,73
aldon_smith,ROLB,95
corey_lemonier,ROLB,68
nick_moody,ROLB,65
cam_johnson,ROLB,65
anthony_davis,RT,90
al_netter,RT,71
donte_whitner,SS,86
darcel_mcbath,SS,72
trenton_robinson,SS,69
vernon_davis,TE,94
vance_mcdonald,TE,71
garrett_celek,TE,67
brian_jennings,TE,64
demarcus_dobbs,TE,61
michael_crabtree,WR,90
anquan_boldin,WR,88
mario_manningham,WR,81
kyle_williams,WR,72
aj_jenkins,WR,71
quinton_patton,WR,69
kassim_osgood,WR,67
marlon_moore,WR,66
ricardo_lockette,WR,65
chad_hall,WR,65
david_baas,C,78
jim_cordle,C,66
corey_webster,CB,81
prince_amukamara,CB,80
terrell_thomas,CB,77
aaron_ross,CB,76
jayron_hosley,CB,72
trumaine_mcbride,CB,70
terrence_frederick,CB,63
laron_scott,CB,60
linval_joseph,DT,84
cullen_jenkins,DT,83
shaun_rogers,DT,75
mike_patterson,DT,75
marvin_austin,DT,71
johnathan_hankins,DT,70
frank_okam,DT,66
markus_kuhn,DT,64
henry_hynoski,RB,85
antrel_rolle,FS,83
will_hill,FS,67
david_wilson,RB,78
andre_brown,RB,76
ryan_torain,RB,71
darel_scott,RB,69
michael_cox,RB,64
josh_brown,K,82
david_buehler,K,67
justin_tuck,LE,87
mathias_kiwanuka,LE,83
adrian_tracy,LE,68
kevin_boothe,LG,82
selvish_capers,LG,71
chris_degeare,LG,70
keith_rivers,LOLB,77
aaron_curry,LOLB,76
will_beatty,LT,90
david_diehl,LT,75
matthew_mccants,LT,62
dan_connor,MLB,76
mark_herzlich,MLB,66
steve_weatherford,P,81
eli_manning,QB,91
david_carr,QB,74
ryan_nassib,QB,72
jason_pierre-paul,RE,94
damontre_moore,RE,69
justin_trattou,RE,64
adewale_ojomo,RE,63
chris_snee,RG,90
brandon_mosley,RG,67
bryant_browning,RG,63
michael_jasper,RG,62
jacquian_williams,ROLB,76
spencer_paysinger,ROLB,66
justin_pugh,RT,77
james_brewer,RT,76
stevie_brown,SS,83
ryan_mundy,SS,74
david_caldwell,SS,71
cooper_taylor,SS,68
tyler_sash,SS,63
brandon_myers,TE,81
bear_pascoe,TE,73
adrien_robinson,TE,69
zak_deossie,TE,50
victor_cruz,WR,90
hakeem_nicks,WR,89
rueben_randle,WR,76
louis_murphy,WR,73
ramses_barden,WR,72
jerrel_jernigan,WR,66
kris_adams,WR,64
jeremy_horne,WR,64
brad_meester,C,78
mike_brewster,C,66
dan_gerberry,C,62
marcus_trufant,CB,81
alan_ball,CB,71
dwayne_gratz,CB,71
demetrius_mccray,CB,69
mike_harris,CB,68
kevin_rutland,CB,67
jeremy_harris,CB,63
senderrick_marks,DT,77
roy_miller,DT,75
kyle_love,DT,75
brandon_deaderick,DT,73
danthony_smith,DT,65
will_taufoou,RB,70
lonnie_pryor,RB,67
dwight_lowery,FS,81
josh_evans,FS,67
antwon_blake,FS,65
maurice_jones-drew,RB,91
justin_forsett,RB,77
denard_robinson,RB,67
jonathan_grimes,RB,66
jordan_todman,RB,66
josh_scobee,K,85
tyson_alualu,LE,78
jeremy_mincey,LE,76
pannel_egboh,LE,70
will_rackley,LG,72
austin_pasztor,LG,63
russell_allen,LOLB,81
julian_stanford,LOLB,65
eugene_monroe,LT,89
mark_asper,LT,59
paul_posluszny,MLB,83
michael_zimmer,MLB,58
bryan_anger,P,78
blaine_gabbert,QB,74
chad_henne,QB,74
mike_kafka,QB,71
matt_scott,QB,64
jordan_rodgers,QB,64
jason_babin,RE,79
andre_branch,RE,71
ryan_davis,RE,64
uche_nwaneri,RG,80
jason_spitz,RG,76
geno_hayes,ROLB,74
brandon_marshall,ROLB,65
luke_joeckel,RT,83
cameron_bradfield,RT,75
johnathan_cyprien,SS,76
chris_prosinski,SS,66
marcedes_lewis,TE,88
allen_reisner,TE,70
isaiah_stanback,TE,67
ryan_otten,TE,66
brett_brackett,TE,60
jeremy_cain,TE,45
cecil_shorts_iii,WR,83
justin_blackmon,WR,81
mohamed_massaquoi,WR,74
jordan_shipley,WR,73
taylor_price,WR,64
ace_sanders,WR,63
toney_clemons,WR,61
tobais_palmer,WR,56
nick_mangold,C,94
caleb_schlauderaff,C,66
antonio_cromartie,CB,92
dee_milliner,CB,81
kyle_wilson,CB,78
ellis_lankster,CB,71
aaron_berry,CB,70
isaiah_trufant,CB,69
darrin_walls,CB,64
donnie_fletcher,CB,59
kenrick_ellis,DT,73
damon_harrison,DT,66
lanier_coleman,DT,60
lex_hilliard,RB,75
tommy_bohanon,RB,72
josh_bush,FS,72
antonio_allen,FS,67
bret_lockett,FS,66
chris_ivory,RB,80
mike_goodson,RB,77
bilal_powell,RB,74
joe_mcknight,RB,69
nick_folk,K,76
muhammad_wilkerson,LE,94
tevita_finau,LE,66
willie_colon,LG,80
brian_winters,LG,72
dennis_landolt,LG,64
calvin_pace,LOLB,75
quinton_coples,LOLB,75
garrett_mcintyre,LOLB,67
dbrickashaw_ferguson,LT,91
oday_aboushi,LT,63
david_harris,MLB,81
demario_davis,MLB,71
josh_mauga,MLB,67
nick_bellore,MLB,65
robert_malone,P,71
geno_smith,QB,73
mark_sanchez,QB,73
greg_mcelroy,QB,72
matt_simms,QB,61
sheldon_richardson,RE,79
antonio_garay,RE,76
stephen_peterman,RG,79
vladimir_ducasse,RG,71
william_campbell,RG,64
antwan_barnes,ROLB,77
ricky_sapp,ROLB,65
jacquies_smith,ROLB,56
austin_howard,RT,80
mark_popek,RT,65
dawan_landry,SS,79
jaiquawn_jarrett,SS,71
kellen_winslow,TE,79
jeff_cumberland,TE,76
konrad_reuland,TE,69
hayden_smith,TE,67
tanner_purdum,TE,54
santonio_holmes,WR,84
stephen_hill,WR,74
ben_obomanu,WR,73
jeremy_kerley,WR,73
clyde_gates,WR,68
jordan_white,WR,63
thomas_mayo,WR,60
vidal_hazelton,WR,57
titus_ryan,WR,54
dominic_raiola,C,83
dylan_gandy,C,71
chris_houston,CB,85
ron_bartell,CB,75
bill_bentley,CB,72
darius_slay,CB,71
jonte_green,CB,70
chris_greenwood,CB,66
dequan_menzie,CB,64
domonique_johnson,CB,64
ross_weaver,CB,61
ndamukong_suh,DT,93
nick_fairley,DT,90
cj_mosley,DT,75
ogemdi_nwagbuo,DT,70
jimmy_saddler-mcqueen,DT,62
shaun_chapas,RB,71
glover_quin,FS,83
amari_spievey,FS,76
tyrell_johnson,FS,71
reggie_bush,RB,83
mikel_leshoure,RB,79
joique_bell,RB,76
montell_owens,RB,74
jahvid_best,RB,71
theo_riddick,RB,66
david_akers,K,81
israel_idonije,LE,81
jason_jones,LE,81
willie_young,LE,74
rob_sims,LG,89
rodney_austin,LG,69
derek_hardman,LG,68
ashlee_palmer,LOLB,74
cory_greenwood,LOLB,69
tahir_whitehead,LOLB,66
riley_reiff,LT,77
stephen_tulloch,MLB,88
travis_lewis,MLB,66
sam_martin,P,63
matthew_stafford,QB,85
shaun_hill,QB,76
kellen_moore,QB,68
ezekiel_ansah,RE,78
ronnell_lewis,RE,69
devin_taylor,RE,66
larry_warford,RG,72
bill_nagy,RG,71
deandre_levy,ROLB,79
carmen_messina,ROLB,70
corey_hilliard,RT,75
jason_fox,RT,69
louis_delmas,SS,84
don_carey,SS,76
john_wendling,SS,70
ricardo_silva,SS,66
brandon_pettigrew,TE,79
tony_scheffler,TE,78
michael_williams,TE,70
joseph_fauria,TE,65
nathan_overbay,TE,65
matt_veldman,TE,63
don_muhlbach,TE,58
calvin_johnson,WR,99
nate_burleson,WR,76
ryan_broyles,WR,73
mike_thomas,WR,73
chastin_west,WR,67
devin_thomas,WR,66
kris_durham,WR,65
corey_fuller,WR,63
terrence_austin,WR,60
patrick_edwards,WR,56
evan_dietrich-smith,C,75
garth_gerhart,C,66
brett_goode,C,63
tramon_williams,CB,86
casey_hayward,CB,86
sam_shields,CB,84
davon_house,CB,74
jarrett_bush,CB,73
micah_hyde,CB,67
ryan_pickett,DT,86
johnny_jolly,DT,74
jordan_miller,DT,68
john_kuhn,RB,88
morgan_burnett,FS,85
jerron_mcmillian,FS,71
eddie_lacy,RB,76
johnathan_franklin,RB,73
james_starks,RB,72
dujuan_harris,RB,72
alex_green,RB,71
mason_crosby,K,73
bj_raji,LE,83
mike_neal,LE,74
mike_daniels,LE,71
josh_sitton,LG,96
greg_van_roten,LG,64
nick_perry,LOLB,76
nate_palmer,LOLB,63
bryan_bulaga,LT,82
david_bakhtiari,LT,66
andrew_datko,LT,62
aj_hawk,MLB,84
brad_jones,MLB,78
robert_francois,MLB,65
terrell_manning,MLB,64
sam_barrington,MLB,61
jamari_lattimore,MLB,56
tim_masthay,P,78
aaron_rodgers,QB,98
graham_harrell,QB,66
bj_coleman,QB,63
datone_jones,RE,74
cj_wilson,RE,72
jerel_worthy,RE,70
josh_boyd,RE,63
tj_lang,RG,85
jc_tretter,RG,69
kevin_hughes,RG,65
clay_matthews,ROLB,95
dezman_moses,ROLB,65
derek_sherrod,RT,75
marshall_newhouse,RT,75
don_barclay,RT,72
md_jennings,SS,76
sean_richardson,SS,65
jermichael_finley,TE,85
andrew_quarless,TE,75
dj_williams,TE,74
matthew_mulligan,TE,72
ryan_taylor,TE,67
jordy_nelson,WR,89
randall_cobb,WR,88
james_jones,WR,87
jarrett_boykin,WR,67
charles_johnson,WR,65
jeremy_ross,WR,64
kevin_dorsey,WR,63
ryan_kalil,C,85
jeff_byers,C,67
captain_munnerlyn,CB,76
josh_norman,CB,74
dj_moore,CB,72
drayton_florence,CB,70
james_dockery,CB,69
josh_thomas,CB,69
star_lotulelei,DT,81
dwan_edwards,DT,79
colin_cole,DT,75
sione_fua,DT,73
frank_kearse,DT,73
kawann_short,DT,73
nate_chandler,DT,63
mike_tolbert,RB,92
richie_brockel,RB,69
haruki_nakamura,FS,74
colin_jones,FS,69
deangelo_williams,RB,82
jonathan_stewart,RB,82
kenjon_barner,RB,69
tauren_poole,RB,68
armond_smith,RB,63
graham_gano,K,76
greg_hardy,LE,90
frank_alexander,LE,67
amini_silatolu,LG,74
edmund_kugbila,LG,66
hayworth_hicks,LG,62
thomas_davis,LOLB,80
jason_williams,LOLB,68
aj_klein,LOLB,67
jordan_gross,LT,88
bruce_campbell,LT,69
patrick_brown,LT,65
luke_kuechly,MLB,89
chase_blackburn,MLB,77
ben_jacobs,MLB,60
brad_nortman,P,69
cam_newton,QB,89
derek_anderson,QB,73
jimmy_clausen,QB,68
charles_johnson,RE,93
mario_addison,RE,72
geoff_hangartner,RG,77
garry_williams,RG,74
jon_beason,ROLB,88
jordan_senn,ROLB,72
doug_hogue,ROLB,66
byron_bell,RT,73
thomas_austin,RT,66
charles_godfrey,SS,80
mike_mitchell,SS,75
anderson_russell,SS,67
dj_campbell,SS,66
greg_olsen,TE,88
ben_hartsock,TE,75
nelson_rosario,TE,65
jj_jansen,TE,49
steve_smith,WR,90
brandon_lafell,WR,77
domenik_hixon,WR,76
ted_ginn,WR,74
david_gettis,WR,70
kealoha_pilares,WR,68
armanti_edwards,WR,66
joe_adams,WR,64
ryan_wendell,C,89
nick_mcdonald,C,65
aqib_talib,CB,86
alfonzo_dennard,CB,81
kyle_arrington,CB,77
ras-i_dowling,CB,74
logan_ryan,CB,70
marquice_cole,CB,69
vince_wilfork,DT,93
tommy_kelly,DT,78
marcus_forston,DT,65
james_develin,RB,65
devin_mccourty,FS,92
steve_gregory,FS,75
tavon_wilson,FS,72
stevan_ridley,RB,85
shane_vereen,RB,78
leon_washington,RB,75
legarrette_blount,RB,75
brandon_bolden,RB,72
stephen_gostkowski,K,89
rob_ninkovich,LE,85
justin_francis,LE,72
jermaine_cunningham,LE,68
michael_buchanan,LE,67
logan_mankins,LG,94
donta_hightower,LOLB,80
aj_edds,LOLB,65
jeff_tarpinian,LOLB,63
nate_solder,LT,85
will_svitek,LT,75
brandon_spikes,MLB,86
dane_fletcher,MLB,70
steve_beauharnais,MLB,65
mike_rivera,MLB,63
zoltan_mesko,P,84
tom_brady,QB,97
ryan_mallett,QB,74
tim_tebow,QB,73
chandler_jones,RE,81
jake_bequette,RE,71
marcus_benard,RE,70
dan_connolly,RG,81
marcus_cannon,RG,74
jerod_mayo,ROLB,94
niko_koutouvides,ROLB,71
jamie_collins,ROLB,69
sebastian_vollmer,RT,91
markus_zusevics,RT,68
adrian_wilson,SS,87
duron_harmon,SS,70
nate_ebner,SS,63
rob_gronkowski,TE,98
jake_ballard,TE,77
daniel_fells,TE,74
michael_hoomanawanui,TE,73
danny_aiken,TE,57
danny_amendola,WR,83
julian_edelman,WR,77
donald_jones,WR,77
michael_jenkins,WR,77
aaron_dobson,WR,72
lavelle_hawkins,WR,71
matthew_slater,WR,70
josh_boyce,WR,67
kamar_aiken,WR,61
stefen_wisniewski,C,85
alex_parsons,C,65
dj_hayden,CB,78
tracy_porter,CB,78
mike_jenkins,CB,77
joselio_hanson,CB,76
phillip_adams,CB,73
chimdi_chekwa,CB,68
coye_francies,CB,67
brandian_ross,CB,66
vance_walker,DT,81
pat_sims,DT,77
christo_bilukidi,DT,66
johnny_jones,DT,64
stacy_mcgee,DT,63
marcel_reece,RB,95
jamize_olawale,RB,65
jon_hoese,RB,63
charles_woodson,FS,85
usama_young,FS,78
cory_nelms,FS,65
darren_mcfadden,RB,87
rashad_jennings,RB,73
taiwan_jones,RB,68
jeremy_stewart,RB,68
latavius_murray,RB,67
sebastian_janikowski,K,94
lamarr_houston,LE,89
andre_carter,LE,80
brandon_bair,LE,68
tony_bergstrom,LG,71
nick_roach,LOLB,78
miles_burris,LOLB,70
kaelin_burnett,LOLB,61
jared_veldheer,LT,90
willie_smith,LT,60
kaluka_maiava,MLB,75
travis_goethel,MLB,63
chris_kluwe,P,79
matt_flynn,QB,78
terrelle_pryor,QB,70
tyler_wilson,QB,69
jason_hunter,RE,74
jack_crawford,RE,64
mike_brisiel,RG,79
lucas_nix,RG,64
kevin_burnett,ROLB,83
sio_moore,ROLB,71
keenan_clayton,ROLB,67
alex_barron,RT,76
khalif_barnes,RT,76
menelik_watson,RT,72
tyvon_branch,SS,89
reggie_smith,SS,74
richard_gordon,TE,73
david_ausberry,TE,71
mychal_rivera,TE,68
nick_kasa,TE,67
jeron_mastrud,TE,67
jon_condo,TE,44
denarius_moore,WR,82
jacoby_ford,WR,74
rod_streater,WR,73
josh_cribbs,WR,72
juron_criner,WR,69
andre_holmes,WR,66
conner_vernon,WR,64
isaiah_williams,WR,62
brice_butler,WR,59
scott_wells,C,80
barrett_jones,C,71
tim_barnes,C,63
cortland_finnegan,CB,88
janoris_jenkins,CB,82
trumaine_johnson,CB,74
brandon_mcgee,CB,67
robert_steeples,CB,65
michael_brockers,DT,82
kendall_langford,DT,81
jermelle_cudjo,DT,68
matthew_conrath,DT,66
lance_kendricks,RB,78
mike_mcneill,RB,63
tj_mcdonald,FS,71
rodney_mcleod,FS,70
quinton_pointer,FS,67
daryl_richardson,RB,74
isaiah_pead,RB,74
zac_stacy,RB,70
chase_reynolds,RB,65
terrance_ganaway,RB,63
greg_zuerlein,K,79
chris_long,LE,88
william_hayes,LE,81
mason_brodine,LE,60
shelley_smith,LG,74
rokevious_watkins,LG,67
jo-lonn_dunbar,LOLB,80
sammy_brown,LOLB,67
jake_long,LT,88
ty_nsekhe,LT,57
james_laurinaitis,MLB,86
josh_hull,MLB,66
jabara_williams,MLB,60
john_hekker,P,73
sam_bradford,QB,85
kellen_clemens,QB,72
austin_davis,QB,68
robert_quinn,RE,78
eugene_sims,RE,71
harvey_dahl,RG,89
chris_williams,RG,76
brandon_washington,RG,61
alec_ogletree,ROLB,77
jonathan_stewart,ROLB,61
rodger_saffold,RT,84
joe_barksdale,RT,69
darian_stewart,SS,77
matt_giordano,SS,73
matthew_daniels,SS,72
jared_cook,TE,87
cory_harkey,TE,69
zach_potter,TE,66
cameron_graham,TE,62
jake_mcquaide,TE,49
tavon_austin,WR,76
chris_givens,WR,75
brian_quick,WR,73
austin_pettis,WR,73
stedman_bailey,WR,71
raymond_radway,WR,62
nick_johnson,WR,54
gino_gradkowski,C,74
aq_shipley,C,73
ryan_jensen,C,67
reggie_stephens,C,65
lardarius_webb,CB,90
corey_graham,CB,80
jimmy_smith,CB,76
chris_johnson,CB,72
chykie_brown,CB,66
asa_jackson,CB,66
marc_anthony,CB,66
terrence_cody,DT,74
brandon_williams,DT,64
kyle_juszczyk,RB,74
michael_huff,FS,83
omar_brown,FS,73
anthony_levine,FS,64
ray_rice,RB,94
bernard_pierce,RB,82
anthony_allen,RB,69
bobby_rainey,RB,68
damien_berry,RB,68
justin_tucker,K,88
chris_canty,LE,85
arthur_jones,LE,77
kapron_lewis-moore,LE,67
kelechi_osemele,LG,80
ramon_harewood,LG,74
terrell_suggs,LOLB,89
pernell_mcphee,LOLB,77
john_simon,LOLB,69
adrian_hamilton,LOLB,57
bryant_mckinnie,LT,81
david_mims,LT,59
daryl_smith,MLB,82
jameel_mcclain,MLB,78
arthur_brown,MLB,74
albert_mcclellan,MLB,69
josh_bynes,MLB,65
bryan_hall,MLB,56
sam_koch,P,90
joe_flacco,QB,93
tyrod_taylor,QB,73
caleb_hanie,QB,70
haloti_ngata,RE,94
marcus_spears,RE,73
deangelo_tyson,RE,61
marshal_yanda,RG,97
ricky_wagner,RG,67
antoine_mcclain,RG,64
elvis_dumervil,ROLB,83
courtney_upshaw,ROLB,79
spencer_adkins,ROLB,66
michael_oher,RT,82
jah_reid,RT,76
matt_elam,SS,78
james_ihedigbo,SS,74
christian_thompson,SS,67
dennis_pitta,TE,87
ed_dickson,TE,77
billy_bajema,TE,69
alex_silvestro,TE,52
morgan_cox,TE,44
torrey_smith,WR,85
jacoby_jones,WR,81
tandon_doss,WR,69
david_reed,WR,67
laquan_williams,WR,64
tommy_streeter,WR,63
aaron_mellette,WR,63
deonte_thompson,WR,61
will_montgomery,C,90
kevin_matthews,C,66
nick_sundberg,C,57
josh_wilson,CB,83
deangelo_hall,CB,81
ej_biggers,CB,74
jerome_murphy,CB,70
richard_crawford,CB,69
david_amerson,CB,69
barry_cofield,DT,83
chris_baker,DT,74
chris_neild,DT,71
ron_brace,DT,70
darrel_young,RB,89
eric_kettani,RB,70
reed_doughty,FS,74
phillip_thomas,FS,72
jordan_pugh,FS,70
jordan_bernstine,FS,64
alfred_morris,RB,89
roy_helu,RB,74
evan_royster,RB,74
keiland_williams,RB,68
chris_thompson,RB,66
jawan_jamison,RB,66
kai_forbath,K,81
jarvis_jenkins,LE,79
adam_carriker,LE,78
kory_lichtensteiger,LG,80
maurice_hurt,LG,69
ryan_kerrigan,LOLB,87
darryl_tapp,LOLB,69
vic_sooto,LOLB,66
trent_williams,LT,89
xavier_nixon,LT,64
tom_compton,LT,63
london_fletcher,MLB,82
perry_riley,MLB,78
bryan_kehl,MLB,66
roddrick_muckelroy,MLB,64
keenan_robinson,MLB,60
sav_rocca,P,77
robert_griffin_iii,QB,89
kirk_cousins,QB,75
rex_grossman,QB,72
pat_white,QB,65
stephen_bowen,RE,81
kedric_golston,RE,72
phillip_merling,RE,70
chris_chester,RG,88
josh_leribeus,RG,69
adam_gettis,RG,65
brian_orakpo,ROLB,90
rob_jackson,ROLB,77
brandon_jenkins,ROLB,64
ricky_elmore,ROLB,62
tyler_polumbus,RT,74
tony_pashos,RT,73
jeremy_trueblood,RT,73
brandon_meriweather,SS,78
dejon_gomes,SS,72
bacarri_rambo,SS,71
devin_holland,SS,59
fred_davis,TE,86
logan_paulsen,TE,75
niles_paul,TE,70
jordan_reed,TE,69
pierre_garcon,WR,87
santana_moss,WR,81
josh_morgan,WR,79
leonard_hankerson,WR,73
devery_henderson,WR,72
aldrick_robinson,WR,69
dezmon_briscoe,WR,68
brian_de_la_puente,C,91
jabari_greer,CB,86
keenan_lewis,CB,83
patrick_robinson,CB,78
corey_white,CB,69
ryan_steed,CB,67
korey_lindsey,CB,63
aj_davis,CB,60
brodrick_bunkley,DT,82
john_jenkins,DT,70
tyrunn_walker,DT,66
isaako_aaitui,DT,63
jed_collins,RB,90
malcolm_jenkins,FS,76
rafael_bush,FS,75
jim_leonhard,FS,75
jerico_nelson,FS,64
darren_sproles,RB,87
pierre_thomas,RB,82
mark_ingram,RB,81
travaris_cadet,RB,68
garrett_hartley,K,76
akiem_hicks,LE,79
kenyon_coleman,LE,78
jay_richardson,LE,72
ben_grubbs,LG,95
eric_olsen,LG,70
victor_butler,LOLB,81
martez_wilson,LOLB,70
baraka_atkins,LOLB,60
charles_brown,LT,74
terron_armstead,LT,68
marcel_jones,LT,62
curtis_lofton,MLB,82
david_hawthorne,MLB,80
jonathan_vilma,MLB,78
chris_chamberlain,MLB,71
will_herring,MLB,70
kevin_reddick,MLB,64
ramon_humber,MLB,64
thomas_morstead,P,94
drew_brees,QB,96
seneca_wallace,QB,72
luke_mccown,QB,72
cameron_jordan,RE,81
tom_johnson,RE,70
greg_romeus,RE,66
jahri_evans,RG,95
ricky_henry,RG,66
andrew_tiller,RG,63
will_smith,ROLB,78
junior_galette,ROLB,77
chase_thomas,ROLB,69
zach_strief,RT,77
jason_smith,RT,75
bryce_harris,RT,66
kenny_vaccaro,SS,80
roman_harper,SS,76
isa_abdul-quddus,SS,72
jimmy_graham,TE,96
benjamin_watson,TE,82
michael_higgins,TE,66
justin_drescher,TE,45
marques_colston,WR,90
lance_moore,WR,85
joseph_morgan,WR,72
chris_givens,WR,71
preston_parker,WR,68
courtney_roby,WR,67
kenny_stills,WR,66
nick_toon,WR,65
andy_tanner,WR,57
jarred_fayson,WR,56
saalim_hakim,WR,52
max_unger,C,92
lemuel_jeanpierre,C,67
richard_sherman,CB,96
antoine_winfield,CB,90
brandon_browner,CB,88
walter_thurmond,CB,72
jeremy_lane,CB,71
byron_maxwell,CB,70
tharold_simon,CB,67
will_blackmon,CB,65
deshawn_shead,CB,63
ron_parker,CB,62
brandon_mebane,DT,85
tony_mcdaniel,DT,77
clinton_mcdonald,DT,71
jesse_williams,DT,69
jaye_howard,DT,66
jordan_hill,DT,66
michael_robinson,RB,87
spencer_ware,RB,65
earl_thomas,FS,91
chris_maragos,FS,65
marshawn_lynch,RB,96
robert_turbin,RB,76
christine_michael,RB,70
steven_hauschka,K,81
michael_bennett,LE,86
red_bryant,LE,80
greg_scruggs,LE,66
james_carpenter,LG,75
john_moffitt,LG,71
alvin_bailey,LG,66
rishaw_johnson,LG,66
kj_wright,LOLB,84
mike_morgan,LOLB,64
korey_toomer,LOLB,61
russell_okung,LT,88
mike_person,LT,63
bobby_wagner,MLB,88
ty_powell,MLB,61
jon_ryan,P,86
russell_wilson,QB,89
tarvaris_jackson,QB,73
brady_quinn,QB,73
chris_clemons,RE,89
cliff_avril,RE,83
bruce_irvin,RE,79
paul_mcquistan,RG,74
_sweezy,RG,73
heath_farwell,ROLB,75
malcolm_smith,ROLB,67
allen_bradford,ROLB,56
breno_giacomini,RT,77
michael_bowie,RT,64
kam_chancellor,SS,90
jeron_johnson,SS,74
winston_guy,SS,67
zach_miller,TE,83
anthony_mccoy,TE,77
luke_willson,TE,63
sean_mcgrath,TE,61
clint_gresham,TE,49
percy_harvin,WR,92
sidney_rice,WR,86
golden_tate,WR,80
doug_baldwin,WR,74
chris_harper,WR,69
brett_swain,WR,66
charly_martin,WR,65
jermaine_kearse,WR,64
stephen_williams,WR,62
phil_bates,WR,61
bryan_walters,WR,60
maurkice_pouncey,C,88
joe_madsen,C,73
greg_warren,C,71
ike_taylor,CB,89
cortez_allen,CB,80
william_gay,CB,77
demarcus_van_dyke,CB,69
curtis_brown,CB,69
terry_hawthorne,CB,67
justin_king,CB,67
ross_ventrone,CB,64
josh_victorian,CB,62
steve_mclendon,DT,79
alameda_taamu,DT,74
hebron_fangupo,DT,63
david_johnson,RB,76
will_johnson,RB,72
ryan_clark,FS,85
robert_golden,FS,65
jonathan_dwyer,RB,76
isaac_redman,RB,74
leveon_bell,RB,73
larod_stephens-howling,RB,72
baron_batch,RB,67
shaun_suisham,K,86
ziggy_hood,LE,77
al_woods,LE,65
ramon_foster,LG,83
john_malecki,LG,67
lamarr_woodley,LOLB,87
chris_carter,LOLB,64
adrian_robinson,LOLB,60
mike_adams,LT,73
kelvin_beachum,LT,66
lawrence_timmons,MLB,91
larry_foote,MLB,75
stevenson_sylvester,MLB,69
brian_rolle,MLB,68
sean_spence,MLB,66
kion_wilson,MLB,65
vince_williams,MLB,61
marshall_mcfadden,MLB,58
brian_moorman,P,77
drew_butler,P,71
ben_roethlisberger,QB,92
bruce_gradkowski,QB,73
landry_jones,QB,67
john_parker_wilson,QB,64
brett_keisel,RE,83
cameron_heyward,RE,77
nicholas_williams,RE,63
david_decastro,RG,79
jason_worilds,ROLB,78
jarvis_jones,ROLB,76
marcus_gilbert,RT,78
guy_whimper,RT,73
joe_long,RT,59
troy_polamalu,SS,95
shamarko_thomas,SS,72
damon_cromartie-smith,SS,65
heath_miller,TE,88
matt_spaeth,TE,80
david_paulson,TE,69
jamie_mccoy,TE,66
zack_pianalto,TE,63
antonio_brown,WR,86
emmanuel_sanders,WR,76
jerricho_cotchery,WR,75
plaxico_burress,WR,74
markus_wheaton,WR,70
justin_brown,WR,62
david_gilreath,WR,58
kashif_moore,WR,57
chris_myers,C,93
cody_white,C,62
johnathan_joseph,CB,89
kareem_jackson,CB,85
brice_mccain,CB,76
brandon_harris,CB,71
roc_carmichael,CB,65
earl_mitchell,DT,77
terrell_mcclain,DT,70
chris_jones,DT,66
greg_jones,RB,89
tyler_clutts,RB,70
ed_reed,FS,86
dj_swearinger,FS,75
shiloh_keo,FS,67
arian_foster,RB,95
ben_tate,RB,81
deji_karim,RB,69
ray_graham,RB,68
cierre_wood,RB,67
dennis_johnson,RB,66
randy_bullock,K,66
jj_watt,LE,99
tim_jamison,LE,76
david_hunter,LE,65
rashon_harris,LE,65
wade_smith,LG,84
brooks_reed,LOLB,79
bryan_braman,LOLB,68
sam_montgomery,LOLB,66
duane_brown,LT,96
ryan_harris,LT,70
david_quessenberry,LT,62
nick_mondek,LT,57
brian_cushing,MLB,90
darryl_sharpton,MLB,73
tim_dobbins,MLB,72
mike_mohamed,MLB,61
cameron_collins,MLB,58
shane_lechler,P,89
matt_schaub,QB,87
tj_yates,QB,74
stephen_mcgee,QB,66
case_keenum,QB,65
antonio_smith,RE,90
jared_crick,RE,69
ben_jones,RG,74
brandon_brooks,RG,68
whitney_mercilus,ROLB,77
trevardo_williams,ROLB,63
derek_newton,RT,73
brennan_williams,RT,71
andrew_gardner,RT,68
danieal_manning,SS,84
eddie_pleasant,SS,68
owen_daniels,TE,87
garrett_graham,TE,78
ryan_griffin,TE,67
phillip_supernaw,TE,65
jonathan_weeks,TE,45
andre_johnson,WR,97
deandre_hopkins,WR,74
lestar_jean,WR,68
devier_posey,WR,67
keshawn_martin,WR,67
jeff_maehl,WR,62
alan_bonner,WR,62
fernando_velasco,C,82
brian_schwenke,C,71
jason_mccourty,CB,88
alterraun_verner,CB,83
blidi_wreh-wilson,CB,73
coty_sensabaugh,CB,71
tommie_campbell,CB,70
khalid_wooten,CB,68
jurrell_casey,DT,88
mike_martin,DT,82
sammie_hill,DT,79
karl_klug,DT,77
ropati_pitoitua,DT,76
antonio_johnson,DT,73
zach_clayton,DT,66
dajohn_harris,DT,64
craig_stevens,RB,79
quinn_johnson,RB,68
michael_griffin,FS,78
robert_johnson,FS,69
tracy_wilson,FS,67
chris_johnson,RB,87
shonn_greene,RB,79
darius_reynaud,RB,74
jalen_parmele,RB,69
rob_bironas,K,88
derrick_morgan,LE,88
thaddeus_gibson,LE,69
lavar_edwards,LE,68
andy_levitre,LG,96
chris_spencer,LG,75
kasey_studdard,LG,74
akeem_ayers,LOLB,79
tim_shaw,LOLB,69
patrick_bailey,LOLB,67
michael_roos,LT,91
michael_otto,LT,70
barry_richardson,LT,69
colin_mccarthy,MLB,74
moise_fokou,MLB,73
greg_jones,MLB,66
brett_kern,P,82
jake_locker,QB,77
ryan_fitzpatrick,QB,76
rusty_smith,QB,65
nathan_enderle,QB,65
kamerion_wimbley,RE,82
keyunta_dawson,RE,67
scott_solomon,RE,66
chance_warmack,RG,84
robert_turner,RG,73
zach_brown,ROLB,79
zaviar_gooden,ROLB,65
david_stewart,RT,90
byron_stingily,RT,69
daniel_baldridge,RT,68
george_wilson,SS,85
bernard_pollard,SS,85
al_afalava,SS,73
markelle_martin,SS,67
delanie_walker,TE,83
taylor_thompson,TE,71
brandon_barden,TE,62
beau_brinkley,TE,53
kenny_britt,WR,83
nate_washington,WR,78
kendall_wright,WR,78
kevin_walter,WR,74
damian_williams,WR,72
justin_hunter,WR,71
marc_mariani,WR,69
roberto_wallace,WR,66
diondre_borel,WR,65
michael_preston,WR,61
john_sullivan,C,95
joe_berger,C,74
chris_cook,CB,79
xavier_rhodes,CB,74
jacob_lacey,CB,73
josh_robinson,CB,73
aj_jefferson,CB,71
brandon_burton,CB,68
marcus_sherels,CB,67
greg_mccoy,CB,59
kevin_williams,DT,90
sharrif_floyd,DT,78
fred_evans,DT,76
letroy_guion,DT,75
christian_ballard,DT,73
everett_dawkins,DT,66
jerome_felton,RB,88
matt_asiata,RB,61
harrison_smith,FS,84
jamarca_sanford,FS,77
andrew_sendejo,FS,65
adrian_peterson,RB,99
toby_gerhart,RB,74
joe_banyard,RB,70
blair_walsh,K,92
brian_robison,LE,87
lawrence_jackson,LE,75
daundre_reed,LE,67
charlie_johnson,LG,79
troy_kropog,LG,74
jeff_baca,LG,71
chad_greenway,LOLB,87
marvin_mitchell,LOLB,69
audie_cole,LOLB,67
matt_kalil,LT,87
demarcus_love,LT,63
desmond_bishop,MLB,83
erin_henderson,MLB,80
michael_mauti,MLB,66
tyrone_mckenzie,MLB,65
jeff_locke,P,68
christian_ponder,QB,78
matt_cassel,QB,76
mcleod_bethel-thompson,QB,64
jared_allen,RE,89
everson_griffen,RE,78
george_johnson,RE,66
brandon_fusco,RG,76
seth_olsen,RG,66
travis_bond,RG,66
gerald_hodges,ROLB,70
larry_dean,ROLB,62
phil_loadholt,RT,86
brandon_keith,RT,74
mistral_raymond,SS,76
robert_blanton,SS,71
kyle_rudolph,TE,86
john_carlson,TE,81
rhett_ellison,TE,80
cullen_loeffler,TE,67
greg_jennings,WR,88
jerome_simpson,WR,74
cordarrelle_patterson,WR,73
jarius_wright,WR,68
stephen_burton,WR,66
greg_childs,WR,65
joe_webb,WR,64
