name,pos,pts,pts_ppr,year
demarco_murray,RB,294.0,351.1,2014
leveon_bell,RB,288.0,370.5,2014
marshawn_lynch,RB,265.0,302.3,2014
antonio_brown,WR,252.0,386.9,2014
matt_forte,RB,245.0,346.6,2014
arian_foster,RB,236.0,273.5,2014
eddie_lacy,RB,231.0,272.6,2014
jordy_nelson,WR,230.0,327.9,2014
demaryius_thomas,WR,230.0,340.9,2014
dez_bryant,WR,228.0,316.0,2014
rob_gronkowski,TE,184.0,266.4,2014
aaron_rodgers,QB,358.0,354.1,2014
jamaal_charles,RB,210.0,250.4,2014
andrew_luck,QB,356.0,351.7,2014
justin_forsett,RB,205.0,246.9,2014
odell_beckham,WR,204.0,295.0,2014
randall_cobb,WR,202.0,293.4,2014
emmanuel_sanders,WR,201.0,301.8,2014
julio_jones,WR,193.0,297.4,2014
jeremy_maclin,WR,192.0,276.8,2014
lamar_miller,RB,185.0,223.4,2014
russell_wilson,QB,332.0,330.6,2014
jeremy_hill,RB,184.0,210.9,2014
antonio_gates,TE,154.0,223.1,2014
cj_anderson,RB,177.0,211.3,2014
ty_hilton,WR,179.0,258.5,2014
jimmy_graham,TE,145.0,229.9,2014
mike_evans,WR,177.0,245.1,2014
alshon_jeffery,WR,177.0,261.6,2014
lesean_mccoy,RB,171.0,199.4,2014
alfred_morris,RB,171.0,187.9,2014
peyton_manning,QB,313.0,312.7,2014
joique_bell,RB,166.0,198.2,2014
greg_olsen,TE,137.0,220.8,2014
ben_roethlisberger,QB,310.0,306.2,2014
mark_ingram,RB,163.0,191.9,2014
martellus_bennett,TE,132.0,221.6,2014
drew_brees,QB,305.0,304.0,2014
golden_tate,WR,162.0,259.1,2014
coby_fleener,TE,125.0,176.4,2014
calvin_johnson,WR,156.0,226.7,2014
deandre_hopkins,WR,155.0,231.0,2014
kelvin_benjamin,WR,155.0,225.8,2014
matt_asiata,RB,150.0,194.2,2014
julius_thomas,TE,121.0,163.9,2014
desean_jackson,WR,154.0,209.6,2014
frank_gore,RB,148.0,158.7,2014
giovani_bernard,RB,145.0,187.9,2014
delanie_walker,TE,113.0,176.0,2014
mike_wallace,WR,146.0,212.8,2014
travis_kelce,TE,110.0,177.2,2014
torrey_smith,WR,143.0,191.7,2014
matt_ryan,QB,284.0,284.3,2014
steve_smith,WR,141.0,219.5,2014
chris_ivory,RB,134.0,152.4,2014
tom_brady,QB,280.0,278.1,2014
anquan_boldin,WR,137.0,219.6,2014
brandon_lafell,WR,137.0,210.6,2014
aj_green,WR,136.0,205.3,2014
ryan_tannehill,QB,279.0,279.5,2014
andre_ellington,RB,132.0,177.5,2014
jordan_matthews,WR,135.0,202.2,2014
jason_witten,TE,100.0,164.3,2014
sammy_watkins,WR,133.0,198.0,2014
julian_edelman,WR,133.0,228.6,2014
roddy_white,WR,132.0,212.1,2014
eli_manning,QB,270.0,269.5,2014
andre_williams,WR,127.0,145.1,2014
heath_miller,TE,94.0,160.1,2014
fred_jackson,RB,123.0,188.6,2014
eric_decker,WR,126.0,200.2,2014
steven_jackson,RB,122.0,141.5,2014
jonathan_stewart,RB,121.0,146.0,2014
tony_romo,QB,266.0,266.3,2014
bradie_ewing,,,,2014
philip_rivers,QB,266.0,265.6,2014
mohamed_sanu,WR,123.0,179.3,2014
richie_brockel,,,,2014
joe_flacco,QB,262.0,262.4,2014
jay_cutler,QB,256.0,255.6,2014
matthew_stafford,QB,254.0,251.6,2014
colin_kaepernick,QB,251.0,250.7,2014
cam_newton,QB,249.0,249.0,2014
andy_dalton,QB,225.0,225.6,2014
alex_smith,QB,224.0,220.0,2014
derek_carr,QB,192.0,192.0,2014
teddy_bridgewater,QB,180.0,179.7,2014
ryan_fitzpatrick,QB,180.0,179.7,2014
kyle_orton,QB,176.0,176.1,2014
blake_bortles,QB,174.0,168.2,2014
brian_hoyer,QB,159.0,156.9,2014
geno_smith,QB,157.0,150.8,2014
mark_sanchez,QB,139.0,139.4,2014
josh_mccown,QB,127.0,126.9,2014
malcom_floyd,WR,122.0,173.6,2014
nick_foles,QB,119.0,119.3,2014
tre_mason,RB,119.0,135.3,2014
eddie_royal,WR,119.0,181.2,2014
marques_colston,WR,118.0,177.2,2014
michael_floyd,WR,118.0,165.3,2014
brandon_marshall,WR,118.0,179.1,2014
ahmad_bradshaw,RB,117.0,154.5,2014
shane_vereen,RB,114.0,165.8,2014
isaiah_crowell,RB,113.0,122.4,2014
rueben_randle,WR,112.0,182.8,2014
kenny_stills,WR,111.0,173.9,2014
kendall_wright,WR,111.0,167.9,2014
vincent_jackson,WR,110.0,180.2,2014
greg_jennings,WR,110.0,169.2,2014
terrance_williams,WR,110.0,147.1,2014
rashad_jennings,RB,109.0,138.5,2014
branden_oliver,RB,109.0,145.3,2014
austin_davis,QB,108.0,107.6,2014
andre_johnson,WR,106.0,190.6,2014
carson_palmer,QB,106.0,103.5,2014
darren_sproles,RB,106.0,157.6,2014
martavis_bryant,WR,104.0,130.1,2014
allen_hurns,WR,104.0,154.7,2014
terrance_west,RB,102.0,112.7,2014
doug_baldwin,WR,101.0,167.3,2014
james_jones,WR,101.0,173.6,2014
robert_woods,WR,100.0,164.9,2014
john_brown,WR,99.0,147.0,2014
knile_davis,RB,99.0,121.0,2014
keenan_allen,WR,98.0,175.3,2014
jarvis_landry,WR,97.0,181.4,2014
andrew_hawkins,WR,96.0,158.9,2014
drew_stanton,QB,95.0,94.7,2014
kenny_britt,WR,94.0,142.2,2014
michael_crabtree,WR,94.0,162.2,2014
pierre_garcon,WR,93.0,161.2,2014
andre_holmes,WR,93.0,140.3,2014
chris_johnson,RB,91.0,115.4,2014
trent_richardson,RB,91.0,117.8,2014
denard_robinson,WR,91.0,113.6,2014
larry_donnell,TE,90.0,153.3,2014
larry_fitzgerald,WR,90.0,151.4,2014
mike_glennon,QB,90.0,89.6,2014
reggie_wayne,WR,90.0,151.9,2014
robert_griffin,QB,89.0,87.4,2014
shaun_hill,QB,89.0,90.3,2014
dwayne_allen,RB,88.0,116.5,2014
legarrette_blount,RB,88.0,98.1,2014
kirk_cousins,QB,88.0,88.4,2014
charlie_whitehurst,QB,87.0,87.0,2014
brandin_cooks,WR,86.0,139.3,2014
zach_ertz,TE,86.0,144.2,2014
roy_helu,WR,85.0,127.3,2014
darren_mcfadden,RB,85.0,120.6,2014
alfred_blue,RB,82.0,97.1,2014
jared_cook,TE,81.0,133.4,2014
ronnie_hillman,RB,81.0,102.3,2014
benny_cunningham,RB,80.0,124.8,2014
charles_clay,TE,79.0,136.5,2014
percy_harvin,WR,79.0,129.5,2014
bobby_rainey,RB,78.0,111.1,2014
bishop_sankey,RB,78.0,96.2,2014
pierre_thomas,RB,78.0,123.0,2014
markus_wheaton,WR,78.0,131.3,2014
jarius_wright,WR,78.0,119.9,2014
dwayne_bowe,WR,77.0,135.4,2014
owen_daniels,TE,77.0,124.7,2014
nate_washington,WR,77.0,116.7,2014
jermaine_gresham,TE,76.0,138.0,2014
mychal_rivera,TE,75.0,133.4,2014
riley_cooper,WR,74.0,128.7,2014
jonas_gray,RB,72.0,72.9,2014
zach_mettenberger,QB,71.0,70.9,2014
harry_douglas,WR,70.0,120.6,2014
devin_hester,WR,70.0,114.0,2014
miles_austin,WR,69.0,115.8,2014
taylor_gabriel,WR,69.0,105.1,2014
latavius_murray,RB,69.0,85.7,2014
allen_robinson,WR,69.0,116.8,2014
scott_chandler,TE,68.0,114.7,2014
justin_hunter,WR,68.0,95.8,2014
doug_martin,RB,68.0,80.8,2014
reggie_bush,RB,67.0,107.0,2014
jerick_mckinnon,RB,67.0,94.3,2014
cecil_shorts,WR,67.0,118.0,2014
ben_tate,RB,67.0,76.1,2014
jerricho_cotchery,WR,66.0,114.0,2014
hakeem_nicks,WR,65.0,102.5,2014
antone_smith,RB,65.0,77.6,2014
lorenzo_taliaferro,RB,65.0,70.6,2014
jermaine_kearse,WR,64.0,99.9,2014
jake_locker,QB,64.0,63.9,2014
donte_moncrief,WR,64.0,96.1,2014
davante_adams,WR,63.0,100.6,2014
chris_hogan,WR,63.0,103.6,2014
colt_mccoy,QB,63.0,62.9,2014
cole_beasley,WR,62.0,99.0,2014
carlos_hyde,RB,62.0,74.1,2014
steve_johnson,WR,62.0,96.5,2014
tim_wright,WR,62.0,87.7,2014
toby_gerhart,RB,61.0,81.2,2014
theo_riddick,RB,61.0,94.7,2014
anthony_dixon,RB,60.0,68.1,2014
charles_johnson,WR,60.0,91.4,2014
jeremy_kerley,WR,60.0,93.5,2014
cordarrelle_patterson,WR,60.0,93.1,2014
robert_turbin,RB,60.0,75.6,2014
tavon_austin,WR,59.0,95.6,2014
brian_hartline,WR,59.0,98.4,2014
ej_manuel,QB,59.0,58.7,2014
james_starks,RB,59.0,77.3,2014
ryan_mathews,RB,58.0,66.9,2014
wes_welker,WR,58.0,107.4,2014
devonta_freeman,RB,57.0,87.3,2014
khiry_robinson,RB,57.0,64.5,2014
lance_kendricks,TE,56.0,82.9,2014
brian_quick,WR,56.0,80.5,2014
luke_willson,TE,56.0,76.2,2014
niles_paul,WR,55.0,93.7,2014
andre_roberts,WR,55.0,91.4,2014
stepfan_taylor,RB,55.0,65.7,2014
jordan_cameron,TE,54.0,78.4,2014
dan_herron,RB,54.0,75.4,2014
andrew_quarless,TE,54.0,79.3,2014
jacquizz_rodgers,RB,53.0,80.0,2014
derek_anderson,QB,52.0,50.4,2014
preston_parker,WR,52.0,87.8,2014
stedman_bailey,WR,51.0,86.8,2014
travis_benjamin,WR,51.0,68.5,2014
shonn_greene,RB,51.0,51.5,2014
joseph_randle,RB,51.0,54.6,2014
louis_murphy,WR,50.0,81.0,2014
jordan_todman,RB,50.0,75.4,2014
jace_amaro,WR,49.0,84.5,2014
corey_brown,WR,49.0,76.1,2014
anthony_fasano,TE,49.0,71.6,2014
marqise_lee,WR,49.0,86.1,2014
josh_hill,TE,48.0,61.6,2014
bernard_pierce,RB,48.0,49.9,2014
stevan_ridley,RB,48.0,52.0,2014
juwan_thompson,RB,48.0,51.7,2014
cj_spiller,RB,47.0,71.5,2014
zac_stacy,RB,47.0,64.5,2014
kamar_aiken,WR,45.0,68.7,2014
jordan_reed,TE,45.0,94.5,2014
michael_vick,QB,45.0,43.5,2014
donald_brown,RB,43.0,72.4,2014
john_carlson,RB,43.0,76.0,2014
jeff_cumberland,TE,43.0,65.7,2014
chris_polk,RB,43.0,50.8,2014
charles_sims,RB,42.0,60.5,2014
jason_avant,WR,41.0,75.4,2014
daniel_fells,TE,41.0,56.8,2014
damaris_johnson,WR,41.0,72.0,2014
daniel_thomas,RB,41.0,53.9,2014
brice_butler,WR,40.0,61.0,2014
victor_cruz,WR,40.0,62.7,2014
dion_sims,WR,40.0,64.4,2014
darrel_young,RB,40.0,51.3,2014
marcel_reece,RB,39.0,76.0,2014
brent_celek,TE,38.0,70.0,2014
vernon_davis,TE,37.0,62.9,2014
clay_harbor,TE,37.0,60.9,2014
dexter_mccluster,RB,37.0,62.8,2014
damien_williams,RB,37.0,57.9,2014
brandon_gibson,WR,36.0,64.5,2014
jaron_brown,WR,35.0,56.9,2014
travaris_cadet,RB,35.0,72.8,2014
gavin_escobar,TE,35.0,43.5,2014
marcedes_lewis,TE,35.0,50.6,2014
brandon_lloyd,WR,35.0,49.4,2014
richard_rodgers,TE,35.0,54.5,2014
kyle_rudolph,TE,35.0,59.1,2014
lance_moore,WR,34.0,47.8,2014
levine_toilolo,TE,34.0,64.8,2014
leon_washington,RB,34.0,53.6,2014
paul_richardson,WR,33.0,62.1,2014
jeremy_ross,WR,33.0,57.3,2014
deanthony_thomas,WR,33.0,61.9,2014
fozzy_whittaker,RB,33.0,37.5,2014
lance_dunbar,RB,32.0,49.6,2014
chase_ford,TE,32.0,54.8,2014
ricardo_lockette,WR,32.0,42.7,2014
austin_seferian-jenkins,TE,32.0,53.1,2014
eric_ebron,TE,31.0,55.8,2014
derek_hagan,WR,31.0,50.4,2014
cooper_helfet,TE,31.0,42.5,2014
jim_dray,TE,30.0,47.2,2014
josh_gordon,WR,30.0,54.3,2014
chad_henne,QB,30.0,30.2,2014
bruce_miller,RB,30.0,47.8,2014
rhett_ellison,TE,29.0,47.8,2014
bilal_powell,RB,29.0,40.3,2014
bryce_brown,RB,28.0,44.2,2014
ben_watson,TE,28.0,45.6,2014
montee_ball,RB,27.0,36.4,2014
bruce_ellington,WR,27.0,33.0,2014
kenbrell_thompkins,WR,27.0,47.7,2014
danny_amendola,WR,26.0,53.0,2014
marlon_brown,WR,26.0,49.5,2014
garrett_graham,TE,26.0,43.7,2014
rishard_matthews,WR,26.0,37.8,2014
nick_toon,WR,26.0,42.9,2014
kerwynn_williams,RB,26.0,27.7,2014
albert_wilson,WR,26.0,42.0,2014
corey_fuller,WR,25.0,39.2,2014
greg_salas,WR,25.0,32.7,2014
brandon_tate,WR,25.0,42.4,2014
jack_doyle,TE,24.0,41.8,2014
jonathan_grimes,RB,24.0,29.9,2014
silas_redd,RB,24.0,32.2,2014
deangelo_williams,RB,24.0,29.3,2014
matt_cassel,QB,23.0,22.8,2014
ladarius_green,TE,23.0,41.6,2014
case_keenum,QB,23.0,22.9,2014
kadeem_carey,RB,22.0,26.5,2014
chris_givens,WR,22.0,33.3,2014
ryan_lindley,QB,22.0,22.5,2014
knowshon_moreno,RB,22.0,22.6,2014
chris_owusu,WR,22.0,28.1,2014
eric_weems,WR,22.0,32.2,2014
brenton_bersin,WR,21.0,34.1,2014
jacob_tamme,TE,21.0,34.9,2014
ted_ginn,WR,20.0,40.0,2014
peyton_hillis,RB,20.0,30.2,2014
storm_johnson,RB,20.0,21.2,2014
kyle_juszczyk,RB,20.0,39.2,2014
ryan_mallett,QB,20.0,19.8,2014
adam_thielen,WR,20.0,27.7,2014
brandon_weeden,QB,20.0,20.0,2014
mike_williams,WR,20.0,28.2,2014
marquess_wilson,WR,20.0,37.0,2014
joe_mcknight,RB,19.0,24.7,2014
christine_michael,RB,19.0,19.7,2014
tony_moeaki,TE,19.0,27.4,2014
brandon_myers,WR,19.0,41.0,2014
james_casey,TE,18.0,20.9,2014
ed_dickson,TE,18.0,27.5,2014
crockett_gillmore,TE,18.0,28.1,2014
austin_pettis,WR,18.0,29.8,2014
maurice_jones-drew,RB,17.0,27.7,2014
matt_hasselbeck,QB,17.0,16.9,2014
john_kuhn,RB,17.0,20.8,2014
mike_tolbert,RB,17.0,29.1,2014
donnie_avery,WR,16.0,30.6,2014
gary_barnidge,TE,16.0,28.6,2014
brandon_bolden,RB,16.0,17.7,2014
michael_campanaro,WR,16.0,23.2,2014
jimmy_clausen,QB,16.0,15.8,2014
jonathan_dwyer,RB,16.0,13.9,2014
dontrelle_inman,WR,16.0,27.8,2014
josh_morgan,WR,16.0,26.0,2014
joe_morgan,WR,16.0,19.9,2014
joe_banyard,RB,15.0,24.0,2014
joseph_fauria,TE,15.0,21.4,2014
tj_graham,WR,15.0,17.7,2014
ryan_griffin,TE,15.0,25.1,2014
robert_hughes,RB,15.0,23.1,2014
zurlon_tipton,RB,15.0,20.6,2014
rex_burkhead,RB,14.0,20.6,2014
virgil_green,TE,14.0,19.7,2014
cory_harkey,TE,14.0,21.5,2014
jamize_olawale,RB,14.0,18.8,2014
anthony_sherman,RB,14.0,23.9,2014
rod_streater,WR,14.0,23.4,2014
brian_tyms,WR,14.0,19.2,2014
orleans_darkwa,RB,13.0,18.1,2014
marqueis_gray,TE,13.0,22.4,2014
marion_grice,RB,13.0,20.0,2014
rob_housler,TE,13.0,22.0,2014
dennis_pitta,TE,13.0,28.5,2014
matt_spaeth,TE,13.0,15.6,2014
vincent_brown,WR,12.0,23.8,2014
chase_coffman,TE,12.0,18.4,2014
jed_collins,RB,12.0,16.8,2014
john_conner,RB,12.0,13.5,2014
patrick_dimarco,RB,12.0,21.2,2014
jimmy_garoppolo,QB,12.0,12.2,2014
robert_herron,WR,12.0,17.8,2014
johnny_manziel,QB,12.0,11.9,2014
santana_moss,WR,12.0,21.6,2014
logan_paulsen,WR,12.0,24.8,2014
christian_ponder,QB,12.0,12.5,2014
dante_rosario,RB,12.0,27.6,2014
james_wright,WR,12.0,17.1,2014
ronnie_brown,RB,11.0,15.7,2014
derek_carrier,TE,11.0,19.7,2014
chris_gragg,WR,11.0,17.8,2014
junior_hemingway,WR,11.0,22.8,2014
jacoby_jones,WR,11.0,25.7,2014
robert_meachem,WR,11.0,18.4,2014
chris_ogbonnaya,RB,11.0,11.0,2014
darrin_reaves,RB,11.0,15.9,2014
adrien_robinson,TE,11.0,16.0,2014
corey_washington,WR,11.0,16.2,2014
jackie_battle,RB,10.0,14.7,2014
austin_johnson,RB,10.0,11.7,2014
brian_leonhardt,TE,10.0,15.5,2014
denarius_moore,WR,10.0,21.6,2014
kevin_norwood,WR,10.0,19.2,2014
lee_smith,TE,10.0,17.2,2014
chris_thompson,RB,10.0,15.9,2014
derrick_coleman,RB,9.0,10.9,2014
cj_fiedorowicz,TE,9.0,12.8,2014
cyrus_gray,RB,9.0,9.1,2014
ryan_hewitt,TE,9.0,18.6,2014
josh_huff,WR,9.0,22.5,2014
aj_jenkins,WR,9.0,18.1,2014
david_nelson,WR,9.0,14.5,2014
adrian_peterson,RB,9.0,11.3,2014
zach_sudfeld,TE,9.0,13.5,2014
frank_summers,RB,9.0,13.6,2014
chase_daniel,QB,8.0,7.8,2014
dujuan_harris,RB,8.0,8.5,2014
dwayne_harris,WR,8.0,15.3,2014
nic_jacobs,TE,8.0,9.6,2014
keshawn_martin,WR,8.0,13.8,2014
zach_miller,TE,8.0,13.6,2014
dane_sanzenbacher,WR,8.0,17.4,2014
will_taufoou,RB,8.0,15.1,2014
justin_brown,WR,7.0,19.4,2014
mike_brown,WR,7.0,13.8,2014
darren_fells,TE,7.0,12.1,2014
ryan_grant,WR,7.0,13.8,2014
santonio_holmes,WR,7.0,14.7,2014
greg_little,WR,7.0,12.9,2014
erik_lorig,RB,7.0,16.1,2014
cedric_peerman,RB,7.0,10.0,2014
brandon_pettigrew,TE,7.0,17.0,2014
logan_thomas,QB,7.0,7.2,2014
george_winn,RB,7.0,7.3,2014
danny_woodhead,RB,7.0,12.2,2014
dri_archer,WR,6.0,13.3,2014
brandon_bostick,TE,6.0,8.3,2014
blaine_gabbert,QB,6.0,6.0,2014
jorvorskie_lane,RB,6.0,7.1,2014
brock_osweiler,QB,6.0,6.1,2014
michael_palmer,TE,6.0,7.1,2014
bear_pascoe,TE,6.0,8.3,2014
john_phillips,TE,6.0,7.1,2014
russell_shepard,WR,6.0,10.3,2014
bryan_walters,WR,6.0,11.5,2014
james_white,RB,6.0,11.1,2014
seyi_ajirotutu,WR,5.0,8.5,2014
andre_caldwell,WR,5.0,9.7,2014
garrett_celek,TE,5.0,7.3,2014
james_develin,RB,5.0,10.8,2014
kris_durham,WR,5.0,11.4,2014
marquise_goodwin,WR,5.0,6.0,2014
frankie_hammond,WR,5.0,8.5,2014
james_hanna,TE,5.0,8.8,2014
jeff_maehl,WR,5.0,9.6,2014
matt_mcgloin,QB,5.0,5.5,2014
kevin_ogletree,WR,5.0,10.0,2014
trey_watts,RB,5.0,7.8,2014
michael_cox,RB,4.0,6.2,2014
aaron_dobson,WR,4.0,6.8,2014
tyler_eifert,TE,4.0,6.7,2014
michael_hoomanawanui,TE,4.0,7.4,2014
jerrel_jernigan,WR,4.0,9.8,2014
will_johnson,RB,4.0,10.1,2014
troy_niklas,TE,4.0,6.8,2014
quinton_patton,WR,4.0,7.4,2014
ace_sanders,WR,4.0,9.5,2014
connor_shaw,QB,4.0,4.0,2014
luke_stocker,WR,4.0,11.1,2014
fitzgerald_toussaint,RB,4.0,6.9,2014
brandon_williams,TE,4.0,8.4,2014
tommy_bohanon,RB,3.0,5.3,2014
ryan_broyles,WR,3.0,4.5,2014
jerome_felton,RB,3.0,2.7,2014
mike_james,RB,3.0,4.2,2014
devier_posey,WR,3.0,4.0,2014
alfonso_smith,RB,3.0,6.0,2014
craig_stevens,TE,3.0,4.6,2014
phillip_supernaw,TE,3.0,6.0,2014
ray_agnew,RB,2.0,4.7,2014
jarrett_boykin,WR,2.0,5.3,2014
cameron_brate,TE,2.0,2.7,2014
kevin_brock,TE,2.0,7.1,2014
shaun_draughn,RB,2.0,1.9,2014
demetrius_harris,TE,2.0,5.0,2014
josh_harris,RB,2.0,1.6,2014
gator_hoskins,TE,2.0,5.1,2014
jeff_janis,WR,2.0,3.6,2014
cody_latimer,WR,2.0,4.3,2014
brian_leonard,RB,2.0,2.5,2014
ryan_nassib,QB,2.0,2.1,2014
solomon_patton,WR,2.0,1.9,2014
jay_prosch,RB,2.0,3.4,2014
matt_simms,QB,2.0,1.8,2014
kiero_small,,2.0,,2014
jeremy_stewart,RB,2.0,2.2,2014
devin_street,WR,2.0,3.8,2014
taylor_thompson,TE,2.0,4.4,2014
joe_webb,QB,2.0,2.6,2014
antonio_andrews,RB,1.0,3.1,2014
david_ausberry,TE,1.0,3.4,2014
trey_burton,TE,1.0,1.0,2014
jason_campbell,QB,1.0,1.1,2014
josh_cribbs,WR,1.0,1.8,2014
darrius_heyward-bey,WR,1.0,4.3,2014
henry_hynoski,RB,1.0,1.3,2014
lamichael_james,RB,1.0,0.9,2014
marcel_jensen,TE,1.0,1.8,2014
tavarres_king,WR,1.0,3.3,2014
vance_mcdonald,TE,1.0,3.0,2014
matt_moore,QB,1.0,0.6,2014
aldrick_robinson,WR,1.0,1.6,2014
courtney_roby,WR,1.0,2.1,2014
brad_smith,WR,1.0,2.1,2014
micheal_spurlock,WR,1.0,1.8,2014
will_tukuafu,RB,1.0,1.6,2014
damian_williams,WR,1.0,2.4,2014
tj_yates,QB,1.0,0.6,2014
jared_abbrederis,,,,2014
dj_adams,,,,2014
rashaun_allen,,,,2014
blake_annen,,,,2014
edwin_baker,RB,,0.2,2014
vick_ballard,,,,2014
brandon_barden,,,,2014
matt_barkley,QB,,,2014
kenjon_barner,,,,2014
phil_bates,,,,2014
alex_bayer,,,,2014
josh_bellamy,,,,2014
tim_benford,,,,2014
kapri_bibbs,,,,2014
justin_blackmon,,,,2014
emory_blake,,,,2014
matt_blanchard,,,,2014
rob_blanchflower,,,,2014
ted_bolser,,,,2014
alan_bonner,,,,2014
josh_boyce,,,,2014
allen_bradford,,,,2014
sam_bradford,,,,2014
tyler_bray,,,,2014
michael_bush,,,,2014
jeremy_butler,,,,2014
laron_byrd,,,,2014
jake_byrne,,,,2014
brelon_chancellor,,,,2014
orson_charles,,,,2014
jamie_childers,,,,2014
kellen_clemens,QB,,0.4,2014
asante_cleveland,,,,2014
tyler_clutts,RB,,1.1,2014
brandon_coleman,,,,2014
kain_colter,,,,2014
kevin_cone,,,,2014
damian_copeland,,,,2014
tom_crabtree,,,,2014
juron_criner,,,,2014
bj_cunningham,,,,2014
justice_cunningham,,,,2014
bj_daniels,,,,2014
dominique_davis,,,,2014
jace_davis,,,,2014
kellen_davis,,,,2014
skye_dawson,,,,2014
jeff_demps,,,,2014
anthony_denham,,,,2014
dennis_dixon,,,,2014
kevin_dorsey,WR,,1.4,2014
tandon_doss,,,,2014
reggie_dunn,,,,2014
zac_dysert,,,,2014
patrick_edwards,,,,2014
quincy_enunwa,,,,2014
shaquelle_evans,,,,2014
david_fales,,,,2014
tony_fiammetta,,,,2014
bennie_fowler,,,,2014
tyler_gaffney,,,,2014
kendall_gaskins,,,,2014
garrett_gilbert,,,,2014
alex_gillett,,,,2014
mike_gillislee,,,,2014
brittan_golden,,,,2014
richard_gordon,,,,2014
bruce_gradkowski,QB,,-0.2,2014
ryan_griffin,,,,2014
xavier_grimble,,,,2014
saalim_hakim,,,,2014
cobi_hamilton,,,,2014
leonard_hankerson,,,,2014
andre_hardy,,,,2014
chandler_harnish,,,,2014
chris_harper,,,,2014
clark_harris,,,,2014
travis_harvey,,,,2014
micah_hatfield,,,,2014
matt_hazel,,,,2014
michael_hill,,,,2014
stephen_hill,,,,2014
caleb_holley,,,,2014
emil_igwenagu,,,,2014
tarvaris_jackson,QB,,,2014
chuck_jacobs,,,,2014
greg_jenkins,,,,2014
david_johnson,TE,,1.4,2014
josh_johnson,,,,2014
dominique_jones,,,,2014
kadeem_jones,,,,2014
landry_jones,,,,2014
marvin_jones,,,,2014
tj_jones,,,,2014
mike_kafka,,,,2014
nick_kasa,,,,2014
gj_kinne,,,,2014
travis_labhart,,,,2014
ryan_lankford,,,,2014
marcus_lattimore,,,,2014
mike_leach,,,,2014
alec_lemon,,,,2014
josh_lenz,,,,2014
lance_lewis,,,,2014
zach_line,,,,2014
arthur_lynch,,,,2014
elbert_mack,,,,2014
mario_manningham,,,,2014
freddie_martino,,,,2014
aj_mccarron,,,,2014
onterio_mccalebb,,,,2014
anthony_mccoy,,,,2014
luke_mccown,,,,2014
marvin_mcnutt,,,,2014
trey_millard,,,,2014
zach_miller,,,,2014
keavon_milton,,,,2014
tj_moe,,,,2014
ifeanyi_momah,,,,2014
kellen_moore,,,,2014
marlon_moore,,,,2014
stephen_morris,,,,2014
derek_moye,,,,2014
matthew_mulligan,,,,2014
jake_murphy,,,,2014
will_murphy,,,,2014
aaron_murray,,,,2014
jordan_norwood,,,,2014
uzoma_nwachukwu,,,,2014
emmanuel_ogbuehi,,,,2014
fendi_onobun,,,,2014
toben_opurum,,,,2014
dan_orlovsky,,,,2014
kassim_osgood,,,,2014
ryan_otten,,,,2014
montell_owens,,,,2014
eric_page,,,,2014
jordan_palmer,QB,,0.2,2014
nathan_palmer,,,,2014
tobais_palmer,,,,2014
chris_pantale,,,,2014
jalen_parmele,RB,,,2014
david_paulson,,,,2014
isaiah_pead,,,,2014
senorise_perry,RB,,0.9,2014
deandre_presley,WR,,-0.2,2014
lonnie_pryor,,,,2014
bernard_reedy,,,,2014
tevin_reese,,,,2014
allen_reisner,,,,2014
sean_renfree,,,,2014
jerry_rice,,,,2014
daryl_richardson,,,,2014
rico_richardson,,,,2014
gerrell_robinson,,,,2014
evan_rodriguez,,,,2014
naaman_roosevelt,,,,2014
rashad_ross,,,,2014
weslye_saunders,,,,2014
tom_savage,QB,,0.5,2014
adam_schiltz,,,,2014
lache_seastrunk,,,,2014
kory_sheets,,,,2014
mickey_shuler,,,,2014
matthew_slater,,,,2014
nathan_slaughter,,,,2014
brad_smelley,,,,2014
alex_smith,,,,2014
jerome_smith,,,,2014
michael_smith,,,,2014
rodney_smith,,,,2014
willie_snead,,,,2014
nate_solder,,,,2014
brad_sorensen,,,,2014
ryan_spadola,,,,2014
josh_stewart,,,,2014
jake_stoneburner,,,,2014
tommy_streeter,,,,2014
julian_talley,,,,2014
alex_tanney,,,,2014
phillip_tanner,,,,2014
ryan_taylor,,,,2014
tyrod_taylor,QB,,-0.3,2014
tyler_thigpen,,,,2014
deonte_thompson,,,,2014
jordan_thompson,,,,2014
matthew_tucker,,,,2014
jeff_tuel,,,,2014
dustin_vaughan,,,,2014
justin_veltung,,,,2014
keith_wenning,,,,2014
griff_whalen,WR,,2.3,2014
myles_white,,,,2014
nikita_whitlock,,,,2014
james_wilder,,,,2014
dominique_williams,,,,2014
fred_williams,,,,2014
kyle_williams,,,,2014
michael_williams,,,,2014
david_wilson,,,,2014
george_wilson,,,,2014
ronnie_wingo,,,,2014
glenn_winston,,,,2014
cierre_wood,,,,2014
devon_wylie,,,,2014
will_yeatman,,,,2014
michael_zordich,,,,2014
pat_odonnell,WR,-1.0,-1.2,2014
jalen_saunders,WR,-1.0,-0.3,2014
chris_williams,WR,-1.0,,2014
isaiah_burse,,-2.0,-2.0,2014
matt_flynn,QB,-2.0,-2.4,2014
tauren_poole,RB,-2.0,-2.0,2014
walt_powell,,-2.0,-2.0,2014
matt_schaub,QB,-4.0,-3.7,2014
