name,pos,pts,pts_ppr,year
todd_gurley,RB,313.0,372.1,2018
saquon_barkley,RB,295.0,385.8,2018
christian_mccaffrey,RB,279.0,385.5,2018
alvin_kamara,RB,273.0,354.2,2018
patrick_mahomes,QB,417.0,417.1,2018
tyreek_hill,WR,247.0,334.0,2018
ezekiel_elliott,RB,252.0,329.1,2018
travis_kelce,TE,192.0,294.6,2018
antonio_brown,WR,220.0,323.7,2018
davante_adams,WR,219.0,329.6,2018
deandre_hopkins,WR,219.0,333.5,2018
julio_jones,WR,213.0,325.9,2018
melvin_gordon,RB,226.0,275.5,2018
james_conner,RB,225.0,280.0,2018
george_kittle,TE,171.0,258.7,2018
mike_evans,WR,198.0,284.4,2018
zach_ertz,TE,164.0,280.3,2018
adam_thielen,WR,194.0,307.3,2018
michael_thomas,WR,191.0,315.5,2018
eric_ebron,TE,156.0,222.2,2018
matt_ryan,QB,354.0,355.0,2018
juju_smith-schuster,WR,186.0,296.9,2018
kareem_hunt,RB,204.0,230.2,2018
joe_mixon,RB,200.0,243.4,2018
robert_woods,WR,180.0,265.6,2018
david_johnson,RB,197.0,246.6,2018
ben_roethlisberger,QB,341.0,341.9,2018
james_white,RB,190.0,276.6,2018
phillip_lindsay,RB,188.0,222.8,2018
derrick_henry,RB,186.0,201.4,2018
deshaun_watson,QB,332.0,331.7,2018
tyler_lockett,WR,165.0,222.4,2018
stefon_diggs,WR,164.0,266.3,2018
brandin_cooks,WR,163.0,243.2,2018
keenan_allen,WR,163.0,260.1,2018
ty_hilton,WR,163.0,239.0,2018
chris_carson,RB,181.0,201.4,2018
andrew_luck,QB,327.0,327.9,2018
jared_cook,TE,126.0,193.6,2018
nick_chubb,RB,175.0,194.5,2018
odell_beckham,WR,153.0,230.3,2018
adrian_peterson,RB,169.0,189.0,2018
aaron_rodgers,QB,313.0,312.6,2018
tyler_boyd,WR,145.0,221.1,2018
jared_goff,QB,310.0,310.3,2018
tarik_cohen,RB,163.0,233.9,2018
calvin_ridley,WR,143.0,206.8,2018
tevin_coleman,RB,162.0,193.6,2018
marlon_mack,RB,161.0,178.1,2018
jordan_howard,RB,160.0,180.0,2018
amari_cooper,WR,141.0,215.5,2018
drew_brees,QB,304.0,305.0,2018
mike_williams,WR,137.0,180.2,2018
kenny_golladay,WR,137.0,207.1,2018
jarvis_landry,WR,136.0,217.1,2018
kenyan_drake,RB,153.0,206.2,2018
julian_edelman,WR,133.0,207.4,2018
russell_wilson,QB,298.0,299.4,2018
lamar_miller,RB,148.0,172.6,2018
emmanuel_sanders,WR,127.0,198.2,2018
trey_burton,TE,93.0,147.1,2018
aaron_jones,RB,145.0,171.4,2018
chris_godwin,WR,126.0,185.2,2018
austin_hooper,TE,92.0,163.0,2018
david_njoku,TE,88.0,143.9,2018
kyle_rudolph,TE,87.0,151.4,2018
alshon_jeffery,WR,120.0,185.3,2018
oj_howard,TE,87.0,120.5,2018
dak_prescott,QB,286.0,285.9,2018
philip_rivers,QB,285.0,285.0,2018
corey_davis,WR,119.0,183.6,2018
rob_gronkowski,TE,84.0,131.2,2018
larry_fitzgerald,WR,117.0,185.7,2018
sterling_shepard,WR,117.0,182.5,2018
mohamed_sanu,WR,116.0,182.4,2018
matt_breida,RB,136.0,162.5,2018
shane_smith,,,,2018
vance_mcdonald,TE,83.0,133.0,2018
cam_newton,QB,283.0,282.6,2018
kirk_cousins,QB,282.0,283.1,2018
tom_brady,QB,280.0,281.3,2018
mitchell_trubisky,QB,263.0,263.0,2018
eli_manning,QB,240.0,240.0,2018
baker_mayfield,QB,240.0,240.1,2018
derek_carr,QB,216.0,216.8,2018
case_keenum,QB,215.0,214.9,2018
matthew_stafford,QB,212.0,212.2,2018
josh_allen,QB,208.0,208.1,2018
jameis_winston,QB,196.0,195.8,2018
carson_wentz,QB,193.0,193.7,2018
andy_dalton,QB,175.0,174.5,2018
marcus_mariota,QB,175.0,175.9,2018
blake_bortles,QB,173.0,173.2,2018
sam_darnold,QB,168.0,168.4,2018
ryan_fitzpatrick,QB,166.0,165.8,2018
lamar_jackson,QB,158.0,157.5,2018
ryan_tannehill,QB,142.0,143.0,2018
alex_smith,QB,138.0,138.0,2018
joe_flacco,QB,137.0,137.1,2018
sony_michel,RB,132.0,139.1,2018
peyton_barber,RB,130.0,150.3,2018
austin_ekeler,RB,130.0,168.8,2018
nick_mullens,QB,123.0,123.5,2018
mark_ingram,RB,122.0,142.5,2018
isaiah_crowell,RB,120.0,140.7,2018
tj_yeldon,RB,118.0,173.1,2018
dede_westbrook,WR,114.0,179.5,2018
adam_humphries,WR,113.0,188.7,2018
josh_rosen,QB,113.0,112.9,2018
dalvin_cook,RB,112.0,152.0,2018
desean_jackson,WR,110.0,151.3,2018
latavius_murray,RB,110.0,131.9,2018
zay_jones,WR,109.0,165.2,2018
golden_tate,WR,109.0,182.9,2018
kerryon_johnson,RB,107.0,139.4,2018
robby_anderson,WR,106.0,156.4,2018
mike_davis,RB,103.0,136.8,2018
aj_green,WR,103.0,149.4,2018
john_brown,WR,102.0,143.9,2018
dion_lewis,RB,102.0,160.7,2018
doug_martin,RB,102.0,119.9,2018
dj_moore,WR,102.0,157.0,2018
nelson_agholor,WR,101.0,165.4,2018
leonard_fournette,RB,98.0,120.4,2018
josh_gordon,WR,98.0,138.7,2018
nyheim_hines,RB,98.0,160.9,2018
allen_robinson,WR,98.0,153.3,2018
curtis_samuel,WR,98.0,136.8,2018
demaryius_thomas,WR,98.0,156.7,2018
kenny_stills,WR,97.0,134.4,2018
tyrell_williams,WR,97.0,137.8,2018
cooper_kupp,WR,95.0,135.1,2018
alex_collins,RB,94.0,108.6,2018
jordy_nelson,WR,94.0,156.7,2018
courtland_sutton,WR,94.0,136.3,2018
lesean_mccoy,RB,93.0,127.2,2018
doug_baldwin,WR,92.0,141.8,2018
frank_gore,RB,91.0,102.6,2018
antonio_callaway,WR,89.0,132.3,2018
jalen_richard,RB,89.0,156.6,2018
wendell_smallwood,RB,89.0,117.4,2018
gus_edwards,RB,88.0,89.8,2018
carlos_hyde,RB,88.0,98.4,2018
royce_freeman,RB,87.0,101.3,2018
anthony_miller,WR,87.0,120.2,2018
jamaal_williams,RB,87.0,114.4,2018
cole_beasley,WR,85.0,150.2,2018
jeff_driskel,QB,85.0,85.1,2018
taylor_gabriel,WR,85.0,151.9,2018
duke_johnson,RB,85.0,132.0,2018
donte_moncrief,WR,83.0,130.8,2018
evan_engram,TE,81.0,126.3,2018
marvin_jones,WR,81.0,115.8,2018
christian_kirk,WR,81.0,123.5,2018
michael_crabtree,WR,79.0,132.7,2018
devin_funchess,WR,79.0,122.9,2018
rashard_higgins,WR,79.0,118.2,2018
legarrette_blount,RB,77.0,86.5,2018
alfred_blue,RB,77.0,97.3,2018
dante_pettis,WR,77.0,103.5,2018
jimmy_graham,TE,76.0,130.6,2018
cordarrelle_patterson,WR,76.0,96.5,2018
damien_williams,RB,76.0,98.6,2018
josh_adams,RB,75.0,81.9,2018
cj_beathard,QB,75.0,75.0,2018
nick_foles,QB,75.0,76.2,2018
david_moore,WR,75.0,101.0,2018
sammy_watkins,WR,75.0,115.1,2018
will_fuller,WR,74.0,106.3,2018
chris_herndon,TE,74.0,113.2,2018
mark_andrews,TE,73.0,107.2,2018
kendrick_bourne,WR,73.0,114.7,2018
trequan_smith,WR,73.0,100.7,2018
marquez_valdes-scantling,WR,73.0,111.0,2018
robert_foster,WR,72.0,99.1,2018
willie_snead,WR,72.0,134.4,2018
chris_hogan,WR,71.0,106.2,2018
josh_reynolds,WR,71.0,100.0,2018
ito_smith,RB,71.0,97.7,2018
albert_wilson,WR,71.0,96.8,2018
danny_amendola,WR,68.0,127.4,2018
brock_osweiler,QB,68.0,68.0,2018
elijah_mcguire,RB,67.0,85.9,2018
jordan_reed,TE,66.0,119.8,2018
josh_doctson,WR,65.0,109.2,2018
michael_gallup,WR,65.0,97.7,2018
chris_ivory,RB,65.0,78.0,2018
marquise_goodwin,WR,64.0,87.4,2018
marshawn_lynch,RB,64.0,79.0,2018
chester_rogers,WR,64.0,117.1,2018
john_ross,WR,64.0,84.9,2018
jaylen_samuels,RB,64.0,89.5,2018
cameron_brate,TE,63.0,92.9,2018
cj_anderson,RB,62.0,67.4,2018
seth_roberts,WR,62.0,106.9,2018
cj_uzomah,TE,62.0,104.9,2018
giovani_bernard,RB,61.0,95.9,2018
rashaad_penny,RB,61.0,70.4,2018
alfred_morris,RB,60.0,68.1,2018
javorius_allen,RB,59.0,93.6,2018
corey_clement,RB,59.0,81.1,2018
chris_conley,WR,59.0,91.4,2018
spencer_ware,RB,59.0,79.0,2018
dallas_goedert,TE,57.0,90.4,2018
theo_riddick,RB,56.0,116.5,2018
jarius_wright,WR,55.0,97.6,2018
jamison_crowder,WR,54.0,82.8,2018
gerald_everett,TE,54.0,86.6,2018
jesse_james,TE,54.0,84.3,2018
greg_olsen,TE,53.0,80.1,2018
aldrick_robinson,WR,53.0,70.1,2018
demarcus_robinson,WR,53.0,74.8,2018
ben_watson,TE,52.0,87.0,2018
keelan_cole,WR,51.0,89.1,2018
vernon_davis,TE,51.0,75.7,2018
jakeem_grant,WR,51.0,72.3,2018
taywan_taylor,WR,51.0,87.6,2018
chris_thompson,RB,51.0,91.6,2018
devontae_booker,RB,50.0,87.8,2018
phillip_dorsett,WR,50.0,81.9,2018
josh_johnson,QB,50.0,49.6,2018
zach_zenner,RB,50.0,57.1,2018
quincy_enunwa,WR,49.0,86.9,2018
blake_jarwin,TE,49.0,75.7,2018
bilal_powell,RB,49.0,60.3,2018
randall_cobb,WR,48.0,86.3,2018
kenneth_dixon,RB,48.0,54.4,2018
jimmy_garoppolo,QB,48.0,48.0,2018
dontrelle_inman,WR,48.0,76.4,2018
jaron_brown,WR,47.0,60.6,2018
antonio_gates,TE,47.0,75.3,2018
kapri_bibbs,RB,46.0,61.8,2018
justin_jackson,RB,46.0,61.1,2018
ty_montgomery,WR,46.0,71.3,2018
breshad_perriman,WR,46.0,62.2,2018
darren_sproles,RB,46.0,61.0,2018
jordan_thomas,TE,46.0,65.5,2018
jacquizz_rodgers,RB,45.0,83.0,2018
tajae_sharpe,WR,45.0,71.2,2018
ian_thomas,TE,45.0,81.3,2018
nick_vannett,TE,45.0,73.9,2018
kelvin_benjamin,WR,44.0,69.0,2018
jonnu_smith,TE,44.0,63.8,2018
jordan_wilkins,RB,44.0,60.1,2018
chase_edmonds,RB,43.0,63.1,2018
jermaine_kearse,WR,43.0,80.1,2018
geronimo_allison,WR,42.0,62.3,2018
allen_hurns,WR,42.0,61.5,2018
jordan_matthews,WR,42.0,62.0,2018
tyler_higbee,TE,41.0,65.2,2018
tyrod_taylor,QB,41.0,41.4,2018
jeff_heuerman,TE,40.0,71.1,2018
zach_pascal,WR,40.0,66.8,2018
ricky_seals-jones,TE,40.0,74.3,2018
ryan_grant,WR,39.0,74.4,2018
cody_kessler,QB,39.0,38.7,2018
paul_richardson,WR,39.0,59.1,2018
jay_ajayi,RB,38.0,43.4,2018
kyle_juszczyk,RB,37.0,67.4,2018
devante_parker,WR,37.0,60.9,2018
tim_patrick,WR,37.0,60.2,2018
terrelle_pryor,WR,37.0,53.1,2018
rex_burkhead,RB,36.0,49.7,2018
ted_ginn,WR,36.0,52.5,2018
daesean_hamilton,WR,36.0,66.3,2018
laquon_treadwell,WR,36.0,71.2,2018
keke_coutee,WR,35.0,62.7,2018
jack_doyle,TE,35.0,60.5,2018
rhett_ellison,TE,35.0,60.2,2018
pierre_garcon,WR,35.0,58.6,2018
isaiah_mckenzie,WR,35.0,52.5,2018
malcolm_brown,RB,34.0,39.4,2018
demetrius_harris,TE,34.0,46.4,2018
ed_dickson,TE,33.0,45.2,2018
blaine_gabbert,QB,33.0,33.0,2018
keith_kirkwood,WR,33.0,45.9,2018
raheem_mostert,RB,33.0,38.6,2018
torrey_smith,WR,33.0,50.0,2018
equanimeous_st_brown,WR,33.0,54.3,2018
ryan_switzer,WR,33.0,69.4,2018
tavon_austin,WR,32.0,39.5,2018
trenton_cannon,RB,32.0,48.7,2018
levine_toilolo,TE,32.0,53.3,2018
jeff_wilson,RB,32.0,44.4,2018
james_develin,RB,31.0,42.9,2018
wayne_gallman,RB,31.0,44.5,2018
ryan_griffin,TE,31.0,54.5,2018
maurice_harris,WR,31.0,59.4,2018
taysom_hill,QB,31.0,33.6,2018
tj_jones,WR,31.0,50.0,2018
matt_lacosse,TE,31.0,55.0,2018
russell_shepard,WR,31.0,40.8,2018
chase_daniel,QB,30.0,30.7,2018
darren_fells,TE,30.0,40.7,2018
geoff_swaim,TE,30.0,56.2,2018
trent_taylor,WR,30.0,55.5,2018
kalen_ballage,RB,29.0,37.7,2018
travis_benjamin,WR,29.0,40.7,2018
bruce_ellington,WR,29.0,59.6,2018
anthony_firkser,TE,29.0,47.5,2018
luke_stocker,TE,29.0,43.5,2018
jason_croom,TE,28.0,49.9,2018
will_dissly,TE,28.0,35.6,2018
marcus_murphy,RB,28.0,38.6,2018
michael_roberts,TE,28.0,37.0,2018
james_washington,WR,28.0,43.7,2018
kyle_allen,QB,27.0,26.5,2018
martavis_bryant,WR,27.0,45.9,2018
virgil_green,TE,27.0,46.0,2018
colt_mccoy,QB,27.0,27.2,2018
chris_moore,WR,27.0,46.3,2018
trent_sherfield,WR,27.0,46.0,2018
erik_swoope,TE,27.0,34.7,2018
brandon_bolden,RB,26.0,29.4,2018
bennie_fowler,WR,26.0,41.9,2018
brandon_lafell,WR,26.0,37.5,2018
andre_roberts,WR,26.0,35.9,2018
mo_alie-cox,TE,25.0,32.3,2018
justin_hardy,WR,25.0,39.3,2018
josh_hill,TE,25.0,40.5,2018
cody_latimer,WR,25.0,36.0,2018
lee_smith,TE,25.0,35.3,2018
rod_smith,RB,25.0,33.7,2018
cody_core,WR,24.0,37.0,2018
tyler_eifert,TE,24.0,38.9,2018
chad_williams,WR,24.0,41.0,2018
jordan_akins,TE,23.0,39.5,2018
richie_james,WR,23.0,32.0,2018
lance_kendricks,TE,23.0,42.0,2018
austin_carr,WR,22.0,30.7,2018
hayden_hurst,TE,22.0,35.3,2018
dan_arnold,TE,21.0,33.0,2018
marcell_ateman,WR,21.0,36.4,2018
nick_boyle,TE,21.0,44.3,2018
garrett_celek,TE,21.0,26.0,2018
marvin_hall,WR,21.0,30.9,2018
josh_mccown,QB,21.0,20.8,2018
james_oshaughnessy,TE,21.0,45.4,2018
maxx_williams,TE,21.0,37.1,2018
josh_bellamy,WR,20.0,33.7,2018
deandre_carter,WR,20.0,42.3,2018
brandon_marshall,WR,20.0,30.6,2018
michael_floyd,WR,18.0,28.0,2018
mike_gesicki,TE,18.0,40.2,2018
andy_janovich,RB,18.0,25.7,2018
zach_line,RB,18.0,22.5,2018
matt_barkley,QB,17.0,17.1,2018
leonte_carroo,WR,17.0,18.8,2018
alex_erickson,WR,17.0,36.9,2018
darius_jennings,WR,17.0,28.1,2018
jordan_leggett,TE,17.0,31.4,2018
charles_clay,TE,16.0,37.4,2018
andre_holmes,WR,16.0,29.2,2018
marcus_johnson,WR,16.0,22.0,2018
jake_kumerow,WR,16.0,24.3,2018
mycole_pruitt,TE,16.0,25.2,2018
anthony_sherman,RB,16.0,23.8,2018
deonte_thompson,WR,16.0,33.1,2018
dj_chark,WR,15.0,29.4,2018
brian_hill,RB,15.0,15.6,2018
cameron_meredith,WR,15.0,24.4,2018
taquan_mizzell,RB,15.0,23.4,2018
nick_oleary,TE,15.0,22.6,2018
logan_paulsen,TE,15.0,24.1,2018
austin_seferian-jenkins,TE,15.0,26.0,2018
scott_simonson,TE,15.0,23.6,2018
vyncint_smith,WR,15.0,20.1,2018
dwayne_washington,RB,15.0,15.4,2018
alex_armah,RB,14.0,15.0,2018
cameron_artis-payne,RB,14.0,17.4,2018
deontay_burnett,WR,14.0,24.3,2018
taylor_heinicke,QB,14.0,13.9,2018
andy_jones,WR,14.0,25.0,2018
ronald_jones,RB,14.0,20.7,2018
trey_quinn,WR,14.0,22.5,2018
damion_ratley,WR,14.0,27.4,2018
robert_tonyan,TE,14.0,17.7,2018
sam_bradford,QB,13.0,12.7,2018
derek_carrier,TE,13.0,19.7,2018
seth_devalve,TE,13.0,18.4,2018
nathan_peterman,QB,13.0,12.8,2018
brandon_powell,WR,13.0,24.3,2018
adam_shaheen,TE,13.0,17.8,2018
darrel_williams,RB,13.0,16.1,2018
brice_butler,WR,12.0,18.0,2018
stevan_ridley,RB,12.0,14.8,2018
dalton_schultz,TE,12.0,23.6,2018
aj_derby,TE,11.0,13.8,2018
mike_glennon,QB,11.0,11.0,2018
corey_grant,RB,11.0,19.7,2018
dwayne_harris,WR,11.0,17.2,2018
tommylee_lewis,WR,11.0,14.0,2018
chris_manhertz,TE,11.0,13.2,2018
keith_ford,RB,10.0,13.0,2018
john_kelly,RB,10.0,12.1,2018
niles_paul,TE,10.0,19.5,2018
eli_rogers,WR,10.0,21.5,2018
jeremy_sprinkle,TE,10.0,15.1,2018
deanthony_thomas,WR,10.0,12.5,2018
darren_waller,TE,10.0,15.6,2018
deandre_washington,RB,10.0,11.4,2018
charcandrick_west,RB,10.0,11.6,2018
jake_butt,TE,9.0,16.5,2018
donta_foreman,RB,9.0,10.7,2018
devonta_freeman,RB,9.0,14.1,2018
cj_ham,RB,9.0,20.3,2018
dontrell_hilliard,RB,9.0,17.5,2018
kevin_white,WR,9.0,13.2,2018
luke_willson,TE,9.0,21.7,2018
cameron_batson,WR,8.0,16.3,2018
corey_coleman,WR,8.0,12.6,2018
tyler_conklin,TE,8.0,12.7,2018
matt_lengel,TE,8.0,10.7,2018
elijhaa_penny,RB,8.0,15.5,2018
logan_thomas,TE,8.0,20.3,2018
mark_walton,RB,8.0,12.5,2018
derek_anderson,QB,7.0,6.5,2018
kenjon_barner,RB,7.0,8.4,2018
blake_bell,TE,7.0,14.7,2018
teddy_bridgewater,QB,7.0,7.2,2018
patrick_dimarco,RB,7.0,10.1,2018
jermaine_gresham,TE,7.0,16.4,2018
xavier_grimble,TE,7.0,12.6,2018
detrez_newsome,RB,7.0,8.8,2018
joshua_perkins,TE,7.0,11.7,2018
eric_tomlinson,TE,7.0,15.2,2018
russell_gage,WR,6.0,12.3,2018
david_grinnage,TE,6.0,12.1,2018
ryan_hewitt,TE,6.0,7.1,2018
jj_nelson,WR,6.0,13.4,2018
bradley_sowell,RB,6.0,7.2,2018
derrick_willies,WR,6.0,9.1,2018
kamar_aiken,WR,5.0,11.3,2018
antony_auclair,TE,5.0,11.8,2018
mike_boone,RB,5.0,6.8,2018
noah_brown,WR,5.0,10.4,2018
rico_gathers,TE,5.0,7.5,2018
shelton_gibson,WR,5.0,5.8,2018
jacob_hollister,TE,5.0,9.2,2018
deshone_kizer,QB,5.0,5.4,2018
eric_saubert,TE,5.0,9.8,2018
durham_smythe,TE,5.0,11.0,2018
neal_sterling,TE,5.0,10.7,2018
nate_sudfeld,QB,5.0,4.7,2018
roc_thomas,RB,5.0,7.1,2018
delanie_walker,TE,5.0,9.2,2018
jesus_wilson,WR,5.0,9.2,2018
chad_beebe,WR,4.0,7.9,2018
tommy_bohanon,RB,4.0,10.1,2018
ben_braunecker,TE,4.0,7.2,2018
jawill_davis,WR,4.0,8.0,2018
tyler_ervin,RB,4.0,6.5,2018
jordan_franks,TE,4.0,5.7,2018
rashad_greene,WR,4.0,10.0,2018
tyler_kroft,TE,4.0,7.6,2018
marcedes_lewis,TE,4.0,6.9,2018
tj_logan,RB,4.0,10.9,2018
tre_madden,RB,4.0,5.8,2018
byron_marshall,RB,4.0,7.9,2018
david_morgan,TE,4.0,8.6,2018
roosevelt_nix,RB,4.0,8.2,2018
samaje_perine,RB,4.0,6.7,2018
john_phillips,TE,4.0,6.8,2018
auden_tate,WR,4.0,7.5,2018
jalen_tolliver,WR,4.0,6.7,2018
david_williams,RB,4.0,3.6,2018
dwayne_allen,TE,3.0,5.7,2018
benny_cunningham,RB,3.0,3.9,2018
mike_gillislee,RB,3.0,4.2,2018
jeremy_hill,RB,3.0,4.1,2018
jeremy_langford,RB,3.0,2.5,2018
brian_parker,TE,3.0,8.3,2018
charone_peake,WR,3.0,4.5,2018
shaun_wilson,RB,3.0,6.4,2018
javon_wims,WR,3.0,7.2,2018
nick_bellore,RB,2.0,5.5,2018
travaris_cadet,RB,2.0,3.2,2018
matt_cassel,QB,2.0,1.7,2018
orson_charles,TE,2.0,5.3,2018
derrick_coleman,RB,2.0,4.0,2018
river_cracraft,WR,2.0,3.4,2018
sean_culkin,TE,2.0,3.4,2018
justin_davis,RB,2.0,1.9,2018
gehrig_dieter,WR,2.0,3.2,2018
david_fluellen,RB,2.0,1.6,2018
garrett_gilbert,QB,2.0,1.6,2018
khadarel_hodge,WR,2.0,3.7,2018
justin_hunter,WR,2.0,5.1,2018
darius_jackson,RB,2.0,1.6,2018
rishard_matthews,WR,2.0,7.4,2018
ray-ray_mccloud,WR,2.0,7.0,2018
cj_prosise,RB,2.0,4.9,2018
brian_quick,WR,2.0,4.8,2018
keith_smith,RB,2.0,7.3,2018
jonathan_stewart,RB,2.0,1.7,2018
tyrone_swoopes,TE,2.0,3.3,2018
delance_turner,RB,2.0,4.1,2018
malik_turner,WR,2.0,4.0,2018
brandon_wilds,RB,2.0,1.5,2018
nick_williams,WR,2.0,3.7,2018
terrance_williams,WR,2.0,3.8,2018
brandon_zylstra,WR,2.0,3.3,2018
ameer_abdullah,RB,1.0,3.9,2018
victor_bolden,WR,1.0,2.0,2018
michael_burton,RB,1.0,1.6,2018
damiere_byrd,WR,1.0,1.8,2018
jamaal_charles,RB,1.0,3.4,2018
sammie_coates,WR,1.0,2.2,2018
alan_cross,TE,1.0,2.9,2018
joshua_dobbs,QB,1.0,0.8,2018
ross_dwelley,TE,1.0,3.4,2018
matt_flanagan,TE,1.0,2.4,2018
robert_griffin,QB,1.0,0.8,2018
justin_hardee,WR,1.0,2.0,2018
keon_hatcher,WR,1.0,1.8,2018
chad_henne,QB,1.0,1.5,2018
robert_kelley,RB,1.0,0.8,2018
marcus_kemp,WR,1.0,1.7,2018
jeremy_kerley,WR,1.0,2.7,2018
darvin_kidsy,WR,1.0,1.8,2018
allen_lazard,WR,1.0,1.7,2018
khari_lee,TE,1.0,1.5,2018
josh_malone,WR,1.0,2.2,2018
jd_mckissic,RB,1.0,0.8,2018
jeremy_mcnichols,RB,1.0,0.8,2018
christine_michael,RB,1.0,0.9,2018
johnny_mundt,TE,1.0,1.5,2018
jamize_olawale,RB,1.0,3.3,2018
ricky_ortiz,RB,1.0,4.1,2018
cam_phillips,WR,1.0,1.9,2018
richard_rodgers,TE,1.0,1.7,2018
dion_sims,TE,1.0,2.9,2018
hakeem_valles,TE,1.0,3.1,2018
justin_watson,WR,1.0,1.5,2018
derek_watt,RB,1.0,2.3,2018
joe_webb,QB,1.0,3.3,2018
tim_white,WR,1.0,2.4,2018
saeed_blacknall,,,,2018
daniel_brown,,,,2018
deante_burton,,,,2018
jehu_chesson,WR,,1.3,2018
lavon_coleman,,,,2018
stacy_coley,,,,2018
pharoh_cooper,,,,2018
jerome_cunningham,,,,2018
darrell_daniels,,,,2018
geremy_davis,,,,2018
trevor_davis,,,,2018
dalyn_dawkins,,,,2018
matthew_dayes,,,,2018
garrett_dickerson,,,,2018
quinton_dunbar,,,,2018
steven_dunbar,,,,2018
malachi_dupre,,,,2018
trey_edmunds,,,,2018
alex_ellis,,,,2018
donnie_ernsberger,,,,2018
isaiah_ford,,,,2018
daurice_fountain,,,,2018
mose_frazier,,,,2018
rico_gafford,,,,2018
cj_goodwin,,,,2018
janarion_grant,,,,2018
garrett_griffin,,,,2018
clark_harris,,,,2018
temarrick_hemingway,,,,2018
deangelo_henderson,RB,,-0.1,2018
quadree_henderson,,,,2018
hunter_henry,,,,2018
darrius_heyward-bey,WR,,1.2,2018
gabe_holmes,,,,2018
johnny_holton,,,,2018
buddy_howell,,,,2018
gregory_howell,,,,2018
chad_kelly,QB,,-0.1,2018
ben_koyack,,,,2018
chris_lacy,,,,2018
lance_lenoir,,,,2018
tony_lippett,,,,2018
sean_mannion,QB,,,2018
bradley_marquez,,,,2018
freddie_martino,,,,2018
aj_mccarron,QB,,0.1,2018
max_mccaffrey,,,,2018
tanner_mcevoy,,,,2018
jaydon_mickens,,,,2018
steven_mitchell,,,,2018
dare_ogunbowale,,,,2018
senorise_perry,,,,2018
thomas_rawls,,,,2018
keenan_reynolds,,,,2018
cooper_rush,,,,2018
alonzo_russell,,,,2018
mark_sanchez,QB,,0.3,2018
matt_schaub,QB,,1.1,2018
mason_schreck,,,,2018
boston_scott,,,,2018
damari_scott,,,,2018
cam_sims,,,,2018
matthew_slater,,,,2018
nate_solder,,,,2018
brandon_tate,,,,2018
mike_thomas,,,,2018
danny_vitale,RB,,1.2,2018
clive_walford,,,,2018
mike_wallace,,,,2018
brandon_weeden,QB,,-0.1,2018
markus_wheaton,,,,2018
cole_wick,,,,2018
jonathan_williams,RB,,1.1,2018
deon_yelder,,,,2018
jacoby_brissett,QB,-1.0,-0.6,2018
brian_hoyer,QB,-1.0,-0.5,2018
jmon_moore,WR,-1.0,1.5,2018
geno_smith,QB,-1.0,-1.5,2018
rod_streater,WR,-1.0,-1.1,2018
robert_turbin,RB,-1.0,0.3,2018
kaelin_clay,,-2.0,-2.0,2018
jj_jones,WR,-2.0,-0.7,2018
kyle_lauletta,QB,-2.0,-2.2,2018
riley_mccarron,,-2.0,-2.0,2018
jojo_natson,,-2.0,-2.0,2018
