key,name,pos,team,bye,std,half_ppr,ppr
barkley_RB_NYG,Saquon Barkley,RB,NYG,11,1.0,1.0,1.0
kamara_RB_NO,Alvin Kamara,RB,NO,9,2.3,2.3,2.8
mccaffrey_RB_CAR,Christian McCaffrey,RB,CAR,7,2.8,2.7,2.2
elliott_RB_DAL,Ezekiel Elliott,RB,DAL,8,4.0,4.3,4.0
hopkins_WR_HOU,DeAndre Hopkins,WR,HOU,10,5.5,5.3,5.0
johnson_RB_ARI,David Johnson,RB,ARI,12,6.5,5.3,7.0
conner_RB_PIT,James Conner,RB,PIT,7,7.5,9.3,10.4
bell_RB_NYJ,Le'Veon Bell,RB,NYJ,4,8.0,7.3,7.6
adams_WR_GB,Davante Adams,WR,GB,11,9.3,7.7,7.0
chubb_RB_CLE,Nick Chubb,RB,CLE,7,11.5,12.0,18.0
gurley_RB_LAR,Todd Gurley,RB,LAR,9,11.5,15.0,14.0
mahomes_QB_KC,Patrick Mahomes,QB,KC,12,12.8,20.0,20.8
jones_WR_ATL,Julio Jones,WR,ATL,9,12.8,11.0,10.6
thomas_WR_NO,Michael Thomas,WR,NO,9,12.8,11.3,10.8
hill_WR_KC,Tyreek Hill,WR,KC,12,16.0,17.0,17.0
mixon_RB_CIN,Joe Mixon,RB,CIN,9,16.5,16.7,17.2
cook_RB_MIN,Dalvin Cook,RB,MIN,12,16.8,16.7,18.0
beckham_WR_CLE,Odell Beckham Jr.,WR,CLE,7,16.8,13.3,12.2
smithschuster_WR_PIT,JuJu Smith-Schuster,WR,PIT,7,17.8,16.7,14.6
kelce_TE_KC,Travis Kelce,TE,KC,12,18.5,17.0,14.4
evans_WR_TB,Mike Evans,WR,TB,7,22.0,21.3,21.2
fournette_RB_JAX,Leonard Fournette,RB,JAX,10,22.8,28.7,25.6
brown_WR_OAK,Antonio Brown,WR,OAK,6,23.3,22.0,20.0
williams_RB_KC,Damien Williams,RB,KC,12,23.5,24.0,25.2
thielen_WR_MIN,Adam Thielen,WR,MIN,12,25.5,25.0,24.2
johnson_RB_DET,Kerryon Johnson,RB,DET,5,27.3,30.3,28.2
allen_WR_LAC,Keenan Allen,WR,LAC,12,27.3,24.7,24.6
jones_RB_GB,Aaron Jones,RB,GB,11,28.5,30.3,32.0
kittle_TE_SF,George Kittle,TE,SF,4,31.8,26.0,29.8
ertz_TE_PHI,Zach Ertz,TE,PHI,10,32.5,30.0,26.6
freeman_RB_ATL,Devonta Freeman,RB,ATL,9,32.5,31.0,30.8
cooper_WR_DAL,Amari Cooper,WR,DAL,8,32.5,32.7,33.0
jacobs_RB_OAK,Josh Jacobs,RB,OAK,6,33.8,37.0,32.4
diggs_WR_MIN,Stefon Diggs,WR,MIN,12,34.0,34.7,33.6
carson_RB_SEA,Chris Carson,RB,SEA,11,34.3,42.0,38.6
henry_RB_TEN,Derrick Henry,RB,TEN,11,37.8,37.3,37.4
gordon_RB_LAC,Melvin Gordon,RB,LAC,12,38.0,35.3,36.0
mack_RB_IND,Marlon Mack,RB,IND,6,38.5,36.7,38.0
cooks_WR_LAR,Brandin Cooks,WR,LAR,9,39.3,39.3,38.0
watson_QB_HOU,Deshaun Watson,QB,HOU,10,39.8,46.0,44.2
hilton_WR_IND,T.Y. Hilton,WR,IND,6,41.0,38.0,34.2
montgomery_RB_CHI,David Montgomery,RB,CHI,6,41.8,44.7,45.8
edelman_WR_NE,Julian Edelman,WR,NE,10,42.8,41.0,38.0
woods_WR_LAR,Robert Woods,WR,LAR,9,42.8,40.3,41.8
ingram_RB_BAL,Mark Ingram,RB,BAL,8,43.8,44.7,46.0
michel_RB_NE,Sony Michel,RB,NE,10,46.0,49.3,46.4
rodgers_QB_GB,Aaron Rodgers,QB,GB,11,46.3,52.3,54.2
golladay_WR_DET,Kenny Golladay,WR,DET,5,48.3,44.7,43.4
godwin_WR_TB,Chris Godwin,WR,TB,7,48.5,44.7,49.0
lockett_WR_SEA,Tyler Lockett,WR,SEA,11,48.8,50.0,47.0
kupp_WR_LAR,Cooper Kupp,WR,LAR,9,49.5,51.3,48.0
lindsay_RB_DEN,Phillip Lindsay,RB,DEN,10,51.5,52.0,51.8
ridley_WR_ATL,Calvin Ridley,WR,ATL,9,54.3,57.7,55.6
coleman_RB_SF,Tevin Coleman,RB,SF,4,56.5,62.0,63.6
howard_TE_TB,O.J. Howard,TE,TB,7,56.8,54.0,57.0
boyd_WR_CIN,Tyler Boyd,WR,CIN,9,57.3,54.7,54.2
mayfield_QB_CLE,Baker Mayfield,QB,CLE,7,58.3,60.3,63.2
green_WR_CIN,A.J. Green,WR,CIN,9,58.8,58.0,60.2
williams_WR_LAC,Mike Williams,WR,LAC,12,59.0,56.7,59.2
engram_TE_NYG,Evan Engram,TE,NYG,11,62.8,58.0,58.2
white_RB_NE,James White,RB,NE,10,63.0,65.7,51.2
ryan_QB_ATL,Matt Ryan,QB,ATL,9,64.0,72.3,72.4
jeffery_WR_PHI,Alshon Jeffery,WR,PHI,10,64.5,68.3,62.8
landry_WR_CLE,Jarvis Landry,WR,CLE,7,67.8,63.7,64.6
henry_TE_LAC,Hunter Henry,TE,LAC,12,67.8,62.0,65.8
ekeler_RB_LAC,Austin Ekeler,RB,LAC,12,68.3,80.3,70.8
moore_WR_CAR,D.J. Moore,WR,CAR,7,68.5,64.7,61.0
sanders_RB_PHI,Miles Sanders,RB,PHI,10,69.8,72.7,76.8
gordon_WR_NE,Josh Gordon,WR,NE,10,71.0,72.0,71.4
cohen_RB_CHI,Tarik Cohen,RB,CHI,6,71.0,70.3,62.4
cook_TE_NO,Jared Cook,TE,NO,9,73.8,72.3,72.6
anderson_WR_NYJ,Robby Anderson,WR,NYJ,4,74.0,73.3,71.4
brees_QB_NO,Drew Brees,QB,NO,9,74.3,82.3,86.4
guice_RB_WSH,Derrius Guice,RB,WSH,10,74.3,87.7,76.2
drake_RB_MIA,Kenyan Drake,RB,MIA,5,74.3,75.7,72.8
wentz_QB_PHI,Carson Wentz,QB,PHI,10,75.3,81.0,79.6
robinson_WR_CHI,Allen Robinson,WR,CHI,6,76.8,67.3,69.0
johnson_RB_HOU,Duke Johnson,RB,HOU,10,77.8,80.7,78.8
fuller_WR_HOU,Will Fuller,WR,HOU,10,79.5,81.3,78.4
goff_QB_LAR,Jared Goff,QB,LAR,9,81.3,93.7,94.8
wilson_QB_SEA,Russell Wilson,QB,SEA,11,81.8,85.3,92.4
murray_RB_NO,Latavius Murray,RB,NO,9,82.8,84.7,88.6
westbrook_WR_JAX,Dede Westbrook,WR,JAX,10,85.8,86.0,83.4
howard_RB_PHI,Jordan Howard,RB,PHI,10,86.8,89.3,91.0
kirk_WR_ARI,Christian Kirk,WR,ARI,12,89.0,84.7,86.2
mcdonald_TE_PIT,Vance McDonald,TE,PIT,7,90.0,86.7,82.6
watkins_WR_KC,Sammy Watkins,WR,KC,12,90.3,90.7,80.6
newton_QB_CAR,Cam Newton,QB,CAR,7,90.8,88.3,93.6
bears_DST_CHI,Bears,DST,CHI,6,91.8,81.0,90.6
ebron_TE_IND,Eric Ebron,TE,IND,6,93.5,89.7,84.4
jones_WR_DET,Marvin Jones,WR,DET,5,93.8,97.3,98.4
davis_WR_TEN,Corey Davis,WR,TEN,11,94.8,93.3,88.0
sanders_WR_DEN,Emmanuel Sanders,WR,DEN,10,94.8,108.0,92.4
shepard_WR_NYG,Sterling Shepard,WR,NYG,11,95.0,100.0,84.8
henderson_RB_LAR,Darrell Henderson,RB,LAR,9,96.5,85.0,96.0
penny_RB_SEA,Rashaad Penny,RB,SEA,11,97.0,103.0,92.2
samuel_WR_CAR,Curtis Samuel,WR,CAR,7,99.0,94.7,95.6
fitzgerald_WR_ARI,Larry Fitzgerald,WR,ARI,12,102.8,101.3,92.8
njoku_TE_CLE,David Njoku,TE,CLE,7,102.8,92.3,89.8
roethlisberger_QB_PIT,Ben Roethlisberger,QB,PIT,7,103.8,120.7,115.0
mccoy_RB_BUF,LeSean McCoy,RB,BUF,6,104.5,116.0,102.4
winston_QB_TB,Jameis Winston,QB,TB,7,105.3,114.3,119.4
pettis_WR_SF,Dante Pettis,WR,SF,4,105.8,105.3,102.2
brady_QB_NE,Tom Brady,QB,NE,10,106.5,122.7,123.2
hunt_RB_CLE,Kareem Hunt,RB,CLE,7,108.3,107.3,106.8
freeman_RB_DEN,Royce Freeman,RB,DEN,10,108.5,102.7,102.4
jackson_QB_BAL,Lamar Jackson,QB,BAL,8,109.5,112.3,124.0
breida_RB_SF,Matt Breida,RB,SF,4,110.3,114.3,110.6
barber_RB_TB,Peyton Barber,RB,TB,7,110.3,145.3,116.8
murray_QB_ARI,Kyler Murray,QB,ARI,12,111.8,100.7,113.0
sutton_WR_DEN,Courtland Sutton,WR,DEN,10,113.5,118.0,101.8
valdesscantling_WR_GB,Marquez Valdes-Scantling,WR,GB,11,114.8,119.7,112.4
rams_DST_LAR,Rams,DST,LAR,9,115.0,97.0,117.0
walker_TE_TEN,Delanie Walker,TE,TEN,11,116.5,124.7,116.4
rivers_QB_LAC,Philip Rivers,QB,LAC,12,117.5,126.3,129.8
zuerlein_K_LAR,Greg Zuerlein,K,LAR,9,118.0,112.7,125.4
washington_WR_PIT,James Washington,WR,PIT,7,120.5,121.0,119.4
peterson_RB_WSH,Adrian Peterson,RB,WSH,10,120.8,129.0,130.4
thompson_RB_KC,Darwin Thompson,RB,KC,12,122.5,131.3,128.6
ballage_RB_MIA,Kalen Ballage,RB,MIA,5,122.8,133.3,122.8
prescott_QB_DAL,Dak Prescott,QB,DAL,8,123.5,130.3,135.0
allison_WR_GB,Geronimo Allison,WR,GB,11,123.5,126.0,112.0
tucker_K_BAL,Justin Tucker,K,BAL,8,126.5,121.7,132.8
jackson_WR_PHI,DeSean Jackson,WR,PHI,10,127.0,128.3,127.8
pollard_RB_DAL,Tony Pollard,RB,DAL,8,128.3,132.3,135.0
vikings_DST_MIN,Vikings,DST,MIN,12,129.3,124.7,140.4
jaguars_DST_JAX,Jaguars,DST,JAX,10,131.0,118.3,131.0
hooper_TE_ATL,Austin Hooper,TE,ATL,9,131.3,127.3,111.0
lewis_RB_TEN,Dion Lewis,RB,TEN,11,133.3,151.0,132.8
ravens_DST_BAL,Ravens,DST,BAL,8,135.0,123.3,148.4
moncrief_WR_PIT,Donte Moncrief,WR,PIT,7,136.8,144.0,128.8
samuels_RB_PIT,Jaylen Samuels,RB,PIT,7,137.5,138.0,122.8
singletary_RB_BUF,Devin Singletary,RB,BUF,6,138.0,122.5,133.2
cousins_QB_MIN,Kirk Cousins,QB,MIN,12,138.0,152.3,142.2
williams_WR_OAK,Tyrell Williams,WR,OAK,6,138.3,143.0,139.4
hockenson_TE_DET,T.J. Hockenson,TE,DET,5,139.0,162.0,157.2
butker_K_KC,Harrison Butker,K,KC,12,140.0,128.3,145.6
jones_RB_TB,Ronald Jones II,RB,TB,7,141.8,152.0,139.0
miller_WR_CHI,Anthony Miller,WR,CHI,6,144.5,146.0,137.2
gallup_WR_DAL,Michael Gallup,WR,DAL,8,144.5,140.0,129.0
chargers_DST_LAC,Chargers,DST,LAC,12,145.5,149.5,146.0
olsen_TE_CAR,Greg Olsen,TE,CAR,7,146.5,154.7,140.2
trubisky_QB_CHI,Mitch Trubisky,QB,CHI,6,147.0,153.3,150.8
andrews_TE_BAL,Mark Andrews,TE,BAL,8,147.5,147.3,152.2
brown_WR_BUF,John Brown,WR,BUF,6,149.3,147.5,152.4
burton_TE_CHI,Trey Burton,TE,CHI,6,149.3,151.0,141.2
tate_WR_NYG,Golden Tate,WR,NYG,11,149.5,134.0,143.4
metcalf_WR_SEA,D.K. Metcalf,WR,SEA,11,149.5,143.0,139.8
harry_WR_NE,N'Keal Harry,WR,NE,10,150.0,140.0,159.2
jackson_RB_LAC,Justin Jackson,RB,LAC,12,150.5,153.0,150.2
mattison_RB_MIN,Alexander Mattison,RB,MIN,12,152.3,144.5,157.8
gostkowski_K_NE,Stephen Gostkowski,K,NE,10,154.0,145.0,160.8
harris_RB_NE,Damien Harris,RB,NE,10,154.8,146.0,155.0
garoppolo_QB_SF,Jimmy Garoppolo,QB,SF,4,155.5,170.5,165.0
lutz_K_NO,Wil Lutz,K,NO,9,156.0,145.7,155.6
coutee_WR_HOU,Keke Coutee,WR,HOU,10,156.3,139.7,144.2
reed_TE_WSH,Jordan Reed,TE,WSH,10,157.8,170.5,155.8
hill_RB_BAL,Justice Hill,RB,BAL,8,161.3,158.7,157.4
allen_QB_BUF,Josh Allen,QB,BUF,6,162.3,166.0,176.0
texans_DST_HOU,Texans,DST,HOU,10,162.5,157.3,167.6
hardman_WR_KC,Mecole Hardman,WR,KC,12,162.8,152.0,161.6
broncos_DST_DEN,Broncos,DST,DEN,10,165.0,164.0,164.8
fairbairn_K_HOU,Ka'imi Fairbairn,K,HOU,10,166.3,161.3,174.4
graham_TE_GB,Jimmy Graham,TE,GB,11,168.3,171.0,156.6
smith_RB_ATL,Ito Smith,RB,ATL,9,169.0,155.5,151.6
saints_DST_NO,Saints,DST,NO,9,169.3,178.7,178.0
hyde_RB_KC,Carlos Hyde,RB,KC,12,170.5,159.7,164.2
patriots_DST_NE,Patriots,DST,NE,10,170.8,161.3,173.0
browns_DST_CLE,Browns,DST,CLE,7,173.5,161.3,152.0
crowder_WR_NYJ,Jamison Crowder,WR,NYJ,4,173.8,165.3,144.0
carr_QB_OAK,Derek Carr,QB,OAK,6,174.5,167.5,176.2
samuel_WR_SF,Deebo Samuel,WR,SF,4,175.0,170.3,183.0
bills_DST_BUF,Bills,DST,BUF,6,175.8,204.0,214.2
cowboys_DST_DAL,Cowboys,DST,DAL,8,180.0,181.5,172.6
rudolph_TE_MIN,Kyle Rudolph,TE,MIN,12,148.7,152.0,143.8
stafford_QB_DET,Matthew Stafford,QB,DET,5,183.8,172.0,184.4
darnold_QB_NYJ,Sam Darnold,QB,NYJ,4,184.0,185.0,194.0
anderson_RB_DET,C.J. Anderson,RB,DET,5,187.0,178.7,188.8
gould_K_SF,Robbie Gould,K,SF,4,189.0,211.5,192.6
williams_RB_GB,Jamaal Williams,RB,GB,11,189.8,191.0,366.6
funchess_WR_IND,Devin Funchess,WR,IND,6,161.0,143.5,157.4
goodwin_WR_SF,Marquise Goodwin,WR,SF,4,193.8,190.0,199.0
brown_WR_BAL,Marquise Brown,WR,BAL,8,169.0,171.7,197.4
hines_RB_IND,Nyheim Hines,RB,IND,6,169.7,162.0,134.0
sanu_WR_ATL,Mohamed Sanu,WR,ATL,9,171.3,183.0,172.0
steelers_DST_PIT,Steelers,DST,PIT,7,202.0,203.0,208.0
smith_WR_NO,Tre'Quan Smith,WR,NO,9,176.7,167.3,195.2
elliott_K_PHI,Jake Elliott,K,PHI,10,204.3,219.5,211.0
prater_K_DET,Matt Prater,K,DET,5,208.5,229.5,206.2
stills_WR_MIA,Kenny Stills,WR,MIA,5,185.3,170.5,195.6
badgley_K_LAC,Michael Badgley,K,LAC,12,210.0,209.5,214.4
fant_TE_DEN,Noah Fant,TE,DEN,10,186.3,187.5,193.8
crosby_K_GB,Mason Crosby,K,GB,11,210.8,195.7,212.4
eagles_DST_PHI,Eagles,DST,PHI,10,211.3,227.0,171.8
waller_TE_OAK,Darren Waller,TE,OAK,6,212.3,238.0,204.4
thompson_RB_WSH,Chris Thompson,RB,WSH,10,188.7,200.0,195.2
tavecchio_K_ATL,Giorgio Tavecchio,K,ATL,9,216.0,215.0,217.0
chiefs_DST_KC,Chiefs,DST,KC,12,194.0,214.0,195.6
hamilton_WR_DEN,DaeSean Hamilton,WR,DEN,10,200.0,175.0,227.2
maher_K_DAL,Brett Maher,K,DAL,8,224.3,260.0,199.0
brown_RB_LAR,Malcolm Brown,RB,LAR,9,206.7,212.5,378.2
agholor_WR_PHI,Nelson Agholor,WR,PHI,10,207.7,187.0,376.6
mckinnon_RB_SF,Jerick McKinnon,RB,SF,4,173.0,136.5,190.8
jones_WR_BUF,Zay Jones,WR,BUF,6,214.0,184.0,385.6
richard_RB_OAK,Jalen Richard,RB,OAK,6,214.0,197.0,206.0
lee_WR_JAX,Marqise Lee,WR,JAX,10,217.0,230.0,402.8
foles_QB_JAX,Nick Foles,QB,JAX,10,217.7,179.5,201.2
arcegawhiteside_WR_PHI,J.J. Arcega-Whiteside,WR,PHI,10,188.0,181.0,395.3
campbell_WR_IND,Parris Campbell,WR,IND,6,190.5,170.0,357.2
herndon_TE_NYJ,Chris Herndon IV,TE,NYJ,4,190.5,176.0,180.0
humphries_WR_TEN,Adam Humphries,WR,TEN,11,191.0,174.3,180.8
montgomery_RB_NYJ,Ty Montgomery,RB,NYJ,4,223.0,226.5,377.4
witten_TE_DAL,Jason Witten,TE,DAL,8,231.3,204.0,202.6
colts_DST_IND,Colts,DST,IND,6,225.0,280.0,236.2
titans_DST_TEN,Titans,DST,TEN,11,226.0,263.0,239.4
goedert_TE_PHI,Dallas Goedert,TE,PHI,10,199.5,199.0,199.8
vinatieri_K_IND,Adam Vinatieri,K,IND,6,228.0,214.5,199.8
boykin_WR_BAL,Miles Boykin,WR,BAL,8,228.3,257.0,445.3
smith_TE_MIN,Irv Smith Jr.,TE,MIN,12,202.0,229.0,267.0
myers_K_SEA,Jason Myers,K,SEA,11,230.7,283.0,231.2
bernard_RB_CIN,Giovani Bernard,RB,CIN,9,208.0,198.5,212.8
brown_WR_TEN,A.J. Brown,WR,TEN,11,208.5,172.0,377.6
packers_DST_GB,Packers,DST,GB,11,234.3,213.0,239.2
isabella_WR_ARI,Andy Isabella,WR,ARI,12,212.5,206.0,389.8
bailey_K_MIN,Dan Bailey,K,MIN,12,238.7,295.0,246.4
doyle_TE_IND,Jack Doyle,TE,IND,6,215.5,204.0,190.8
meyers_WR_NE,Jakobi Meyers,WR,NE,10,218.0,232.0,434.8
parker_WR_MIA,Devante Parker,WR,MIA,5,218.5,195.5,212.6
edwards_RB_BAL,Gus Edwards,RB,BAL,8,220.5,216.0,429.3
edmonds_RB_ARI,Chase Edmonds,RB,ARI,12,222.5,194.0,407.0
seibert_K_CLE,Austin Seibert,K,CLE,7,224.5,255.0,272.7
wilson_WR_MIA,Albert Wilson,WR,MIA,5,226.0,211.0,224.6
davis_RB_CHI,Mike Davis,RB,CHI,6,228.0,194.0,373.4
boswell_K_PIT,Chris Boswell,K,PIT,7,246.7,289.0,248.6
ogunbowale_RB_TB,Dare Ogunbowale,RB,TB,7,274.5,286.0,405.0
seahawks_DST_SEA,Seahawks,DST,SEA,11,229.5,218.0,220.8
moore_WR_BAL,Chris Moore,WR,BAL,8,292.0,440.0,564.0
callaway_WR_CLE,Antonio Callaway,WR,CLE,7,184.0,195.0,435.8
anderson_RB_CIN,Rodney Anderson,RB,CIN,9,185.0,188.0,276.0
redskins_DST_WSH,Redskins,DST,WSH,10,259.0,294.0,412.0
weber_RB_DAL,Mike Weber,RB,DAL,8,186.0,207.0,291.5
cobb_WR_DAL,Randall Cobb,WR,DAL,8,235.5,167.0,211.8
williams_RB_CIN,Trayveon Williams,RB,CIN,9,189.0,213.0,337.5
brate_TE_TB,Cameron Brate,TE,TB,7,268.0,353.0,475.5
mariota_QB_TEN,Marcus Mariota,QB,TEN,11,239.0,208.0,210.2
harmon_WR_WSH,Kelvin Harmon,WR,WSH,10,198.0,190.0,566.0
higgins_WR_CLE,Rashard Higgins,WR,CLE,7,252.0,298.0,406.2
ginn_WR_NO,Ted Ginn,WR,NO,9,257.5,215.5,228.2
brissett_QB_IND,Jacoby Brissett,QB,IND,6,292.0,407.0,253.8
foster_WR_BUF,Robert Foster,WR,BUF,6,205.0,194.0,420.0
lacosse_TE_NE,Matt LaCosse,TE,NE,10,207.0,222.0,421.6
yeldon_RB_BUF,T.J. Yeldon,RB,BUF,6,208.0,201.0,405.4
johnson_WR_PIT,Diontae Johnson,WR,PIT,7,209.0,313.0,552.7
dalton_QB_CIN,Andy Dalton,QB,CIN,9,258.0,301.0,234.8
haskins_QB_WSH,Dwayne Haskins,QB,WSH,10,247.0,235.0,248.4
ers_DST_SF,49ers,DST,SF,4,247.5,243.0,250.0
williams_WR_MIA,Preston Williams,WR,MIA,5,214.0,217.0,258.0
hurd_WR_SF,Jalen Hurd,WR,SF,4,215.0,218.0,259.6
beasley_WR_BUF,Cole Beasley,WR,BUF,6,249.5,222.5,203.4
thomas_WR_NE,Demaryius Thomas,WR,NE,10,250.0,245.0,240.8
eifert_TE_CIN,Tyler Eifert,TE,CIN,9,250.5,210.0,212.6
quinn_WR_WSH,Trey Quinn,WR,WSH,10,219.0,231.0,452.8
enunwa_WR_NYJ,Quincy Enunwa,WR,NYJ,4,252.0,223.0,436.8
gesicki_TE_MIA,Mike Gesicki,TE,MIA,5,223.0,233.0,414.8
falcons_DST_ATL,Falcons,DST,ATL,9,283.0,230.0,247.8
snead_WR_BAL,Willie Snead,WR,BAL,8,254.5,276.0,429.6
flacco_QB_DEN,Joe Flacco,QB,DEN,10,275.0,342.0,245.4
armstead_RB_JAX,Ryquell Armstead,RB,JAX,10,255.0,209.0,428.3
ridley_WR_CHI,Riley Ridley,WR,CHI,6,231.0,251.0,286.0
rosas_K_NYG,Aldrick Rosas,K,NYG,11,261.5,306.0,238.6
joseph_K_CLE,Greg Joseph,K,CLE,7,309.5,415.0,341.3
hall_WR_TB,Emanuel Hall,WR,TB,7,234.0,241.0,586.5
panthers_DST_CAR,Panthers,DST,CAR,7,260.0,229.0,256.8
succop_K_TEN,Ryan Succop,K,TEN,11,288.0,368.0,421.0
mcguire_RB_NYJ,Elijah McGuire,RB,NYJ,4,239.0,252.0,367.5
holyfield_RB_CAR,Elijah Holyfield,RB,CAR,7,241.0,224.0,278.0
cardinals_DST_ARI,Cardinals,DST,ARI,12,244.0,239.0,452.5
morris_RB_DAL,Alfred Morris,RB,DAL,8,246.0,226.0,478.3
kumerow_WR_GB,Jake Kumerow,WR,GB,11,313.5,410.0,314.7
love_RB_WSH,Bryce Love,RB,WSH,10,248.0,254.0,636.0
jets_DST_NYJ,Jets,DST,NYJ,4,282.0,329.0,261.0
ollison_RB_ATL,Qadree Ollison,RB,ATL,9,249.0,250.0,518.0
gore_RB_BUF,Frank Gore,RB,BUF,6,266.5,271.0,453.3
amendola_WR_DET,Danny Amendola,WR,DET,5,277.5,303.0,407.0
carlson_K_OAK,Daniel Carlson,K,OAK,6,316.0,406.0,348.0
lions_DST_DET,Lions,DST,DET,5,292.5,252.5,276.2
richardson_WR_WSH,Paul Richardson,WR,WSH,10,273.5,278.0,459.5
chark_WR_JAX,D.J. Chark,WR,JAX,10,257.0,282.0,476.5
reynolds_WR_LAR,Josh Reynolds,WR,LAR,9,258.0,259.0,635.5
crockett_RB_HOU,Damarea Crockett,RB,HOU,10,315.5,403.0,559.3
hilliard_RB_CLE,Dontrell Hilliard,RB,CLE,7,259.0,236.0,435.3
lambo_K_JAX,Josh Lambo,K,JAX,10,325.0,402.0,286.0
robinson_WR_KC,Demarcus Robinson,WR,KC,12,261.0,258.0,287.3
hauschka_K_BUF,Steven Hauschka,K,BUF,6,319.0,409.0,290.8
anderson_RB_TB,Bruce Anderson,RB,TB,7,263.0,256.0,518.5
doctson_WR_WSH,Josh Doctson,WR,WSH,10,274.0,288.0,471.3
jones_QB_NYG,Daniel Jones,QB,NYG,11,322.0,388.0,279.8
gaskin_RB_MIA,Myles Gaskin,RB,MIA,5,267.0,284.0,416.5
moore_WR_SEA,David Moore,WR,SEA,11,270.0,268.0,426.2
mcmanus_K_DEN,Brandon McManus,K,DEN,10,316.0,349.0,250.8
johnson_WR_ARI,KeeSean Johnson,WR,ARI,12,272.0,277.0,321.0
gano_K_CAR,Graham Gano,K,CAR,7,335.0,433.0,297.3
martin_RB_OAK,Doug Martin,RB,OAK,6,285.5,304.0,475.0
riddick_RB_DEN,Theo Riddick,RB,DEN,10,274.0,262.0,615.0
blue_RB_JAX,Alfred Blue,RB,JAX,10,287.5,315.0,473.5
burkhead_RB_NE,Rex Burkhead,RB,NE,10,288.5,216.5,407.6
dolphins_DST_MIA,Dolphins,DST,MIA,5,320.5,374.0,286.3
bengals_DST_CIN,Bengals,DST,CIN,9,277.0,,301.5
dissly_TE_SEA,Will Dissly,TE,SEA,11,330.5,400.0,558.3
giants_DST_NYG,Giants,DST,NYG,11,280.0,,252.0
everett_TE_LAR,Gerald Everett,TE,LAR,9,281.0,287.0,430.0
ross_WR_CIN,John Ross,WR,CIN,9,282.5,281.0,436.4
hopkins_K_WSH,Dustin Hopkins,K,WSH,10,282.0,419.0,290.8
thomas_TE_CAR,Ian Thomas,TE,CAR,7,283.0,261.0,413.8
gabriel_WR_CHI,Taylor Gabriel,WR,CHI,6,285.0,274.0,405.2
snell_RB_PIT,Benny Snell Jr.,RB,PIT,7,286.0,270.0,450.3
taylor_WR_TEN,Taywan Taylor,WR,TEN,11,287.0,308.0,455.5
hurst_TE_BAL,Hayden Hurst,TE,BAL,8,288.0,305.0,533.0
rosen_QB_MIA,Josh Rosen,QB,MIA,5,290.0,293.0,429.4
clement_RB_PHI,Corey Clement,RB,PHI,10,293.0,319.0,333.3
brown_WR_GB,Equanimeous St. Brown,WR,GB,11,294.0,297.0,329.5
benjamin_WR_LAC,Travis Benjamin,WR,LAC,12,295.0,292.0,522.3
adams_RB_PHI,Josh Adams,RB,PHI,10,297.0,317.0,401.5
pineiro_K_CHI,Eddy Pineiro,K,CHI,6,299.0,286.0,252.5
conley_WR_JAX,Chris Conley,WR,JAX,10,300.0,300.0,653.5
booker_RB_DEN,Devontae Booker,RB,DEN,10,304.0,322.0,325.3
gay_K_TB,Matt Gay,K,TB,7,306.0,285.0,248.7
dixon_RB_BAL,Kenneth Dixon,RB,BAL,8,310.0,299.0,488.3
sealsjones_TE_ARI,Ricky Seals-Jones,TE,ARI,12,312.0,302.0,340.5
bourne_WR_SF,Kendrick Bourne,WR,SF,4,313.0,332.0,454.5
treadwell_WR_MIN,Laquon Treadwell,WR,MIN,12,314.0,345.0,375.0
ware_RB_IND,Spencer Ware,RB,IND,6,318.0,333.0,531.5
manning_QB_NYG,Eli Manning,QB,NYG,11,319.0,314.0,260.6
keenum_QB_WSH,Case Keenum,QB,WSH,10,320.0,335.0,526.0
cain_WR_IND,Deon Cain,WR,IND,6,321.0,310.0,526.3
hogan_WR_CAR,Chris Hogan,WR,CAR,7,322.0,343.0,310.3
patterson_WR_CHI,Cordarrelle Patterson,WR,CHI,6,323.0,341.0,315.5
jarwin_TE_DAL,Blake Jarwin,TE,DAL,8,324.0,334.0,320.5
powell_RB_NYJ,Bilal Powell,RB,NYJ,4,326.0,331.0,524.7
perriman_WR_TB,Breshad Perriman,WR,TB,7,327.0,348.0,555.7
fitzpatrick_QB_MIA,Ryan Fitzpatrick,QB,MIA,5,328.0,321.0,452.0
rogers_WR_IND,Chester Rogers,WR,IND,6,331.0,350.0,547.5
hill_RB_ATL,Brian Hill,RB,ATL,9,332.0,338.0,328.0
brown_WR_SEA,Jaron Brown,WR,SEA,11,334.0,337.0,535.3
smallwood_RB_PHI,Wendell Smallwood,RB,PHI,10,335.0,344.0,378.5
matthews_WR_SF,Jordan Matthews,WR,SF,4,336.0,351.0,542.5
roberts_WR_BAL,Seth Roberts,WR,BAL,8,337.0,355.0,557.5
james_TE_DET,Jesse James,TE,DET,5,339.0,359.0,311.0
swaim_TE_JAX,Geoff Swaim,TE,JAX,10,340.0,316.0,514.7
juszczyk_RB_SF,Kyle Juszczyk,RB,SF,4,341.0,340.0,385.5
wright_WR_CAR,Jarius Wright,WR,CAR,7,342.0,352.0,654.0
sharpe_WR_TEN,Tajae Sharpe,WR,TEN,11,344.0,358.0,521.0
lock_QB_DEN,Drew Lock,QB,DEN,10,345.0,362.0,663.0
uzomah_TE_CIN,C.J. Uzomah,TE,CIN,9,346.0,363.0,349.0
mckenzie_WR_BUF,Isaiah McKenzie,WR,BUF,6,347.0,361.0,527.5
patrick_WR_DEN,Tim Patrick,WR,DEN,10,348.0,370.0,561.0
artispayne_RB_CAR,Cameron Artis-Payne,RB,CAR,7,349.0,309.0,598.0
dorsett_WR_NE,Phillip Dorsett,WR,NE,10,350.0,347.0,282.0
bullock_K_CIN,Randy Bullock,K,CIN,9,351.0,367.0,389.0
cole_WR_JAX,Keelan Cole,WR,JAX,10,352.0,354.0,406.8
gallman_RB_NYG,Wayne Gallman,RB,NYG,11,353.0,357.0,479.5
crabtree_WR_ARI,Michael Crabtree,WR,ARI,12,354.0,364.0,477.8
wilkins_RB_IND,Jordan Wilkins,RB,IND,6,355.0,369.0,684.0
develin_RB_NE,James Develin,RB,NE,10,357.0,324.0,305.5
watson_TE_NE,Benjamin Watson,TE,NE,10,358.0,325.0,263.4
bortles_QB_LAR,Blake Bortles,QB,LAR,9,359.0,372.0,340.0
thomas_TE_HOU,Jordan Thomas,TE,HOU,10,360.0,339.0,468.8
pascal_WR_IND,Zach Pascal,WR,IND,6,362.0,373.0,512.0
vannett_TE_SEA,Nick Vannett,TE,SEA,11,363.0,376.0,382.0
robinson_WR_CAR,Aldrick Robinson,WR,CAR,7,364.0,375.0,538.0
tannehill_QB_TEN,Ryan Tannehill,QB,TEN,11,366.0,379.0,372.5
beathard_QB_SF,C.J. Beathard,QB,SF,4,367.0,380.0,490.0
wilson_RB_SF,Jeff Wilson,RB,SF,4,369.0,382.0,485.0
renfrow_WR_OAK,Hunter Renfrow,WR,OAK,6,370.0,383.0,293.3
garner_TE_KC,,,,,371.0,389.0,
harris_TE_CLE,Demetrius Harris,TE,CLE,7,372.0,393.0,316.0
davis_WR_KC,,,,,374.0,399.0,
sanders_K_MIA,Jason Sanders,K,MIA,5,375.0,394.0,308.0
mclaurin_WR_WSH,Terry McLaurin,WR,WSH,10,384.0,408.0,493.8
higdon_RB_HOU,Karan Higdon,RB,HOU,10,385.0,416.0,544.3
knox_TE_BUF,Dawson Knox,TE,BUF,6,386.0,417.0,995.0
gilbert_QB_CLE,Garrett Gilbert,QB,CLE,7,388.0,420.0,790.0
rudolph_QB_PIT,Mason Rudolph,QB,PIT,7,389.0,422.0,383.0
williams_WR_ARI,Chad Williams,WR,ARI,12,391.0,424.0,443.0
prosise_RB_SEA,C.J. Prosise,RB,SEA,11,392.0,425.0,455.0
henderson_RB_MIN,De'Angelo Henderson,RB,MIN,12,393.0,426.0,560.0
henderson_WR_JAX,Quadree Henderson,WR,JAX,10,394.0,427.0,512.0
jennings_WR_SEA,Gary Jennings,WR,SEA,11,395.0,429.0,692.0
buccaneers_DST_TB,Buccaneers,DST,TB,7,396.0,430.0,263.0
grant_WR_MIA,Jakeem Grant,WR,MIA,5,397.0,432.0,310.0
davis_TE_WSH,Vernon Davis,TE,WSH,10,399.0,421.0,556.7
ateman_WR_OAK,Marcell Ateman,WR,OAK,6,400.0,434.0,614.0
inman_WR_LAC,Dontrelle Inman,WR,LAC,12,401.0,435.0,722.0
walton_RB_MIA,Mark Walton,RB,MIA,5,402.0,423.0,704.5
switzer_WR_PIT,Ryan Switzer,WR,PIT,7,403.0,436.0,332.0
ellington_RB_TB,Andre Ellington,RB,TB,7,404.0,438.0,1000.0
oliver_TE_JAX,Josh Oliver,TE,JAX,10,405.0,428.0,681.0
smith_TE_TEN,Jonnu Smith,TE,TEN,11,407.0,441.0,418.0
kroft_TE_BUF,Tyler Kroft,TE,BUF,6,408.0,442.0,946.0
ozigbo_RB_NO,Devine Ozigbo,RB,NO,9,,323.0,385.5
sheehyguiseppi_WR_CLE,Damon Sheehy-Guiseppi,WR,CLE,7,,326.0,330.0
jackson_RB_DAL,Darius Jackson,RB,DAL,8,,327.0,355.5
zico_WR_ARI,Isaac Zico,WR,ARI,12,,328.0,332.0
kanoff_QB_ARI,Chad Kanoff,QB,ARI,12,,330.0,335.0
gray_WR_ATL,Devin Gray,WR,ATL,9,,346.0,344.0
beebe_WR_MIN,Chad Beebe,WR,MIN,12,,356.0,347.5
slye_K_CAR,Joey Slye,K,CAR,7,,377.0,378.0
bonnafon_RB_CAR,Reggie Bonnafon,RB,CAR,7,,385.0,386.0
mickens_WR_CAR,Jaydon Mickens,WR,CAR,7,,386.0,548.5
fry_K_BAL,Elliott Fry,K,BAL,8,,387.0,389.0
barnes_RB_TEN,Alex Barnes,RB,TEN,11,,390.0,648.0
sharp_WR_CIN,Hunter Sharp,WR,CIN,9,,391.0,635.5
pryor_WR_JAX,Terrelle Pryor,WR,JAX,10,,395.0,423.5
veasy_WR_IND,Jordan Veasy,WR,IND,6,,397.0,397.0
raiders_DST_OAK,Raiders,DST,OAK,6,,398.0,275.3
scarlett_RB_CAR,Jordan Scarlett,RB,CAR,7,,401.0,568.7
carter_WR_HOU,DeAndre Carter,WR,HOU,10,,404.0,383.0
washington_RB_OAK,DeAndre Washington,RB,OAK,6,,405.0,395.5
slayton_WR_NYG,Darius Slayton,WR,NYG,11,,412.0,679.0
hill_QB_NO,Taysom Hill,QB,NO,9,,413.0,315.0
grier_QB_CAR,Will Grier,QB,CAR,7,,431.0,455.5
sproles_RB_PHI,Darren Sproles,RB,PHI,10,,437.0,544.3
wade_RB_BUF,Christian Wade,RB,BUF,6,,,255.5
gonzalez_K_ARI,Zane Gonzalez,K,ARI,12,,,277.5
vedvik_K_MIN,Kaare Vedvik,K,MIN,12,,,521.3
austin_WR_DAL,Tavon Austin,WR,DAL,8,,,298.0
higbee_TE_LAR,Tyler Higbee,TE,LAR,9,,,300.0
sternberger_TE_GB,Jace Sternberger,TE,GB,11,,,316.5
willis_WR_CIN,Damion Willis,WR,CIN,9,,,224.0
mostert_RB_SF,Raheem Mostert,RB,SF,4,,,389.0
peterman_QB_OAK,Nathan Peterman,QB,OAK,6,,,235.0
ferguson_WR_SEA,Jazz Ferguson,WR,SEA,11,,,246.0
clay_TE_ARI,Charles Clay,TE,ARI,12,,,337.5
butt_TE_DEN,Jake Butt,TE,DEN,10,,,252.0
thomas_WR_LAR,Mike Thomas,WR,LAR,9,,,272.0
bell_TE_KC,Blake Bell,TE,KC,12,,,274.0
barkley_QB_BUF,Matt Barkley,QB,BUF,6,,,281.0
howell_RB_HOU,Buddy Howell,RB,HOU,10,,,356.0
griffin_QB_BAL,Robert Griffin,QB,BAL,8,,,291.0
walsh_K_ATL,Blair Walsh,K,ATL,9,,,297.0
hill_TE_NO,Josh Hill,TE,NO,9,,,300.0
perkins_RB_NYG,Paul Perkins,RB,NYG,11,,,418.5
abdullah_RB_MIN,Ameer Abdullah,RB,MIN,12,,,303.0
mcsorley_QB_BAL,Trace McSorley,QB,BAL,8,,,304.0
bertolet_K_NYJ,Taylor Bertolet,K,NYJ,4,,,306.0
watt_RB_LAC,Derek Watt,RB,LAC,12,,,320.0
brady_WR_JAX,Tyre Brady,WR,JAX,10,,,321.0
thomas_WR_KC,De'Anthony Thomas,WR,KC,12,,,322.0
ficken_K_GB,Sam Ficken,K,GB,11,,,324.0
humphrey_WR_NO,Lil'Jordan Humphrey,WR,NO,9,,,329.0
grimble_TE_PIT,Xavier Grimble,TE,PIT,7,,,336.0
mccloud_WR_BUF,Ray-Ray McCloud,WR,BUF,6,,,343.0
johnson_QB_DET,Josh Johnson,QB,DET,5,,,344.0
miller_WR_CLE,Braxton Miller,WR,CLE,7,,,349.0
moore_QB_KC,Matt Moore,QB,KC,12,,,352.0
izzo_TE_MIN,Ryan Izzo,TE,MIN,12,,,353.0
dobbs_QB_PIT,Joshua Dobbs,QB,PIT,7,,,356.0
cooper_WR_ARI,Pharoh Cooper,WR,ARI,12,,,357.0
godwin_WR_CAR,Terry Godwin,WR,CAR,7,,,358.0
santos_K_TB,Cairo Santos,K,TB,7,,,359.0
savage_QB_DET,Tom Savage,QB,DET,5,,,360.0
bridgewater_QB_NO,Teddy Bridgewater,QB,NO,9,,,361.0
kendricks_TE_NE,Lance Kendricks,TE,NE,10,,,363.0
slater_WR_NE,Matt Slater,WR,NE,10,,,368.0
gentry_TE_PIT,Zach Gentry,TE,PIT,7,,,369.0
nelson_WR_OAK,J.J. Nelson,WR,OAK,6,,,371.0
green_TE_LAC,Virgil Green,TE,LAC,12,,,372.0
oshaughnessy_TE_JAX,James O'Shaughnessy,TE,JAX,10,,,374.0
schultz_TE_DAL,Dalton Schultz,TE,DAL,8,,,375.0
kelly_QB_IND,Chad Kelly,QB,IND,6,,,377.0
lynch_QB_SEA,Paxton Lynch,QB,SEA,11,,,378.0
pringle_WR_KC,Byron Pringle,WR,KC,12,,,381.0
ellison_TE_NYG,Rhett Ellison,TE,NYG,11,,,382.0
griffin_TE_NYJ,Ryan Griffin,TE,NYJ,4,,,385.0
bolden_RB_NE,Brandon Bolden,RB,NE,10,,,387.0
rogers_WR_PIT,Eli Rogers,WR,PIT,7,,,390.0
sherman_RB_KC,Anthony Sherman,RB,KC,12,,,391.0
zylstra_WR_MIN,Brandon Zylstra,WR,MIN,12,,,394.0
carr_WR_NO,Austin Carr,WR,NO,9,,,396.0
rush_QB_DAL,Cooper Rush,QB,DAL,8,,,397.0
davis_WR_GB,Trevor Davis,WR,GB,11,,,400.0
berrios_WR_NE,Braxton Berrios,WR,NE,10,,,401.0
lasley_WR_DET,Jordan Lasley,WR,DET,5,,,403.0
lazard_WR_GB,Allen Lazard,WR,GB,11,,,406.0
hollister_TE_SEA,Jacob Hollister,TE,SEA,11,,,407.0
smith_CB_KC,Tremon Smith,CB,KC,12,,,408.0
kizer_QB_GB,DeShone Kizer,QB,GB,11,,,411.0
brown_TE_NYJ,Daniel Brown,TE,NYJ,4,,,417.0
mccown_QB_PHI,Josh McCown,QB,PHI,10,,,422.0
boone_RB_MIN,Mike Boone,RB,MIN,12,,,423.0
akins_TE_HOU,Jordan Akins,TE,HOU,10,,,424.0
ham_RB_MIN,CJ Ham,RB,MIN,12,,,425.0
arnold_TE_NO,Dan Arnold,TE,NO,9,,,427.0
watson_WR_TB,Justin Watson,WR,TB,7,,,428.0
sprinkle_TE_WSH,Jeremy Sprinkle,TE,WSH,10,,,429.0
shaheen_TE_CHI,Adam Shaheen,TE,CHI,6,,,430.0
washington_RB_NO,Dwayne Washington,RB,NO,9,,,431.0
stanton_QB_CLE,Drew Stanton,QB,CLE,7,,,432.0
kirkwood_WR_NO,Keith Kirkwood,WR,NO,9,,,439.0
roberts_WR_BUF,Andre Roberts,WR,BUF,6,,,441.0
wims_WR_CHI,Javon Wims,WR,CHI,6,,,442.0
carrier_TE_OAK,Derek Carrier,TE,OAK,6,,,444.0
williams_TE_ARI,Maxx Williams,TE,ARI,12,,,446.0
carson_RB_GB,Tra Carson,RB,GB,11,,,448.0
dimarco_RB_BUF,Patrick DiMarco,RB,BUF,6,,,449.0
toilolo_TE_SF,Levine Toilolo,TE,SF,4,,,450.0
erickson_WR_CIN,Alex Erickson,WR,CIN,9,,,452.0
taylor_QB_LAC,Tyrod Taylor,QB,LAC,12,,,454.0
wilds_RB_SF,Brandon Wilds,RB,SF,4,,,458.0
cracraft_WR_DEN,River Cracraft,WR,DEN,10,,,461.0
willies_WR_CLE,Derrick Willies,WR,CLE,7,,,462.0
hardy_WR_ATL,Justin Hardy,WR,ATL,9,,,463.0
vitale_RB_GB,Dan Vitale,RB,GB,11,,,464.0
mannion_QB_MIN,Sean Mannion,QB,MIN,12,,,465.0
lewis_TE_GB,Marcedes Lewis,TE,GB,11,,,466.0
green_WR_ATL,Marcus Green,WR,ATL,9,,,467.0
dickson_TE_SEA,Ed Dickson,TE,SEA,11,,,468.0
burnett_WR_NYJ,Deontay Burnett,WR,NYJ,4,,,469.0
boyle_QB_GB,Tim Boyle,QB,GB,11,,,471.0
rodgers_RB_NO,Jacquizz Rodgers,RB,NO,9,,,473.0
marshall_RB_WSH,Byron Marshall,RB,WSH,10,,,475.0
yelder_TE_KC,Deon Yelder,TE,KC,12,,,477.0
mack_TE_NO,Alize Mack,TE,NO,9,,,479.0
fitzgerald_QB_TB,Nick Fitzgerald,QB,TB,7,,,480.0
perine_RB_WSH,Samaje Perine,RB,WSH,10,,,483.0
ursua_WR_SEA,John Ursua,WR,SEA,11,,,486.0
line_RB_NO,Zach Line,RB,NO,9,,,487.0
nauta_TE_DET,Isaac Nauta,TE,DET,5,,,488.0
hundley_QB_ARI,Brett Hundley,QB,ARI,12,,,489.0
kelly_RB_LAR,John Kelly,RB,LAR,9,,,491.0
golden_WR_NYG,Brittan Golden,WR,NYG,11,,,494.0
penny_RB_NYG,Elijhaa Penny,RB,NYG,11,,,495.0
boyle_TE_BAL,Nick Boyle,TE,BAL,8,,,496.0
siemian_QB_NYJ,Trevor Siemian,QB,NYJ,4,,,497.0
perkins_TE_PHI,Joshua Perkins,TE,PHI,10,,,498.0
mccoy_QB_WSH,Colt McCoy,QB,WSH,10,,,499.0
dayes_RB_NO,Matthew Dayes,RB,NO,9,,,503.0
dieter_WR_KC,Gehrig Dieter,WR,KC,12,,,504.0
adams_TE_HOU,Jerell Adams,TE,HOU,10,,,505.0
butler_WR_MIA,Brice Butler,WR,MIA,5,,,506.0
hunt_RB_TEN,Akeem Hunt,RB,TEN,11,,,508.0
oleary_TE_MIA,Nick O'Leary,TE,MIA,5,,,509.0
sweeney_TE_BUF,Tommy Sweeney,TE,BUF,6,,,510.0
tonyan_TE_GB,Robert Tonyan,TE,GB,11,,,513.0
homer_RB_SEA,Travis Homer,RB,SEA,11,,,515.0
smith_WR_DAL,Devin Smith,WR,DAL,8,,,516.0
jones_QB_LAC,Cardale Jones,QB,LAC,12,,,517.0
newsome_RB_LAC,Detrez Newsome,RB,LAC,12,,,518.0
daniel_QB_CHI,Chase Daniel,QB,CHI,6,,,520.0
fowler_WR_NYG,Bennie Fowler,WR,NYG,11,,,522.0
sloter_QB_MIN,Kyle Sloter,QB,MIN,12,,,523.0
nix_RB_PIT,Roosevelt Nix,RB,PIT,7,,,528.0
paulsen_TE_ATL,Logan Paulsen,TE,ATL,9,,,529.0
williams_RB_DEN,David Williams,RB,DEN,10,,,530.0
rodgers_TE_PHI,Richard Rodgers,TE,PHI,10,,,531.0
cox_RB_MIA,Chandler Cox,RB,MIA,5,,,532.0
johnson_WR_MIN,Olabisi Johnson,WR,MIN,12,,,533.0
aliecox_TE_IND,Mo Alie-Cox,TE,IND,6,,,534.0
celek_TE_SF,Garrett Celek,TE,SF,4,,,536.0
james_WR_SF,Richie James,WR,SF,4,,,538.0
schaub_QB_ATL,Matt Schaub,QB,ATL,9,,,539.0
allen_QB_CAR,Kyle Allen,QB,CAR,7,,,540.0
minshew_QB_JAX,Gardner Minshew,QB,JAX,10,,,541.0
brown_WR_DAL,Noah Brown,WR,DAL,8,,,542.0
foster_RB_ARI,D.J. Foster,RB,ARI,12,,,543.0
powell_WR_DET,Brandon Powell,WR,DET,5,,,544.0
stidham_QB_NE,Jarrett Stidham,QB,NE,10,,,546.0
dickerson_TE_NYG,Garrett Dickerson,TE,NYG,11,,,548.0
tomlinson_TE_NYJ,Eric Tomlinson,TE,NYJ,4,,,549.0
smith_QB_SEA,Geno Smith,QB,SEA,11,,,552.0
hollins_WR_PHI,Mack Hollins,WR,PHI,10,,,553.0
wesco_TE_NYJ,Trevon Wesco,TE,NYJ,4,,,554.0
gillaspia_RB_HOU,Cullen Gillaspia,RB,HOU,10,,,555.0
smith_WR_CAR,Torrey Smith,WR,CAR,7,,,556.0
reynolds_WR_SEA,Keenan Reynolds,WR,SEA,11,,,557.0
scarbrough_RB_SEA,Bo Scarbrough,RB,SEA,11,,,558.0
muhammad_RB_DEN,Khalfani Muhammad,RB,DEN,10,,,561.0
gathers_TE_CLE,Rico Gathers,TE,CLE,7,,,562.0
pope_RB_LAC,Troymaine Pope,RB,LAC,12,,,563.0
cantrell_WR_LAC,Dylan Cantrell,WR,LAC,12,,,564.0
conklin_TE_NE,Tyler Conklin,TE,NE,10,,,565.0
hood_RB_JAX,Elijah Hood,RB,JAX,10,,,566.0
malone_WR_CIN,Josh Malone,WR,CIN,9,,,567.0
smith_TE_SF,Kaden Smith,TE,SF,4,,,568.0
ratley_WR_CLE,Damion Ratley,WR,CLE,7,,,570.0
hoyer_QB_NE,Brian Hoyer,QB,NE,10,,,571.0
gage_WR_ATL,Russell Gage,WR,ATL,9,,,572.0
whyte_RB_CHI,Kerrith Whyte,RB,CHI,6,,,574.0
dortch_WR_NYJ,Greg Dortch,WR,NYJ,4,,,577.0
smith_RB_OAK,Keith Smith,RB,OAK,6,,,578.0
holmes_TE_IND,Gabe Holmes,TE,IND,6,,,579.0
hemingway_TE_CAR,Temarrick Hemingway,TE,CAR,7,,,580.0
wilson_WR_DAL,Cedrick Wilson,WR,DAL,8,,,581.0
bray_QB_CHI,Tyler Bray,QB,CHI,6,,,582.0
smith_RB_NO,Shane Smith,RB,NO,9,,,583.0
jones_RB_HOU,Taiwan Jones,RB,HOU,10,,,584.0
conrad_TE_NYG,C.J. Conrad,TE,NYG,11,,,585.0
allen_QB_LAR,Brandon Allen,QB,LAR,9,,,587.0
devalve_TE_CLE,Seth DeValve,TE,CLE,7,,,588.0
finley_QB_CIN,Ryan Finley,QB,CIN,9,,,589.0
mccarron_QB_HOU,AJ McCarron,QB,HOU,10,,,590.0
moreau_TE_OAK,Foster Moreau,TE,OAK,6,,,591.0
armah_RB_CAR,Alex Armah,RB,CAR,7,,,593.0
adeboyejo_WR_NYJ,Quincy Adeboyejo,WR,NYJ,4,,,597.0
harris_WR_OAK,Dwayne Harris,WR,OAK,6,,,600.0
driskel_QB_CIN,Jeff Driskel,QB,CIN,9,,,602.0
rudock_QB_MIA,Jake Rudock,QB,MIA,5,,,604.0
allen_TE_MIA,Dwayne Allen,TE,MIA,5,,,605.0
brown_RB_OAK,Mack Brown,RB,OAK,6,,,606.0
scott_RB_PHI,Boston Scott,RB,PHI,10,,,608.0
flowers_QB_CIN,Quinton Flowers,QB,CIN,9,,,610.0
bohanon_RB_GB,Tommy Bohanon,RB,GB,11,,,612.0
janovich_RB_DEN,Andy Janovich,RB,DEN,10,,,613.0
white_QB_DAL,Mike White,QB,DAL,8,,,615.0
jackson_QB_BUF,Tyree Jackson,QB,BUF,6,,,616.0
anderson_TE_NE,Stephen Anderson,TE,NE,10,,,617.0
sims_WR_WSH,Cam Sims,WR,WSH,10,,,619.0
hurns_WR_MIA,Allen Hurns,WR,MIA,5,,,620.0
bellore_LB_SEA,Nick Bellore,LB,SEA,11,,,622.0
winfree_WR_DEN,Juwann Winfree,WR,DEN,10,,,623.0
langley_CB_DEN,Brendan Langley,CB,DEN,10,,,624.0
stick_QB_LAC,Easton Stick,QB,LAC,12,,,625.0
byrd_WR_ARI,Damiere Byrd,WR,ARI,12,,,626.0
hodge_WR_LAR,Khadarel Hodge,WR,LAR,9,,,627.0
pumphrey_RB_PHI,Donnel Pumphrey,RB,PHI,10,,,629.0
lacy_WR_DET,Chris Lacy,WR,DET,5,,,630.0
griffin_QB_TB,Ryan Griffin,QB,TB,7,,,633.0
sample_TE_CIN,Drew Sample,TE,CIN,9,,,634.0
barner_RB_ATL,Kenjon Barner,RB,ATL,9,,,635.0
edmunds_RB_PIT,Trey Edmunds,RB,PIT,7,,,637.0
ortiz_RB_ATL,Ricky Ortiz,RB,ATL,9,,,639.0
sudfeld_QB_PHI,Nate Sudfeld,QB,PHI,10,,,640.0
sherfield_WR_ARI,Trent Sherfield,WR,ARI,12,,,641.0
etling_QB_ATL,Danny Etling,QB,ATL,9,,,642.0
manhertz_TE_CAR,Chris Manhertz,TE,CAR,7,,,646.0
tanney_QB_NYG,Alex Tanney,QB,NYG,11,,,647.0
bellamy_WR_NYJ,Josh Bellamy,WR,NYJ,4,,,648.0
wilson_WR_TB,Bobo Wilson,WR,TB,7,,,649.0
saubert_TE_NE,Eric Saubert,TE,NE,10,,,650.0
stocker_TE_ATL,Luke Stocker,TE,ATL,9,,,651.0
hatcher_WR_OAK,Keon Hatcher,WR,OAK,6,,,653.0
kessler_QB_PHI,Cody Kessler,QB,PHI,10,,,654.0
natson_WR_LAR,JoJo Natson,WR,LAR,9,,,655.0
scott_WR_BAL,Jaleel Scott,WR,BAL,8,,,656.0
fells_TE_HOU,Darren Fells,TE,HOU,10,,,659.0
chesson_WR_WSH,Jehu Chesson,WR,WSH,10,,,660.0
wilson_RB_WSH,Shaun Wilson,RB,WSH,10,,,661.0
firkser_TE_TEN,Anthony Firkser,TE,TEN,11,,,662.0
latimer_WR_NYG,Cody Latimer,WR,NYG,11,,,664.0
fumagalli_TE_DEN,Troy Fumagalli,TE,DEN,10,,,665.0
glennon_QB_OAK,Mike Glennon,QB,OAK,6,,,667.0
thompson_WR_NYJ,Deonte Thompson,WR,NYJ,4,,,668.0
wilson_TE_ARI,Caleb Wilson,TE,ARI,12,,,669.0
gentry_WR_CHI,Tanner Gentry,WR,CHI,6,,,670.0
white_WR_CAR,DeAndrew White,WR,CAR,7,,,671.0
henne_QB_KC,Chad Henne,QB,KC,12,,,672.0
hewitt_RB_TEN,Ryan Hewitt,RB,TEN,11,,,673.0
michel_WR_PHI,Marken Michel,WR,PHI,10,,,674.0
morgan_TE_MIN,David Morgan,TE,MIN,12,,,676.0
rypien_QB_DEN,Brett Rypien,QB,DEN,10,,,677.0
callahan_QB_BAL,Joe Callahan,QB,BAL,8,,,679.0
tate_WR_CIN,Auden Tate,WR,CIN,9,,,685.0
west_RB_IND,Charcandrick West,RB,IND,6,,,688.0
williams_RB_NO,Kerwynn Williams,RB,NO,9,,,690.0
mcnichols_RB_TEN,Jeremy McNichols,RB,TEN,11,,,691.0
logan_RB_ARI,T.J. Logan,RB,ARI,12,,,696.0
warring_TE_HOU,Kahale Warring,TE,HOU,10,,,697.0
lauletta_QB_NYG,Kyle Lauletta,QB,NYG,11,,,699.0
olawale_RB_DAL,Jamize Olawale,RB,DAL,8,,,702.0
mitchell_WR_MIN,Dillon Mitchell,WR,MIN,12,,,703.0
moore_WR_GB,J'Mon Moore,WR,GB,11,,,705.0
leggett_TE_TB,Jordan Leggett,TE,TB,7,,,707.0
lucas_TE_DAL,Marcus Lucas,TE,DAL,8,,,710.0
culkin_TE_LAC,Sean Culkin,TE,LAC,12,,,711.0
mcgough_QB_JAX,Alex McGough,QB,JAX,10,,,712.0
fountain_WR_IND,Daurice Fountain,WR,IND,6,,,713.0
lewis_WR_DET,Tommylee Lewis,WR,DET,5,,,714.0
core_WR_CIN,Cody Core,WR,CIN,9,,,715.0
raymond_WR_TEN,Kalif Raymond,WR,TEN,11,,,717.0
fluellen_RB_TEN,David Fluellen,RB,TEN,11,,,718.0
smith_TE_BUF,Lee Smith,TE,BUF,6,,,719.0
williams_RB_DET,James Williams,RB,DET,5,,,721.0
grant_WR_OAK,Ryan Grant,WR,OAK,6,,,723.0
duarte_TE_ATL,Thomas Duarte,TE,ATL,9,,,726.0
dwelley_TE_SF,Ross Dwelley,TE,SF,4,,,728.0
scott_WR_NYG,Da'Mari Scott,WR,NYG,11,,,729.0
cannon_RB_NYJ,Trenton Cannon,RB,NYJ,4,,,732.0
mundt_TE_LAR,Johnny Mundt,TE,LAR,9,,,736.0
hogan_QB_DEN,Kevin Hogan,QB,DEN,10,,,740.0
heinicke_QB_CAR,Taylor Heinicke,QB,CAR,7,,,741.0
smythe_TE_MIA,Durham Smythe,TE,MIA,5,,,742.0
agudosi_WR_PHI,Carlton Agudosi,WR,PHI,10,,,744.0
schreck_TE_CIN,Mason Schreck,TE,CIN,9,,,750.0
davis_WR_LAC,Geremy Davis,WR,LAC,12,,,753.0
willson_TE_OAK,Luke Willson,TE,OAK,6,,,754.0
butler_WR_NO,Emmanuel Butler,WR,NO,9,,,758.0
holton_WR_PIT,Johnny Holton,WR,PIT,7,,,761.0
tolliver_WR_KC,Jalen Tolliver,WR,KC,12,,,764.0
johnson_RB_GB,Malcolm Johnson,RB,GB,11,,,765.0
ford_RB_GB,Keith Ford,RB,GB,11,,,766.0
miller_WR_TB,Scott Miller,WR,TB,7,,,768.0
burton_RB_NO,Michael Burton,RB,NO,9,,,769.0
heuerman_TE_DEN,Jeff Heuerman,TE,DEN,10,,,770.0
fulgham_WR_DET,Travis Fulgham,WR,DET,5,,,772.0
griffin_TE_NO,Garrett Griffin,TE,NO,9,,,774.0
thorson_QB_PHI,Clayton Thorson,QB,PHI,10,,,775.0
mays_RB_JAX,Devante Mays,RB,JAX,10,,,776.0
webb_QB_NYJ,Davis Webb,QB,NYJ,4,,,778.0
hogan_WR_IND,Krishawn Hogan,WR,IND,6,,,779.0
white_WR_NYJ,Tim White,WR,NYJ,4,,,784.0
johnson_WR_IND,Marcus Johnson,WR,IND,6,,,785.0
mizzell_RB_CHI,Taquan Mizzell,RB,CHI,6,,,786.0
davis_RB_LAR,Justin Davis,RB,LAR,9,,,787.0
travis_TE_IND,Ross Travis,TE,IND,6,,,789.0
braunecker_TE_CHI,Ben Braunecker,TE,CHI,6,,,792.0
hikutini_TE_MIN,Cole Hikutini,TE,MIN,12,,,793.0
dulin_WR_IND,Ashton Dulin,WR,IND,6,,,795.0
jones_WR_NYG,TJ Jones,WR,NYG,11,,,796.0
dupre_WR_LAC,Malachi Dupre,WR,LAC,12,,,799.0
hall_WR_CHI,Marvin Hall,WR,CHI,6,,,800.0
falk_QB_NYJ,Luke Falk,QB,NYJ,4,,,802.0
smith_WR_HOU,Vyncint Smith,WR,HOU,10,,,803.0
phillips_WR_BUF,Cam Phillips,WR,BUF,6,,,804.0
ervin_RB_BAL,Tyler Ervin,RB,BAL,8,,,806.0
charles_TE_DEN,Orson Charles,TE,DEN,10,,,807.0
pruitt_TE_TEN,MyCole Pruitt,TE,TEN,11,,,809.0
cobbs_WR_NO,Simmie Cobbs Jr.,WR,NO,9,,,810.0
bawden_RB_DET,Nick Bawden,RB,DET,5,,,813.0
turner_RB_BAL,De'Lance Turner,RB,BAL,8,,,815.0
auclair_TE_TB,Antony Auclair,TE,TB,7,,,817.0
cunningham_TE_DET,Jerome Cunningham,TE,DET,5,,,822.0
lewis_WR_IND,Roger Lewis,WR,IND,6,,,823.0
scott_WR_LAC,Artavis Scott,WR,LAC,12,,,824.0
carter_TE_CIN,Cethan Carter,TE,CIN,9,,,825.0
woodside_QB_TEN,Logan Woodside,QB,TEN,11,,,826.0
simonson_TE_NYG,Scott Simonson,TE,NYG,11,,,827.0
proehl_WR_LAR,Austin Proehl,WR,LAR,9,,,830.0
baylis_TE_GB,Evan Baylis,TE,GB,11,,,832.0
thomas_TE_DET,Logan Thomas,TE,DET,5,,,834.0
turner_WR_SEA,Malik Turner,WR,SEA,11,,,835.0
weah_WR_HOU,Jester Weah,WR,HOU,10,,,836.0
koyack_TE_JAX,Ben Koyack,TE,JAX,10,,,840.0
murphy_RB_BUF,Marcus Murphy,RB,BUF,6,,,841.0
quick_WR_WSH,Brian Quick,WR,WSH,10,,,842.0
croom_TE_BUF,Jason Croom,TE,BUF,6,,,844.0
floyd_WR_BAL,Michael Floyd,WR,BAL,8,,,846.0
jennings_WR_TEN,Darius Jennings,WR,TEN,11,,,849.0
flanagan_TE_WSH,Matt Flanagan,TE,WSH,10,,,853.0
williams_WR_SF,Nick Williams,WR,SF,4,,,855.0
perry_RB_BUF,Senorise Perry,RB,BUF,6,,,857.0
mcknight_WR_DEN,Kelvin McKnight,WR,DEN,10,,,860.0
franks_TE_CIN,Jordan Franks,TE,CIN,9,,,861.0
meredith_WR_NE,Cameron Meredith,WR,NE,10,,,869.0
traylor_TE_DET,Austin Traylor,TE,DET,5,,,873.0
whitney_WR_HOU,Isaac Whitney,WR,HOU,10,,,875.0
peake_WR_NYJ,Charone Peake,WR,NYJ,4,,,876.0
hansen_WR_HOU,Chad Hansen,WR,HOU,10,,,877.0
webb_QB_HOU,Joe Webb,QB,HOU,10,,,878.0
ford_WR_MIA,Isaiah Ford,WR,MIA,5,,,884.0
davis_WR_WSH,Robert Davis,WR,WSH,10,,,885.0
farrow_RB_MIA,Kenneth Farrow,RB,MIA,5,,,887.0
bolden_WR_BUF,Victor Bolden Jr.,WR,BUF,6,,,888.0
hart_WR_IND,Penny Hart,WR,IND,6,,,889.0
kidsy_WR_WSH,Darvin Kidsy,WR,WSH,10,,,891.0
batson_WR_TEN,Cam Batson,WR,TEN,11,,,894.0
johnson_WR_PHI,Charles Johnson,WR,PHI,10,,,897.0
wesley_WR_BAL,Antoine Wesley,WR,BAL,8,,,901.0
derby_TE_NO,A.J. Derby,TE,NO,9,,,902.0
ernsberger_RB_JAX,Donnie Ernsberger,RB,JAX,10,,,903.0
mcevoy_WR_TEN,Tanner McEvoy,WR,TEN,11,,,911.0
mcbride_WR_JAX,Tre McBride,WR,JAX,10,,,912.0
daniels_TE_ARI,Darrell Daniels,TE,ARI,12,,,914.0
tye_TE_PHI,Will Tye,TE,PHI,10,,,915.0
yancey_WR_TEN,DeAngelo Yancey,WR,TEN,11,,,920.0
russell_WR_NYG,Alonzo Russell,WR,NYG,11,,,921.0
ross_WR_CAR,Rashad Ross,WR,CAR,7,,,926.0
ellis_TE_PHI,Alex Ellis,TE,PHI,10,,,932.0
mullens_QB_SF,Nick Mullens,QB,SF,4,,,937.0
gabbert_QB_TB,Blaine Gabbert,QB,TB,7,,,938.0
bohringer_WR_CIN,Moritz Bohringer,WR,CIN,9,,,943.0
williams_RB_IND,Jonathan Williams,RB,IND,6,,,944.0
mayle_WR_LAC,Vince Mayle,WR,LAC,12,,,945.0
mckissic_RB_SEA,J.D. McKissic,RB,SEA,11,,,970.0
smith_RB_NYG,Rod Smith,RB,NYG,11,,,972.0
ferguson_RB_HOU,Josh Ferguson,RB,HOU,10,,,976.0
rawls_RB_JAX,Thomas Rawls,RB,JAX,10,,,980.0
taylor_WR_SF,Trent Taylor,WR,SF,4,,,990.0
