key,name,pos,team,bye,std,half_ppr,ppr,kick_extra_points,rush_yds,kick_40_49,df_fumbles,pass_ints,pass_yds,rush_tds,two_pts,reception_yds,kick_0_19,df_tds,kick_50,receptions,reception_tds,fumbles,pass_tds,df_ints,kick_20_29,df_points_allowed_per_game,df_safeties,df_sacks,kick_30_39
taylor_RB_IND,Jonathan Taylor,RB,IND,14.0,1,1,1,,1536.6,,,0.0,,13.7,0.0,339.4,,,,40.7,1.4,2.8,,,,,,,
mccaffrey_RB_CAR,Christian McCaffrey,RB,CAR,13.0,3,3,2,,976.7,,,0.0,,6.4,0.5,743.9,,,,86.5,3.6,3.0,,,,,,,
ekeler_RB_LAC,Austin Ekeler,RB,LAC,8.0,2,2,3,,978.7,,,0.0,,9.2,0.5,685.3,,,,72.8,5.2,3.0,,,,,,,
kupp_WR_LAR,Cooper Kupp,WR,LAR,7.0,4,5,4,,31.3,,,0.0,,0.2,,1659.6,,0.1,,125.8,12.9,0.5,,,,,,,
henry_RB_TEN,Derrick Henry,RB,TEN,6.0,5,4,5,,1599.6,,,0.0,,11.8,1.1,216.2,,,,28.1,0.7,2.9,,,,,,,
jefferson_WR_MIN,Justin Jefferson,WR,MIN,7.0,6,6,6,,26.3,,,0.0,,0.1,,1484.8,,,,102.4,9.2,0.5,,,,,,,
harris_RB_PIT,Najee Harris,RB,PIT,9.0,7,8,7,,1135.3,,,0.0,,7.7,0.1,380.8,,,,58.7,2.1,4.0,,,,,,,
cook_RB_MIN,Dalvin Cook,RB,MIN,7.0,8,7,8,,1272.9,,,0.0,,10.0,2.1,340.0,,,,44.6,0.9,3.1,,,,,,,
chase_WR_CIN,Ja'Marr Chase,WR,CIN,10.0,9,9,9,,64.5,,,0.0,,0.4,,1367.7,,,,88.5,9.6,0.5,,,,,,,
adams_WR_LV,Davante Adams,WR,LV,6.0,11,11,10,,0.3,,,0.0,,0.0,,1402.5,,,,113.1,8.7,1.0,,,,,,,
mixon_RB_CIN,Joe Mixon,RB,CIN,10.0,10,10,11,,1185.5,,,0.0,,10.0,,377.5,,,,50.4,2.6,2.0,,,,,,,
diggs_WR_BUF,Stefon Diggs,WR,BUF,7.0,14,12,12,,3.8,,,0.0,,0.0,,1229.4,,,,96.1,8.0,1.0,,,,,,,
swift_RB_DET,D'Andre Swift,RB,DET,6.0,12,15,13,,855.9,,,0.0,,6.4,0.1,458.1,,,,62.6,2.5,2.2,,,,,,,
kelce_TE_KC,Travis Kelce,TE,KC,8.0,13,13,14,,6.8,,,0.0,,0.0,,1251.6,,,,106.2,9.3,1.0,,,,,,,
lamb_WR_DAL,CeeDee Lamb,WR,DAL,9.0,17,17,15,,59.0,,,0.0,,0.1,1.1,1145.5,,0.0,,83.7,6.2,0.5,,,,,,,
samuel_WR_SF,Deebo Samuel,WR,SF,9.0,18,20,16,,349.6,,,0.0,,3.7,,1113.1,,,,72.8,5.9,1.0,,,,,,,
chubb_RB_CLE,Nick Chubb,RB,CLE,9.0,15,14,17,,1186.2,,,0.0,,7.0,,213.1,,,,24.2,1.0,2.0,,,,,,,
kamara_RB_NO,Alvin Kamara,RB,NO,14.0,20,18,18,,840.7,,,0.0,,5.7,,470.3,,,,52.1,3.7,3.0,,,,,,,
williams_RB_DEN,Javonte Williams,RB,DEN,9.0,16,16,19,,964.6,,,0.0,,6.4,0.2,356.9,,,,45.6,2.8,2.1,,,,,,,
hill_WR_MIA,Tyreek Hill,WR,MIA,11.0,19,21,20,,57.9,,,0.0,,0.0,,1108.5,,,,92.8,7.2,0.5,,,,,,,
jones_RB_GB,Aaron Jones,RB,GB,14.0,23,19,21,,892.1,,,0.0,,5.5,,560.4,,,,63.6,4.0,1.2,,,,,,,
fournette_RB_TB,Leonard Fournette,RB,TB,11.0,24,25,22,,910.8,,,0.0,,8.8,,489.4,,,,69.8,2.0,3.0,,,,,,,
barkley_RB_NYG,Saquon Barkley,RB,NYG,9.0,22,24,23,,949.3,,,0.0,,5.6,,410.2,,,,55.2,2.2,1.8,,,,,,,
andrews_TE_BAL,Mark Andrews,TE,BAL,10.0,21,23,24,,5.9,,,0.0,,0.0,,1229.3,,,,98.0,9.2,0.5,,,,,,,
allen_QB_BUF,Josh Allen,QB,BUF,7.0,25,22,25,,750.9,,,14.6,4405.0,6.6,1.6,,,,,,,2.9,33.7,,,,,,
evans_WR_TB,Mike Evans,WR,TB,11.0,28,26,26,,2.7,,,0.0,,0.0,,1120.7,,,,80.3,9.5,1.0,,,,,,,
allen_WR_LAC,Keenan Allen,WR,LAC,8.0,29,28,27,,1.3,,,0.0,,0.0,,1081.8,,,,98.7,7.1,1.0,,,,,,,
conner_RB_ARI,James Conner,RB,ARI,13.0,34,33,28,,904.6,,,0.0,,10.1,,370.7,,,,43.4,2.5,1.8,,,,,,,
brown_WR_PHI,A.J. Brown,WR,PHI,7.0,26,27,29,,11.7,,,0.0,,0.0,,1177.4,,,,77.2,8.2,0.5,,,,,,,
elliott_RB_DAL,Ezekiel Elliott,RB,DAL,9.0,30,30,30,,902.8,,,0.0,,8.0,1.6,282.9,,,,39.6,1.7,2.2,,,,,,,
akers_RB_LAR,Cam Akers,RB,LAR,7.0,27,32,31,,1097.8,,,0.0,,7.0,0.1,310.7,,,,36.0,1.4,4.1,,,,,,,
higgins_WR_CIN,Tee Higgins,WR,CIN,10.0,33,29,32,,3.3,,,0.0,,0.0,,1203.7,,,,83.6,7.8,1.0,,,,,,,
montgomery_RB_CHI,David Montgomery,RB,CHI,14.0,35,31,33,,1014.1,,,0.0,,8.2,0.5,352.2,,,,44.3,1.8,1.8,,,,,,,
pitts_TE_ATL,Kyle Pitts,TE,ATL,14.0,32,36,34,,0.5,,,0.0,,0.0,,980.9,,,,71.1,4.2,1.0,,,,,,,
mahomes_QB_KC,Patrick Mahomes II,QB,KC,8.0,31,35,35,,404.1,,,13.1,4921.4,3.2,1.7,,,,,,,2.2,34.9,,,,,,
herbert_QB_LAC,Justin Herbert,QB,LAC,8.0,37,37,36,,305.4,,,15.5,4923.3,3.2,3.7,,,,,,,0.7,32.9,,,,,,
pittman_WR_IND,Michael Pittman Jr.,WR,IND,14.0,42,41,37,,32.7,,,0.0,,0.1,,1105.2,,,,89.2,6.4,0.5,,,,,,,
gibson_RB_WSH,Antonio Gibson,RB,WSH,14.0,36,34,38,,972.0,,,0.0,,7.7,0.0,260.6,,,,35.3,1.8,2.8,,,,,,,
johnson_WR_PIT,Diontae Johnson,WR,PIT,9.0,40,38,39,,29.3,,,0.0,,0.1,,1069.7,,0.4,,94.5,6.2,1.0,,,,,,,
jacobs_RB_LV,Josh Jacobs,RB,LV,6.0,39,42,40,,1001.4,,,0.0,,8.8,,294.4,,,,41.5,0.7,2.4,,,,,,,
waddle_WR_MIA,Jaylen Waddle,WR,MIA,11.0,44,39,41,,22.2,,,0.0,,0.3,,1009.3,,0.0,,95.0,6.5,0.5,,,,,,,
mclaurin_WR_WSH,Terry McLaurin,WR,WSH,14.0,45,43,42,,5.6,,,0.0,,0.0,,1015.2,,,,72.2,5.7,1.0,,,,,,,
moore_WR_CAR,DJ Moore,WR,CAR,13.0,48,50,43,,37.4,,,0.0,,0.0,,1099.0,,,,83.6,5.5,0.5,,,,,,,
hall_RB_NYJ,Breece Hall,RB,NYJ,10.0,38,47,44,,878.5,,,,,5.5,,332.5,,,,38.5,1.5,3.0,,,,,,,
kittle_TE_SF,George Kittle,TE,SF,9.0,41,40,45,,14.0,,,0.0,,0.1,,932.5,,,,74.6,5.3,0.5,,,,,,,
etienne_RB_JAX,Travis Etienne Jr.,RB,JAX,11.0,43,48,46,,791.2,,,0.0,,5.8,0.2,379.3,,,,45.6,1.8,2.2,,,,,,,
waller_TE_LV,Darren Waller,TE,LV,6.0,46,46,47,,1.9,,,0.0,,,,954.6,,,,80.6,4.1,1.0,,,,,,,
metcalf_WR_SEA,DK Metcalf,WR,SEA,11.0,47,44,48,,4.5,,,0.0,,0.0,,1054.6,,,,77.3,7.0,0.5,,,,,,,
dobbins_RB_BAL,J.K. Dobbins,RB,BAL,10.0,52,51,49,,950.2,,,0.0,,8.5,0.2,225.4,,,,30.8,0.6,1.0,,,,,,,
mitchell_RB_SF,Elijah Mitchell,RB,SF,9.0,50,45,50,,1116.6,,,0.0,,7.3,0.1,185.6,,,,23.6,1.2,3.0,,,,,,,
williams_WR_LAC,Mike Williams,WR,LAC,8.0,49,52,51,,1.1,,,0.0,,0.0,,1072.0,,,,73.1,8.0,1.0,,,,,,,
jackson_QB_BAL,Lamar Jackson,QB,BAL,10.0,51,49,52,,1111.1,,,14.6,3896.4,4.4,1.6,,,,,,,2.9,24.2,,,,,,
cooks_WR_HOU,Brandin Cooks,WR,HOU,6.0,60,64,53,,21.0,,,0.0,,0.0,,1086.3,,,,91.6,6.0,0.5,,,,,,,
brown_WR_ARI,Marquise Brown,WR,ARI,13.0,53,62,54,,2.8,,,0.0,,0.0,,946.5,,,,77.9,5.8,1.0,,,,,,,
godwin_WR_TB,Chris Godwin,WR,TB,11.0,57,61,55,,21.1,,,0.0,,0.4,,967.6,,,,84.2,5.5,1.0,,,,,,,
burrow_QB_CIN,Joe Burrow,QB,CIN,10.0,54,53,56,,185.9,,,14.7,4466.0,2.4,1.2,,,,,,,0.9,29.9,,,,,,
sutton_WR_DEN,Courtland Sutton,WR,DEN,9.0,61,63,57,,2.1,,,0.0,,0.0,,930.3,,,,62.8,5.7,1.0,,,,,,,
cooper_WR_CLE,Amari Cooper,WR,CLE,9.0,59,56,58,,2.7,,,0.0,,0.0,2.8,1026.9,,,,79.6,6.7,1.0,,,,,,,
murray_QB_ARI,Kyler Murray,QB,ARI,13.0,58,55,59,,518.3,,,13.9,4240.7,4.5,0.5,,,,,,,1.0,27.6,,,,,,
brown_WR_DET,Amon-Ra St. Brown,WR,DET,6.0,56,70,60,,59.8,,,0.0,,0.7,,933.6,,,,84.9,5.8,0.5,,,,,,,
dillon_RB_GB,AJ Dillon,RB,GB,14.0,55,57,61,,743.0,,,,,5.3,0.0,228.8,,,,26.4,1.3,1.3,,,,,,,
edwardshelaire_RB_KC,Clyde Edwards-Helaire,RB,KC,8.0,68,58,62,,638.2,,,,,4.3,0.0,231.9,,,,32.0,1.5,1.3,,,,,,,
mooney_WR_CHI,Darnell Mooney,WR,CHI,14.0,62,76,63,,28.3,,,0.0,,0.4,,988.0,,,,73.4,4.9,0.5,,,,,,,
schultz_TE_DAL,Dalton Schultz,TE,DAL,9.0,63,65,64,,0.5,,,0.0,,0.0,,854.1,,,,81.3,6.4,1.0,,,,,,,
jeudy_WR_DEN,Jerry Jeudy,WR,DEN,9.0,70,59,65,,10.3,,,0.0,,0.0,,1022.1,,,,71.6,4.7,1.0,,,,,,,
sanders_RB_PHI,Miles Sanders,RB,PHI,7.0,75,67,66,,1122.3,,,0.0,,5.5,1.6,242.7,,,,32.4,1.0,2.4,,,,,,,
harris_RB_NE,Damien Harris,RB,NE,10.0,67,54,67,,947.7,,,0.0,,10.2,0.0,142.0,,,,18.4,0.6,1.7,,,,,,,
hockenson_TE_DET,T.J. Hockenson,TE,DET,6.0,65,60,68,,1.4,,,0.0,,0.0,,656.7,,,,66.0,5.2,0.5,,,,,,,
hurts_QB_PHI,Jalen Hurts,QB,PHI,7.0,66,66,69,,780.4,,,13.9,3642.9,7.8,3.2,,,,,,,2.0,24.7,,,,,,
robinson_WR_LAR,Allen Robinson II,WR,LAR,7.0,69,68,70,,0.4,,,0.0,,0.0,,897.4,,,,68.9,5.0,1.0,,,,,,,
thielen_WR_MIN,Adam Thielen,WR,MIN,7.0,71,72,71,,3.9,,,0.0,,0.0,,850.7,,,,73.4,8.4,1.0,,,,,,,
thomas_WR_NO,Michael Thomas,WR,NO,14.0,73,69,72,,2.0,,,0.0,,0.0,,940.8,,,,80.9,5.6,0.5,,,,,,,
davis_WR_BUF,Gabriel Davis,WR,BUF,7.0,72,78,73,,0.8,,,0.0,,0.0,,948.3,,,,56.3,9.4,0.0,,,,,,,
singletary_RB_BUF,Devin Singletary,RB,BUF,7.0,74,73,74,,905.8,,,0.0,,7.2,0.0,230.4,,,,33.1,1.1,1.3,,,,,,,
prescott_QB_DAL,Dak Prescott,QB,DAL,9.0,64,71,75,,216.5,,,13.0,4703.0,2.4,5.0,,,,,,,3.7,33.5,,,,,,
hunt_RB_CLE,Kareem Hunt,RB,CLE,9.0,79,75,76,,568.0,,,,,4.6,0.5,328.3,,,,40.7,1.4,2.0,,,,,,,
patterson_RB_ATL,Cordarrelle Patterson,RB,ATL,14.0,80,87,77,,663.2,,,0.0,,4.6,,422.0,,1.6,,45.7,2.7,2.0,,,,,,,
renfrow_WR_LV,Hunter Renfrow,WR,LV,6.0,81,79,78,,13.3,,,0.0,,0.0,,901.1,,0.1,,86.0,6.8,0.5,,,,,,,
pollard_RB_DAL,Tony Pollard,RB,DAL,9.0,78,86,79,,730.4,,,,,3.7,,376.7,,0.2,,43.9,1.3,2.0,,,,,,,
smithschuster_WR_KC,JuJu Smith-Schuster,WR,KC,8.0,82,81,80,,23.8,,,0.0,,0.7,,814.6,,,,76.0,5.3,0.5,,,,,,,
hopkins_WR_ARI,DeAndre Hopkins,WR,ARI,13.0,97,84,81,,1.4,,,0.0,,0.0,,661.4,,,,53.3,5.5,1.0,,,,,,,
penny_RB_SEA,Rashaad Penny,RB,SEA,11.0,83,85,82,,1055.9,,,0.0,,7.2,0.1,140.5,,,,17.7,0.6,1.6,,,,,,,
wilson_QB_DEN,Russell Wilson,QB,DEN,9.0,76,77,83,,261.9,,,9.7,4184.7,2.0,1.1,,,,,,,1.4,29.1,,,,,,
goedert_TE_PHI,Dallas Goedert,TE,PHI,7.0,84,74,84,,0.5,,,0.0,,0.0,,823.2,,,,62.4,5.1,1.0,,,,,,,
brady_QB_TB,Tom Brady,QB,TB,11.0,88,83,85,,38.8,,,12.7,4971.7,1.7,,,,,,,,1.9,34.6,,,,,,
smith_WR_PHI,DeVonta Smith,WR,PHI,7.0,86,88,86,,0.2,,,0.0,,0.0,,905.8,,,,63.0,6.2,1.0,,,,,,,
moore_WR_NYJ,Elijah Moore,WR,NYJ,10.0,77,82,87,,55.4,,,0.0,,0.7,,848.1,,,,62.2,6.1,0.5,,,,,,,
bateman_WR_BAL,Rashod Bateman,WR,BAL,10.0,91,89,88,,1.1,,,0.0,,0.0,,899.7,,,,71.1,4.4,1.0,,,,,,,
lockett_WR_SEA,Tyler Lockett,WR,SEA,11.0,87,95,89,,10.8,,,0.0,,0.0,,1080.9,,,,75.7,6.0,0.5,,,,,,,
rodgers_QB_GB,Aaron Rodgers,QB,GB,14.0,93,92,90,,120.5,,,8.7,4467.5,1.8,,,,,,,,0.9,34.7,,,,,,
edmonds_RB_MIA,Chase Edmonds,RB,MIA,11.0,89,93,91,,591.5,,,0.0,,3.4,0.1,350.3,,,,48.5,1.5,2.0,,,,,,,
walker_RB_SEA,Ken Walker III,RB,SEA,11.0,90,90,92,,760.5,,,,,4.5,,203.5,,,,24.0,1.0,3.0,,,,,,,
stafford_QB_LAR,Matthew Stafford,QB,LAR,7.0,85,80,93,,116.3,,,15.0,4696.5,2.1,2.1,,,,,,,1.9,33.2,,,,,,
london_WR_ATL,Drake London,WR,ATL,14.0,94,106,94,,6.0,,,,,0.0,,884.5,,,,63.5,4.0,2.0,,,,,,,
ertz_TE_ARI,Zach Ertz,TE,ARI,13.0,96,97,95,,2.5,,,0.0,,0.0,,652.9,,,,63.3,5.1,0.5,,,,,,,
gordon_RB_DEN,Melvin Gordon III,RB,DEN,9.0,95,94,96,,717.6,,,,,6.7,0.0,189.3,,,,23.2,1.2,2.6,,,,,,,
knox_TE_BUF,Dawson Knox,TE,BUF,7.0,99,91,97,,0.7,,,0.0,,0.0,,572.7,,,,45.2,6.1,0.0,,,,,,,
stevenson_RB_NE,Rhamondre Stevenson,RB,NE,10.0,100,98,98,,631.1,,,,,5.3,0.0,179.0,,,,23.7,0.5,1.0,,,,,,,
aiyuk_WR_SF,Brandon Aiyuk,WR,SF,9.0,98,96,99,,18.6,,,0.0,,0.0,,873.5,,0.0,,59.7,5.1,0.5,,,,,,,
kirk_WR_JAX,Christian Kirk,WR,JAX,11.0,105,114,100,,8.0,,,0.0,,0.0,,868.0,,,,72.3,4.6,1.0,,,,,,,
woods_WR_TEN,Robert Woods,WR,TEN,6.0,101,100,101,,84.6,,,0.0,,0.9,,870.8,,,,73.3,5.0,0.6,,,,,,,
burks_WR_TEN,Treylon Burks,WR,TEN,6.0,92,111,102,,30.0,,,,,0.0,,872.0,,,,60.5,5.0,2.0,,,,,,,
carter_RB_NYJ,Michael Carter,RB,NYJ,10.0,103,99,103,,516.9,,,,,3.1,0.0,287.4,,,,31.8,0.9,1.0,,,,,,,
gage_WR_TB,Russell Gage,WR,TB,11.0,111,110,104,,1.8,,,,,0.0,,731.7,,,,64.5,5.0,2.0,,,,,,,
cook_RB_BUF,James Cook,RB,BUF,7.0,112,108,105,,523.0,,,,,4.5,,251.0,,,,31.0,1.5,2.0,,,,,,,
carr_QB_LV,Derek Carr,QB,LV,6.0,104,103,106,,115.9,,,14.1,4654.4,1.1,1.1,,,,,,,2.9,28.2,,,,,,
robinson_RB_JAX,James Robinson,RB,JAX,11.0,114,102,107,,646.0,,,,,5.4,0.0,191.7,,,,24.1,0.8,1.2,,,,,,,
claypool_WR_PIT,Chase Claypool,WR,PIT,9.0,106,104,108,,76.8,,,0.0,,0.6,,842.8,,,,61.9,4.0,0.5,,,,,,,
lance_QB_SF,Trey Lance,QB,SF,9.0,102,101,109,,630.4,,,13.9,3628.1,4.3,1.4,,,,,,,1.9,23.0,,,,,,
lazard_WR_GB,Allen Lazard,WR,GB,14.0,117,115,110,,25.8,,,0.0,,0.0,,746.3,,,,55.3,7.2,0.5,,,,,,,
olave_WR_NO,Chris Olave,WR,NO,14.0,108,116,111,,5.5,,,,,0.0,,780.5,,,,52.0,5.5,1.0,,,,,,,
gesicki_TE_MIA,Mike Gesicki,TE,MIA,11.0,115,105,112,,0.5,,,0.0,,0.0,,679.7,,,,61.5,4.0,1.0,,,,,,,
freiermuth_TE_PIT,Pat Freiermuth,TE,PIT,9.0,118,113,113,,0.4,,,0.0,,0.0,,558.8,,,,65.0,5.2,1.0,,,,,,,
toney_WR_NYG,Kadarius Toney,WR,NYG,9.0,113,117,114,,51.3,,,,,0.0,,653.4,,0.0,,58.0,3.0,0.5,,,,,,,
cousins_QB_MIN,Kirk Cousins,QB,MIN,7.0,107,112,115,,107.9,,,12.0,4381.5,1.1,2.7,,,,,,,1.9,31.4,,,,,,
mattison_RB_MIN,Alexander Mattison,RB,MIN,7.0,116,109,116,,482.2,,,,,3.4,,190.5,,,,24.7,1.0,1.2,,,,,,,
jones_RB_KC,Ronald Jones II,RB,KC,8.0,120,107,117,,554.9,,,,,4.3,0.0,91.7,,,,13.8,0.1,1.3,,,,,,,
bills_DST_BUF,Bills,DST,BUF,7.0,147,125,118,,,,12.0,,,,,,,2.2,,,,12.0,,19.2,,19.5,0.3,45.6,
hines_RB_IND,Nyheim Hines,RB,IND,14.0,128,126,119,,244.4,,,,,1.5,,347.6,,0.5,,43.3,1.6,4.0,,,,,,,
gallup_WR_DAL,Michael Gallup,WR,DAL,9.0,119,123,120,,1.2,,,0.0,,0.0,,820.1,,,,56.4,5.3,1.0,,,,,,,
wilson_WR_NYJ,Garrett Wilson,WR,NYJ,10.0,110,124,121,,11.5,,,,,0.0,,862.0,,,,58.0,4.5,2.0,,,,,,,
spiller_RB_LAC,Isaiah Spiller,RB,LAC,8.0,109,120,122,,550.0,,,,,4.0,,131.0,,,,18.0,1.0,,,,,,,,
boyd_WR_CIN,Tyler Boyd,WR,CIN,10.0,124,127,123,,19.7,,,0.0,,0.1,,723.5,,,,64.6,4.3,0.5,,,,,,,
pierce_RB_HOU,Dameon Pierce,RB,HOU,6.0,134,131,124,,594.5,,,,,4.0,,252.0,,,,31.0,1.5,3.0,,,,,,,
kmet_TE_CHI,Cole Kmet,TE,CHI,14.0,123,133,125,,2.2,,,0.0,,0.0,,573.6,,,,54.5,3.3,1.0,,,,,,,
landry_WR_NO,Jarvis Landry,WR,NO,14.0,133,130,126,,32.2,,,0.0,,0.5,,737.4,,,,62.1,4.4,0.5,,,,,,,
henderson_RB_LAR,Darrell Henderson Jr.,RB,LAR,7.0,125,118,127,,459.1,,,,,3.6,0.0,186.5,,,,24.0,1.3,2.0,,,,,,,
tagovailoa_QB_MIA,Tua Tagovailoa,QB,MIA,11.0,122,121,128,,215.9,,,14.9,4005.0,2.8,1.6,,,,,,,1.4,25.2,,,,,,
mckissic_RB_WSH,J.D. McKissic,RB,WSH,14.0,136,139,129,,284.7,,,,,2.2,,391.0,,,,49.5,1.5,0.5,,,,,,,
watson_WR_GB,Christian Watson,WR,GB,14.0,138,137,130,,18.0,,,,,0.0,,727.0,,,,51.0,5.0,2.0,,,,,,,
moore_WR_KC,Skyy Moore,WR,KC,8.0,142,134,131,,6.0,,,,,0.0,,713.0,,,,52.5,5.0,2.0,,,,,,,
tucker_K_BAL,Justin Tucker,K,BAL,10.0,177,135,132,41.3,,9.9,,,,,,,0.2,,4.9,,,,,,7.7,,,,8.9
buccaneers_DST_TB,Buccaneers,DST,TB,11.0,162,132,133,,,,12.8,,,,,,,2.0,,,,12.8,,15.0,,21.9,0.4,42.2,
valdesscantling_WR_KC,Marquez Valdes-Scantling,WR,KC,8.0,131,129,134,,7.6,,,0.0,,0.0,,809.9,,,,48.9,5.1,0.0,,,,,,,
fields_QB_CHI,Justin Fields,QB,CHI,14.0,121,128,135,,615.1,,,17.4,3482.0,3.2,1.0,,,,,,,4.4,18.7,,,,,,
smith_TE_MIN,Irv Smith Jr.,TE,MIN,7.0,126,141,136,,0.4,,,0.0,,0.0,,556.1,,,,50.1,4.9,0.0,,,,,,,
white_RB_TB,Rachaad White,RB,TB,11.0,127,147,137,,417.0,,,,,4.5,,181.5,,,,22.0,1.0,2.0,,,,,,,
meyers_WR_NE,Jakobi Meyers,WR,NE,10.0,135,146,138,,6.0,,,0.0,,0.0,,795.6,,,,74.1,4.3,0.5,,,,,,,
mostert_RB_MIA,Raheem Mostert,RB,MIA,11.0,146,136,139,,639.0,,,,,4.5,,138.2,,,,16.6,0.9,1.2,,,,,,,
golladay_WR_NYG,Kenny Golladay,WR,NYG,9.0,130,158,140,,0.6,,,0.0,,0.0,,753.4,,,,53.1,3.5,1.0,,,,,,,
saints_DST_NO,Saints,DST,NO,14.0,178,170,141,,,,11.5,,,,,,,1.9,,,,11.5,,16.8,,21.8,0.3,44.0,
allgeier_RB_ATL,Tyler Allgeier,RB,ATL,14.0,159,166,142,,556.0,,,,,3.0,,236.0,,,,28.5,1.5,3.0,,,,,,,
mcpherson_K_CIN,Evan McPherson,K,CIN,10.0,195,150,143,36.9,,7.6,,,,,,,0.2,,5.3,,,,,,7.5,,,,10.1
gainwell_RB_PHI,Kenneth Gainwell,RB,PHI,7.0,129,145,144,,341.5,,,,,3.9,0.7,251.5,,,,29.4,1.3,1.3,,,,,,,
lawrence_QB_JAX,Trevor Lawrence,QB,JAX,11.0,132,138,145,,362.7,,,15.0,3883.4,2.4,1.8,,,,,,,2.4,21.4,,,,,,
henry_TE_NE,Hunter Henry,TE,NE,10.0,155,167,146,,0.5,,,0.0,,0.0,,571.5,,,,49.2,5.8,0.0,,,,,,,
cowboys_DST_DAL,Cowboys,DST,DAL,9.0,158,161,147,,,,11.2,,,,,,,2.2,,,,11.2,,17.6,,22.4,0.4,41.1,
carlson_K_LV,Daniel Carlson,K,LV,6.0,188,148,148,37.9,,8.8,,,,,,,0.1,,5.1,,,,,,9.3,,,,9.3
mack_RB_HOU,Marlon Mack,RB,HOU,6.0,176,142,149,,743.0,,,0.0,,4.8,0.6,122.6,,,,16.2,0.3,1.3,,,,,,,
parker_WR_NE,DeVante Parker,WR,NE,10.0,152,155,150,,0.3,,,0.0,,0.0,,815.8,,,,58.1,4.9,1.0,,,,,,,
watson_QB_CLE,Deshaun Watson,QB,CLE,9.0,161,140,151,,284.6,,,5.9,2067.1,3.0,0.8,,,,,,,1.2,13.8,,,,,,
butker_K_KC,Harrison Butker,K,KC,8.0,202,159,152,43.1,,7.4,,,,,,,0.2,,5.0,,,,,,7.5,,,,10.4
ingram_RB_NO,Mark Ingram II,RB,NO,14.0,168,176,153,,577.7,,,0.0,,4.2,0.7,175.7,,,,23.1,0.7,1.3,,,,,,,
hardman_WR_KC,Mecole Hardman,WR,KC,8.0,156,172,154,,107.6,,,0.0,,0.9,,785.3,,0.8,,63.9,4.6,1.2,,,,,,,
fant_TE_SEA,Noah Fant,TE,SEA,11.0,151,154,155,,0.5,,,0.0,,0.0,,652.0,,,,59.6,3.9,1.0,,,,,,,
colts_DST_IND,Colts,DST,IND,14.0,172,149,156,,,,12.0,,,,,,,2.5,,,,12.0,,16.2,,21.7,0.3,36.1,
williams_RB_ARI,Darrel Williams,RB,ARI,13.0,166,179,157,,360.8,,,,,3.5,,236.3,,,,27.4,1.0,2.0,,,,,,,
williams_RB_DET,Jamaal Williams,RB,DET,6.0,153,163,158,,642.5,,,,,3.9,0.5,146.9,,,,23.9,0.9,2.0,,,,,,,
williams_WR_DET,Jameson Williams,WR,DET,6.0,140,151,159,,5.5,,,,,0.0,,660.5,,,,46.5,4.0,2.0,,,,,,,
ryan_QB_IND,Matt Ryan,QB,IND,14.0,145,144,160,,158.2,,,11.3,3881.6,1.9,1.3,,,,,,,3.4,25.8,,,,,,
dotson_WR_WSH,Jahan Dotson,WR,WSH,14.0,149,193,161,,5.5,,,,,0.0,,746.0,,,,54.0,4.5,2.0,,,,,,,
rams_DST_LAR,Rams,DST,LAR,7.0,215,177,162,,,,9.8,,,,,,,1.9,,,,9.8,,15.2,,21.7,0.3,43.0,
patrick_WR_DEN,Tim Patrick,WR,DEN,9.0,148,173,163,,0.6,,,0.0,,0.0,,801.9,,,,56.6,6.4,1.0,,,,,,,
moore_WR_ARI,Rondale Moore,WR,ARI,13.0,137,119,164,,101.7,,,,,0.6,,459.8,,0.1,,50.3,2.2,0.5,,,,,,,
ers_DST_SF,49ers,DST,SF,9.0,213,174,165,,,,11.4,,,,,,,1.9,,,,11.4,,14.6,,21.4,0.3,45.6,
gay_K_LAR,Matt Gay,K,LAR,7.0,211,175,166,42.0,,7.6,,,,,,,0.6,,3.2,,,,,,7.3,,,,10.0
okwuegbunam_TE_DEN,Albert Okwuegbunam,TE,DEN,9.0,141,143,167,,0.4,,,,,0.0,,461.4,,,,44.3,3.8,1.0,,,,,,,
njoku_TE_CLE,David Njoku,TE,CLE,9.0,154,153,168,,1.6,,,0.0,,0.0,,587.5,,,,48.8,5.0,0.0,,,,,,,
chargers_DST_LAC,Chargers,DST,LAC,8.0,205,203,169,,,,11.4,,,,,,,2.0,,,,11.4,,15.6,,23.4,0.3,42.2,
chark_WR_DET,DJ Chark Jr.,WR,DET,6.0,139,157,170,,3.2,,,0.0,,0.0,,666.9,,,,45.0,4.9,0.0,,,,,,,
edwards_RB_BAL,Gus Edwards,RB,BAL,10.0,150,152,171,,670.0,,,,,4.1,0.5,126.0,,,,13.6,0.5,1.4,,,,,,,
herbert_RB_CHI,Khalil Herbert,RB,CHI,14.0,143,171,172,,354.2,,,,,2.1,0.0,102.9,,,,12.7,0.5,1.0,,,,,,,
tonyan_TE_GB,Robert Tonyan,TE,GB,14.0,163,162,173,,0.6,,,0.0,,0.0,,523.5,,,,44.7,4.8,0.0,,,,,,,
falcons_DST_ATL,Falcons,DST,ATL,14.0,520,168,174,,,,9.0,,,,,,,1.7,,,,9.0,,13.9,,25.7,0.3,31.7,
patriots_DST_NE,Patriots,DST,NE,10.0,169,165,175,,,,9.5,,,,,,,1.9,,,,9.5,,15.7,,22.7,0.3,38.6,
raiders_DST_LV,Raiders,DST,LV,6.0,780,185,176,,,,10.2,,,,,,,1.7,,,,10.2,,13.1,,25.3,0.3,38.6,
davisprice_RB_SF,Tyrion Davis-Price,RB,SF,9.0,193,219,177,,192.5,,,,,1.5,,44.0,,,,5.5,0.0,0.0,,,,,,,
winston_QB_NO,Jameis Winston,QB,NO,14.0,157,160,178,,356.7,,,12.6,3524.4,2.4,2.1,,,,,,,2.2,25.1,,,,,,
bass_K_BUF,Tyler Bass,K,BUF,7.0,223,188,179,45.1,,8.1,,,,,,,0.2,,4.1,,,,,,9.4,,,,8.4
anderson_WR_CAR,Robbie Anderson,WR,CAR,13.0,173,178,180,,21.4,,,0.0,,0.0,,688.2,,,,56.8,4.8,0.5,,,,,,,
jones_QB_NE,Mac Jones,QB,NE,10.0,160,156,181,,184.5,,,15.7,3891.8,0.8,1.7,,,,,,,2.4,25.2,,,,,,
michel_RB_MIA,Sony Michel,RB,MIA,11.0,181,181,182,,370.3,,,,,2.1,0.0,52.8,,,,8.9,0.0,0.6,,,,,,,
foreman_RB_CAR,D'Onta Foreman,RB,CAR,13.0,174,199,183,,487.4,,,,,3.1,0.0,75.6,,,,7.9,0.2,1.1,,,,,,,
engram_TE_JAX,Evan Engram,TE,JAX,11.0,165,186,184,,1.3,,,0.0,,0.0,,532.0,,,,52.6,3.4,1.0,,,,,,,
dolphins_DST_MIA,Dolphins,DST,MIA,11.0,179,201,185,,,,9.8,,,,,,,1.9,,,,9.8,,15.1,,22.8,0.4,44.5,
everett_TE_LAC,Gerald Everett,TE,LAC,8.0,170,187,186,,9.2,,,0.0,,0.0,,632.3,,,,61.8,4.6,1.0,,,,,,,
jones_WR_TB,Julio Jones,WR,TB,11.0,196,231,187,,0.0,,,,,0.0,,677.0,,,,52.0,3.5,1.0,,,,,,,
jefferson_WR_LAR,Van Jefferson,WR,LAR,7.0,175,169,188,,23.1,,,0.0,,0.1,,642.2,,,,44.4,3.6,0.0,,,,,,,
tannehill_QB_TEN,Ryan Tannehill,QB,TEN,6.0,144,164,189,,251.8,,,14.5,3743.6,3.6,2.2,,,,,,,1.9,24.9,,,,,,
gano_K_NYG,Graham Gano,K,NYG,9.0,551,565,190,30.6,,7.8,,,,,,,0.3,,4.8,,,,,,7.0,,,,9.5
robinson_RB_WSH,Brian Robinson Jr.,RB,WSH,14.0,183,198,191,,429.0,,,,,3.5,,117.5,,,,14.5,0.5,2.0,,,,,,,
succop_K_TB,Ryan Succop,K,TB,11.0,227,184,192,47.7,,8.5,,,,,,,0.2,,3.1,,,,,,8.6,,,,9.1
higbee_TE_LAR,Tyler Higbee,TE,LAR,7.0,192,210,193,,0.5,,,0.0,,0.0,,613.8,,,,61.6,4.7,1.0,,,,,,,
tolbert_WR_DAL,Jalen Tolbert,WR,DAL,9.0,164,180,194,,6.0,,,,,0.0,,670.0,,,,49.0,4.5,1.0,,,,,,,
mills_QB_HOU,Davis Mills,QB,HOU,6.0,186,194,195,,94.5,,,15.1,3703.6,0.8,2.1,,,,,,,1.0,21.0,,,,,,
pierce_WR_IND,Alec Pierce,WR,IND,14.0,167,196,196,,0.0,,,,,0.0,,657.0,,,,49.0,4.0,,,,,,,,
steelers_DST_PIT,Steelers,DST,PIT,9.0,238,223,197,,,,10.9,,,,,,,1.9,,,,10.9,,15.1,,23.9,0.3,47.5,
drake_RB_LV,Kenyan Drake,RB,LV,6.0,190,213,198,,335.9,,,,,2.6,0.6,218.5,,,,27.1,0.9,0.6,,,,,,,
wilson_QB_NYJ,Zach Wilson,QB,NYJ,10.0,182,204,199,,248.8,,,14.4,3532.8,2.7,2.0,,,,,,,0.9,20.9,,,,,,
pickens_WR_PIT,George Pickens,WR,PIT,9.0,180,190,200,,4.5,,,,,0.0,,696.5,,,,55.0,3.5,2.0,,,,,,,
ravens_DST_BAL,Ravens,DST,BAL,10.0,249,227,201,,,,10.6,,,,,,,1.9,,,,10.6,,15.2,,21.3,0.4,38.3,
palmer_WR_LAC,Joshua Palmer,WR,LAC,8.0,184,182,202,,3.8,,,0.0,,0.0,,634.5,,,,54.9,4.6,0.0,,,,,,,
giants_DST_NYG,Giants,DST,NYG,9.0,329,122,203,,,,10.0,,,,,,,1.7,,,,10.0,,14.0,,24.4,0.3,38.0,
wentz_QB_WSH,Carson Wentz,QB,WSH,14.0,189,215,204,,236.3,,,12.1,3679.8,1.7,3.7,,,,,,,3.2,22.7,,,,,,
hooper_TE_TEN,Austin Hooper,TE,TEN,6.0,210,229,205,,0.4,,,0.0,,0.0,,485.6,,,,50.1,4.1,1.0,,,,,,,
prater_K_ARI,Matt Prater,K,ARI,13.0,244,214,206,42.6,,8.0,,,,,,,0.6,,4.9,,,,,,8.5,,,,8.2
chiefs_DST_KC,Chiefs,DST,KC,8.0,208,195,207,,,,11.8,,,,,,,2.0,,,,11.8,,15.2,,23.4,0.3,38.0,
blankenship_K_IND,Rodrigo Blankenship,K,IND,14.0,242,244,208,36.1,,9.7,,,,,,,0.2,,3.1,,,,,,8.6,,,,9.6
davis_WR_NYJ,Corey Davis,WR,NYJ,10.0,185,197,209,,0.7,,,0.0,,0.0,,673.4,,,,47.1,4.1,1.0,,,,,,,
garibay_K_DAL,Jonathan Garibay,K,DAL,9.0,199,211,210,42.0,,9.2,,,,,,,0.3,,4.1,,,,,,8.4,,,,9.6
osborn_WR_MIN,K.J. Osborn,WR,MIN,7.0,187,192,211,,6.0,,,,,0.0,,621.8,,0.1,,47.4,5.1,0.5,,,,,,,
brate_TE_TB,Cameron Brate,TE,TB,11.0,171,208,212,,0.4,,,0.0,,0.0,,362.5,,,,39.8,3.7,0.0,,,,,,,
crowder_WR_BUF,Jamison Crowder,WR,BUF,7.0,197,206,213,,4.2,,,0.0,,0.0,,573.7,,,,54.2,4.1,1.0,,,,,,,
packers_DST_GB,Packers,DST,GB,14.0,254,216,214,,,,10.1,,,,,,,1.9,,,,10.1,,18.4,,20.9,0.3,42.4,
hubbard_RB_CAR,Chuba Hubbard,RB,CAR,13.0,216,217,215,,264.2,,,,,2.2,0.0,97.2,,,,14.7,0.4,0.7,,,,,,,
hurst_TE_CIN,Hayden Hurst,TE,CIN,10.0,204,237,216,,0.7,,,0.0,,0.0,,454.3,,,,43.5,4.1,1.0,,,,,,,
white_RB_LV,Zamir White,RB,LV,6.0,200,226,217,,294.0,,,,,3.0,,82.0,,,,11.0,0.0,,,,,,,,
lindsay_RB_IND,Phillip Lindsay,RB,IND,14.0,357,218,218,,250.4,,,,,1.3,0.0,24.8,,,,3.4,0.1,0.3,,,,,,,
haskins_RB_TEN,Hassan Haskins,RB,TEN,6.0,221,221,219,,203.0,,,,,1.0,,61.0,,,,8.0,0.0,0.0,,,,,,,
goff_QB_DET,Jared Goff,QB,DET,6.0,194,220,220,,71.1,,,12.5,3936.4,0.9,3.2,,,,,,,3.5,25.0,,,,,,
broncos_DST_DEN,Broncos,DST,DEN,9.0,201,189,221,,,,9.6,,,,,,,1.9,,,,9.6,,15.2,,23.0,0.3,40.3,
folk_K_NE,Nick Folk,K,NE,10.0,262,234,222,38.7,,8.9,,,,,,,0.3,,4.3,,,,,,7.8,,,,8.5
jets_DST_NYJ,Jets,DST,NYJ,10.0,639,222,223,,,,10.5,,,,,,,1.7,,,,10.5,,13.4,,26.3,0.3,38.8,
jones_WR_JAX,Marvin Jones Jr.,WR,JAX,11.0,207,207,224,,0.9,,,0.0,,0.0,,759.1,,,,63.4,5.6,1.0,,,,,,,
bell_WR_CLE,David Bell,WR,CLE,9.0,234,245,225,,6.5,,,,,0.0,,444.5,,,,32.5,2.5,1.0,,,,,,,
watkins_WR_GB,Sammy Watkins,WR,GB,14.0,191,191,226,,7.0,,,0.0,,0.0,,569.2,,,,42.4,3.0,1.0,,,,,,,
thomas_TE_WSH,Logan Thomas,TE,WSH,14.0,214,209,227,,3.5,,,0.0,,0.0,,507.2,,,,47.6,5.1,0.5,,,,,,,
samuel_WR_WSH,Curtis Samuel,WR,WSH,14.0,198,183,228,,154.9,,,0.0,,0.8,,531.8,,,,47.2,3.3,0.6,,,,,,,
mayfield_QB_CAR,Baker Mayfield,QB,CAR,13.0,206,242,229,,143.3,,,13.8,3431.3,1.1,1.3,,,,,,,1.8,17.9,,,,,,
mcmanus_K_DEN,Brandon McManus,K,DEN,9.0,267,225,230,40.8,,8.6,,,,,,,0.2,,4.9,,,,,,7.5,,,,7.8
hopkins_K_LAC,Dustin Hopkins,K,LAC,8.0,220,200,231,38.7,,8.8,,,,,,,0.7,,3.5,,,,,,7.9,,,,8.4
york_K_CLE,Cade York,K,CLE,9.0,222,277,232,37.5,,8.0,,,,,,,0.2,,3.7,,,,,,6.0,,,,6.8
vikings_DST_MIN,Vikings,DST,MIN,7.0,247,212,233,,,,10.2,,,,,,,2.3,,,,10.2,,14.8,,24.1,0.3,43.8,
gaskin_RB_MIA,Myles Gaskin,RB,MIA,11.0,226,238,234,,144.0,,,,,0.7,0.0,51.7,,,,9.5,0.1,0.5,,,,,,,
jones_QB_NYG,Daniel Jones,QB,NYG,9.0,203,262,235,,465.1,,,14.5,3740.8,3.0,2.7,,,,,,,4.5,20.1,,,,,,
peoplesjones_WR_CLE,Donovan Peoples-Jones,WR,CLE,9.0,209,202,236,,0.3,,,0.0,,0.0,,665.5,,,,41.6,3.3,1.0,,,,,,,
duvernay_WR_BAL,Devin Duvernay,WR,BAL,10.0,268,233,237,,45.3,,,0.0,,0.0,,441.3,,1.0,,38.8,2.5,0.0,,,,,,,
browns_DST_CLE,Browns,DST,CLE,9.0,259,240,238,,,,9.3,,,,,,,2.2,,,,9.3,,15.4,,22.2,0.3,42.9,
joseph_K_MIN,Greg Joseph,K,MIN,7.0,245,228,239,35.8,,8.5,,,,,,,0.2,,5.2,,,,,,7.9,,,,11.1
wilson_RB_SF,Jeff Wilson Jr.,RB,SF,9.0,256,273,240,,101.3,,,,,0.9,0.0,46.5,,,,6.0,0.6,0.3,,,,,,,
aliecox_TE_IND,Mo Alie-Cox,TE,IND,14.0,258,289,241,,0.5,,,0.0,,0.0,,399.6,,,,32.9,3.5,0.0,,,,,,,
callaway_WR_NO,Marquez Callaway,WR,NO,14.0,212,274,242,,20.2,,,,,0.0,,348.6,,0.1,,23.6,2.6,0.0,,,,,,,
koo_K_ATL,Younghoe Koo,K,ATL,14.0,288,243,243,36.2,,8.0,,,,,,,0.2,,4.7,,,,,,8.2,,,,9.2
vaughn_RB_TB,Ke'Shawn Vaughn,RB,TB,11.0,240,281,245,,259.0,,,,,3.0,,33.0,,,,5.5,0.0,1.0,,,,,,,
collins_WR_HOU,Nico Collins,WR,HOU,6.0,235,278,246,,0.4,,,0.0,,0.0,,683.7,,,,51.7,3.2,1.0,,,,,,,
lutz_K_NO,Wil Lutz,K,NO,14.0,231,235,248,36.6,,8.8,,,,,,,0.2,,3.4,,,,,,7.6,,,,9.0
evans_RB_CIN,Chris Evans,RB,CIN,10.0,236,246,249,,114.4,,,,,0.6,0.0,109.8,,,,13.5,0.8,0.5,,,,,,,
ingram_RB_ARI,Keaontay Ingram,RB,ARI,13.0,224,224,250,,50.0,,,,,0.0,,16.0,,,,2.0,0.0,,,,,,,,
rudolph_TE_TB,Kyle Rudolph,TE,TB,11.0,284,252,251,,0.0,,,,,0.0,,315.0,,,,33.0,4.0,,,,,,,,
davis_RB_BAL,Mike Davis,RB,BAL,10.0,248,264,252,,198.3,,,,,1.2,0.4,63.2,,,,10.8,0.2,0.2,,,,,,,
slye_K_WSH,Joey Slye,K,WSH,14.0,219,248,253,32.5,,7.7,,,,,,,0.2,,4.7,,,,,,8.1,,,,7.7
shenault_WR_JAX,Laviska Shenault Jr.,WR,JAX,11.0,243,267,254,,55.6,,,0.0,,0.1,,469.4,,,,44.7,2.3,0.5,,,,,,,
commanders_DST_WSH,Commanders,DST,WSH,14.0,326,305,255,,,,9.0,,,,,,,2.0,,,,9.0,,13.0,,23.2,,41.0,
breida_RB_NYG,Matt Breida,RB,NYG,9.0,251,268,256,,326.1,,,,,1.5,,117.0,,,,15.3,1.2,2.0,,,,,,,
green_WR_ARI,A.J. Green,WR,ARI,13.0,261,294,257,,0.5,,,0.0,,0.0,,615.1,,,,41.8,3.3,0.0,,,,,,,
bourne_WR_NE,Kendrick Bourne,WR,NE,10.0,218,270,258,,87.1,,,0.0,,0.5,,614.6,,,,49.6,4.3,0.5,,,,,,,
mckinnon_RB_KC,Jerick McKinnon,RB,KC,8.0,266,290,259,,438.2,,,0.0,,2.6,0.1,402.5,,,,46.8,2.6,0.6,,,,,,,
williams_RB_ATL,Damien Williams,RB,ATL,14.0,302,230,260,,329.6,,,,,2.7,,183.4,,,,23.8,1.3,1.1,,,,,,,
johnson_RB_CLE,D'Ernest Johnson,RB,CLE,9.0,228,241,261,,224.9,,,,,1.6,,74.4,,,,8.6,0.2,0.0,,,,,,,
perine_RB_CIN,Samaje Perine,RB,CIN,10.0,260,261,262,,352.0,,,,,2.0,,125.0,,,,17.5,1.0,1.0,,,,,,,
jones_RB_NO,Tony Jones Jr.,RB,NO,14.0,654,256,263,,94.2,,,,,0.4,0.0,33.1,,,,3.9,0.1,0.1,,,,,,,
titans_DST_TEN,Titans,DST,TEN,6.0,270,260,264,,,,9.4,,,,,,,1.8,,,,9.4,,14.7,,22.9,0.3,42.7,
pickett_QB_PIT,Kenny Pickett,QB,PIT,9.0,229,236,265,,75.0,,,7.5,1789.0,0.5,,,,,,,,1.0,10.0,,,,,,
white_RB_NE,James White,RB,NE,10.0,252,249,266,,179.8,,,,,1.2,0.6,400.1,,,,46.3,1.8,0.0,,,,,,,
zaccheaus_WR_ATL,Olamide Zaccheaus,WR,ATL,14.0,353,258,267,,2.1,,,0.0,,0.0,,453.3,,0.1,,33.9,2.5,0.0,,,,,,,
panthers_DST_CAR,Panthers,DST,CAR,13.0,358,205,268,,,,10.1,,,,,,,1.7,,,,10.1,,13.7,,24.8,0.4,41.2,
bengals_DST_CIN,Bengals,DST,CIN,10.0,295,251,269,,,,9.9,,,,,,,1.9,,,,9.9,,15.7,,22.8,0.3,41.2,
eagles_DST_PHI,Eagles,DST,PHI,7.0,309,276,270,,,,9.8,,,,,,,1.6,,,,9.8,,13.8,,22.2,0.3,39.9,
boswell_K_PIT,Chris Boswell,K,PIT,9.0,271,269,271,35.1,,9.0,,,,,,,0.2,,5.1,,,,,,8.1,,,,8.6
gould_K_SF,Robbie Gould,K,SF,9.0,286,271,272,41.8,,9.4,,,,,,,0.6,,4.6,,,,,,7.6,,,,7.5
rodgers_WR_GB,Amari Rodgers,WR,GB,14.0,303,298,273,,10.1,,,,,0.0,,318.2,,0.1,,23.0,1.8,0.5,,,,,,,
elliott_K_PHI,Jake Elliott,K,PHI,7.0,312,313,274,29.9,,9.1,,,,,,,0.3,,3.9,,,,,,7.2,,,,9.9
badie_RB_BAL,Tyler Badie,RB,BAL,10.0,239,259,275,,130.0,,,,,0.5,,24.0,,,,3.0,0.0,1.0,,,,,,,
jordan_TE_HOU,Brevin Jordan,TE,HOU,6.0,217,250,276,,0.5,,,0.0,,0.0,,399.6,,,,39.7,3.1,0.0,,,,,,,
seahawks_DST_SEA,Seahawks,DST,SEA,11.0,818,275,277,,,,9.3,,,,,,,1.7,,,,9.3,,13.4,,24.0,0.3,34.1,
sermon_RB_SF,Trey Sermon,RB,SF,9.0,265,232,279,,39.0,,,,,0.0,,12.0,,,,2.0,0.0,,,,,,,,
mcbride_TE_ARI,Trey McBride,TE,ARI,13.0,255,255,280,,0.0,,,,,0.0,,244.5,,,,25.0,2.0,1.0,,,,,,,
scott_RB_PHI,Boston Scott,RB,PHI,7.0,273,285,281,,265.0,,,,,3.1,,57.0,,,,7.0,0.1,0.2,,,,,,,
sanders_K_MIA,Jason Sanders,K,MIA,11.0,279,272,282,38.4,,8.1,,,,,,,0.2,,3.6,,,,,,7.5,,,,8.3
guyton_WR_LAC,Jalen Guyton,WR,LAC,8.0,333,287,283,,35.6,,,,,0.0,,272.8,,0.1,,20.2,2.2,0.0,,,,,,,
marshall_WR_CAR,Terrace Marshall Jr.,WR,CAR,13.0,257,263,284,,3.4,,,0.0,,0.0,,393.3,,,,33.4,1.8,0.0,,,,,,,
mckenzie_WR_BUF,Isaiah McKenzie,WR,BUF,7.0,292,283,285,,84.5,,,,,1.2,,264.4,,0.2,,25.3,1.7,0.1,,,,,,,
garoppolo_QB_SF,Jimmy Garoppolo,QB,SF,9.0,237,282,286,,3.0,,,1.8,396.8,0.0,0.3,,,,,,,0.0,2.1,,,,,,
hamler_WR_DEN,KJ Hamler,WR,DEN,9.0,277,292,287,,18.9,,,,,0.1,,370.1,,,,28.1,2.2,0.5,,,,,,,
mariota_QB_ATL,Marcus Mariota,QB,ATL,14.0,230,295,288,,331.7,,,11.3,2863.7,2.1,0.5,,,,,,,0.8,15.2,,,,,,
robinson_WR_NYG,Wan'Dale Robinson,WR,NYG,9.0,246,253,289,,48.0,,,,,0.0,,580.0,,,,51.0,3.0,,,,,,,,
burkhead_RB_HOU,Rex Burkhead,RB,HOU,6.0,314,310,290,,404.0,,,,,3.1,,255.4,,,,31.4,1.4,1.0,,,,,,,
hilliard_RB_TEN,Dontrell Hilliard,RB,TEN,6.0,275,286,291,,292.3,,,,,2.0,,208.5,,,,30.1,0.6,0.8,,,,,,,
uzomah_TE_NYJ,C.J. Uzomah,TE,NYJ,10.0,241,265,292,,0.4,,,0.0,,0.0,,444.8,,,,45.8,2.9,0.0,,,,,,,
wilson_WR_MIA,Cedrick Wilson Jr.,WR,MIA,11.0,296,266,293,,3.4,,,,,0.0,,536.0,,,,44.7,3.4,1.0,,,,,,,
cobb_WR_GB,Randall Cobb,WR,GB,14.0,300,308,294,,6.1,,,0.0,,0.0,,606.6,,,,47.8,5.4,1.0,,,,,,,
smith_QB_SEA,Geno Smith,QB,SEA,11.0,337,296,295,,95.3,,,7.1,1978.6,1.0,0.2,,,,,,,1.3,10.9,,,,,,
trubisky_QB_PIT,Mitch Trubisky,QB,PIT,9.0,233,297,296,,187.8,,,9.2,2444.9,1.6,2.4,,,,,,,0.9,14.8,,,,,,
cardinals_DST_ARI,Cardinals,DST,ARI,13.0,316,320,297,,,,12.3,,,,,,,1.9,,,,12.3,,14.5,,23.4,0.3,38.2,
otton_TE_TB,Cade Otton,TE,TB,11.0,281,301,300,,0.0,,,,,0.0,,242.0,,,,24.0,2.0,1.0,,,,,,,
shepard_WR_NYG,Sterling Shepard,WR,NYG,9.0,272,293,301,,21.6,,,0.0,,0.1,,650.3,,,,64.0,3.1,0.5,,,,,,,
campbell_WR_IND,Parris Campbell,WR,IND,14.0,263,239,302,,9.7,,,0.0,,0.1,,592.0,,,,45.9,3.2,0.0,,,,,,,
washington_WR_DAL,James Washington,WR,DAL,9.0,322,300,304,,4.7,,,0.0,,0.0,,632.6,,,,40.3,5.1,0.0,,,,,,,
crosby_K_GB,Mason Crosby,K,GB,14.0,328,279,305,45.4,,8.1,,,,,,,0.5,,4.0,,,,,,7.9,,,,9.1
robinson_WR_LV,Demarcus Robinson,WR,LV,6.0,795,302,306,,0.3,,,,,0.0,,323.0,,,,26.4,1.8,,,,,,,,
strong_RB_NE,Pierre Strong Jr.,RB,NE,10.0,305,307,307,,100.5,,,,,0.5,,31.5,,,,4.0,0.0,0.0,,,,,,,
patterson_RB_WSH,Jaret Patterson,RB,WSH,14.0,754,303,308,,260.7,,,,,2.0,0.0,60.0,,,,9.1,0.1,1.1,,,,,,,
trautman_TE_NO,Adam Trautman,TE,NO,14.0,250,288,309,,0.5,,,0.0,,0.0,,341.2,,,,33.9,2.6,1.0,,,,,,,
benjamin_RB_ARI,Eno Benjamin,RB,ARI,13.0,253,315,310,,201.5,,,,,1.3,0.0,79.5,,,,10.2,0.3,0.3,,,,,,,
brissett_QB_CLE,Jacoby Brissett,QB,CLE,9.0,232,304,311,,107.5,,,6.6,1968.1,1.2,0.8,,,,,,,1.3,12.2,,,,,,
williams_RB_LAR,Kyren Williams,RB,LAR,7.0,327,299,312,,67.0,,,,,1.0,,15.0,,,,2.0,0.0,,,,,,,,
pringle_WR_CHI,Byron Pringle,WR,CHI,14.0,278,317,313,,0.5,,,0.0,,0.0,,515.7,,,,41.8,3.3,,,,,,,,
snell_RB_PIT,Benny Snell Jr.,RB,PIT,9.0,347,378,314,,196.0,,,,,1.0,,30.0,,,,4.0,0.0,,,,,,,,
lions_DST_DET,Lions,DST,DET,6.0,677,367,315,,,,9.9,,,,,,,1.7,,,,9.9,,13.9,,26.7,0.3,37.0,
reynolds_WR_DET,Josh Reynolds,WR,DET,6.0,788,306,316,,2.1,,,,,0.0,,367.6,,,,26.7,2.1,0.0,,,,,,,
cephus_WR_DET,Quintez Cephus,WR,DET,6.0,301,375,317,,0.0,,,,,0.0,,266.5,,,,19.5,2.5,0.0,,,,,,,
thornton_WR_NE,Tyquan Thornton,WR,NE,10.0,287,291,318,,0.0,,,,,0.0,,205.0,,,,17.0,1.0,,,,,,,,
ridder_QB_ATL,Desmond Ridder,QB,ATL,14.0,274,311,319,,91.5,,,4.0,957.0,0.5,,,,,,,,0.0,5.0,,,,,,
jones_WR_CHI,Velus Jones Jr.,WR,CHI,14.0,299,309,320,,25.0,,,,,0.0,,611.0,,,,50.0,3.0,,,,,,,,
sealsjones_TE_NYG,Ricky Seals-Jones,TE,NYG,9.0,304,312,321,,0.3,,,,,0.0,,215.8,,,,23.2,2.0,0.0,,,,,,,
conklin_TE_NYJ,Tyler Conklin,TE,NYJ,10.0,334,333,322,,0.3,,,,,0.0,,298.1,,,,31.1,1.5,0.0,,,,,,,
howard_TE_BUF,O.J. Howard,TE,BUF,7.0,354,257,323,,0.4,,,,,0.0,,239.2,,,,21.1,1.9,0.0,,,,,,,
berrios_WR_NYJ,Braxton Berrios,WR,NYJ,10.0,321,351,324,,66.8,,,,,1.5,,438.0,,0.1,,43.4,2.3,0.5,,,,,,,
edwards_WR_ATL,Bryan Edwards,WR,ATL,14.0,323,318,325,,1.3,,,0.0,,0.0,,560.4,,,,37.1,2.7,0.0,,,,,,,
johnson_RB_BUF,Duke Johnson Jr.,RB,BUF,7.0,294,316,326,,243.5,,,,,2.5,,104.5,,,,11.0,0.5,1.0,,,,,,,
conner_RB_JAX,Snoop Conner,RB,JAX,11.0,331,324,327,,94.0,,,,,1.0,,47.0,,,,6.0,0.0,,,,,,,,
smith_TE_NE,Jonnu Smith,TE,NE,10.0,313,319,328,,42.3,,,,,0.5,,258.3,,,,24.2,1.7,0.0,,,,,,,
bernard_RB_TB,Giovani Bernard,RB,TB,11.0,332,347,329,,156.9,,,,,1.2,,123.6,,,,15.7,0.4,0.3,,,,,,,
jennings_WR_SF,Jauan Jennings,WR,SF,9.0,345,321,330,,0.4,,,,,0.0,,376.9,,,,29.4,2.4,,,,,,,,
willis_QB_TEN,Malik Willis,QB,TEN,6.0,269,326,332,,20.0,,,1.0,183.5,0.0,,,,,,,,0.0,1.5,,,,,,
sims_WR_WSH,Cam Sims,WR,WSH,14.0,282,327,333,,1.0,,,,,0.0,,168.1,,,,11.8,0.8,,,,,,,,
gordon_WR_KC,Josh Gordon,WR,KC,8.0,560,329,334,,0.0,,,,,,,6.9,,,,0.6,0.0,,,,,,,,
dulcich_TE_DEN,Greg Dulcich,TE,DEN,9.0,310,341,335,,0.0,,,,,0.0,,141.5,,,,14.0,1.0,0.0,,,,,,,
darden_WR_TB,Jaelon Darden,WR,TB,11.0,283,328,336,,2.1,,,,,0.0,,26.6,,0.1,,1.5,0.1,,,,,,,,
westbrookikhine_WR_TEN,Nick Westbrook-Ikhine,WR,TEN,6.0,336,331,337,,0.3,,,,,0.0,,514.1,,,,40.6,3.2,,,,,,,,
watkins_WR_PHI,Quez Watkins,WR,PHI,7.0,315,344,338,,1.2,,,0.0,,0.0,,378.9,,,,26.8,1.8,,,,,,,,
doubs_WR_GB,Romeo Doubs,WR,GB,14.0,318,323,339,,0.0,,,,,0.0,,213.0,,,,18.0,2.0,,,,,,,,
bears_DST_CHI,Bears,DST,CHI,14.0,340,354,340,,,,10.4,,,,,,,2.0,,,,10.4,,13.9,,25.0,0.3,42.7,
harry_WR_CHI,N'Keal Harry,WR,CHI,14.0,285,330,341,,0.5,,,,,0.0,,99.1,,,,7.4,0.7,,,,,,,,
woods_TE_IND,Jelani Woods,TE,IND,14.0,308,325,343,,0.0,,,,,0.0,,255.5,,,,25.0,2.5,1.0,,,,,,,
funk_RB_LAR,Jake Funk,RB,LAR,7.0,293,335,344,,79.2,,,,,0.8,0.0,27.3,,,,3.6,0.1,0.1,,,,,,,
goodwin_WR_SEA,Marquise Goodwin,WR,SEA,11.0,297,338,345,,0.0,,,,,0.0,,59.0,,,,4.0,0.0,,,,,,,,
moss_RB_BUF,Zack Moss,RB,BUF,7.0,342,337,346,,116.2,,,,,0.7,0.0,30.9,,,,4.3,0.2,,,,,,,,
agholor_WR_NE,Nelson Agholor,WR,NE,10.0,311,340,348,,18.7,,,,,0.0,,367.7,,,,28.0,2.6,0.0,,,,,,,
pascal_WR_PHI,Zach Pascal,WR,PHI,7.0,317,339,349,,6.8,,,,,0.0,,140.5,,,,9.9,1.3,0.0,,,,,,,
proche_WR_BAL,James Proche II,WR,BAL,10.0,771,342,350,,0.6,,,,,0.0,,322.2,,,,27.6,2.2,,,,,,,,
bellinger_TE_NYG,Daniel Bellinger,TE,NYG,9.0,307,334,351,,0.0,,,,,0.0,,246.0,,,,24.0,2.0,,,,,,,,
zuerlein_K_NYJ,Greg Zuerlein,K,NYJ,10.0,319,254,352,29.8,,7.4,,,,,,,0.2,,3.7,,,,,,6.5,,,,8.1
lock_QB_SEA,Drew Lock,QB,SEA,11.0,280,343,353,,118.2,,,7.2,1862.5,1.5,0.8,,,,,,,0.9,10.2,,,,,,
smith_WR_NO,Tre'Quan Smith,WR,NO,14.0,330,345,354,,0.4,,,,,0.0,,89.5,,,,9.6,0.9,,,,,,,,
arnold_TE_JAX,Dan Arnold,TE,JAX,11.0,335,346,355,,0.3,,,,,0.0,,370.2,,,,31.5,1.8,1.0,,,,,,,
deguara_TE_GB,Josiah Deguara,TE,GB,14.0,487,349,356,,0.7,,,,,0.0,,204.0,,,,19.3,1.6,0.0,,,,,,,
raymond_WR_DET,Kalif Raymond,WR,DET,6.0,339,348,357,,19.1,,,,,0.1,,306.0,,0.1,,24.4,2.1,0.5,,,,,,,
bolden_RB_LV,Brandon Bolden,RB,LV,6.0,338,352,358,,238.0,,,,,1.0,,325.0,,,,32.0,1.0,1.0,,,,,,,
bullock_K_TEN,Randy Bullock,K,TEN,6.0,341,350,359,41.1,,8.9,,,,,,,0.3,,3.2,,,,,,7.0,,,,9.9
darnold_QB_CAR,Sam Darnold,QB,CAR,13.0,306,355,360,,34.5,,,2.2,605.2,0.4,0.7,,,,,,,0.3,2.7,,,,,,
coleman_RB_NYJ,Tevin Coleman,RB,NYJ,10.0,343,353,361,,251.1,,,,,1.3,,68.4,,,,9.9,0.1,1.0,,,,,,,
perriman_WR_TB,Breshad Perriman,WR,TB,11.0,344,357,362,,5.2,,,,,0.0,,160.1,,,,11.3,1.2,0.0,,,,,,,
johnson_RB_NYJ,Ty Johnson,RB,NYJ,10.0,351,356,363,,32.0,,,,,0.0,,33.0,,,,4.0,0.0,,,,,,,,
harty_WR_NO,Deonte Harty,WR,NO,14.0,346,358,364,,0.0,,,,,0.0,,60.0,,,,5.0,0.0,,,,,,,,
moreau_TE_LV,Foster Moreau,TE,LV,6.0,350,359,365,,0.4,,,0.0,,0.0,,324.2,,,,28.6,3.1,0.0,,,,,,,
higgins_WR_CAR,Rashard Higgins,WR,CAR,13.0,591,360,366,,0.4,,,,,0.0,,208.5,,,,15.7,0.8,,,,,,,,
philips_WR_TEN,Kyle Philips,WR,TEN,6.0,761,361,367,,0.0,,,,,0.0,,76.0,,,,6.0,1.0,,,,,,,,
austin_WR_PIT,Calvin Austin III,WR,PIT,9.0,383,362,368,,0.0,,,,,0.0,,243.0,,,,22.0,1.0,,,,,,,,
huntley_QB_BAL,Tyler Huntley,QB,BAL,10.0,359,363,369,,55.1,,,1.2,272.8,0.5,0.5,,,,,,,0.1,1.5,,,,,,
nailor_WR_MIN,Jalen Nailor,WR,MIN,7.0,733,365,371,,0.0,,,,,0.0,,40.0,,,,3.0,0.0,,,,,,,,
tremble_TE_CAR,Tommy Tremble,TE,CAR,13.0,356,366,372,,11.9,,,,,0.0,,278.7,,,,27.5,1.8,0.0,,,,,,,
shakir_WR_BUF,Khalil Shakir,WR,BUF,7.0,290,368,373,,12.0,,,,,0.0,,43.0,,,,4.0,0.0,,,,,,,,
johnson_TE_NO,Juwan Johnson,TE,NO,14.0,644,372,375,,0.0,,,,,0.0,,58.0,,,,5.5,1.0,0.0,,,,,,,
nwangwu_RB_MIN,Kene Nwangwu,RB,MIN,,355,370,376,,83.2,,,,,0.8,0.0,29.2,,,,4.8,0.1,0.1,,,,,,,
eskridge_WR_SEA,Dee Eskridge,WR,SEA,,348,371,377,,37.1,,,,,0.1,,300.0,,,,24.4,1.8,0.0,,,,,,,
love_QB_GB,Jordan Love,QB,GB,,349,373,378,,8.9,,,0.9,228.3,0.1,1.8,,,,,,,0.0,1.3,,,,,,
pacheco_RB_KC,Isaih Pacheco,RB,KC,,298,374,379,,90.5,,,,,0.5,,30.0,,,,3.5,0.0,0.0,,,,,,,
parham_TE_LAC,Donald Parham,TE,LAC,,320,376,380,,0.3,,,,,0.0,,205.9,,,,21.1,2.4,0.0,,,,,,,
corral_QB_CAR,Matt Corral,QB,CAR,,324,377,381,,4.0,,,1.0,126.5,0.0,,,,,,,,0.0,1.0,,,,,,
minshew_QB_PHI,Gardner Minshew,QB,PHI,,360,379,382,,25.5,,,0.9,252.1,0.0,1.1,,,,,,,0.0,1.7,,,,,,
abdullah_RB_LV,Ameer Abdullah,RB,LV,,361,380,383,,130.5,,,,,0.5,,150.7,,,,18.8,0.6,0.0,,,,,,,
agnew_WR_JAX,Jamal Agnew,WR,JAX,,364,383,386,,30.0,,,,,0.0,,61.0,,,,5.0,0.0,,,,,,,,
akins_TE_NYG,Jordan Akins,TE,NYG,,367,386,389,,3.3,,,0.0,,0.0,,234.8,,,,24.1,1.2,0.5,,,,,,,
allen_QB_CIN,Brandon Allen,QB,CIN,,368,387,390,,7.2,,,1.0,205.9,0.0,0.5,,,,,,,0.0,1.2,,,,,,
allen_QB_HOU,Kyle Allen,QB,HOU,,369,388,391,,8.5,,,1.4,301.7,0.0,0.5,,,,,,,0.5,1.4,,,,,,
anderson_TE_ARI,Stephen Anderson,TE,ARI,,374,393,396,,0.7,,,,,,,96.7,,,,8.8,0.8,0.0,,,,,,,
armstead_RB_JAX,Ryquell Armstead,RB,JAX,,378,397,400,,31.0,,,,,0.0,,15.0,,,,2.0,0.0,,,,,,,,
asiasi_TE_NE,Devin Asiasi,TE,NE,,379,398,401,,0.0,,,,,0.0,,78.0,,,,6.0,0.5,0.0,,,,,,,
atwell_WR_LAR,Tutu Atwell,WR,LAR,,380,399,402,,0.6,,,,,0.0,,164.5,,,,26.0,1.0,,,,,,,,
auclair_TE_HOU,Antony Auclair,TE,HOU,,381,400,403,,0.4,,,,,0.0,,56.0,,,,5.4,0.7,,,,,,,,
bargas_RB_MIN,Jake Bargas,RB,MIN,,388,406,409,,2.7,,,,,0.1,0.0,4.9,,,,2.2,0.1,0.0,,,,,,,
bates_TE_WSH,John Bates,TE,WSH,,392,410,413,,0.3,,,,,0.0,,256.3,,,,21.9,1.1,0.0,,,,,,,
bawden_RB_NYJ,Nick Bawden,RB,NYJ,,394,412,415,,0.0,,,,,0.0,,32.0,,,,4.0,0.0,,,,,,,,
beathard_QB_JAX,C.J. Beathard,QB,JAX,,397,415,418,,7.7,,,0.6,190.9,0.0,0.5,,,,,,,0.5,0.9,,,,,,
beck_TE_DEN,Andrew Beck,TE,DEN,,399,417,420,,3.9,,,0.0,,0.0,,274.3,,,,26.3,2.8,,,,,,,,
bell_TE_KC,Blake Bell,TE,KC,,401,419,422,,4.2,,,,,0.0,,94.9,,,,10.2,0.8,0.0,,,,,,,
benson_WR_DET,Trinity Benson,WR,DET,,403,421,424,,0.2,,,,,,,21.4,,,,1.8,0.1,,,,,,,,
beyer_TE_DEN,Shaun Beyer,TE,DEN,,404,422,425,,,,,,,,,122.0,,,,12.0,1.0,0.0,,,,,,,
blanton_TE_LAR,Kendall Blanton,TE,LAR,,408,425,428,,0.3,,,,,0.0,,211.0,,,,20.5,1.7,1.0,,,,,,,
blasingame_RB_CHI,Khari Blasingame,RB,CHI,,409,426,429,,5.0,,,,,0.1,0.0,31.3,,,,4.3,0.1,0.0,,,,,,,
board_WR_NYG,C.J. Board,WR,NYG,,411,428,431,,12.4,,,,,0.0,,93.9,,,,5.4,0.5,0.0,,,,,,,
boone_RB_DEN,Mike Boone,RB,DEN,,415,432,435,,104.1,,,,,0.9,0.0,25.2,,,,3.3,0.1,0.0,,,,,,,
bowden_WR_MIA,Lynn Bowden Jr.,WR,MIA,,417,434,437,,33.4,,,,,0.0,,280.2,,,,26.8,1.3,0.0,,,,,,,
bowers_TE_LV,Nick Bowers,TE,LV,,418,435,438,,0.0,,,,,0.0,,42.0,,,,4.0,0.0,,,,,,,,
boykin_WR_PIT,Miles Boykin,WR,PIT,,419,436,439,,0.8,,,,,0.0,,51.9,,,,3.8,0.1,,,,,,,,
boyle_QB_DET,Tim Boyle,QB,DET,,420,437,440,,7.6,,,1.2,184.3,0.0,0.4,,,,,,,0.0,0.9,,,,,,
boyle_TE_BAL,Nick Boyle,TE,BAL,,421,438,441,,0.5,,,0.0,,0.0,,140.2,,,,15.0,1.3,0.0,,,,,,,
bradley_WR_CLE,Ja'Marcus Bradley,WR,CLE,,422,439,442,,1.5,,,,,,,62.1,,,,1.8,0.2,,,,,,,,
bridgewater_QB_MIA,Teddy Bridgewater,QB,MIA,,427,444,447,,15.5,,,1.0,288.7,0.1,0.4,,,,,,,0.1,1.6,,,,,,
brightwell_RB_NYG,Gary Brightwell,RB,NYG,,428,445,448,,84.2,,,,,0.8,0.0,47.3,,,,5.9,0.1,0.1,,,,,,,
brown_RB_NO,Malcolm Brown,RB,NO,,432,449,452,,118.0,,,,,1.0,,39.0,,,,5.0,0.0,,,,,,,,
brown_TE_HOU,Pharaoh Brown,TE,HOU,,433,450,453,,0.6,,,0.0,,0.0,,235.6,,,,26.8,1.2,1.0,,,,,,,
brown_WR_CHI,Equanimeous St. Brown,WR,CHI,,434,451,454,,10.5,,,,,0.0,,181.0,,,,13.6,1.0,0.0,,,,,,,
brown_WR_DAL,Noah Brown,WR,DAL,,435,452,455,,0.7,,,,,0.0,,281.5,,,,24.6,1.6,0.0,,,,,,,
brown_WR_WSH,Dyami Brown,WR,WSH,,437,454,457,,1.3,,,,,0.0,,109.4,,0.1,,6.6,0.7,,,,,,,,
bryant_TE_CLE,Harrison Bryant,TE,CLE,,439,456,459,,0.3,,,,,0.0,,280.7,,,,25.6,3.2,0.0,,,,,,,
burton_RB_KC,Michael Burton,RB,KC,,442,459,462,,29.0,,,,,0.1,0.0,5.0,,,,1.6,0.1,0.0,,,,,,,
bushman_TE_KC,Matt Bushman,TE,KC,,443,460,463,,,,,,,,,136.0,,,,14.0,1.0,0.0,,,,,,,
byrd_WR_ATL,Damiere Byrd,WR,ATL,,444,461,464,,0.4,,,,,0.0,,158.0,,,,13.2,0.6,,,,,,,,
cabinda_RB_DET,Jason Cabinda,RB,DET,,445,462,465,,6.9,,,,,0.0,0.0,32.9,,,,5.1,0.1,0.0,,,,,,,
calcaterra_TE_PHI,Grant Calcaterra,TE,PHI,,450,467,470,,0.0,,,,,0.0,,31.0,,,,3.0,0.0,,,,,,,,
cannon_RB_TEN,Trenton Cannon,RB,TEN,,452,469,472,,9.6,,,,,0.0,,38.0,,0.2,,4.2,0.1,,,,,,,,
carter_RB_TEN,Tory Carter,RB,TEN,,455,472,475,,89.0,,,,,1.0,,70.0,,,,10.0,0.0,0.0,,,,,,,
carter_TE_TEN,Tory Carter,TE,TEN,,457,474,477,,2.9,,,,,0.1,0.0,9.3,,,,3.0,0.2,0.0,,,,,,,
carter_WR_LAC,DeAndre Carter,WR,LAC,,458,475,478,,18.9,,,,,0.0,,82.5,,,,6.8,0.3,0.0,,,,,,,
chandler_RB_MIN,Ty Chandler,RB,MIN,,459,476,479,,16.0,,,,,0.0,,0.0,,,,0.0,0.0,,,,,,,,
cleveland_WR_DEN,Tyrie Cleveland,WR,DEN,,463,480,483,,0.0,,,,,0.0,,58.0,,,,5.0,0.0,,,,,,,,
cole_WR_LV,Keelan Cole,WR,LV,,464,481,484,,0.5,,,,,0.0,,405.5,,,,26.5,2.0,0.0,,,,,,,
conley_WR_HOU,Chris Conley,WR,HOU,,466,483,486,,2.4,,,,,0.0,,430.3,,,,33.4,1.8,,,,,,,,
crockett_RB_DEN,Damarea Crockett,RB,DEN,,476,493,496,,14.7,,,,,0.2,0.0,46.7,,0.1,,4.7,0.2,0.0,,,,,,,
dafney_TE_GB,Dominique Dafney,TE,GB,,477,494,497,,0.8,,,,,,,79.5,,,,6.4,0.6,,,,,,,,
dallas_RB_SEA,DeeJay Dallas,RB,SEA,,478,495,498,,94.5,,,,,1.0,,87.0,,,,14.0,0.0,1.0,,,,,,,
dalton_QB_NO,Andy Dalton,QB,NO,,479,496,499,,17.6,,,1.3,329.1,0.1,0.6,,,,,,,0.1,2.0,,,,,,
daniel_QB_LAC,Chase Daniel,QB,LAC,,480,497,500,,5.7,,,0.9,183.8,0.0,0.1,,,,,,,0.0,1.2,,,,,,
davidson_TE_MIN,Zach Davidson,TE,MIN,,482,499,502,,1.0,,,,,,,56.1,,,,5.8,0.6,,,,,,,,
davis_TE_GB,Tyler Davis,TE,GB,,483,500,503,,0.0,,,,,0.0,,37.0,,,,4.0,0.0,,,,,,,,
davis_WR_HOU,Davion Davis,WR,HOU,,485,502,505,,0.0,,,,,0.0,,82.0,,,,7.0,0.0,,,,,,,,
dissly_TE_SEA,Will Dissly,TE,SEA,,491,507,509,,0.3,,,,,0.0,,216.0,,,,20.8,1.0,0.0,,,,,,,
dobbs_QB_CLE,Joshua Dobbs,QB,CLE,,494,510,512,,12.0,,,0.0,73.0,0.0,,,,,,,,0.0,0.5,,,,,,
dorsett_WR_HOU,Phillip Dorsett,WR,HOU,,495,511,513,,7.6,,,,,0.1,,243.7,,,,18.8,1.5,0.0,,,,,,,
dowdle_RB_DAL,Rico Dowdle,RB,DAL,,498,514,516,,72.0,,,,,1.0,,49.0,,,,7.0,0.0,,,,,,,,
dulin_WR_IND,Ashton Dulin,WR,IND,,502,518,520,,25.6,,,,,0.1,,127.4,,0.2,,9.4,0.8,0.0,,,,,,,
dwelley_TE_SF,Ross Dwelley,TE,SF,,504,520,522,,0.4,,,,,0.0,,38.0,,,,2.9,0.2,,,,,,,,
ebner_RB_CHI,Trestan Ebner,RB,CHI,,507,522,524,,65.0,,,,,1.0,,42.0,,,,6.0,0.0,,,,,,,,
ellefson_TE_MIN,Ben Ellefson,TE,MIN,,511,526,528,,0.4,,,,,0.0,,46.0,,,,5.4,0.7,,,,,,,,
erickson_WR_WSH,Alex Erickson,WR,WSH,,513,528,530,,0.1,,,,,0.0,,4.1,,,,0.2,0.0,,,,,,,,
eubanks_TE_CIN,Nick Eubanks,TE,CIN,,515,530,532,,0.8,,,,,,,86.5,,,,9.0,0.8,0.0,,,,,,,
evans_RB_CHI,Darrynton Evans,RB,CHI,,516,531,533,,56.2,,,,,0.2,0.0,25.5,,,,4.2,0.1,0.1,,,,,,,
ezukanma_WR_MIA,Erik Ezukanma,WR,MIA,,517,532,534,,0.0,,,,,0.0,,122.0,,,,11.0,1.0,,,,,,,,
fairbairn_K_HOU,Ka'imi Fairbairn,K,HOU,,519,534,536,30.8,,7.4,,,,,,,0.5,,4.3,,,,,,6.9,,,,7.9
farrell_TE_JAX,Luke Farrell,TE,JAX,,521,535,537,,0.0,,,,,0.0,,90.5,,,,10.0,1.0,0.0,,,,,,,
felton_RB_CLE,Demetric Felton,RB,CLE,,524,538,540,,42.1,,,,,0.1,0.0,115.4,,,,13.4,0.9,0.0,,,,,,,
ferguson_TE_DAL,Jake Ferguson,TE,DAL,,525,539,541,,0.0,,,,,0.0,,100.0,,,,10.0,1.0,0.0,,,,,,,
firkser_TE_ATL,Anthony Firkser,TE,ATL,,529,543,545,,0.4,,,,,0.0,,271.4,,,,27.9,1.7,1.0,,,,,,,
fitzpatrick_TE_ATL,John FitzPatrick,TE,ATL,,531,545,547,,0.0,,,,,0.0,,17.0,,,,2.0,0.0,,,,,,,,
fitzpatrick_WR_TEN,Dez Fitzpatrick,WR,TEN,,532,546,548,,1.3,,,,,0.0,,90.5,,,,7.1,0.4,,,,,,,,
flacco_QB_NYJ,Joe Flacco,QB,NYJ,,533,547,549,,9.4,,,0.9,267.2,0.0,0.6,,,,,,,0.5,1.5,,,,,,
foles_QB_IND,Nick Foles,QB,IND,,534,548,550,,14.0,,,1.0,186.0,0.0,,,,,,,,0.0,1.0,,,,,,
ford_RB_CLE,Jerome Ford,RB,CLE,,535,549,551,,86.5,,,,,0.5,,18.5,,,,2.0,0.0,0.0,,,,,,,
forristall_TE_CLE,Miller Forristall,TE,CLE,,537,551,553,,0.0,,,,,0.0,,70.0,,,,7.0,1.0,,,,,,,,
fortson_TE_KC,Jody Fortson,TE,KC,,538,552,554,,0.0,,,,,0.0,,93.0,,,,8.0,1.0,0.0,,,,,,,
fountain_WR_KC,Daurice Fountain,WR,KC,,540,554,556,,0.8,,,,,0.0,,33.8,,,,2.1,0.1,,,,,,,,
fulgham_WR_DEN,Travis Fulgham,WR,DEN,,544,558,560,,0.0,,,,,0.0,,12.1,,,,1.1,0.0,,,,,,,,
gabbert_QB_TB,Blaine Gabbert,QB,TB,,547,561,563,,1.9,,,1.1,256.3,0.1,0.3,,,,,,,0.0,1.4,,,,,,
gentry_TE_PIT,Zach Gentry,TE,PIT,,552,566,567,,0.3,,,,,0.0,,116.0,,,,12.9,0.8,0.0,,,,,,,
gilliam_RB_BUF,Reggie Gilliam,RB,BUF,,555,569,570,,0.0,,,,,0.0,,33.0,,,,4.0,0.0,,,,,,,,
gilliam_TE_BUF,Reggie Gilliam,TE,BUF,,556,570,571,,4.7,,,,,0.1,0.0,42.4,,,,7.1,0.2,0.0,,,,,,,
gonzalez_K_CAR,Zane Gonzalez,K,CAR,,558,572,573,31.6,,8.6,,,,,,,0.4,,4.1,,,,,,7.8,,,,7.7
granson_TE_IND,Kylen Granson,TE,IND,,562,575,576,,0.3,,,,,0.0,,155.3,,,,14.3,1.3,,,,,,,,
grant_WR_CLE,Jakeem Grant Sr.,WR,CLE,,563,576,577,,28.2,,,,,0.1,,93.0,,1.3,,7.5,0.3,0.0,,,,,,,
gray_TE_KC,Noah Gray,TE,KC,,564,577,578,,0.3,,,,,0.0,,93.2,,,,11.4,0.9,0.0,,,,,,,
gray_WR_SF,Danny Gray,WR,SF,,565,578,579,,0.0,,,,,0.0,,135.0,,,,12.0,1.0,,,,,,,,
griffin_TE_CHI,Ryan Griffin,TE,CHI,,569,582,583,,0.3,,,,,0.0,,122.4,,,,11.6,0.9,0.0,,,,,,,
griffin_TE_DET,Garrett Griffin,TE,DET,,570,583,584,,,,,,,,,100.0,,,,12.0,1.0,0.0,,,,,,,
griffinstewart_TE_CLE,Nakia Griffin-Stewart,TE,CLE,,571,584,585,,0.0,,,,,0.0,,74.0,,,,7.0,0.5,0.0,,,,,,,
hall_RB_NYG,Jeremiah Hall,RB,NYG,,574,587,587,,,,,,,,,308.0,,,,35.0,2.0,1.0,,,,,,,
ham_RB_MIN,C.J. Ham,RB,MIN,,577,590,590,,16.0,,,0.0,,0.0,0.0,112.5,,,,14.8,0.2,0.0,,,,,,,
harris_TE_LAR,Jacob Harris,TE,LAR,,581,594,594,,,,,,,,,132.0,,,,12.0,1.0,0.0,,,,,,,
harris_WR_LAR,Jacob Harris,WR,LAR,,583,596,596,,0.0,,,,,0.0,,42.0,,,,4.0,0.0,,,,,,,,
hasty_RB_SF,JaMycal Hasty,RB,SF,,585,598,598,,49.2,,,,,0.6,0.0,74.5,,,,10.2,0.1,0.5,,,,,,,
heinicke_QB_WSH,Taylor Heinicke,QB,WSH,,586,599,599,,9.5,,,1.2,174.4,0.1,0.5,,,,,,,0.0,1.0,,,,,,
henne_QB_KC,Chad Henne,QB,KC,,587,600,600,,4.0,,,0.9,200.1,0.1,0.2,,,,,,,0.1,1.2,,,,,,
hesse_TE_ATL,Parker Hesse,TE,ATL,,589,602,602,,0.0,,,,,0.0,,54.0,,,,5.0,0.0,,,,,,,,
heyward_TE_PIT,Connor Heyward,TE,PIT,,590,603,603,,0.0,,,,,0.0,,116.0,,,,12.0,1.0,,,,,,,,
hill_RB_BAL,Justice Hill,RB,BAL,,593,605,605,,177.0,,,,,1.0,,47.0,,,,7.0,0.0,1.0,,,,,,,
hill_RB_GB,Kylin Hill,RB,GB,,594,606,606,,16.0,,,,,0.0,,15.0,,,,2.0,0.0,,,,,,,,
hill_TE_NO,Taysom Hill,TE,NO,,596,608,608,,113.5,,,0.0,33.0,1.4,,53.1,,,,5.0,0.7,0.6,0.0,,,,,,
hodge_WR_ATL,KhaDarel Hodge,WR,ATL,,598,610,610,,0.0,,,,,0.0,,75.0,,,,6.0,0.0,,,,,,,,
hokit_RB_SF,Josh Hokit,RB,SF,,604,616,616,,2.2,,,,,0.0,0.0,5.3,,,,0.9,0.0,,,,,,,,
hollins_WR_LV,Mack Hollins,WR,LV,,605,617,617,,0.4,,,,,0.0,,84.7,,,,5.3,0.8,,,,,,,,
hollister_TE_LV,Jacob Hollister,TE,LV,,606,618,618,,0.6,,,,,,,110.1,,,,11.2,0.8,0.0,,,,,,,
homer_RB_SEA,Travis Homer,RB,SEA,,611,623,623,,140.2,,,,,0.7,0.0,101.9,,,,10.9,0.2,0.0,,,,,,,
hopkins_TE_LAR,Brycen Hopkins,TE,LAR,,612,624,624,,0.3,,,,,0.0,,77.2,,,,7.5,0.6,0.0,,,,,,,
horsted_TE_LV,Jesper Horsted,TE,LV,,613,625,625,,0.7,,,,,,,59.8,,,,5.1,0.5,,,,,,,,
howell_QB_WSH,Sam Howell,QB,WSH,,615,627,627,,2.0,,,0.0,52.0,0.0,,,,,,,,,0.0,,,,,,
hoyer_QB_NE,Brian Hoyer,QB,NE,,616,628,628,,2.7,,,1.1,216.8,0.1,,,,,,,,0.1,1.0,,,,,,
hudson_TE_TEN,Tommy Hudson,TE,TEN,,618,630,630,,0.3,,,,,0.0,,59.7,,,,6.2,0.5,0.0,,,,,,,
huntley_RB_PHI,Jason Huntley,RB,PHI,,621,633,633,,57.0,,,,,0.0,,24.0,,,,3.0,0.0,,,,,,,,
igwebuike_RB_DET,Godwin Igwebuike,RB,DET,,624,636,636,,52.0,,,,,0.0,,29.0,,,,4.0,0.0,,,,,,,,
ingold_RB_MIA,Alec Ingold,RB,MIA,,625,637,637,,17.0,,,,,0.0,,32.0,,,,4.0,0.0,,,,,,,,
isabella_WR_ARI,Andy Isabella,WR,ARI,,627,639,639,,0.7,,,,,0.0,,30.8,,,,1.2,0.0,,,,,,,,
jackson_RB_IND,Deon Jackson,RB,IND,,628,640,640,,75.0,,,,,1.0,,14.0,,,,2.0,0.0,,,,,,,,
jackson_TE_PHI,Tyree Jackson,TE,PHI,,629,641,641,,0.4,,,,,0.0,,73.9,,,,7.1,0.7,,,,,,,,
jaguars_DST_JAX,Jaguars,DST,JAX,,633,645,645,,,,8.5,,,,,,,2.0,,,,8.5,,12.5,,26.1,0.3,38.3,
james_WR_NYG,Richie James,WR,NYG,,634,646,646,,0.0,,,,,0.0,,154.0,,,,12.0,1.0,,,,,,,,
janovich_RB_HOU,Andy Janovich,RB,HOU,,635,647,647,,0.1,,,,,0.0,0.0,27.1,,,,4.0,0.2,,,,,,,,
jefferson_RB_DET,Jermar Jefferson,RB,DET,,637,649,649,,136.0,,,,,3.0,,26.0,,,,4.0,0.0,0.0,,,,,,,
johnson_QB_DEN,Josh Johnson,QB,DEN,,641,652,652,,15.5,,,0.5,208.5,0.0,,,,,,,,0.0,1.5,,,,,,
johnson_RB_LV,Jakob Johnson,RB,LV,,642,653,653,,6.1,,,,,0.0,0.0,64.4,,,,8.2,0.4,0.0,,,,,,,
johnson_WR_LV,Tyron Johnson,WR,LV,,645,655,655,,0.0,,,,,0.0,,67.0,,,,5.0,0.0,,,,,,,,
johnson_WR_MIN,Bisi Johnson,WR,MIN,,646,656,656,,0.3,,,,,0.0,,58.4,,,,4.5,0.6,,,,,,,,
johnson_WR_NO,Juwan Johnson,WR,NO,,647,657,657,,0.1,,,,,,,9.3,,,,1.0,0.1,,,,,,,,
johnson_WR_TB,Tyler Johnson,WR,TB,,651,661,661,,2.4,,,,,0.0,,148.0,,,,13.1,0.6,0.0,,,,,,,
juszczyk_RB_SF,Kyle Juszczyk,RB,SF,,655,664,664,,28.1,,,0.0,,0.4,,208.6,,,,23.4,1.3,0.0,,,,,,,
kampmoyer_TE_LAC,Hunter Kampmoyer,TE,LAC,,657,666,666,,0.0,,,,,0.0,,40.0,,,,4.0,0.0,,,,,,,,
keene_TE_NE,Dalton Keene,TE,NE,,658,667,667,,0.0,,,,,0.0,,94.5,,,,10.0,0.5,0.0,,,,,,,
keenum_QB_BUF,Case Keenum,QB,BUF,,659,668,668,,4.9,,,1.0,210.3,0.0,0.4,,,,,,,0.1,1.5,,,,,,
kelley_RB_LAC,Joshua Kelley,RB,LAC,,662,671,671,,269.5,,,,,1.6,0.0,52.0,,,,6.9,0.1,2.2,,,,,,,
kieft_TE_TB,Ko Kieft,TE,TB,,666,675,675,,0.0,,,,,0.0,,92.0,,,,9.0,0.5,0.0,,,,,,,
kolar_TE_BAL,Charlie Kolar,TE,BAL,,670,679,679,,0.0,,,,,0.0,,92.0,,,,9.5,1.0,0.0,,,,,,,
kroft_TE_SF,Tyler Kroft,TE,SF,,672,681,681,,0.0,,,,,0.0,,125.0,,,,11.0,1.0,0.0,,,,,,,
lewis_TE_GB,Marcedes Lewis,TE,GB,,675,684,684,,1.0,,,,,0.0,,196.4,,,,19.2,1.5,1.0,,,,,,,
likely_TE_BAL,Isaiah Likely,TE,BAL,,676,685,685,,0.0,,,,,0.0,,91.5,,,,9.5,1.0,0.0,,,,,,,
long_TE_MIA,Hunter Long,TE,MIA,,678,686,686,,0.0,,,,,0.0,,75.0,,,,8.0,0.5,0.0,,,,,,,
lovett_QB_MIA,John Lovett,QB,MIA,,679,687,687,,37.3,,,,,0.0,,22.0,,,,1.8,0.3,0.0,,,,,,,
mabry_TE_SEA,Tyler Mabry,TE,SEA,,682,690,690,,0.0,,,,,0.0,,36.0,,,,4.0,0.0,,,,,,,,
mack_TE_GB,Alize Mack,TE,GB,,683,691,691,,,,,,,,,122.0,,,,12.0,1.0,0.0,,,,,,,
manhertz_TE_JAX,Chris Manhertz,TE,JAX,,686,694,694,,0.3,,,,,0.0,,81.2,,,,7.3,1.1,0.0,,,,,,,
mannion_QB_MIN,Sean Mannion,QB,MIN,,687,695,695,,8.3,,,1.0,177.6,0.0,0.4,,,,,,,0.1,1.2,,,,,,
markway_TE_LAR,Kyle Markway,TE,LAR,,688,696,696,,,,,,,,,132.0,,,,12.0,1.0,0.0,,,,,,,
mccloud_WR_SF,Ray-Ray McCloud III,WR,SF,,693,701,701,,3.7,,,,,0.0,,180.3,,,,14.0,0.3,0.0,,,,,,,
mccoy_QB_ARI,Colt McCoy,QB,ARI,,694,702,702,,7.4,,,0.9,197.9,0.0,0.3,,,,,,,0.0,0.9,,,,,,
mcfarland_RB_PIT,Anthony McFarland Jr.,RB,PIT,,699,707,707,,133.9,,,,,1.0,0.0,42.2,,,,6.2,0.2,0.2,,,,,,,
mckeon_TE_DAL,Sean McKeon,TE,DAL,,701,709,709,,0.4,,,,,0.0,,52.7,,,,5.2,0.7,,,,,,,,
mckitty_TE_LAC,Tre' McKitty,TE,LAC,,702,710,710,,0.3,,,,,0.0,,90.4,,,,9.6,0.9,0.0,,,,,,,
mcmath_WR_TEN,Racey McMath,WR,TEN,,703,711,711,,0.3,,,,,0.0,,84.8,,,,6.5,0.6,,,,,,,,
mcnichols_RB_PIT,Jeremy McNichols,RB,PIT,,704,712,712,,62.5,,,,,0.0,,60.5,,,,8.5,0.0,0.0,,,,,,,
melton_WR_SEA,Bo Melton,WR,SEA,,706,714,714,,0.0,,,,,0.0,,19.0,,,,2.0,0.0,,,,,,,,
miller_WR_PIT,Anthony Miller,WR,PIT,,710,718,718,,11.9,,,,,0.1,,224.7,,,,17.9,1.0,0.0,,,,,,,
miller_WR_TB,Scotty Miller,WR,TB,,711,719,719,,3.9,,,,,0.0,,24.7,,,,1.9,0.1,0.0,,,,,,,
milne_WR_WSH,Dax Milne,WR,WSH,,712,720,720,,0.4,,,,,0.0,,12.3,,,,1.2,0.0,,,,,,,,
mims_WR_NYJ,Denzel Mims,WR,NYJ,,713,721,721,,0.0,,,,,0.0,,20.0,,,,1.0,0.0,,,,,,,,
mitchell_TE_DET,James Mitchell,TE,DET,,714,722,722,,0.0,,,,,0.0,,62.0,,,,7.0,0.5,0.0,,,,,,,
mond_QB_MIN,Kellen Mond,QB,MIN,,716,724,724,,4.0,,,0.0,106.0,0.0,,,,,,,,0.0,1.0,,,,,,
montgomery_WR_NE,Ty Montgomery,WR,NE,,717,725,725,,18.4,,,,,0.2,,33.1,,,,2.5,0.1,0.0,,,,,,,
moore_WR_BAL,Jaylon Moore,WR,BAL,,719,727,727,,7.5,,,,,0.0,,202.8,,,,16.8,1.3,0.0,,,,,,,
moore_WR_CHI,David Moore,WR,CHI,,720,728,728,,21.6,,,,,0.2,,94.7,,,,8.1,0.5,0.0,,,,,,,
moore_WR_HOU,Chris Moore,WR,HOU,,721,729,729,,0.0,,,,,0.0,,172.0,,,,16.0,1.0,,,,,,,,
moore_WR_LAC,Jason Moore Jr.,WR,LAC,,722,730,730,,0.0,,,,,0.0,,21.0,,,,2.0,0.0,,,,,,,,
morgan_WR_CIN,Stanley Morgan,WR,CIN,,724,732,732,,0.0,,,,,0.0,,20.0,,,,2.0,0.0,,,,,,,,
moss_TE_CIN,Thaddeus Moss,TE,CIN,,726,734,734,,0.7,,,,,,,18.9,,,,3.2,0.3,,,,,,,,
mullens_QB_LV,Nick Mullens,QB,LV,,727,735,735,,2.5,,,0.8,140.8,0.0,1.3,,,,,,,0.5,0.7,,,,,,
mundt_TE_MIN,Johnny Mundt,TE,MIN,,728,736,736,,0.0,,,,,0.0,,79.0,,,,8.0,1.0,,,,,,,,
muse_TE_MIN,Nick Muse,TE,MIN,,729,737,737,,0.0,,,,,0.0,,70.5,,,,7.0,0.5,0.0,,,,,,,
myarick_TE_NYG,Chris Myarick,TE,NYG,,730,738,738,,0.7,,,,,,,58.7,,,,3.6,0.4,,,,,,,,
myers_K_SEA,Jason Myers,K,SEA,,731,739,739,31.1,,7.8,,,,,,,0.3,,4.0,,,,,,6.1,,,,8.1
nabers_RB_LAC,Gabe Nabers,RB,LAC,,732,740,740,,14.1,,,,,0.0,0.0,3.0,,,,1.1,0.1,0.0,,,,,,,
nall_RB_DAL,Ryan Nall,RB,DAL,,734,741,741,,176.6,,,,,1.1,0.0,64.6,,,,8.6,0.7,0.5,,,,,,,
newsome_WR_CHI,Dazz Newsome,WR,CHI,,735,742,742,,4.9,,,,,0.0,,102.6,,0.1,,7.7,0.6,0.0,,,,,,,
nixon_WR_NE,Tre Nixon,WR,NE,,737,744,744,,0.0,,,,,0.0,,19.0,,,,2.0,0.0,,,,,,,,
ogletree_TE_IND,Andrew Ogletree,TE,IND,,739,746,746,,0.0,,,,,0.0,,18.0,,,,2.0,0.0,,,,,,,,
ogunbowale_RB_HOU,Dare Ogunbowale,RB,HOU,,740,747,747,,43.0,,,,,0.0,,93.0,,,,12.0,0.0,,,,,,,,
okonkwo_TE_TEN,Chigoziem Okonkwo,TE,TEN,,741,748,748,,0.0,,,,,0.0,,80.0,,,,8.0,0.5,0.0,,,,,,,
oliver_TE_BAL,Josh Oliver,TE,BAL,,743,750,750,,0.7,,,,,,,81.8,,,,8.7,0.8,0.0,,,,,,,
ollison_RB_ATL,Qadree Ollison,RB,ATL,,744,751,751,,60.0,,,,,0.0,,26.0,,,,4.0,0.0,,,,,,,,
olszewski_WR_PIT,Gunner Olszewski,WR,PIT,,746,753,753,,0.0,,,,,0.0,,19.0,,,,2.0,0.0,,,,,,,,
oshaughnessy_TE_CHI,James O'Shaughnessy,TE,CHI,,747,754,754,,0.4,,,0.0,,0.0,,344.8,,,,30.8,1.7,0.0,,,,,,,
parkinson_TE_SEA,Colby Parkinson,TE,SEA,,750,757,757,,0.3,,,,,0.0,,68.6,,,,6.3,0.7,,,,,,,,
patmon_WR_IND,Dezmon Patmon,WR,IND,,751,758,758,,0.0,,,,,0.0,,18.0,,,,2.0,0.0,,,,,,,,
patterson_K_DET,Riley Patterson,K,DET,,753,760,760,35.1,,7.6,,,,,,,0.2,,1.8,,,,,,7.3,,,,8.3
peterman_QB_CHI,Nathan Peterman,QB,CHI,,758,764,764,,18.0,,,1.0,90.0,0.0,,,,,,,,0.0,1.0,,,,,,
powell_WR_LAR,Brandon Powell,WR,LAR,,768,773,773,,1.3,,,,,0.0,,43.8,,,,2.7,0.1,,,,,,,,
prentice_RB_NO,Adam Prentice,RB,NO,,769,774,774,,19.0,,,,,0.0,,15.0,,,,2.0,0.0,,,,,,,,
quessenberry_RB_HOU,Paul Quessenberry,RB,HOU,,775,779,779,,,,,,,,,334.0,,,,37.0,2.0,1.0,,,,,,,
quessenberry_TE_HOU,Paul Quessenberry,TE,HOU,,776,780,780,,1.2,,,,,,,41.8,,,,3.6,0.4,,,,,,,,
quinn_WR_DEN,Trey Quinn,WR,DEN,,777,781,781,,2.6,,,,,0.0,,45.2,,,,2.8,0.1,,,,,,,,
quitoriano_TE_HOU,Teagan Quitoriano,TE,HOU,,778,782,782,,0.0,,,,,0.0,,42.0,,,,4.0,0.0,,,,,,,,
rader_TE_PIT,Kevin Rader,TE,PIT,,779,783,783,,,,,,,,,99.0,,,,13.0,1.0,0.0,,,,,,,
ralston_RB_DAL,Nick Ralston,RB,DAL,,782,785,785,,1.0,,,,,,,66.9,,,,7.8,0.6,,,,,,,,
reagor_WR_PHI,Jalen Reagor,WR,PHI,,783,786,786,,37.8,,,,,0.0,,90.5,,,,8.0,0.8,0.0,,,,,,,
reed_WR_LAC,Joe Reed,WR,LAC,,785,788,788,,34.9,,,,,0.0,,56.9,,,,2.7,0.2,0.0,,,,,,,
reyes_TE_WSH,Sammis Reyes,TE,WSH,,786,789,789,,0.4,,,,,0.0,,20.7,,,,1.6,0.1,,,,,,,,
reynolds_RB_DET,Craig Reynolds,RB,DET,,787,790,790,,191.0,,,,,0.8,0.0,93.0,,,,12.0,0.4,0.5,,,,,,,
ricard_RB_BAL,Patrick Ricard,RB,BAL,,789,791,791,,2.5,,,,,0.0,0.0,82.3,,,,12.1,0.8,0.0,,,,,,,
ricci_RB_CAR,Giovanni Ricci,RB,CAR,,790,792,792,,0.0,,,,,0.0,,33.0,,,,4.0,0.0,,,,,,,,
ricci_TE_CAR,Giovanni Ricci,TE,CAR,,791,793,793,,5.0,,,,,0.1,0.0,14.0,,,,3.5,0.2,0.0,,,,,,,
roberts_WR_CAR,Andre Roberts,WR,CAR,,794,796,796,,16.0,,,,,0.0,,31.2,,0.7,,1.0,0.1,0.0,,,,,,,
rodgers_TE_PHI,Richard Rodgers,TE,PHI,,796,797,797,,0.7,,,,,,,98.0,,,,6.0,0.9,,,,,,,,
rountree_RB_LAC,Larry Rountree III,RB,LAC,,801,802,802,,52.0,,,,,0.0,,15.0,,,,2.0,0.0,,,,,,,,
ruckert_TE_NYJ,Jeremy Ruckert,TE,NYJ,,802,803,803,,0.0,,,,,0.0,,37.0,,,,4.0,0.0,,,,,,,,
rudolph_QB_PIT,Mason Rudolph,QB,PIT,,803,804,804,,15.0,,,1.0,162.0,0.0,,,,,,,,0.0,1.0,,,,,,
rudolph_TE_NYG,Kyle Rudolph,TE,NYG,,804,805,805,,,,,,,,,466.0,,,,45.0,4.0,0.0,,,,,,,
rush_QB_DAL,Cooper Rush,QB,DAL,,805,806,806,,3.1,,,1.0,205.3,0.1,0.5,,,,,,,0.1,1.3,,,,,,
rypien_QB_DEN,Brett Rypien,QB,DEN,,806,807,807,,1.3,,,1.2,172.4,0.2,0.6,,,,,,,0.1,0.6,,,,,,
sample_TE_CIN,Drew Sample,TE,CIN,,807,808,808,,0.3,,,,,0.0,,80.1,,,,9.4,0.8,0.0,,,,,,,
santos_K_CHI,Cairo Santos,K,CHI,,808,809,809,35.8,,8.6,,,,,,,0.2,,3.0,,,,,,8.4,,,,7.8
santoso_K_JAX,Ryan Santoso,K,JAX,,809,810,810,25.3,,7.8,,,,,,,0.3,,3.3,,,,,,7.6,,,,7.0
sanu_WR_MIA,Mohamed Sanu,WR,MIA,,811,812,812,,0.0,,,,,0.0,,35.0,,,,4.0,0.0,,,,,,,,
sargent_RB_JAX,Mekhi Sargent,RB,JAX,,812,813,813,,98.6,,,,,0.6,0.0,24.2,,,,4.9,0.2,0.1,,,,,,,
saubert_TE_DEN,Eric Saubert,TE,DEN,,813,814,814,,0.6,,,,,,,26.2,,,,1.9,0.3,,,,,,,,
schwartz_WR_CLE,Anthony Schwartz,WR,CLE,,817,818,818,,27.0,,,,,0.0,,376.0,,,,30.0,2.0,,,,,,,,
seibert_K_DET,Austin Seibert,K,DET,,819,819,819,34.0,,10.0,,,,,,,,,6.0,,,,,,,,,,
shaheen_TE_MIA,Adam Shaheen,TE,MIA,,822,822,822,,0.4,,,,,0.0,,74.5,,,,7.4,0.5,0.0,,,,,,,
sharpe_WR_CHI,Tajae Sharpe,WR,CHI,,823,823,823,,0.0,,,,,0.0,,69.0,,,,6.0,0.0,,,,,,,,
sherfield_WR_MIA,Trent Sherfield,WR,MIA,,824,824,824,,0.6,,,,,0.0,,82.9,,,,5.9,0.6,,,,,,,,
siemian_QB_CHI,Trevor Siemian,QB,CHI,,826,826,826,,6.7,,,1.5,269.8,0.0,0.5,,,,,,,0.0,1.3,,,,,,
skowronek_WR_LAR,Ben Skowronek,WR,LAR,,830,830,830,,2.5,,,,,0.0,,147.9,,,,12.2,1.1,0.0,,,,,,,
slater_WR_NE,Matthew Slater,WR,NE,,831,831,831,,2.1,,,,,,,59.5,,,,0.6,0.1,,,,,,,,
slayton_WR_NYG,Darius Slayton,WR,NYG,,832,832,832,,-3.0,,,,,0.0,,380.0,,,,26.9,2.1,1.0,,,,,,,
smith_RB_ATL,Keith Smith,RB,ATL,,834,834,834,,19.4,,,,,0.0,0.0,43.7,,,,6.6,0.1,0.0,,,,,,,
smith_WR_CAR,Shi Smith,WR,CAR,,837,837,837,,0.0,,,,,0.0,,41.0,,,,3.0,0.0,,,,,,,,
smith_WR_NYJ,Jeff Smith,WR,NYJ,,839,839,839,,2.8,,,,,0.0,,100.8,,,,6.7,0.4,0.0,,,,,,,
smithmarsette_WR_MIN,Ihmir Smith-Marsette,WR,MIN,,841,841,841,,1.6,,,,,0.0,,171.5,,,,14.3,1.5,,,,,,,,
smythe_TE_MIA,Durham Smythe,TE,MIA,,842,842,842,,9.0,,,0.0,,0.0,,213.3,,,,20.8,0.9,0.0,,,,,,,
sokol_TE_NE,Matt Sokol,TE,NE,,844,844,844,,1.0,,,,,,,31.0,,,,2.5,0.4,,,,,,,,
sprinkle_TE_DAL,Jeremy Sprinkle,TE,DAL,,845,845,845,,0.0,,,,,0.0,,78.0,,,,8.0,0.5,0.0,,,,,,,
stanton_RB_CLE,Johnny Stanton,RB,CLE,,846,846,846,,46.2,,,,,0.5,0.0,44.2,,,,7.0,0.7,0.0,,,,,,,
stevenson_WR_BUF,Marquez Stevenson,WR,BUF,,848,848,848,,0.0,,,,,0.0,,40.0,,,,4.0,0.0,,,,,,,,
stidham_QB_LV,Jarrett Stidham,QB,LV,,850,850,850,,4.6,,,0.9,163.9,0.0,0.3,,,,,,,0.0,0.7,,,,,,
stoll_TE_PHI,Jack Stoll,TE,PHI,,851,851,851,,0.3,,,,,0.0,,29.9,,,,3.7,0.2,,,,,,,,
strachan_WR_IND,Mike Strachan,WR,IND,,853,853,853,,0.0,,,,,0.0,,55.0,,,,5.0,0.0,,,,,,,,
sudfeld_QB_SF,Nate Sudfeld,QB,SF,,856,856,856,,5.0,,,1.0,190.0,0.0,,,,,,,,,1.0,,,,,,
sullivan_TE_CAR,Stephen Sullivan,TE,CAR,,857,857,857,,0.4,,,,,0.0,,33.1,,,,3.2,0.2,,,,,,,,
swaim_TE_TEN,Geoff Swaim,TE,TEN,,858,858,858,,0.5,,,0.0,,0.0,,257.2,,,,30.1,2.7,0.0,,,,,,,
swain_WR_SEA,Freddie Swain,WR,SEA,,859,859,859,,10.2,,,0.0,,0.0,,305.8,,0.1,,23.0,1.9,0.0,,,,,,,
sweeney_TE_BUF,Tommy Sweeney,TE,BUF,,860,860,860,,0.4,,,,,0.0,,79.9,,,,8.6,0.6,0.0,,,,,,,
tate_WR_ATL,Auden Tate,WR,ATL,,862,862,862,,0.4,,,,,0.0,,31.7,,,,2.4,0.1,,,,,,,,
taylor_QB_NYG,Tyrod Taylor,QB,NYG,,863,863,863,,23.0,,,1.3,249.4,0.4,0.3,,,,,,,0.0,1.2,,,,,,
taylor_RB_GB,Patrick Taylor,RB,GB,,864,864,864,,49.0,,,,,0.0,,15.0,,,,2.0,0.0,,,,,,,,
taylor_RB_NE,J.J. Taylor,RB,NE,,865,865,865,,199.5,,,,,1.7,0.0,41.7,,0.3,,6.4,0.2,0.2,,,,,,,
taylor_WR_CIN,Trent Taylor,WR,CIN,,866,866,866,,1.8,,,,,0.0,,49.0,,0.0,,3.2,0.1,,,,,,,,
team_DST_WSH,Team,DST,WSH,,868,868,868,,,,12.0,,,,,,,1.8,,,,12.0,,14.7,,23.4,0.3,39.0,
texans_DST_HOU,Texans,DST,HOU,,869,869,869,,,,10.6,,,,,,,1.8,,,,10.6,,13.4,,26.6,0.3,38.0,
thomas_TE_CAR,Ian Thomas,TE,CAR,,870,870,870,,0.5,,,0.0,,0.0,,192.8,,,,19.6,1.0,0.0,,,,,,,
thomas_WR_CIN,Mike Thomas,WR,CIN,,871,871,871,,0.7,,,,,0.0,,58.5,,,,4.6,0.2,,,,,,,,
thompson_RB_SEA,Darwin Thompson,RB,SEA,,874,874,874,,75.6,,,,,0.6,0.0,28.8,,0.1,,3.8,0.2,0.1,,,,,,,
tomlinson_TE_DEN,Eric Tomlinson,TE,DEN,,879,879,879,,0.0,,,,,0.0,,37.0,,,,2.0,0.0,,,,,,,,
toure_WR_GB,Samori Toure,WR,GB,,881,881,881,,0.0,,,,,0.0,,81.0,,,,7.0,1.0,,,,,,,,
trask_QB_TB,Kyle Trask,QB,TB,,882,882,882,,3.0,,,0.0,134.0,0.0,,,,,,,,0.0,1.0,,,,,,
treadwell_WR_JAX,Laquon Treadwell,WR,JAX,,883,883,883,,0.6,,,,,0.0,,246.2,,,,18.2,1.6,,,,,,,,
turner_TE_WSH,Cole Turner,TE,WSH,,884,884,884,,0.0,,,,,0.0,,54.0,,,,5.0,0.0,,,,,,,,
turner_WR_SF,Malik Turner,WR,SF,,886,886,886,,0.9,,,,,,,78.4,,,,4.2,0.4,,,,,,,,
vannett_TE_NO,Nick Vannett,TE,NO,,887,887,887,,0.4,,,,,0.0,,120.6,,,,12.3,1.0,,,,,,,,
vasher_WR_DAL,T.J. Vasher,WR,DAL,,888,888,888,,0.0,,,,,0.0,,65.0,,,,6.0,1.0,,,,,,,,
walker_QB_CAR,PJ Walker,QB,CAR,,895,895,895,,0.0,,,0.1,20.5,0.0,0.1,,,,,,,0.0,0.0,,,,,,
wallace_WR_BAL,Tylan Wallace,WR,BAL,,897,897,897,,0.5,,,,,0.0,,183.3,,,,15.4,1.3,,,,,,,,
ward_WR_PHI,Greg Ward,WR,PHI,,899,899,899,,1.0,,,,,0.0,,63.5,,0.1,,4.4,0.3,,,,,,,,
washington_RB_NO,Dwayne Washington,RB,NO,,900,900,900,,47.8,,,,,0.5,,34.0,,,,4.1,0.1,,,,,,,,
washington_WR_DEN,Montrell Washington,WR,DEN,,902,902,902,,0.0,,,,,0.0,,0.0,,,,0.0,0.0,,,,,,,,
watson_WR_KC,Justin Watson,WR,KC,,903,903,903,,0.0,,,,,0.0,,21.0,,,,2.0,0.0,,,,,,,,
watt_RB_PIT,Derek Watt,RB,PIT,,904,904,904,,6.3,,,,,0.1,0.0,25.1,,,,4.0,0.1,0.0,,,,,,,
webster_WR_CHI,Nsimba Webster,WR,CHI,,906,906,906,,2.6,,,,,0.0,,51.4,,,,,0.1,,,,,,,,
wesco_TE_NYJ,Trevon Wesco,TE,NYJ,,910,910,910,,0.8,,,,,,,17.8,,,,1.6,0.3,,,,,,,,
wesley_WR_ARI,Antoine Wesley,WR,ARI,,911,911,911,,0.5,,,,,0.0,,131.4,,,,10.8,0.9,,,,,,,,
westbrook_WR_TEN,Nick Westbrook,WR,TEN,,912,912,912,,0.0,,,,,0.0,,529.0,,,,41.0,5.0,1.0,,,,,,,
white_QB_NYJ,Mike White,QB,NYJ,,913,913,913,,3.0,,,1.0,145.0,0.0,,,,,,,,0.0,1.0,,,,,,
wilcox_TE_CIN,Mitchell Wilcox,TE,CIN,,917,917,917,,0.0,,,,,0.0,,37.0,,,,4.0,0.0,,,,,,,,
wilkins_RB_TEN,Jordan Wilkins,RB,TEN,,919,919,919,,55.7,,,,,0.3,0.6,48.1,,,,5.6,0.2,,,,,,,,
williams_RB_CIN,Trayveon Williams,RB,CIN,,920,920,920,,124.0,,,,,0.8,0.0,47.8,,,,6.8,0.2,0.6,,,,,,,
williams_RB_IND,Ty'Son Williams,RB,IND,,921,921,921,,118.2,,,,,0.7,0.0,25.8,,,,3.0,0.1,0.0,,,,,,,
williams_RB_NYG,Antonio Williams,RB,NYG,,922,922,922,,65.0,,,,,1.0,,30.0,,,,4.0,0.0,,,,,,,,
williams_TE_ARI,Maxx Williams,TE,ARI,,924,924,924,,0.5,,,,,0.0,,199.5,,,,18.6,1.3,0.0,,,,,,,
williams_WR_DEN,Seth Williams,WR,DEN,,926,926,926,,0.5,,,,,,,11.1,,,,0.7,0.1,,,,,,,,
winston_WR_NO,Easop Winston Jr.,WR,NO,,933,933,933,,4.6,,,,,0.0,,36.3,,,,1.6,0.1,,,,,,,,
woerner_TE_SF,Charlie Woerner,TE,SF,,935,935,935,,0.7,,,,,,,22.3,,,,1.7,0.3,,,,,,,,
wolford_QB_LAR,John Wolford,QB,LAR,,936,936,936,,7.8,,,1.0,178.2,0.1,0.6,,,,,,,0.0,1.2,,,,,,
woods_WR_CLE,Michael Woods II,WR,CLE,,937,937,937,,0.0,,,,,0.0,,17.0,,,,2.0,0.0,,,,,,,,
wright_TE_DET,Brock Wright,TE,DET,,939,939,939,,0.3,,,,,0.0,,147.5,,,,15.3,1.3,0.0,,,,,,,
yeboah_TE_NYJ,Kenny Yeboah,TE,NYJ,,941,941,941,,,,,,,,,119.0,,,,10.0,1.0,0.0,,,,,,,
zylstra_WR_CAR,Brandon Zylstra,WR,CAR,,947,947,947,,0.5,,,,,0.0,,136.4,,,,10.9,0.8,,,,,,,,
