key,name,pos,team,bye,std,half_ppr,ppr,rush_tds,kick_extra_points,df_safeties,reception_tds,kick_20_29,df_ints,reception_yds,rush_yds,kick_50,two_pts,df_points_allowed_per_game,kick_30_39,receptions,df_sacks,kick_0_19,kick_40_49,pass_ints,pass_yds,pass_tds,fumbles,df_fumbles,df_tds
jefferson_WR_MIN,Justin Jefferson,WR,MIN,13.0,1,1,1,0.4,,,8.2,,,1448.0,18.7,,,,,107.6,,,,0.0,,,0.5,,
chase_WR_CIN,Ja'Marr Chase,WR,CIN,7.0,3,3,2,0.1,,,10.2,,,1375.4,24.6,,,,,103.9,,,,0.0,,,1.0,,
mccaffrey_RB_SF,Christian McCaffrey,RB,SF,9.0,2,2,3,7.0,,,4.3,,,592.7,954.1,,,,,68.7,,,,0.0,,,3.0,,
hill_WR_MIA,Tyreek Hill,WR,MIA,10.0,7,7,4,0.9,,,7.2,,,1356.9,56.0,,,,,104.1,,,,0.0,,,0.5,,
kupp_WR_LAR,Cooper Kupp,WR,LAR,10.0,6,6,5,1.3,,,8.2,,,1306.1,111.7,,,,,105.9,,,,0.0,,,0.6,,
kelce_TE_KC,Travis Kelce,TE,KC,10.0,5,5,6,0.0,,,9.5,,,1207.8,10.0,,,,,103.8,,,,0.0,,,1.0,,
diggs_WR_BUF,Stefon Diggs,WR,BUF,13.0,11,9,7,0.0,,,7.9,,,1200.6,1.6,,,,,91.4,,,,0.0,,,1.0,,
ekeler_RB_LAC,Austin Ekeler,RB,LAC,5.0,4,4,8,9.9,,,3.6,,,569.7,866.4,,,,,76.4,,,,0.0,,,1.8,,
brown_WR_PHI,A.J. Brown,WR,PHI,10.0,13,12,9,0.0,,,8.1,,,1123.2,1.3,,,,,72.5,,,,0.0,,,1.0,,
robinson_RB_ATL,Bijan Robinson,RB,ATL,11.0,9,8,10,7.4,,,1.7,,,313.8,1085.5,,0.2,,,37.6,,,,0.0,,,2.6,,
lamb_WR_DAL,CeeDee Lamb,WR,DAL,7.0,12,11,11,0.2,,,7.3,,,1244.0,57.0,,,,,94.5,,,,0.0,,,0.5,,
adams_WR_LV,Davante Adams,WR,LV,13.0,14,14,12,0.0,,,8.4,,,1293.7,7.0,,,,,90.1,,,,0.0,,,0.5,,
brown_WR_DET,Amon-Ra St. Brown,WR,DET,9.0,19,15,13,0.5,,,6.3,,,1117.2,63.1,,,,,97.9,,,,0.0,,,0.5,,
wilson_WR_NYJ,Garrett Wilson,WR,NYJ,7.0,21,17,14,0.0,,,6.8,,,1038.7,13.5,,,,,76.7,,,,0.0,,,0.5,,
waddle_WR_MIA,Jaylen Waddle,WR,MIA,10.0,24,19,15,0.1,,,6.2,,,1143.7,44.9,,,,,77.1,,,,0.0,,,0.5,,
chubb_RB_CLE,Nick Chubb,RB,CLE,5.0,15,16,16,8.3,,,1.2,,,263.3,1251.6,,0.5,,,29.3,,,,0.0,,,2.1,,
barkley_RB_NYG,Saquon Barkley,RB,NYG,13.0,8,10,17,7.3,,,1.6,,,387.7,1077.5,,,,,52.7,,,,0.0,,,1.8,,
taylor_RB_IND,Jonathan Taylor,RB,IND,11.0,10,13,18,8.0,,,0.7,,,248.1,1293.9,,,,,34.8,,,,0.0,,,2.7,,
olave_WR_NO,Chris Olave,WR,NO,11.0,33,28,19,0.0,,,5.2,,,1129.4,0.3,,,,,80.8,,,,0.0,,,2.0,,
smith_WR_PHI,DeVonta Smith,WR,PHI,10.0,27,25,20,0.0,,,6.9,,,1016.5,0.3,,,,,79.5,,,,0.0,,,1.0,,0.0
pollard_RB_DAL,Tony Pollard,RB,DAL,7.0,22,23,21,7.0,,,2.1,,,371.3,1054.9,,0.1,,,42.9,,,,0.0,,,2.0,,
higgins_WR_CIN,Tee Higgins,WR,CIN,7.0,29,27,22,0.0,,,6.3,,,1065.1,1.9,,,,,76.9,,,,0.0,,,1.0,,
mahomes_QB_KC,Patrick Mahomes II,QB,KC,10.0,18,18,23,3.0,,,,,,,341.8,,2.7,,,,,,,11.6,4947.9,36.4,1.1,,
hurts_QB_PHI,Jalen Hurts,QB,PHI,10.0,23,24,24,9.9,,,,,,,813.1,,4.2,,,,,,,11.6,3822.5,25.3,2.0,,
henry_RB_TEN,Derrick Henry,RB,TEN,7.0,20,22,25,8.4,,,1.0,,,319.6,1335.3,,1.1,,,32.6,,,,0.0,,,2.4,,
stevenson_RB_NE,Rhamondre Stevenson,RB,NE,11.0,25,26,26,5.8,,,1.1,,,381.4,937.2,,0.1,,,52.7,,,,0.0,,,1.8,,
jacobs_RB_LV,Josh Jacobs,RB,LV,13.0,16,20,27,8.4,,,0.7,,,269.0,1088.0,,0.0,,,35.6,,,,0.0,,,1.9,,
metcalf_WR_SEA,DK Metcalf,WR,SEA,5.0,35,31,28,0.0,,,6.8,,,978.7,0.9,,,,,76.7,,,,0.0,,,1.0,,
allen_QB_BUF,Josh Allen,QB,BUF,13.0,17,21,29,5.8,,,,,,,659.5,,2.7,,,,,,,15.5,4295.7,31.4,3.6,,
hall_RB_NYJ,Breece Hall,RB,NYJ,7.0,28,29,30,6.6,,,2.1,,,383.4,910.5,,0.2,,,39.5,,,,0.0,,,1.2,,
andrews_TE_BAL,Mark Andrews,TE,BAL,13.0,34,32,31,0.1,,,6.0,,,859.4,21.4,,,,,71.5,,,,0.0,,,0.5,,
allen_WR_LAC,Keenan Allen,WR,LAC,5.0,42,38,32,0.0,,,6.2,,,1004.9,4.9,,,,,91.9,,,,0.0,,,0.5,,
ridley_WR_JAX,Calvin Ridley,WR,JAX,9.0,49,43,33,0.0,,,6.0,,,945.8,10.6,,,,,73.8,,,,0.0,,,0.5,,
samuel_WR_SF,Deebo Samuel,WR,SF,9.0,37,34,34,2.1,,,4.9,,,881.9,271.9,,,,,66.8,,,,0.0,,,1.5,,
jackson_QB_BAL,Lamar Jackson,QB,BAL,13.0,38,37,35,4.9,,,,,,,904.9,,2.1,,,,,,,12.5,3501.9,24.7,1.7,,
cooper_WR_CLE,Amari Cooper,WR,CLE,5.0,40,40,36,0.0,,,7.6,,,1025.0,1.6,,,,,70.0,,,,0.0,,,1.0,,
harris_RB_PIT,Najee Harris,RB,PIT,6.0,26,30,37,6.4,,,2.2,,,253.1,970.4,,,,,37.2,,,,0.0,,,1.7,,
jeudy_WR_DEN,Jerry Jeudy,WR,DEN,9.0,57,49,38,0.0,,,6.1,,,974.4,23.4,,,,,65.3,,,,0.0,,,0.5,,
gibbs_RB_DET,Jahmyr Gibbs,RB,DET,9.0,36,36,39,6.4,,,1.7,,,347.0,696.8,,0.1,,,42.3,,,,0.0,,,1.9,,
watson_WR_GB,Christian Watson,WR,GB,6.0,62,51,40,0.8,,,6.5,,,927.9,65.5,,,,,64.9,,,,0.0,,,0.5,,
etienne_RB_JAX,Travis Etienne Jr.,RB,JAX,9.0,30,33,41,6.4,,,1.0,,,288.1,1058.6,,0.6,,,35.2,,,,0.0,,,2.5,,
london_WR_ATL,Drake London,WR,ATL,11.0,59,52,42,0.0,,,5.5,,,922.2,0.3,,,,,74.3,,,,0.0,,,3.0,,
mclaurin_WR_WSH,Terry McLaurin,WR,WSH,14.0,47,46,43,0.0,,,5.1,,,1036.0,25.0,,,,,71.8,,,,0.0,,,0.5,,
kirk_WR_JAX,Christian Kirk,WR,JAX,9.0,63,53,44,0.0,,,6.1,,,875.3,22.3,,,,,72.6,,,,0.0,,,0.5,,
williams_WR_LAC,Mike Williams,WR,LAC,5.0,60,55,45,0.0,,,5.6,,,936.4,0.7,,,,,68.2,,,,0.0,,,1.0,,
moore_WR_CHI,DJ Moore,WR,CHI,13.0,50,48,46,0.1,,,7.5,,,858.9,45.9,,,,,56.9,,,,0.0,,,0.5,,
burrow_QB_CIN,Joe Burrow,QB,CIN,7.0,32,35,47,4.6,,,,,,,322.2,,2.7,,,,,,,13.4,4618.5,32.2,1.3,,
mixon_RB_CIN,Joe Mixon,RB,CIN,7.0,45,44,48,7.1,,,2.4,,,414.0,897.7,,,,,54.1,,,,0.0,,,1.2,,
fields_QB_CHI,Justin Fields,QB,CHI,13.0,43,42,49,6.1,,,,,,,1054.3,,1.4,,,,,,,13.8,2918.4,20.8,1.9,,
hockenson_TE_MIN,T.J. Hockenson,TE,MIN,13.0,39,41,50,0.0,,,5.5,,,826.3,0.7,,,,,78.2,,,,0.0,,,1.0,,
aiyuk_WR_SF,Brandon Aiyuk,WR,SF,9.0,71,64,51,0.0,,,5.4,,,877.3,14.0,,,,,61.1,,,,0.0,,,1.0,,
godwin_WR_TB,Chris Godwin,WR,TB,5.0,58,56,52,0.1,,,3.8,,,980.1,15.7,,,,,92.4,,,,0.0,,,1.0,,
jones_RB_GB,Aaron Jones,RB,GB,6.0,41,45,53,4.9,,,2.9,,,407.6,967.4,,,,,51.4,,,,0.0,,,1.3,,
walker_RB_SEA,Kenneth Walker III,RB,SEA,5.0,31,39,54,8.1,,,0.6,,,188.8,995.0,,0.1,,,27.2,,,,0.0,,,2.0,,
herbert_QB_LAC,Justin Herbert,QB,LAC,5.0,44,47,55,1.3,,,,,,,186.9,,2.7,,,,,,,13.6,4626.4,30.2,1.2,,
dobbins_RB_BAL,J.K. Dobbins,RB,BAL,13.0,48,50,56,7.3,,,1.7,,,184.2,932.9,,0.1,,,24.0,,,,0.0,,,2.0,,
brown_WR_ARI,Marquise Brown,WR,ARI,14.0,80,70,57,0.0,,,4.4,,,887.2,5.2,,,,,75.1,,,,0.0,,,0.5,,
mattison_RB_MIN,Alexander Mattison,RB,MIN,13.0,78,69,58,9.2,,,1.4,,,231.8,960.9,,0.1,,,34.2,,,,0.0,,,1.6,,
johnson_WR_PIT,Diontae Johnson,WR,PIT,6.0,74,63,59,0.0,,,3.8,,,896.3,25.7,,,,,75.8,,,,0.0,,,0.5,,
pittman_WR_IND,Michael Pittman Jr.,WR,IND,11.0,55,58,60,0.0,,,3.9,,,825.7,29.2,,,,,75.9,,,,0.0,,,0.5,,
kittle_TE_SF,George Kittle,TE,SF,9.0,53,59,61,0.0,,,6.6,,,782.2,9.8,,,,,59.0,,,,0.0,,,0.5,,
lockett_WR_SEA,Tyler Lockett,WR,SEA,5.0,67,66,62,0.0,,,5.6,,,863.0,1.1,,,,,72.3,,,,0.0,,,1.0,,
smithnjigba_WR_SEA,Jaxon Smith-Njigba,WR,SEA,5.0,87,80,63,0.0,,,4.3,,,642.9,8.8,,,,,48.6,,,,0.0,,,1.0,,
evans_WR_TB,Mike Evans,WR,TB,5.0,72,68,64,0.0,,,5.6,,,1038.8,12.7,,,,,71.3,,,,0.0,,,1.0,,
sanders_RB_CAR,Miles Sanders,RB,CAR,7.0,51,57,65,5.7,,,0.5,,,176.5,964.2,,0.5,,,25.4,,,,0.0,,,1.5,,
burks_WR_TEN,Treylon Burks,WR,TEN,7.0,81,78,66,0.0,,,3.7,,,814.3,51.4,,,,,57.9,,,,0.0,,,0.5,,
lawrence_QB_JAX,Trevor Lawrence,QB,JAX,9.0,52,60,67,3.6,,,,,,,287.6,,3.0,,,,,,,13.5,4019.1,26.2,4.9,,
akers_RB_LAR,Cam Akers,RB,LAR,10.0,54,61,68,6.6,,,0.9,,,222.0,865.9,,0.0,,,26.2,,,,0.0,,,2.3,,
pierce_RB_HOU,Dameon Pierce,RB,HOU,7.0,46,54,69,6.4,,,1.1,,,232.4,1031.8,,0.1,,,33.1,,,,0.0,,,2.7,,
pitts_TE_ATL,Kyle Pitts,TE,ATL,11.0,64,67,70,0.0,,,4.2,,,744.0,0.5,,,,,55.5,,,,0.0,,,1.0,,
dotson_WR_WSH,Jahan Dotson,WR,WSH,14.0,92,84,71,0.0,,,5.9,,,879.9,2.6,,,,,57.8,,,,0.0,,,0.5,,0.0
toney_WR_KC,Kadarius Toney,WR,KC,10.0,89,83,72,1.6,,,5.0,,,617.5,145.9,,,,,55.7,,,,0.0,,,1.1,,0.0
addison_WR_MIN,Jordan Addison,WR,MIN,13.0,91,85,73,0.0,,,4.8,,,826.5,16.4,,,,,60.3,,,,0.0,,,1.0,,
pickens_WR_PIT,George Pickens,WR,PIT,6.0,76,73,74,0.5,,,5.4,,,831.1,20.6,,,,,54.5,,,,0.0,,,0.5,,
goedert_TE_PHI,Dallas Goedert,TE,PHI,10.0,66,71,75,0.0,,,4.7,,,776.7,0.4,,,,,68.1,,,,0.0,,,1.0,,
davis_WR_BUF,Gabe Davis,WR,BUF,13.0,98,87,76,0.0,,,6.0,,,808.5,1.4,,,,,47.0,,,,0.0,,,1.0,,
swift_RB_PHI,D'Andre Swift,RB,PHI,10.0,56,62,77,5.2,,,2.0,,,367.4,590.8,,0.3,,,41.9,,,,0.0,,,0.9,,
johnston_WR_LAC,Quentin Johnston,WR,LAC,5.0,117,100,78,0.0,,,3.5,,,545.1,8.2,,,,,39.2,,,,,,,1.0,,
waller_TE_NYG,Darren Waller,TE,NYG,13.0,75,75,79,0.0,,,5.4,,,784.1,1.1,,,,,64.2,,,,0.0,,,1.0,,
cooks_WR_DAL,Brandin Cooks,WR,DAL,7.0,97,88,80,0.1,,,5.5,,,901.0,26.2,,,,,68.8,,,,0.0,,,0.5,,
watson_QB_CLE,Deshaun Watson,QB,CLE,5.0,68,74,81,4.4,,,,,,,508.5,,2.0,,,,,,,13.1,3918.9,25.7,0.8,,
white_RB_TB,Rachaad White,RB,TB,5.0,61,65,82,4.6,,,1.7,,,335.5,769.3,,0.1,,,49.2,,,,0.0,,,2.1,,
montgomery_RB_DET,David Montgomery,RB,DET,9.0,73,77,83,6.2,,,1.1,,,307.3,740.5,,0.0,,,36.5,,,,0.0,,,1.4,,
pacheco_RB_KC,Isiah Pacheco,RB,KC,10.0,69,76,84,5.8,,,0.6,,,219.5,827.0,,0.1,,,24.2,,,,0.0,,,1.8,,
conner_RB_ARI,James Conner,RB,ARI,14.0,65,72,85,6.7,,,1.2,,,305.2,926.9,,,,,42.2,,,,0.0,,,1.3,,
moore_WR_CLE,Elijah Moore,WR,CLE,5.0,114,105,86,0.1,,,2.8,,,522.6,27.0,,,,,40.3,,,,,,,0.5,,
bateman_WR_BAL,Rashod Bateman,WR,BAL,13.0,115,106,87,0.0,,,3.6,,,714.2,0.6,,,,,48.9,,,,0.0,,,2.0,,
flowers_WR_BAL,Zay Flowers,WR,BAL,13.0,129,118,88,0.0,,,4.2,,,665.9,22.7,,,,,46.9,,,,0.0,,,0.5,,
sutton_WR_DEN,Courtland Sutton,WR,DEN,9.0,93,90,89,0.0,,,4.4,,,771.1,3.0,,,,,57.5,,,,0.0,,,0.5,,
thomas_WR_NO,Michael Thomas,WR,NO,11.0,110,102,90,0.0,,,5.5,,,759.5,2.4,,,,,67.1,,,,0.0,,,1.0,,
cook_RB_BUF,James Cook,RB,BUF,13.0,79,82,91,4.4,,,1.6,,,238.2,734.5,,0.1,,,29.6,,,,0.0,,,1.7,,
williams_RB_DEN,Javonte Williams,RB,DEN,9.0,70,79,92,4.7,,,1.5,,,278.3,797.7,,0.1,,,40.4,,,,0.0,,,1.9,,
engram_TE_JAX,Evan Engram,TE,JAX,9.0,90,89,93,0.0,,,4.0,,,642.7,10.3,,,,,62.7,,,,0.0,,,0.5,,
tagovailoa_QB_MIA,Tua Tagovailoa,QB,MIA,10.0,88,92,94,1.4,,,,,,,121.3,,0.9,,,,,,,13.2,3954.6,24.7,1.0,,
gibson_RB_WSH,Antonio Gibson,RB,WSH,14.0,102,96,95,3.5,,,1.5,,,322.8,501.5,,0.6,,,40.2,,,,,,,1.5,,
richardson_QB_IND,Anthony Richardson,QB,IND,11.0,112,110,96,3.8,,,,,,,578.0,,1.2,,,,,,,15.2,2943.6,16.2,1.4,,
dillon_RB_GB,AJ Dillon,RB,GB,6.0,82,86,97,5.7,,,0.7,,,218.0,736.1,,,,,26.9,,,,,,,1.2,,
prescott_QB_DAL,Dak Prescott,QB,DAL,7.0,77,81,98,2.6,,,,,,,270.9,,2.6,,,,,,,14.4,4072.4,28.6,2.4,,
williams_WR_DET,Jameson Williams,WR,DET,9.0,111,112,99,0.1,,,3.5,,,528.2,23.8,,,,,37.7,,,,0.0,,,0.5,,
perine_RB_DEN,Samaje Perine,RB,DEN,9.0,103,98,100,3.9,,,1.2,,,244.3,608.7,,0.0,,,30.6,,,,,,,1.0,,
charbonnet_RB_SEA,Zach Charbonnet,RB,SEA,5.0,105,104,101,3.9,,,0.8,,,164.1,513.0,,0.1,,,20.4,,,,,,,1.2,,
lazard_WR_NYJ,Allen Lazard,WR,NYJ,7.0,125,119,102,0.0,,,5.0,,,743.1,17.1,,,,,57.3,,,,0.0,,,0.5,,
njoku_TE_CLE,David Njoku,TE,CLE,5.0,104,101,103,0.0,,,4.3,,,572.1,10.6,,,,,52.4,,,,0.0,,,0.5,,
boyd_WR_CIN,Tyler Boyd,WR,CIN,7.0,137,126,104,0.0,,,4.0,,,736.4,3.7,,,,,59.4,,,,0.0,,,1.0,,
cousins_QB_MIN,Kirk Cousins,QB,MIN,13.0,84,91,105,1.7,,,,,,,88.6,,2.0,,,,,,,13.0,4571.1,30.0,1.8,,
kamara_RB_NO,Alvin Kamara,RB,NO,11.0,86,95,106,3.7,,,2.1,,,390.8,697.3,,0.2,,,45.9,,,,0.0,,,1.4,,
beckham_WR_BAL,Odell Beckham Jr.,WR,BAL,13.0,120,117,107,0.4,,,3.5,,,498.1,30.2,,,,,39.2,,,,,,,0.5,,
smithschuster_WR_NE,JuJu Smith-Schuster,WR,NE,11.0,106,108,108,0.0,,,3.2,,,774.7,1.0,,,,,72.7,,,,0.0,,,1.0,,
freiermuth_TE_PIT,Pat Freiermuth,TE,PIT,6.0,94,97,109,0.0,,,3.9,,,624.3,0.4,,,,,57.8,,,,0.0,,,1.0,,
jones_QB_NYG,Daniel Jones,QB,NYG,13.0,83,93,110,4.6,,,,,,,658.9,,2.5,,,,,,,10.3,3443.9,20.6,2.5,,
robinson_RB_WSH,Brian Robinson Jr.,RB,WSH,14.0,85,94,111,5.2,,,0.9,,,129.0,939.2,,0.1,,,17.8,,,,0.0,,,2.0,,
harris_RB_BUF,Damien Harris,RB,BUF,13.0,113,114,112,4.3,,,0.6,,,135.0,560.3,,0.0,,,19.0,,,,,,,0.8,,
smith_QB_SEA,Geno Smith,QB,SEA,5.0,99,99,113,1.4,,,,,,,315.8,,,,,,,,,12.6,4043.6,27.3,2.8,,
moore_WR_KC,Skyy Moore,WR,KC,10.0,146,133,114,0.1,,,3.1,,,441.4,32.3,,,,,39.7,,,,,,,2.5,,0.0
penny_RB_PHI,Rashaad Penny,RB,PHI,10.0,108,113,115,5.8,,,0.1,,,52.4,763.8,,0.1,,,8.1,,,,0.0,,,1.2,,
achane_RB_MIA,De'Von Achane,RB,MIA,10.0,109,116,116,2.5,,,1.0,,,204.5,366.5,,,,,23.0,,,,,,,2.0,,
meyers_WR_LV,Jakobi Meyers,WR,LV,13.0,130,124,117,0.0,,,4.6,,,814.9,7.0,,,,,66.6,,,,0.0,,,1.0,,
jones_WR_JAX,Zay Jones,WR,JAX,9.0,149,140,118,0.0,,,4.7,,,658.7,11.1,,,,,61.0,,,,0.0,,,0.5,,
doubs_WR_GB,Romeo Doubs,WR,GB,6.0,154,144,119,0.0,,,3.5,,,644.1,4.8,,,,,52.3,,,,0.0,,,1.0,,
rodgers_QB_NYJ,Aaron Rodgers,QB,NYJ,7.0,101,111,120,1.6,,,,,,,118.4,,1.1,,,,,,,8.8,4202.4,27.2,2.1,,
mitchell_RB_SF,Elijah Mitchell,RB,SF,9.0,122,121,121,4.3,,,0.8,,,105.2,610.2,,0.0,,,14.3,,,,,,,2.0,,
herbert_RB_CHI,Khalil Herbert,RB,CHI,13.0,100,109,122,4.7,,,0.9,,,139.1,739.8,,0.1,,,18.9,,,,0.0,,,2.0,,
moore_WR_ARI,Rondale Moore,WR,ARI,14.0,144,134,123,0.0,,,3.2,,,704.5,74.2,,,,,68.2,,,,0.0,,,0.5,,
goff_QB_DET,Jared Goff,QB,DET,9.0,96,103,124,1.0,,,,,,,82.5,,3.8,,,,,,,10.1,4188.2,27.5,2.7,,
mckinnon_RB_KC,Jerick McKinnon,RB,KC,10.0,126,125,125,2.2,,,3.3,,,361.5,310.6,,0.0,,,39.4,,,,,,,1.0,,
williams_RB_NO,Jamaal Williams,RB,NO,11.0,95,107,126,6.1,,,0.4,,,110.8,697.5,,0.8,,,16.5,,,,0.0,,,1.3,,
mooney_WR_CHI,Darnell Mooney,WR,CHI,13.0,135,132,127,0.0,,,4.7,,,729.4,10.7,,,,,55.8,,,,0.0,,,0.5,,
collins_WR_HOU,Nico Collins,WR,HOU,7.0,156,147,128,0.0,,,4.1,,,715.1,0.3,,,,,52.2,,,,0.0,,,1.0,,
wilson_QB_DEN,Russell Wilson,QB,DEN,9.0,107,115,129,3.3,,,,,,,338.3,,0.5,,,,,,,11.1,3940.0,24.2,1.2,,
gallup_WR_DAL,Michael Gallup,WR,DAL,7.0,177,162,130,0.0,,,4.2,,,559.7,1.5,,,,,42.7,,,,,,,0.0,,
schultz_TE_HOU,Dalton Schultz,TE,HOU,7.0,116,120,131,0.0,,,4.8,,,590.6,0.4,,,,,57.0,,,,0.0,,,1.0,,
okonkwo_TE_TEN,Chigoziem Okonkwo,TE,TEN,7.0,119,122,132,0.0,,,4.0,,,572.8,13.8,,,,,46.0,,,,,,,0.0,,
kincaid_TE_BUF,Dalton Kincaid,TE,BUF,13.0,132,136,133,0.0,,,3.8,,,461.3,1.4,,,,,41.5,,,,0.0,,,1.0,,
warren_RB_PIT,Jaylen Warren,RB,PIT,6.0,167,158,134,2.6,,,0.5,,,207.8,460.3,,0.0,,,25.6,,,,,,,0.6,,
rice_WR_KC,Rashee Rice,WR,KC,10.0,180,164,135,0.0,,,2.9,,,416.6,7.5,,,,,30.6,,,,,,,0.5,,
dulcich_TE_DEN,Greg Dulcich,TE,DEN,9.0,128,131,136,0.0,,,3.6,,,581.2,0.8,,,,,45.2,,,,0.0,,,0.0,,
bigsby_RB_JAX,Tank Bigsby,RB,JAX,9.0,157,151,137,3.0,,,0.8,,,113.5,401.1,,0.0,,,15.1,,,,,,,1.2,,
thielen_WR_CAR,Adam Thielen,WR,CAR,7.0,131,130,138,0.0,,,4.7,,,649.1,6.6,,,,,52.3,,,,0.0,,,0.5,,
miller_RB_NO,Kendre Miller,RB,NO,11.0,136,139,139,2.0,,,0.8,,,126.0,281.3,,0.0,,,15.7,,,,,,,1.1,,
mingo_WR_CAR,Jonathan Mingo,WR,CAR,7.0,172,163,140,0.0,,,3.3,,,658.2,15.4,,,,,45.5,,,,0.0,,,0.5,,
osborn_WR_MIN,K.J. Osborn,WR,MIN,13.0,138,137,141,0.0,,,4.7,,,619.5,13.9,,,,,52.6,,,,0.0,,,0.5,,
higbee_TE_LAR,Tyler Higbee,TE,LAR,10.0,133,135,142,0.0,,,4.0,,,563.3,0.5,,,,,60.5,,,,0.0,,,1.0,,
jefferson_WR_LAR,Van Jefferson,WR,LAR,10.0,215,185,143,0.0,,,3.6,,,628.7,3.9,,,,,42.9,,,,0.0,,,0.0,,
carr_QB_NO,Derek Carr,QB,NO,11.0,118,123,144,0.7,,,,,,,108.9,,0.5,,,,,,,11.3,3991.6,24.9,1.3,,
pierce_WR_IND,Alec Pierce,WR,IND,11.0,166,160,145,0.0,,,2.4,,,623.0,0.5,,,,,44.6,,,,0.0,,,,,
kmet_TE_CHI,Cole Kmet,TE,CHI,13.0,123,128,146,0.0,,,5.1,,,523.9,1.8,,,,,48.7,,,,0.0,,,0.0,,
love_QB_GB,Jordan Love,QB,GB,6.0,134,138,147,1.4,,,,,,,154.2,,1.3,,,,,,,15.3,3660.3,21.6,1.0,,
allgeier_RB_ATL,Tyler Allgeier,RB,ATL,11.0,121,127,148,4.1,,,0.5,,,89.0,735.6,,0.0,,,12.0,,,,,,,2.0,,
singletary_RB_HOU,Devin Singletary,RB,HOU,7.0,143,143,149,3.3,,,0.6,,,202.5,538.4,,0.0,,,28.2,,,,,,,1.6,,
johnson_RB_CHI,Roschon Johnson,RB,CHI,13.0,151,152,150,2.1,,,0.4,,,58.9,320.9,,0.0,,,6.6,,,,,,,1.0,,
stafford_QB_LAR,Matthew Stafford,QB,LAR,10.0,124,129,151,1.0,,,,,,,59.8,,1.4,,,,,,,13.5,3945.7,23.2,2.5,,
chark_WR_CAR,DJ Chark Jr.,WR,CAR,7.0,181,168,152,0.0,,,4.1,,,780.4,0.5,,,,,47.5,,,,0.0,,,0.0,,
smith_TE_CIN,Irv Smith Jr.,TE,CIN,7.0,152,155,153,0.0,,,4.6,,,407.9,0.7,,,,,44.5,,,,0.0,,,0.0,,
valdesscantling_WR_KC,Marquez Valdes-Scantling,WR,KC,10.0,198,183,154,0.0,,,4.2,,,722.8,1.7,,,,,42.7,,,,0.0,,,0.0,,
everett_TE_LAC,Gerald Everett,TE,LAC,5.0,158,159,155,0.0,,,4.4,,,560.4,0.7,,,,,54.2,,,,0.0,,,1.0,,
peoplesjones_WR_CLE,Donovan Peoples-Jones,WR,CLE,5.0,145,145,156,0.0,,,3.4,,,651.0,0.6,,,,,46.2,,,,0.0,,,1.0,,
reed_WR_GB,Jayden Reed,WR,GB,6.0,213,192,157,0.0,,,3.6,,,633.0,27.5,,,,,50.0,,,,0.0,,,0.0,,0.1
ford_RB_CLE,Jerome Ford,RB,CLE,5.0,185,177,158,2.2,,,0.4,,,93.7,321.5,,0.0,,,11.7,,,,,,,0.6,,
thornton_WR_NE,Tyquan Thornton,WR,NE,11.0,221,201,159,0.0,,,3.4,,,581.2,12.7,,,,,41.4,,,,0.0,,,,,
laporta_TE_DET,Sam LaPorta,TE,DET,9.0,170,165,160,0.0,,,3.0,,,395.3,1.3,,,,,36.9,,,,0.0,,,1.0,,
mims_WR_DEN,Marvin Mims Jr.,WR,DEN,9.0,230,210,161,0.0,,,1.0,,,125.7,0.2,,,,,10.2,,,,,,,,,
hodgins_WR_NYG,Isaiah Hodgins,WR,NYG,13.0,222,198,162,0.0,,,5.1,,,574.0,1.0,,,,,52.3,,,,0.0,,,1.0,,
shaheed_WR_NO,Rashid Shaheed,WR,NO,11.0,179,175,163,0.8,,,3.1,,,539.6,49.0,,,,,36.8,,,,,,,0.5,,0.1
pickett_QB_PIT,Kenny Pickett,QB,PIT,6.0,140,146,164,2.9,,,,,,,301.7,,1.9,,,,,,,13.6,3546.4,19.6,0.8,,
gainwell_RB_PHI,Kenneth Gainwell,RB,PHI,10.0,153,156,165,3.1,,,0.6,,,144.5,350.8,,,,,19.4,,,,,,,0.8,,
johnson_TE_NO,Juwan Johnson,TE,NO,11.0,139,148,166,0.0,,,4.3,,,466.4,0.4,,,,,38.6,,,,0.0,,,0.0,,
foreman_RB_CHI,D'Onta Foreman,RB,CHI,13.0,127,141,167,4.3,,,0.1,,,53.7,744.9,,0.3,,,7.4,,,,0.0,,,1.3,,
hill_TE_NO,Taysom Hill,TE,NO,11.0,235,221,168,2.9,,,4.1,,,128.3,274.1,,,,,12.6,,,,0.0,,,2.0,,
mostert_RB_MIA,Raheem Mostert,RB,MIA,10.0,148,154,169,3.8,,,0.9,,,182.9,632.4,,,,,24.5,,,,,,,1.4,,0.1
murray_QB_ARI,Kyler Murray,QB,ARI,14.0,141,150,170,3.1,,,,,,,414.8,,1.4,,,,,,,11.2,2667.1,14.7,1.3,,
samuel_WR_WSH,Curtis Samuel,WR,WSH,14.0,194,184,171,0.9,,,2.8,,,523.7,161.8,,,,,47.9,,,,0.0,,,0.6,,
spears_RB_TEN,Tyjae Spears,RB,TEN,7.0,169,171,172,2.4,,,0.8,,,120.0,350.3,,0.0,,,15.3,,,,,,,1.2,,
young_QB_CAR,Bryce Young,QB,CAR,7.0,147,153,173,1.7,,,,,,,169.0,,1.4,,,,,,,14.2,3674.8,20.4,1.0,,
hubbard_RB_CAR,Chuba Hubbard,RB,CAR,7.0,173,172,174,3.6,,,0.7,,,209.0,592.8,,0.0,,,22.9,,,,,,,0.8,,
purdy_QB_SF,Brock Purdy,QB,SF,9.0,182,178,175,2.3,,,,,,,114.5,,1.2,,,,,,,9.6,3215.9,21.9,0.8,,
campbell_WR_NYG,Parris Campbell,WR,NYG,13.0,195,189,176,0.1,,,2.6,,,430.2,36.8,,,,,38.5,,,,,,,0.0,,
knox_TE_BUF,Dawson Knox,TE,BUF,13.0,163,166,177,0.0,,,3.6,,,383.8,0.6,,,,,34.4,,,,,,,0.0,,
metchie_WR_HOU,John Metchie III,WR,HOU,7.0,211,200,178,0.0,,,2.9,,,542.9,7.8,,,,,41.3,,,,0.0,,,0.5,,
shakir_WR_BUF,Khalil Shakir,WR,BUF,13.0,246,229,179,0.0,,,2.1,,,466.8,2.2,,,,,31.7,,,,0.0,,,0.0,,
renfrow_WR_LV,Hunter Renfrow,WR,LV,13.0,199,195,180,0.0,,,4.0,,,641.6,6.0,,,,,62.6,,,,0.0,,,0.5,,
gesicki_TE_NE,Mike Gesicki,TE,NE,11.0,162,167,181,0.0,,,3.1,,,378.3,0.3,,,,,34.0,,,,,,,0.0,,
wilson_RB_MIA,Jeff Wilson Jr.,RB,MIA,10.0,161,169,182,5.8,,,1.5,,,232.2,745.3,,0.1,,,27.2,,,,0.0,,,1.9,,
edwards_RB_BAL,Gus Edwards,RB,BAL,13.0,197,197,183,4.4,,,0.1,,,63.8,574.5,,0.0,,,6.2,,,,,,,1.1,,
chandler_RB_MIN,Ty Chandler,RB,MIN,13.0,280,249,184,2.7,,,0.5,,,101.4,296.9,,0.0,,,11.6,,,,,,,1.1,,
stroud_QB_HOU,C.J. Stroud,QB,HOU,7.0,164,170,185,1.2,,,,,,,136.6,,1.3,,,,,,,16.0,3461.1,20.1,1.4,,
hyatt_WR_NYG,Jalin Hyatt,WR,NYG,13.0,165,174,186,0.0,,,2.0,,,323.0,5.5,,,,,25.0,,,,,,,1.0,,
howell_QB_WSH,Sam Howell,QB,WSH,14.0,178,179,187,1.4,,,,,,,197.3,,1.1,,,,,,,10.5,2401.0,13.5,1.4,,
conklin_TE_NYJ,Tyler Conklin,TE,NYJ,7.0,216,208,188,0.0,,,2.8,,,451.0,4.1,,,,,45.1,,,,0.0,,,0.0,,
brown_RB_CIN,Chase Brown,RB,CIN,7.0,184,188,189,2.5,,,0.8,,,169.3,307.1,,0.1,,,20.5,,,,,,,1.2,,
patrick_WR_DEN,Tim Patrick,WR,DEN,9.0,256,240,190,0.0,,,4.8,,,678.4,0.6,,,,,47.4,,,,0.0,,,0.0,,
strong_RB_NE,Pierre Strong Jr.,RB,NE,11.0,252,239,191,2.0,,,0.1,,,79.0,286.0,,0.0,,,10.8,,,,,,,0.6,,
jones_QB_NE,Mac Jones,QB,NE,11.0,175,181,192,1.2,,,,,,,144.7,,2.0,,,,,,,14.2,3483.9,19.8,1.6,,
slayton_WR_NYG,Darius Slayton,WR,NYG,13.0,249,236,193,0.0,,,2.1,,,507.9,2.4,,,,,34.5,,,,0.0,,,0.5,,
robinson_WR_NYG,Wan'Dale Robinson,WR,NYG,13.0,174,182,194,0.0,,,2.4,,,452.6,13.0,,,,,40.4,,,,,,,0.5,,
hurst_TE_CAR,Hayden Hurst,TE,CAR,7.0,183,186,195,0.0,,,2.3,,,426.7,0.4,,,,,44.1,,,,0.0,,,1.0,,
ridder_QB_ATL,Desmond Ridder,QB,ATL,11.0,188,194,196,1.4,,,,,,,216.1,,1.2,,,,,,,9.5,2777.2,16.9,2.5,,
woods_WR_HOU,Robert Woods,WR,HOU,7.0,238,231,197,0.0,,,2.9,,,583.3,17.6,,,,,57.5,,,,0.0,,,0.5,,
mcbride_TE_ARI,Trey McBride,TE,ARI,14.0,207,205,198,0.0,,,2.0,,,423.5,0.5,,,,,42.1,,,,0.0,,,1.0,,
ferguson_TE_DAL,Jake Ferguson,TE,DAL,7.0,233,228,199,0.0,,,2.0,,,253.2,0.5,,,,,25.1,,,,0.0,,,0.0,,
patterson_RB_ATL,Cordarrelle Patterson,RB,ATL,11.0,191,199,200,2.8,,,0.8,,,134.6,311.2,,,,,17.2,,,,,,,0.6,,1.0
claypool_WR_CHI,Chase Claypool,WR,CHI,13.0,209,209,201,0.2,,,3.2,,,507.7,49.8,,,,,36.9,,,,0.0,,,0.5,,
hardman_WR_NYJ,Mecole Hardman Jr.,WR,NYJ,7.0,226,223,202,1.2,,,2.7,,,408.0,78.3,,,,,34.9,,,,,,,0.6,,0.8
musgrave_TE_GB,Luke Musgrave,TE,GB,6.0,224,224,203,0.0,,,2.5,,,351.3,1.3,,,,,33.9,,,,0.0,,,1.0,,
edwardshelaire_RB_KC,Clyde Edwards-Helaire,RB,KC,10.0,196,203,204,2.9,,,1.3,,,114.1,330.1,,0.0,,,14.0,,,,,,,0.8,,
mayer_TE_LV,Michael Mayer,TE,LV,13.0,168,180,205,0.0,,,2.5,,,333.1,1.2,,,,,31.5,,,,0.0,,,1.0,,
likely_TE_BAL,Isaiah Likely,TE,BAL,13.0,223,226,206,0.0,,,2.4,,,315.4,0.6,,,,,26.4,,,,,,,0.0,,
parker_WR_NE,DeVante Parker,WR,NE,11.0,276,264,207,0.0,,,4.3,,,665.6,0.3,,,,,43.9,,,,0.0,,,0.0,,
marshall_WR_CAR,Terrace Marshall Jr.,WR,CAR,7.0,253,246,208,0.0,,,2.0,,,395.5,0.2,,,,,25.2,,,,,,,0.0,,
james_WR_KC,Richie James Jr.,WR,KC,10.0,255,243,209,0.0,,,2.8,,,311.2,1.5,,,,,27.5,,,,,,,2.0,,
garoppolo_QB_LV,Jimmy Garoppolo,QB,LV,13.0,160,176,210,1.7,,,,,,,57.5,,0.4,,,,,,,12.5,3546.6,20.8,1.5,,
downs_WR_IND,Josh Downs,WR,IND,11.0,212,216,211,0.0,,,1.8,,,344.7,7.5,,,,,27.3,,,,,,,0.5,,
lance_QB_SF,Trey Lance,QB,SF,9.0,176,191,212,0.5,,,,,,,54.3,,0.2,,,,,,,1.1,272.9,1.7,0.1,,
palmer_WR_LAC,Joshua Palmer,WR,LAC,5.0,204,206,213,0.0,,,2.4,,,441.7,1.5,,,,,39.9,,,,,,,1.0,,
white_RB_LV,Zamir White,RB,LV,13.0,242,242,214,1.6,,,0.0,,,17.2,181.8,,0.0,,,2.4,,,,,,,0.0,,
jones_WR_DET,Marvin Jones Jr.,WR,DET,9.0,254,241,215,0.0,,,3.8,,,557.9,0.9,,,,,41.7,,,,0.0,,,0.0,,
fant_TE_SEA,Noah Fant,TE,SEA,5.0,200,212,216,0.0,,,2.9,,,431.3,0.8,,,,,40.9,,,,0.0,,,0.0,,
dell_WR_HOU,Tank Dell,WR,HOU,7.0,232,238,217,0.0,,,2.0,,,326.0,0.0,,,,,27.0,,,,,,,,,
abanikanda_RB_NYJ,Israel Abanikanda,RB,NYJ,7.0,231,235,218,2.5,,,0.5,,,112.0,299.0,,,,,12.0,,,,,,,2.0,,
henry_TE_NE,Hunter Henry,TE,NE,11.0,203,215,219,0.0,,,2.9,,,457.2,0.5,,,,,38.4,,,,0.0,,,0.0,,
nacua_WR_LAR,Puka Nacua,WR,LAR,10.0,671,233,220,0.0,,,1.0,,,143.0,0.0,,,,,12.0,,,,,,,,,
tannehill_QB_TEN,Ryan Tannehill,QB,TEN,7.0,202,214,221,2.5,,,,,,,169.8,,0.8,,,,,,,11.9,2997.5,16.1,1.4,,
robinson_WR_PIT,Allen Robinson II,WR,PIT,6.0,220,227,222,0.0,,,3.5,,,474.6,0.5,,,,,40.3,,,,0.0,,,0.0,,
evans_RB_LAR,Zach Evans,RB,LAR,10.0,193,202,223,1.7,,,0.4,,,81.0,219.2,,0.0,,,9.9,,,,,,,0.6,,
woods_TE_IND,Jelani Woods,TE,IND,11.0,237,245,224,0.0,,,3.4,,,462.4,1.0,,,,,37.2,,,,0.0,,,0.0,,
davis_RB_DAL,Malik Davis,RB,DAL,7.0,293,270,225,1.6,,,0.2,,,43.1,187.6,,0.0,,,4.6,,,,,,,0.2,,
mayfield_QB_TB,Baker Mayfield,QB,TB,5.0,208,219,226,1.1,,,,,,,109.6,,1.4,,,,,,,10.6,3001.3,15.6,1.4,,
wilson_WR_ARI,Michael Wilson,WR,ARI,14.0,292,293,227,0.0,,,3.0,,,527.0,0.0,,,,,45.0,,,,,,,,,
kelley_RB_LAC,Joshua Kelley,RB,LAC,5.0,227,232,228,2.9,,,0.5,,,128.3,392.5,,,,,16.5,,,,,,,1.3,,
davis_WR_NYJ,Corey Davis,WR,NYJ,7.0,271,265,229,0.0,,,3.0,,,538.0,0.8,,,,,34.8,,,,0.0,,,0.0,,
thomas_TE_WSH,Logan Thomas,TE,WSH,14.0,259,260,230,0.0,,,2.6,,,435.1,0.7,,,,,43.2,,,,0.0,,,0.0,,
mcbride_RB_MIN,DeWayne McBride,RB,MIN,13.0,265,267,231,1.0,,,0.0,,,16.0,62.0,,,,,2.0,,,,,,,,,
dortch_WR_ARI,Greg Dortch,WR,ARI,14.0,266,255,232,0.0,,,2.5,,,495.9,55.9,,,,,48.8,,,,0.0,,,0.5,,0.3
ertz_TE_ARI,Zach Ertz,TE,ARI,14.0,192,211,233,0.0,,,3.3,,,423.1,0.3,,,,,43.3,,,,,,,1.0,,
ross_WR_KC,Justyn Ross,WR,KC,10.0,272,275,234,0.0,,,0.0,,,46.0,0.0,,,,,4.0,,,,,,,,,
vaughn_RB_DAL,Deuce Vaughn,RB,DAL,7.0,261,261,235,1.0,,,0.5,,,81.5,152.0,,,,,10.5,,,,,,,0.0,,
otton_TE_TB,Cade Otton,TE,TB,5.0,241,250,236,0.0,,,2.7,,,471.4,0.7,,,,,45.1,,,,0.0,,,0.0,,
carter_RB_NYJ,Michael Carter,RB,NYJ,7.0,206,225,237,1.7,,,1.0,,,227.4,291.6,,0.0,,,28.7,,,,,,,0.2,,
atwell_WR_LAR,Tutu Atwell,WR,LAR,10.0,309,310,238,0.4,,,1.8,,,382.3,25.7,,,,,25.6,,,,,,,0.5,,
watkins_WR_PHI,Quez Watkins,WR,PHI,10.0,314,312,239,0.0,,,1.6,,,274.1,1.9,,,,,21.5,,,,0.0,,,,,
schoonmaker_TE_DAL,Luke Schoonmaker,TE,DAL,7.0,275,281,240,0.0,,,2.0,,,259.2,1.3,,,,,25.1,,,,0.0,,,1.0,,
hollins_WR_ATL,Mack Hollins,WR,ATL,11.0,298,296,241,0.1,,,3.3,,,533.4,17.1,,,,,42.2,,,,0.0,,,0.0,,
reynolds_WR_DET,Josh Reynolds,WR,DET,9.0,268,273,242,0.0,,,2.6,,,337.8,0.8,,,,,26.0,,,,0.0,,,,,
williams_RB_CIN,Trayveon Williams,RB,CIN,7.0,277,277,243,1.0,,,0.0,,,48.4,201.8,,,,,6.2,,,,,,,1.0,,
tillman_WR_CLE,Cedric Tillman,WR,CLE,5.0,245,262,244,0.0,,,1.0,,,117.0,0.0,,,,,10.0,,,,,,,,,
sherfield_WR_BUF,Trent Sherfield,WR,BUF,13.0,754,266,245,0.0,,,1.4,,,236.2,0.6,,,,,16.6,,,,,,,,,
shepard_WR_NYG,Sterling Shepard,WR,NYG,13.0,248,253,246,0.0,,,3.1,,,510.5,19.8,,,,,46.1,,,,0.0,,,0.5,,
austin_WR_PIT,Calvin Austin III,WR,PIT,6.0,296,317,247,0.0,,,0.7,,,127.3,3.4,,,,,10.5,,,,,,,0.0,,
ingram_RB_ARI,Keaontay Ingram,RB,ARI,14.0,273,287,248,2.8,,,0.1,,,95.8,350.9,,0.0,,,13.9,,,,,,,0.7,,
agholor_WR_BAL,Nelson Agholor,WR,BAL,13.0,326,251,249,0.0,,,0.6,,,98.3,0.7,,,,,7.7,,,,,,,,,
jones_WR_CIN,Charlie Jones,WR,CIN,7.0,313,329,250,0.0,,,1.7,,,264.1,8.1,,,,,19.8,,,,,,,1.0,,
harty_WR_BUF,Deonte Harty,WR,BUF,13.0,535,272,251,0.1,,,0.8,,,166.6,19.1,,,,,13.6,,,,,,,0.0,,
philips_WR_TEN,Kyle Philips,WR,TEN,7.0,299,302,252,0.0,,,1.6,,,354.0,1.3,,,,,28.6,,,,,,,,,
nwangwu_RB_MIN,Kene Nwangwu,RB,MIN,13.0,677,248,254,1.2,,,0.6,,,76.7,171.9,,0.0,,,10.8,,,,,,,0.1,,
gray_RB_NYG,Eric Gray,RB,NYG,13.0,247,258,255,1.5,,,0.5,,,69.0,216.0,,,,,8.5,,,,,,,1.0,,
shenault_WR_CAR,Laviska Shenault Jr.,WR,CAR,7.0,753,276,256,0.2,,,0.9,,,141.0,65.0,,,,,13.2,,,,,,,0.0,,
gage_WR_TB,Russell Gage,WR,TB,5.0,300,294,257,0.0,,,3.5,,,564.3,0.7,,,,,56.3,,,,,,,1.0,,
williams_RB_LAR,Kyren Williams,RB,LAR,10.0,282,304,258,2.0,,,0.8,,,154.0,368.6,,0.1,,,20.7,,,,,,,0.3,,
mason_RB_SF,Jordan Mason,RB,SF,9.0,626,280,259,1.1,,,0.0,,,13.7,267.4,,0.0,,,2.6,,,,,,,0.6,,
darnold_QB_SF,Sam Darnold,QB,SF,9.0,285,307,260,0.3,,,,,,,32.9,,0.7,,,,,,,1.8,474.3,3.0,0.2,,
smythe_TE_MIA,Durham Smythe,TE,MIA,10.0,776,285,261,0.0,,,1.5,,,205.2,4.7,,,,,21.8,,,,0.0,,,0.0,,
washington_TE_PIT,Darnell Washington,TE,PIT,6.0,315,330,262,0.0,,,1.2,,,151.7,0.9,,,,,15.6,,,,,,,1.0,,
tucker_RB_TB,Sean Tucker,RB,TB,5.0,218,220,263,1.0,,,0.0,,,30.0,82.0,,,,,4.0,,,,,,,,,
levis_QB_TEN,Will Levis,QB,TEN,7.0,236,247,265,0.3,,,,,,,42.8,,0.8,,,,,,,3.8,766.3,4.0,0.2,,
berrios_WR_MIA,Braxton Berrios,WR,MIA,10.0,367,380,266,0.1,,,2.4,,,378.5,29.7,,,,,33.4,,,,0.0,,,0.0,,0.1
raymond_WR_DET,Kalif Raymond,WR,DET,9.0,719,295,267,0.3,,,2.0,,,302.6,42.0,,,,,24.3,,,,,,,0.0,,0.1
scott_WR_CHI,Tyler Scott,WR,CHI,13.0,750,755,268,0.0,,,0.0,,,33.0,0.0,,,,,3.0,,,,,,,,,
hooper_TE_LV,Austin Hooper,TE,LV,13.0,290,313,269,0.0,,,2.5,,,356.4,0.3,,,,,34.3,,,,,,,0.0,,
bellinger_TE_NYG,Daniel Bellinger,TE,NYG,13.0,260,271,270,0.0,,,0.9,,,132.3,1.0,,,,,14.4,,,,,,,0.0,,
montgomery_RB_NE,Ty Montgomery,RB,NE,11.0,658,291,271,0.5,,,0.8,,,133.7,101.5,,,,,16.7,,,,,,,0.0,,
goodwin_WR_CLE,Marquise Goodwin,WR,CLE,5.0,514,526,272,0.0,,,2.1,,,299.3,12.1,,,,,19.5,,,,,,,0.0,,
white_QB_MIA,Mike White,QB,MIA,10.0,288,301,273,0.1,,,,,,,10.4,,0.6,,,,,,,2.5,532.5,2.8,0.1,,
jennings_WR_SF,Jauan Jennings,WR,SF,9.0,579,590,274,0.0,,,2.1,,,368.7,0.3,,,,,28.6,,,,,,,,,
mccoy_QB_ARI,Colt McCoy,QB,ARI,14.0,278,299,275,0.6,,,,,,,63.7,,0.4,,,,,,,5.0,1287.3,5.9,0.2,,
tonyan_TE_CHI,Robert Tonyan,TE,CHI,13.0,307,324,276,0.0,,,2.0,,,253.6,0.3,,,,,24.3,,,,,,,0.0,,
duvernay_WR_BAL,Devin Duvernay,WR,BAL,13.0,466,478,277,0.1,,,1.1,,,168.4,53.1,,,,,13.2,,,,,,,0.0,,
edmonds_RB_TB,Chase Edmonds,RB,TB,5.0,258,278,278,2.4,,,1.0,,,190.3,423.0,,0.0,,,24.3,,,,,,,1.0,,
bourne_WR_NE,Kendrick Bourne,WR,NE,11.0,380,288,279,0.1,,,2.0,,,348.9,40.5,,,,,28.5,,,,,,,0.0,,
moreau_TE_NO,Foster Moreau,TE,NO,11.0,663,672,280,0.0,,,1.8,,,283.5,0.4,,,,,22.0,,,,0.0,,,1.0,,
gray_TE_KC,Noah Gray,TE,KC,10.0,320,335,281,0.0,,,1.7,,,248.1,5.7,,,,,24.0,,,,0.0,,,0.0,,
spiller_RB_LAC,Isaiah Spiller,RB,LAC,5.0,263,283,282,1.6,,,0.1,,,43.9,225.7,,0.0,,,7.0,,,,,,,0.2,,
parham_TE_LAC,Donald Parham Jr.,TE,LAC,5.0,686,693,283,0.0,,,2.3,,,225.5,0.3,,,,,21.3,,,,,,,0.0,,
agnew_WR_JAX,Jamal Agnew,WR,JAX,9.0,327,341,284,0.2,,,1.5,,,225.0,70.4,,,,,21.0,,,,,,,0.1,,1.2
westbrookikhine_WR_TEN,Nick Westbrook-Ikhine,WR,TEN,7.0,842,269,285,0.0,,,2.8,,,479.0,0.6,,,,,34.0,,,,0.0,,,0.0,,
kraft_TE_GB,Tucker Kraft,TE,GB,6.0,607,618,286,0.0,,,1.7,,,192.7,0.9,,,,,20.1,,,,,,,1.0,,
murray_RB_BUF,Latavius Murray,RB,BUF,13.0,283,284,287,2.7,,,0.2,,,95.1,455.2,,0.1,,,13.3,,,,,,,1.0,,
hull_RB_IND,Evan Hull,RB,IND,11.0,304,321,288,0.0,,,0.0,,,25.0,77.0,,,,,3.0,,,,,,,,,
wilson_WR_MIA,Cedrick Wilson Jr.,WR,MIA,10.0,855,856,289,0.0,,,0.9,,,119.6,0.7,,,,,10.3,,,,,,,,,
howard_TE_LV,O.J. Howard,TE,LV,13.0,557,568,290,0.0,,,0.8,,,85.5,0.1,,,,,6.0,,,,,,,0.0,,
michel_RB_LAR,Sony Michel,RB,LAR,10.0,647,657,291,2.0,,,0.0,,,61.0,363.0,,,,,9.0,,,,,,,1.0,,
moss_RB_IND,Zack Moss,RB,IND,11.0,301,311,292,2.0,,,0.1,,,59.7,334.5,,,,,10.2,,,,,,,0.7,,
jones_RB_DAL,Ronald Jones II,RB,DAL,7.0,286,306,293,3.5,,,0.1,,,45.9,507.4,,,,,6.5,,,,,,,0.9,,
turner_TE_WSH,Cole Turner,TE,WSH,14.0,817,819,295,0.0,,,0.1,,,34.0,0.1,,,,,3.2,,,,,,,,,
boutte_WR_NE,Kayshon Boutte,WR,NE,11.0,264,279,296,0.0,,,0.0,,,79.0,0.0,,,,,7.0,,,,,,,,,
mckenzie_WR_IND,Isaiah McKenzie,WR,IND,11.0,637,647,297,0.1,,,1.9,,,340.6,58.6,,,,,29.3,,,,0.0,,,0.0,,
zaccheaus_WR_PHI,Olamide Zaccheaus,WR,PHI,10.0,870,297,298,0.0,,,1.9,,,324.6,3.2,,,,,24.4,,,,,,,1.0,,
breida_RB_NYG,Matt Breida,RB,NYG,13.0,229,237,299,1.4,,,0.2,,,117.6,260.2,,,,,15.0,,,,,,,1.0,,
brissett_QB_WSH,Jacoby Brissett,QB,WSH,14.0,279,300,300,0.9,,,,,,,106.6,,0.5,,,,,,,4.6,1339.5,6.8,0.8,,
huntley_QB_BAL,Tyler Huntley,QB,BAL,13.0,312,328,301,0.2,,,,,,,38.5,,0.5,,,,,,,1.5,264.7,1.7,0.1,,
mills_QB_HOU,Davis Mills,QB,HOU,7.0,651,661,303,0.2,,,,,,,21.5,,0.7,,,,,,,1.9,421.1,2.4,0.1,,
blackshear_RB_CAR,Raheem Blackshear,RB,CAR,7.0,370,383,305,1.7,,,0.1,,,75.9,129.1,,0.0,,,9.0,,,,,,,0.6,,
hines_RB_BUF,Nyheim Hines,RB,BUF,13.0,281,303,306,1.4,,,0.8,,,194.2,173.8,,,,,24.2,,,,,,,1.0,,0.5
winston_QB_NO,Jameis Winston,QB,NO,11.0,858,859,307,0.0,,,,,,,11.3,,0.5,,,,,,,0.7,193.0,1.2,0.0,,
hill_RB_BAL,Justice Hill,RB,BAL,13.0,546,557,308,0.9,,,0.1,,,64.8,97.2,,,,,10.0,,,,,,,0.2,,
dalton_QB_CAR,Andy Dalton,QB,CAR,7.0,317,332,309,0.0,,,,,,,14.7,,0.7,,,,,,,1.6,345.4,2.1,0.0,,
higgins_TE_MIA,Elijah Higgins,TE,MIA,10.0,543,554,310,0.0,,,0.5,,,107.5,0.0,,,,,7.5,,,,,,,0.0,,
juszczyk_RB_SF,Kyle Juszczyk,RB,SF,9.0,594,605,311,0.4,,,0.9,,,130.3,21.9,,,,,14.5,,,,0.0,,,0.0,,
scott_RB_PHI,Boston Scott,RB,PHI,10.0,749,754,312,1.6,,,0.0,,,17.0,155.1,,,,,3.6,,,,,,,0.6,,0.1
heinicke_QB_ATL,Taylor Heinicke,QB,ATL,11.0,289,309,313,0.5,,,,,,,43.5,,0.6,,,,,,,2.4,638.7,3.3,0.5,,
johnson_RB_JAX,D'Ernest Johnson,RB,JAX,9.0,267,286,314,1.0,,,0.0,,,23.0,160.0,,,,,5.0,,,,,,,0.0,,
minshew_QB_IND,Gardner Minshew II,QB,IND,11.0,257,268,315,0.2,,,,,,,37.8,,1.6,,,,,,,2.1,619.4,3.5,0.8,,
dallas_RB_SEA,DeeJay Dallas,RB,SEA,5.0,439,451,316,0.8,,,0.2,,,93.6,154.4,,,,,11.5,,,,,,,0.5,,0.1
okwuegbunam_TE_DEN,Albert Okwuegbunam,TE,DEN,9.0,284,305,317,0.0,,,0.4,,,54.4,0.1,,,,,5.0,,,,,,,0.0,,
tolbert_WR_DAL,Jalen Tolbert,WR,DAL,7.0,806,808,318,0.0,,,0.7,,,112.6,1.1,,,,,8.0,,,,,,,,,
parkinson_TE_SEA,Colby Parkinson,TE,SEA,5.0,310,326,319,0.0,,,1.5,,,213.0,0.3,,,,,18.3,,,,,,,0.0,,
conley_WR_SF,Chris Conley,WR,SF,9.0,426,438,320,0.0,,,0.0,,,37.0,0.0,,,,,3.0,,,,,,,,,
bennett_QB_LAR,Stetson Bennett,QB,LAR,10.0,364,377,322,0.0,,,,,,,8.8,,0.1,,,,,,,1.1,228.4,1.4,0.0,,
trask_QB_TB,Kyle Trask,QB,TB,5.0,297,318,324,0.5,,,,,,,34.2,,0.8,,,,,,,4.9,1214.6,6.3,0.2,,
knight_RB_NYJ,Zonovan Knight,RB,NYJ,7.0,287,308,325,2.0,,,0.2,,,113.1,357.0,,0.0,,,14.4,,,,,,,0.6,,
mariota_QB_PHI,Marcus Mariota,QB,PHI,10.0,319,334,326,0.4,,,,,,,34.9,,0.4,,,,,,,0.9,255.8,1.5,0.1,,
vaughn_RB_TB,Ke'Shawn Vaughn,RB,TB,5.0,822,824,327,2.0,,,0.1,,,42.7,265.3,,0.0,,,6.3,,,,,,,0.8,,
smith_TE_ATL,Jonnu Smith,TE,ATL,11.0,767,770,328,0.0,,,1.7,,,232.4,5.8,,,,,22.1,,,,,,,0.0,,
dissly_TE_SEA,Will Dissly,TE,SEA,5.0,303,320,329,0.0,,,2.0,,,289.7,0.6,,,,,28.9,,,,0.0,,,0.0,,
oliver_TE_MIN,Josh Oliver,TE,MIN,13.0,323,338,330,0.0,,,1.7,,,194.7,0.4,,,,,19.9,,,,,,,0.0,,
watson_WR_KC,Justin Watson,WR,KC,10.0,835,837,331,0.0,,,1.5,,,193.0,0.4,,,,,14.4,,,,,,,,,
ruckert_TE_NYJ,Jeremy Ruckert,TE,NYJ,7.0,735,740,332,0.0,,,0.4,,,68.6,0.3,,,,,6.9,,,,,,,0.0,,
fehoko_WR_DAL,Simi Fehoko,WR,DAL,7.0,481,493,333,0.0,,,0.0,,,40.0,0.0,,,,,3.0,,,,,,,,,
brown_WR_HOU,Noah Brown,WR,HOU,7.0,397,409,334,0.0,,,0.6,,,163.1,0.3,,,,,12.5,,,,,,,,,
skowronek_WR_LAR,Ben Skowronek,WR,LAR,10.0,761,764,335,0.5,,,1.6,,,471.6,4.9,,,,,40.8,,,,0.0,,,0.0,,
hamler_WR_DEN,KJ Hamler,WR,DEN,9.0,529,541,336,0.0,,,0.0,,,83.0,13.0,,,,,6.0,,,,,,,,,
davis_WR_LAC,Derius Davis,WR,LAC,5.0,444,456,337,0.0,,,0.0,,,21.0,0.0,,,,,2.0,,,,,,,,,
uzomah_TE_NYJ,C.J. Uzomah,TE,NYJ,7.0,821,823,338,0.0,,,1.9,,,218.2,0.6,,,,,21.4,,,,,,,0.0,,
aliecox_TE_IND,Mo Alie-Cox,TE,IND,11.0,332,346,339,0.0,,,1.6,,,155.0,0.3,,,,,14.0,,,,,,,1.0,,
fortson_TE_KC,Jody Fortson,TE,KC,10.0,493,505,340,0.0,,,1.3,,,123.4,0.6,,,,,11.3,,,,,,,,,
wright_TE_DET,Brock Wright,TE,DET,9.0,865,866,341,0.0,,,2.4,,,196.0,0.3,,,,,17.8,,,,,,,0.0,,
jackson_RB_IND,Deon Jackson,RB,IND,11.0,571,582,342,1.5,,,1.3,,,219.6,249.0,,0.0,,,27.7,,,,,,,1.1,,
davisprice_RB_SF,Tyrion Davis-Price,RB,SF,9.0,445,457,343,1.0,,,0.0,,,26.0,137.0,,,,,4.0,,,,,,,,,
akins_TE_CLE,Jordan Akins,TE,CLE,5.0,329,343,344,0.0,,,1.7,,,258.4,0.3,,,,,20.5,,,,,,,0.0,,
evans_RB_CIN,Chris Evans,RB,CIN,7.0,477,489,345,0.3,,,0.2,,,68.0,70.4,,0.0,,,9.6,,,,,,,0.1,,
wicks_WR_GB,Dontayvion Wicks,WR,GB,6.0,846,847,346,0.0,,,2.0,,,319.0,0.0,,,,,27.0,,,,,,,,,
callaway_WR_DEN,Marquez Callaway,WR,DEN,9.0,411,423,347,,,,0.3,,,50.1,1.2,,,,,3.6,,,,,,,,,
eskridge_WR_SEA,Dee Eskridge,WR,SEA,5.0,474,486,348,0.0,,,0.7,,,96.2,23.5,,,,,7.2,,,,,,,0.0,,
brown_WR_WSH,Dyami Brown,WR,WSH,14.0,398,410,349,0.0,,,0.7,,,127.6,9.5,,,,,7.3,,,,,,,0.0,,
irwin_WR_CIN,Trenton Irwin,WR,CIN,7.0,569,580,350,0.0,,,2.0,,,229.0,0.0,,,,,18.0,,,,,,,,,
kuntz_TE_NYJ,Zack Kuntz,TE,NYJ,7.0,610,621,351,0.0,,,0.4,,,51.8,0.2,,,,,5.3,,,,,,,0.0,,
shorter_WR_BUF,Justin Shorter,WR,BUF,13.0,755,758,352,0.0,,,1.0,,,84.0,0.0,,,,,7.0,,,,,,,,,
conner_RB_JAX,Snoop Conner,RB,JAX,9.0,427,439,353,1.0,,,0.0,,,18.5,86.5,,,,,2.5,,,,,,,0.0,,
toure_WR_GB,Samori Toure,WR,GB,6.0,808,810,354,0.0,,,0.7,,,116.9,1.5,,,,,8.5,,,,,,,,,
zappe_QB_NE,Bailey Zappe,QB,NE,11.0,295,316,355,0.1,,,,,,,17.0,,0.6,,,,,,,2.2,465.9,2.1,0.6,,
cobb_WR_NYJ,Randall Cobb,WR,NYJ,7.0,306,323,356,0.0,,,1.7,,,217.6,0.5,,,,,19.1,,,,,,,,,
mcintosh_RB_SEA,Kenny McIntosh,RB,SEA,5.0,635,645,358,0.5,,,0.0,,,26.0,73.0,,,,,3.0,,,,,,,0.0,,
oconnell_QB_LV,Aidan O'Connell,QB,LV,13.0,678,685,359,0.1,,,,,,,3.9,,0.2,,,,,,,0.4,135.7,0.8,0.0,,
nailor_WR_MIN,Jalen Nailor,WR,MIN,13.0,672,680,360,0.0,,,0.0,,,22.0,0.0,,,,,2.0,,,,,,,,,
dowdle_RB_DAL,Rico Dowdle,RB,DAL,7.0,457,469,362,0.5,,,0.0,,,16.7,82.2,,,,,1.7,,,,,,,0.0,,
robinson_WR_LAR,Demarcus Robinson,WR,LAR,10.0,729,734,364,0.0,,,1.0,,,316.0,45.0,,,,,27.0,,,,,,,,,
moore_WR_TEN,Chris Moore,WR,TEN,7.0,662,671,365,0.0,,,2.2,,,498.5,10.1,,,,,40.4,,,,0.0,,,0.0,,
haskins_RB_TEN,Hassan Haskins,RB,TEN,7.0,308,325,366,1.0,,,0.2,,,96.8,147.8,,0.0,,,13.9,,,,,,,0.6,,
harris_RB_NE,Kevin Harris,RB,NE,11.0,531,543,367,1.5,,,0.0,,,21.1,237.2,,0.0,,,3.0,,,,,,,0.1,,
strange_TE_JAX,Brenton Strange,TE,JAX,9.0,785,787,368,0.0,,,1.4,,,187.5,0.8,,,,,19.9,,,,,,,1.0,,
latu_TE_SF,Cameron Latu,TE,SF,9.0,614,625,369,0.0,,,1.0,,,111.3,0.8,,,,,11.4,,,,,,,0.0,,
washington_WR_JAX,Parker Washington,WR,JAX,9.0,832,834,370,0.0,,,0.5,,,87.1,0.3,,,,,7.6,,,,,,,,,
mims_WR_NYJ,Denzel Mims,WR,NYJ,7.0,653,663,371,0.0,,,0.0,,,42.0,0.0,,,,,3.0,,,,,,,,,
stidham_QB_DEN,Jarrett Stidham,QB,DEN,9.0,782,784,372,0.1,,,,,,,13.4,,0.4,,,,,,,0.9,221.8,1.3,0.1,,
hinton_WR_DEN,Kendall Hinton,WR,DEN,9.0,547,558,374,0.0,,,0.6,,,138.3,14.5,,,,,9.3,,,,,,,0.0,,
felton_RB_CLE,Demetric Felton Jr.,RB,CLE,5.0,482,494,375,0.6,,,0.5,,,161.5,114.3,,0.0,,,17.6,,,,,,,0.1,,
wilson_QB_NYJ,Zach Wilson,QB,NYJ,7.0,322,337,376,0.1,,,,,,,6.3,,0.6,,,,,,,1.2,287.5,1.5,0.0,,
trautman_TE_DEN,Adam Trautman,TE,DEN,9.0,810,812,378,0.0,,,1.0,,,142.7,0.3,,,,,13.8,,,,,,,0.0,,
sample_TE_CIN,Drew Sample,TE,CIN,7.0,741,746,379,0.0,,,0.9,,,88.9,0.4,,,,,11.5,,,,,,,0.0,,
quitoriano_TE_HOU,Teagan Quitoriano,TE,HOU,7.0,715,721,381,0.0,,,1.6,,,185.2,0.5,,,,,15.6,,,,,,,0.0,,
brown_WR_CHI,Equanimeous St. Brown,WR,CHI,13.0,396,408,382,0.0,,,1.4,,,221.8,19.7,,,,,13.9,,,,,,,0.0,,
ers_DST_SF,49ers,DST,SF,,142,142,388,,,0.0,,,9.7,,,,,12.9,,,31.7,,,,,,7.9,7.9,1.7
eagles_DST_PHI,Eagles,DST,PHI,,150,149,389,,,0.0,,,9.3,,,,,14.9,,,39.4,,,,,,8.2,8.2,1.7
cowboys_DST_DAL,Cowboys,DST,DAL,,155,157,390,,,0.0,,,9.3,,,,,14.8,,,35.1,,,,,,9.2,9.2,1.8
patriots_DST_NE,Patriots,DST,NE,,159,161,391,,,0.0,,,9.6,,,,,14.4,,,33.4,,,,,,7.9,7.9,2.0
bills_DST_BUF,Bills,DST,BUF,,171,173,392,,,0.0,,,10.0,,,,,13.6,,,29.5,,,,,,7.6,7.6,2.1
ravens_DST_BAL,Ravens,DST,BAL,,186,187,393,,,0.0,,,9.3,,,,,14.7,,,33.4,,,,,,8.2,8.2,2.1
jets_DST_NYJ,N.Y. Jets,DST,NYJ,,187,190,394,,,0.0,,,10.0,,,,,14.3,,,32.6,,,,,,5.9,5.9,1.9
steelers_DST_PIT,Steelers,DST,PIT,,189,193,395,,,0.0,,,10.9,,,,,13.6,,,32.7,,,,,,6.2,6.2,1.6
jaguars_DST_JAX,Jaguars,DST,JAX,,190,196,396,,,0.0,,,10.0,,,,,14.7,,,28.2,,,,,,8.2,8.2,2.1
chiefs_DST_KC,Chiefs,DST,KC,,201,204,397,,,0.0,,,9.3,,,,,15.5,,,34.8,,,,,,7.5,7.5,1.6
dolphins_DST_MIA,Dolphins,DST,MIA,,205,207,398,,,0.0,,,10.2,,,,,14.0,,,32.2,,,,,,7.2,7.2,1.6
broncos_DST_DEN,Broncos,DST,DEN,,210,213,399,,,0.0,,,9.9,,,,,16.2,,,27.8,,,,,,6.9,6.9,1.6
colts_DST_IND,Colts,DST,IND,,214,217,400,,,0.0,,,8.9,,,,,16.0,,,31.2,,,,,,8.2,8.2,1.6
saints_DST_NO,Saints,DST,NO,,217,218,401,,,0.0,,,9.6,,,,,13.8,,,31.3,,,,,,7.2,7.2,1.6
bengals_DST_CIN,Bengals,DST,CIN,,219,222,402,,,0.0,,,10.7,,,,,14.9,,,27.9,,,,,,7.9,7.9,1.8
seahawks_DST_SEA,Seahawks,DST,SEA,,225,230,403,,,0.0,,,9.7,,,,,15.2,,,32.9,,,,,,7.5,7.5,1.7
browns_DST_CLE,Browns,DST,CLE,,228,234,404,,,0.0,,,10.6,,,,,15.3,,,32.4,,,,,,7.5,7.5,2.1
chargers_DST_LAC,L.A. Chargers,DST,LAC,,234,244,405,,,0.0,,,10.3,,,,,17.0,,,30.5,,,,,,7.5,7.5,1.7
commanders_DST_WSH,Commanders,DST,WSH,,239,252,406,,,0.0,,,6.4,,,,,12.7,,,21.7,,,,,,4.9,4.9,1.0
panthers_DST_CAR,Panthers,DST,CAR,,240,254,407,,,0.0,,,9.0,,,,,14.7,,,25.9,,,,,,7.2,7.2,1.5
buccaneers_DST_TB,Buccaneers,DST,TB,,243,256,408,,,0.0,,,8.3,,,,,15.5,,,29.1,,,,,,8.5,8.5,1.6
packers_DST_GB,Packers,DST,GB,,244,257,409,,,0.0,,,9.4,,,,,14.8,,,29.7,,,,,,7.2,7.2,2.0
lions_DST_DET,Lions,DST,DET,,250,259,410,,,0.0,,,10.6,,,,,16.9,,,29.4,,,,,,7.9,7.9,1.8
giants_DST_NYG,N.Y. Giants,DST,NYG,,251,263,411,,,0.0,,,9.6,,,,,16.4,,,28.4,,,,,,8.2,8.2,1.7
titans_DST_TEN,Titans,DST,TEN,,262,274,412,,,0.0,,,9.3,,,,,14.4,,,27.7,,,,,,6.9,6.9,1.5
rams_DST_LAR,L.A. Rams,DST,LAR,,269,289,413,,,0.0,,,9.3,,,,,17.5,,,29.6,,,,,,6.5,6.5,1.6
vikings_DST_MIN,Vikings,DST,MIN,,270,290,414,,,0.0,,,8.6,,,,,17.7,,,27.1,,,,,,7.9,7.9,2.0
texans_DST_HOU,Texans,DST,HOU,,274,298,415,,,0.0,,,9.6,,,,,15.0,,,31.5,,,,,,7.6,7.6,2.0
falcons_DST_ATL,Falcons,DST,ATL,,291,314,416,,,0.0,,,9.9,,,,,15.5,,,24.4,,,,,,7.2,7.2,2.0
bears_DST_CHI,Bears,DST,CHI,,294,315,417,,,0.0,,,9.6,,,,,17.3,,,22.3,,,,,,7.2,7.2,1.7
cardinals_DST_ARI,Cardinals,DST,ARI,,302,319,418,,,0.0,,,8.3,,,,,17.8,,,27.4,,,,,,6.9,6.9,1.5
raiders_DST_LV,Raiders,DST,LV,,311,327,419,,,0.0,,,7.6,,,,,18.2,,,25.1,,,,,,6.9,6.9,1.5
hasty_RB_JAX,JaMycal Hasty,RB,JAX,,321,336,420,1.6,,,0.5,,,109.2,219.7,,,,,15.9,,,,,,,0.5,,
homer_RB_CHI,Travis Homer,RB,CHI,,324,339,421,0.6,,,0.2,,,110.4,134.0,,,,,12.0,,,,,,,0.0,,
abdullah_RB_LV,Ameer Abdullah,RB,LV,,325,340,422,0.9,,,1.0,,,216.7,211.0,,0.0,,,27.2,,,,0.0,,,0.6,,
ahmed_RB_MIA,Salvon Ahmed,RB,MIA,,328,342,423,0.0,,,0.0,,,15.0,63.0,,,,,2.0,,,,,,,,,
alexander_WR_DET,Maurice Alexander,WR,DET,,330,344,424,0.0,,,0.1,,,18.3,1.4,,,,,1.2,,,,,,,,,
allen_QB_SF,Brandon Allen,QB,SF,,333,347,426,0.0,,,,,,,0.4,,0.1,,,,,,,0.2,31.2,0.1,0.0,,
allen_TE_CHI,Chase Allen,TE,CHI,,334,348,427,0.0,,,0.5,,,35.8,0.1,,,,,3.5,,,,,,,,,
allen_TE_LAR,Davis Allen,TE,LAR,,336,350,429,0.0,,,0.7,,,92.1,0.4,,,,,12.4,,,,,,,1.0,,
armah_RB_WSH,Alex Armah,RB,WSH,,340,353,431,0.0,,,0.0,,,0.7,1.9,,,,,0.2,,,,,,,,,
arnold_TE_PHI,Dan Arnold,TE,PHI,,341,354,432,0.0,,,0.8,,,89.1,0.4,,,,,6.8,,,,,,,0.0,,
asiasi_TE_CIN,Devin Asiasi,TE,CIN,,342,355,433,0.0,,,0.8,,,62.2,0.4,,,,,6.8,,,,,,,0.0,,
austin_WR_JAX,Kevin Austin Jr.,WR,JAX,,343,356,434,0.0,,,0.2,,,42.5,1.4,,,,,3.3,,,,,,,,,
baccellia_WR_ARI,Andre Baccellia,WR,ARI,,344,357,435,0.0,,,0.2,,,56.6,0.4,,,,,4.8,,,,,,,,,
badgley_K_DET,Mike Badgley,K,DET,,346,359,437,,52.2,,,7.6,,,,2.0,,,8.3,,,0.7,7.7,,,,,,
badie_RB_DEN,Tyler Badie,RB,DEN,,347,360,438,1.0,,,0.2,,,68.7,116.5,,0.0,,,9.4,,,,,,,0.1,,
barkley_QB_BUF,Matt Barkley,QB,BUF,,351,364,442,0.1,,,,,,,9.0,,0.4,,,,,,,1.1,215.2,0.8,0.1,,
bass_K_BUF,Tyler Bass,K,BUF,,352,365,443,,41.8,,,7.6,,,,4.3,,,9.4,,,0.1,8.4,,,,,,
bates_TE_WSH,John Bates,TE,WSH,,353,366,444,0.0,,,0.9,,,131.5,0.4,,,,,14.2,,,,,,,0.0,,
beathard_QB_JAX,C.J. Beathard,QB,JAX,,356,369,447,0.1,,,,,,,12.5,,0.4,,,,,,,1.3,271.0,1.6,0.1,,
beck_TE_HOU,Andrew Beck,TE,HOU,,357,370,448,0.0,,,0.3,,,60.2,6.4,,,,,5.5,,,,,,,0.0,,
bell_TE_KC,Blake Bell,TE,KC,,359,372,450,0.0,,,0.9,,,88.2,2.7,,,,,9.4,,,,,,,0.0,,
bell_WR_CLE,David Bell,WR,CLE,,360,373,451,0.0,,,0.3,,,115.1,0.4,,,,,10.0,,,,,,,,,
benjamin_RB_NO,Eno Benjamin,RB,NO,,363,376,454,0.0,,,0.0,,,43.0,26.0,,,,,5.0,,,,,,,,,
benson_WR_DET,Trinity Benson,WR,DET,,365,378,455,0.0,,,0.0,,,75.0,0.0,,,,,6.0,,,,,,,,,
blasingame_RB_CHI,Khari Blasingame,RB,CHI,,373,386,461,0.0,,,0.1,,,3.1,2.8,,0.0,,,2.3,,,,,,,0.0,,
blough_QB_ARI,David Blough,QB,ARI,,374,387,462,0.0,,,,,,,13.4,,0.3,,,,,,,2.0,311.2,1.8,0.5,,
bolden_RB_LV,Brandon Bolden,RB,LV,,375,388,463,0.8,,,0.2,,,82.5,112.1,,0.8,,,9.8,,,,,,,0.3,,
boone_RB_HOU,Mike Boone,RB,HOU,,378,391,466,1.0,,,0.0,,,62.0,148.0,,,,,8.0,,,,,,,,,
boswell_K_PIT,Chris Boswell,K,PIT,,379,392,467,,36.4,,,7.2,,,,5.4,,,8.4,,,0.2,8.5,,,,,,
boykin_WR_PIT,Miles Boykin,WR,PIT,,383,395,470,0.0,,,0.0,,,37.0,0.0,,,,,3.0,,,,,,,,,
brightwell_RB_NYG,Gary Brightwell,RB,NYG,,388,400,475,1.5,,,0.1,,,49.2,164.9,,0.0,,,7.0,,,,,,,0.1,,
brown_K_LAR,Tanner Brown,K,LAR,,391,403,478,,30.5,,,7.6,,,,2.8,,,7.8,,,0.2,7.3,,,,,,
brown_RB_CAR,Spencer Brown,RB,CAR,,393,405,480,0.0,,,0.0,,,29.0,53.0,,,,,4.0,,,,,,,,,
brown_RB_LV,Brittain Brown,RB,LV,,394,406,481,1.0,,,0.0,,,39.0,136.0,,,,,4.0,,,,,,,0.0,,
brown_TE_IND,Pharaoh Brown,TE,IND,,395,407,482,,,,0.1,,,4.4,0.1,,,,,0.5,,,,,,,,,
bryant_TE_CLE,Harrison Bryant,TE,CLE,,400,412,484,0.0,,,1.4,,,195.1,1.4,,,,,20.1,,,,0.0,,,0.0,,
buechele_QB_KC,Shane Buechele,QB,KC,,401,413,485,0.0,,,,,,,0.1,,0.0,,,,,,,0.1,16.8,0.1,0.0,,
burton_RB_DEN,Michael Burton,RB,DEN,,403,415,487,0.0,,,0.1,,,19.3,11.2,,,,,3.3,,,,,,,0.0,,
butker_K_KC,Harrison Butker,K,KC,,405,417,489,,46.8,,,9.0,,,,5.6,,,8.6,,,0.3,8.0,,,,,,
byrd_WR_CAR,Damiere Byrd,WR,CAR,,407,419,490,,,,0.4,,,76.5,0.8,,,,,5.1,,,,,,,,,
cabinda_RB_DET,Jason Cabinda,RB,DET,,408,420,491,0.0,,,0.1,,,33.0,7.8,,0.0,,,4.3,,,,,,,0.0,,
cager_TE_NYG,Lawrence Cager,TE,NYG,,409,421,492,0.0,,,0.6,,,88.4,0.5,,,,,7.9,,,,,,,0.0,,
calcaterra_TE_PHI,Grant Calcaterra,TE,PHI,,410,422,493,0.0,,,0.0,,,17.0,0.0,,,,,2.0,,,,,,,,,
camp_WR_HOU,Jalen Camp,WR,HOU,,412,424,494,0.0,,,0.0,,,13.7,6.7,,,,,0.0,,,,,,,0.0,,
carlson_K_GB,Anders Carlson,K,GB,,413,425,495,,30.3,,,7.5,,,,4.3,,,7.5,,,0.1,8.1,,,,,,
carlson_K_LV,Daniel Carlson,K,LV,,414,426,496,,38.5,,,8.7,,,,5.6,,,9.2,,,0.4,8.1,,,,,,
carter_WR_LV,DeAndre Carter,WR,LV,,417,429,499,0.0,,,0.5,,,116.3,7.7,,,,,9.6,,,,,,,0.0,,0.1
chestnut_RB_TEN,Julius Chestnut,RB,TEN,,419,431,501,0.0,,,0.0,,,58.0,38.0,,,,,8.0,,,,,,,,,
chosen_WR_MIA,Robbie Chosen,WR,MIA,,421,433,503,0.0,,,2.0,,,269.0,0.0,,,,,19.0,,,,,,,,,
clement_RB_ARI,Corey Clement,RB,ARI,,422,434,504,2.7,,,0.1,,,104.7,273.3,,0.6,,,13.6,,,,,,,0.5,,
clifford_QB_GB,Sean Clifford,QB,GB,,424,436,506,0.1,,,,,,,13.6,,0.6,,,,,,,1.8,361.7,2.1,0.1,,
cole_WR_LV,Keelan Cole,WR,LV,,425,437,507,,,,0.1,,,10.8,0.2,,,,,1.2,,,,,,,,,
cotton_WR_GB,Jeff Cotton,WR,GB,,431,443,511,,,,0.1,,,12.0,0.8,,,,,0.9,,,,,,,,,
covey_WR_PHI,Britain Covey,WR,PHI,,434,446,514,0.0,,,0.0,,,68.0,0.0,,,,,6.0,,,,,,,,,
cracraft_WR_MIA,River Cracraft,WR,MIA,,435,447,515,,,,1.1,,,171.2,1.2,,,,,11.9,,,,,,,,,
crowder_WR_NYG,Jamison Crowder,WR,NYG,,436,448,516,0.0,,,0.2,,,49.5,1.0,,,,,4.5,,,,,,,,,
darby_WR_ATL,Frank Darby,WR,ATL,,440,452,519,0.0,,,0.0,,,33.0,0.0,,,,,3.0,,,,,,,,,
darden_WR_CLE,Jaelon Darden,WR,CLE,,441,453,520,0.0,,,0.2,,,52.4,5.9,,,,,1.6,,,,,,,,,0.1
davis_TE_GB,Tyler Davis,TE,GB,,443,455,522,0.0,,,0.1,,,14.7,0.3,,,,,1.6,,,,,,,,,
deguara_TE_GB,Josiah Deguara,TE,GB,,447,459,524,0.0,,,0.8,,,116.7,0.4,,,,,11.7,,,,,,,0.0,,
dicker_K_LAC,Cameron Dicker,K,LAC,,449,461,526,,45.0,,,,,,,6.0,,,,,,,10.0,,,,,,
dobbs_QB_CLE,Joshua Dobbs,QB,CLE,,453,465,530,0.1,,,,,,,21.7,,0.5,,,,,,,1.4,256.4,1.2,0.1,,
dorsett_WR_LV,Phillip Dorsett,WR,LV,,454,466,531,0.0,,,0.6,,,146.6,1.5,,,,,11.9,,,,,,,,,
douglas_WR_NE,Demario Douglas,WR,NE,,456,468,533,0.0,,,0.0,,,39.0,0.0,,,,,3.0,,,,,,,,,
dubose_WR_GB,Grant DuBose,WR,GB,,462,474,538,0.0,,,0.0,,,36.0,0.0,,,,,3.0,,,,,,,,,
duggan_QB_LAC,Max Duggan,QB,LAC,,463,475,539,0.0,,,,,,,3.0,,,,,,,,,0.0,144.0,1.0,0.0,,
dulin_WR_IND,Ashton Dulin,WR,IND,,464,476,540,0.0,,,0.4,,,93.5,5.2,,,,,6.1,,,,,,,0.0,,
durham_TE_TB,Payne Durham,TE,TB,,465,477,541,0.0,,,0.5,,,101.2,1.4,,,,,10.8,,,,,,,1.0,,
dwelley_TE_SF,Ross Dwelley,TE,SF,,467,479,542,0.0,,,0.7,,,64.5,0.0,,,,,3.4,,,,,,,0.0,,
edwards_WR_NO,Bryan Edwards,WR,NO,,470,482,545,0.0,,,0.3,,,71.5,0.6,,,,,5.4,,,,,,,,,
elliott_K_PHI,Jake Elliott,K,PHI,,473,485,548,,36.4,,,7.1,,,,5.2,,,10.2,,,0.2,8.2,,,,,,
etling_QB_GB,Danny Etling,QB,GB,,475,487,549,0.0,,,,,,,0.0,,0.0,,,,,,,0.1,18.8,0.1,0.0,,
ezukanma_WR_MIA,Erik Ezukanma,WR,MIA,,478,490,551,0.0,,,1.0,,,79.0,0.0,,,,,7.0,,,,,,,,,
fairbairn_K_HOU,Ka'imi Fairbairn,K,HOU,,479,491,552,,33.4,,,7.3,,,,5.2,,,7.8,,,0.2,8.2,,,,,,
farrell_TE_JAX,Luke Farrell,TE,JAX,,480,492,553,0.0,,,0.4,,,58.8,0.3,,,,,5.9,,,,,,,0.0,,
firkser_TE_NE,Anthony Firkser,TE,NE,,485,497,556,0.0,,,0.0,,,35.0,0.0,,,,,4.0,,,,,,,,,
fitzpatrick_TE_ATL,John FitzPatrick,TE,ATL,,488,500,559,0.0,,,0.0,,,16.0,0.0,,,,,2.0,,,,,,,,,
franks_TE_ATL,Feleipe Franks,TE,ATL,,496,508,566,0.0,,,,,,,11.0,,,,,,,,,0.0,0.0,0.0,0.0,,
fry_K_DEN,Elliott Fry,K,DEN,,498,510,568,,35.0,,,7.3,,,,4.3,,,9.3,,,0.3,8.7,,,,,,
gabbert_QB_KC,Blaine Gabbert,QB,KC,,502,514,572,0.1,,,,,,,14.6,,0.3,,,,,,,0.9,298.4,1.7,0.0,,
gano_K_NYG,Graham Gano,K,NYG,,504,516,574,,35.3,,,6.9,,,,5.2,,,8.6,,,0.3,8.4,,,,,,
gay_K_IND,Matt Gay,K,IND,,507,519,577,,32.0,,,7.4,,,,5.1,,,8.5,,,0.4,7.4,,,,,,
geiger_WR_TB,Kaylon Geiger,WR,TB,,508,520,578,0.1,,,0.2,,,46.3,5.3,,,,,3.3,,,,,,,,,
gentry_TE_PIT,Zach Gentry,TE,PIT,,509,521,579,0.0,,,0.5,,,78.5,0.3,,,,,9.6,,,,,,,0.0,,
gilliam_RB_BUF,Reggie Gilliam,RB,BUF,,510,522,580,0.0,,,0.0,,,33.0,0.0,,,,,4.0,,,,,,,,,
gilliam_TE_BUF,Reggie Gilliam,TE,BUF,,511,523,581,0.0,,,0.6,,,67.4,3.2,,0.0,,,8.8,,,,,,,0.0,,
granson_TE_IND,Kylen Granson,TE,IND,,515,527,584,0.0,,,1.0,,,190.2,3.7,,,,,17.6,,,,,,,0.0,,
grant_WR_CLE,Jakeem Grant Sr.,WR,CLE,,516,528,585,0.2,,,0.2,,,40.7,26.1,,,,,3.7,,,,,,,0.0,,
gray_WR_SF,Danny Gray,WR,SF,,517,529,586,0.0,,,0.0,,,48.1,1.2,,,,,6.0,,,,,,,,,
green_TE_DAL,Seth Green,TE,DAL,,518,530,587,,,,0.1,,,10.1,0.4,,,,,1.4,,,,,,,,,
grier_QB_DAL,Will Grier,QB,DAL,,520,532,589,0.0,,,,,,,,,0.0,,,,,,,0.1,9.4,0.0,0.0,,
guyton_WR_LAC,Jalen Guyton,WR,LAC,,524,536,593,0.0,,,1.1,,,118.3,4.8,,,,,8.8,,,,,,,0.0,,
haener_QB_NO,Jake Haener,QB,NO,,525,537,594,0.0,,,,,,,4.0,,,,,,,,,0.0,118.0,1.0,0.0,,
hairston_RB_HOU,Troy Hairston,RB,HOU,,526,538,595,0.0,,,1.0,,,62.0,0.0,,,,,8.0,,,,,,,,,
hall_QB_MIN,Jaren Hall,QB,MIN,,527,539,596,0.0,,,,,,,3.0,,,,,,,,,0.0,141.0,1.0,0.0,,
ham_RB_MIN,C.J. Ham,RB,MIN,,528,540,597,0.4,,,0.2,,,86.7,10.9,,,,,11.0,,,,,,,0.0,,
hart_WR_ATL,Penny Hart,WR,ATL,,534,546,601,0.0,,,0.2,,,87.3,0.8,,,,,7.3,,,,,,,,,
hendershot_TE_DAL,Peyton Hendershot,TE,DAL,,538,549,604,0.0,,,1.5,,,114.0,4.4,,,,,11.1,,,,,,,0.0,,
hesse_TE_ATL,Parker Hesse,TE,ATL,,541,552,607,0.0,,,0.3,,,49.3,0.3,,,,,6.3,,,,,,,,,
heyward_TE_PIT,Connor Heyward,TE,PIT,,542,553,608,0.0,,,0.9,,,121.3,18.3,,,,,10.2,,,,,,,0.0,,
hodge_WR_ATL,KhaDarel Hodge,WR,ATL,,548,559,611,0.0,,,1.3,,,239.6,6.1,,,,,18.1,,,,0.0,,,0.0,,
hodges_TE_WSH,Curtis Hodges,TE,WSH,,549,560,612,,,,0.6,,,59.4,0.6,,,,,6.2,,,,,,,0.0,,
hooker_QB_DET,Hendon Hooker,QB,DET,,551,562,614,0.0,,,,,,,9.8,,0.0,,,,,,,0.4,120.5,1.0,0.0,,
hopkins_K_LAC,Dustin Hopkins,K,LAC,,552,563,615,,36.6,,,7.6,,,,1.3,,,10.7,,,0.6,8.5,,,,,,
hopkins_TE_LAR,Brycen Hopkins,TE,LAR,,553,564,616,0.0,,,1.1,,,139.3,0.3,,,,,11.8,,,,,,,0.0,,
horsted_TE_LV,Jesper Horsted,TE,LV,,554,565,617,,,,0.6,,,61.6,0.9,,,,,6.4,,,,,,,0.0,,
horvath_RB_LAC,Zander Horvath,RB,LAC,,555,566,618,0.0,,,1.0,,,24.7,14.6,,0.0,,,5.6,,,,,,,0.0,,
houston_WR_DAL,Dennis Houston,WR,DAL,,556,567,619,0.0,,,1.3,,,213.9,5.4,,,,,17.8,,,,,,,,,
hoyer_QB_LV,Brian Hoyer,QB,LV,,558,569,620,0.3,,,,,,,34.4,,0.2,,,,,,,3.2,864.8,4.8,0.2,,
hudson_TE_CIN,Tanner Hudson,TE,CIN,,559,570,621,0.0,,,0.2,,,30.3,0.1,,,,,3.3,,,,,,,,,
huntley_RB_ATL,Caleb Huntley,RB,ATL,,563,574,625,0.0,,,0.0,,,25.0,61.0,,,,,4.0,,,,,,,,,
huntley_RB_PIT,Jason Huntley,RB,PIT,,564,575,626,0.0,,,0.0,,,14.0,37.0,,,,,2.0,,,,,,,,,
ingold_RB_MIA,Alec Ingold,RB,MIA,,567,578,628,0.0,,,0.7,,,96.0,10.9,,0.0,,,13.0,,,,,,,0.0,,
isabella_WR_BAL,Andy Isabella,WR,BAL,,570,581,630,0.0,,,0.1,,,26.8,10.6,,,,,0.4,,,,,,,0.0,,
james_TE_NO,Jesse James,TE,NO,,574,585,633,0.0,,,0.0,,,24.0,0.0,,,,,2.0,,,,,,,,,
jefferson_RB_DET,Jermar Jefferson,RB,DET,,577,588,635,1.0,,,0.0,,,30.0,56.0,,,,,4.0,,,,,,,,,
johnson_RB_LV,Jakob Johnson,RB,LV,,581,592,638,0.0,,,0.1,,,23.3,1.9,,0.0,,,4.5,,,,,,,,,
johnson_WR_DEN,Brandon Johnson,WR,DEN,,585,596,642,,,,0.2,,,39.4,1.4,,,,,3.1,,,,,,,,,
johnson_WR_SEA,Cade Johnson,WR,SEA,,589,600,646,0.0,,,0.6,,,107.8,1.2,,,,,9.3,,,,,,,,,
jones_RB_DEN,Tony Jones Jr.,RB,DEN,,590,601,647,2.0,,,0.0,,,79.0,223.0,,,,,11.0,,,,,,,,,
jones_WR_CHI,Velus Jones Jr.,WR,CHI,,591,602,648,0.2,,,0.6,,,65.7,62.0,,,,,3.9,,,,,,,0.1,,
jordan_TE_HOU,Brevin Jordan,TE,HOU,,592,603,649,0.0,,,0.5,,,99.5,0.3,,,,,8.6,,,,,,,,,
joseph_K_MIN,Greg Joseph,K,MIN,,593,604,650,,36.1,,,8.5,,,,5.3,,,9.3,,,0.2,8.3,,,,,,
kampmoyer_TE_LAC,Hunter Kampmoyer,TE,LAC,,595,606,651,,,,0.1,,,3.9,0.2,,,,,0.5,,,,,,,,,
keenum_QB_HOU,Case Keenum,QB,HOU,,597,608,653,0.0,,,,,,,0.1,,0.0,,,,,,,0.1,36.5,0.1,0.0,,
kelly_RB_CLE,John Kelly Jr.,RB,CLE,,598,609,654,1.0,,,0.0,,,58.0,140.0,,,,,8.0,,,,,,,,,
kemp_WR_WSH,Marcus Kemp,WR,WSH,,599,610,655,0.0,,,0.0,,,36.0,0.0,,,,,3.0,,,,,,,,,
kennedy_WR_DET,Tom Kennedy,WR,DET,,600,611,656,0.0,,,0.0,,,15.0,0.0,,,,,1.0,,,,,,,,,
kieft_TE_TB,Ko Kieft,TE,TB,,601,612,657,0.0,,,0.8,,,145.6,0.7,,,,,15.3,,,,0.0,,,,,
kinsey_WR_TEN,Mason Kinsey,WR,TEN,,603,614,659,0.0,,,0.0,,,37.0,0.0,,,,,3.0,,,,,,,,,
kirkwood_WR_NO,Keith Kirkwood,WR,NO,,604,615,660,,,,0.2,,,27.4,0.2,,,,,1.9,,,,,,,,,
kolar_TE_BAL,Charlie Kolar,TE,BAL,,605,616,661,0.0,,,1.0,,,122.5,0.8,,,,,11.4,,,,,,,0.0,,
koo_K_ATL,Younghoe Koo,K,ATL,,606,617,662,,41.2,,,8.3,,,,5.6,,,8.3,,,0.1,8.4,,,,,,
kroft_TE_MIA,Tyler Kroft,TE,MIA,,608,619,663,0.0,,,0.8,,,89.9,0.3,,,,,7.6,,,,,,,0.0,,
krull_TE_NO,Lucas Krull,TE,NO,,609,620,664,,,,0.2,,,15.9,0.6,,,,,1.5,,,,,,,,,
lock_QB_SEA,Drew Lock,QB,SEA,,615,626,668,0.1,,,,,,,16.5,,0.6,,,,,,,1.2,246.6,1.6,0.1,,
long_TE_LAR,Hunter Long,TE,LAR,,616,627,669,0.0,,,0.7,,,131.3,0.7,,,,,12.3,,,,,,,,,
lovett_RB_MIA,John Lovett,RB,MIA,,617,628,670,0.2,,,0.1,,,8.0,22.7,,0.0,,,3.3,,,,,,,0.0,,
lutz_K_NO,Wil Lutz,K,NO,,619,630,672,,37.1,,,7.0,,,,4.7,,,9.8,,,0.2,7.7,,,,,,
mabry_TE_SEA,Tyler Mabry,TE,SEA,,620,631,673,0.0,,,0.2,,,35.2,0.4,,,,,2.8,,,,,,,,,
mallory_TE_IND,Will Mallory,TE,IND,,622,633,675,0.0,,,1.0,,,95.5,0.0,,,,,9.5,,,,,,,0.0,,
manhertz_TE_DEN,Chris Manhertz,TE,DEN,,623,634,676,0.0,,,0.8,,,63.9,0.3,,,,,6.4,,,,,,,0.0,,
mason_TE_BAL,Ben Mason,TE,BAL,,627,637,679,0.0,,,0.0,,,2.0,,,,,,0.2,,,,,,,,,
mccloud_WR_SF,Ray-Ray McCloud III,WR,SF,,628,638,680,0.2,,,0.2,,,70.3,38.4,,,,,5.2,,,,,,,0.0,,0.2
mccormick_RB_LV,Sincere McCormick,RB,LV,,629,639,681,1.0,,,0.0,,,39.0,136.0,,,,,4.0,,,,,,,0.0,,
mccourt_K_JAX,James McCourt,K,JAX,,630,640,682,,30.4,,,8.2,,,,,,,7.3,,,0.5,7.5,,,,,,
mccrary_RB_CLE,Nate McCrary,RB,CLE,,631,641,683,0.0,,,0.0,,,27.0,39.0,,,,,4.0,,,,,,,,,
mccutcheon_WR_LAR,Lance McCutcheon,WR,LAR,,632,642,684,0.0,,,0.1,,,45.5,0.7,,,,,3.2,,,,,,,,,
mcfarland_RB_PIT,Anthony McFarland Jr.,RB,PIT,,633,643,685,1.2,,,0.2,,,74.3,199.1,,0.0,,,10.5,,,,,,,0.2,,
mckee_QB_PHI,Tanner McKee,QB,PHI,,636,646,687,0.0,,,,,,,6.0,,,,,,,,,0.0,120.0,1.0,0.0,,
mckeon_TE_DAL,Sean McKeon,TE,DAL,,638,648,688,0.0,,,0.1,,,23.7,0.4,,,,,2.5,,,,,,,,,
mckitty_TE_LAC,Tre' McKitty,TE,LAC,,639,649,689,0.0,,,0.8,,,95.0,0.5,,,,,10.2,,,,0.0,,,0.0,,
mclaughlin_K_TB,Chase McLaughlin,K,TB,,640,650,690,,30.9,,,6.8,,,,5.0,,,7.7,,,0.3,8.2,,,,,,
mcmanus_K_JAX,Brandon McManus,K,JAX,,641,651,691,,38.2,,,6.9,,,,5.2,,,7.6,,,0.1,8.7,,,,,,
mcmath_WR_TEN,Racey McMath,WR,TEN,,642,652,692,0.0,,,0.7,,,121.1,4.5,,,,,8.8,,,,,,,0.0,,
mcpherson_K_CIN,Evan McPherson,K,CIN,,643,653,693,,41.2,,,7.7,,,,5.5,,,8.4,,,0.4,8.7,,,,,,
melton_WR_GB,Bo Melton,WR,GB,,645,655,694,0.0,,,1.0,,,152.0,8.3,,,,,12.9,,,,,,,0.0,,0.0
mickens_WR_NYG,Jaydon Mickens,WR,NYG,,648,658,696,0.0,,,0.1,,,35.5,2.5,,,,,1.3,,,,,,,,,
miller_WR_ATL,Scotty Miller,WR,ATL,,649,659,697,0.0,,,0.3,,,108.8,2.0,,,,,8.3,,,,,,,,,0.0
milne_WR_WSH,Dax Milne,WR,WSH,,652,662,699,0.0,,,0.1,,,53.7,1.1,,,,,5.3,,,,,,,,,
mitchell_TE_DET,James Mitchell,TE,DET,,655,665,700,0.0,,,0.5,,,93.5,0.0,,,,,9.5,,,,,,,0.0,,
moody_K_SF,Jake Moody,K,SF,,659,668,702,,37.3,,,8.2,,,,4.6,,,8.4,,,0.3,8.6,,,,,,
moore_WR_TB,David Moore,WR,TB,,661,670,704,0.1,,,1.0,,,156.1,10.4,,,,,12.7,,,,,,,0.0,,
morris_TE_BUF,Quintin Morris,TE,BUF,,665,674,706,0.0,,,0.5,,,72.7,0.4,,,,,7.2,,,,,,,1.0,,
mullens_QB_MIN,Nick Mullens,QB,MIN,,666,675,707,0.1,,,,,,,10.3,,1.1,,,,,,,1.5,295.7,1.9,0.6,,
mundt_TE_MIN,Johnny Mundt,TE,MIN,,667,676,708,0.0,,,0.8,,,71.9,0.4,,,,,8.4,,,,,,,,,
muse_TE_MIN,Nick Muse,TE,MIN,,668,677,709,0.0,,,0.0,,,41.0,0.0,,,,,4.0,,,,,,,,,
myers_K_SEA,Jason Myers,K,SEA,,670,679,711,,38.3,,,7.1,,,,5.3,,,9.8,,,0.3,8.5,,,,,,
nichols_RB_GB,Lew Nichols III,RB,GB,,675,683,714,0.5,,,0.0,,,24.0,92.0,,,,,3.0,,,,,,,0.0,,
nixon_WR_NE,Tre Nixon,WR,NE,,676,684,715,0.0,,,0.6,,,108.8,5.9,,,,,7.6,,,,,,,0.0,,
ogletree_TE_IND,Andrew Ogletree,TE,IND,,680,687,717,,,,1.0,,,89.0,,,,,,10.0,,,,,,,0.0,,
ogunbowale_RB_HOU,Dare Ogunbowale,RB,HOU,,681,688,718,0.9,,,0.1,,,67.8,107.1,,,,,9.2,,,,,,,0.0,,
olszewski_WR_PIT,Gunner Olszewski,WR,PIT,,684,691,721,0.0,,,0.1,,,54.8,47.0,,,,,3.5,,,,,,,0.0,,0.1
pascal_WR_ARI,Zach Pascal,WR,ARI,,689,696,724,0.0,,,0.8,,,130.2,0.6,,,,,11.6,,,,,,,,,
patterson_K_DET,Riley Patterson,K,DET,,691,698,726,,36.5,,,8.1,,,,6.0,,,9.2,,,0.5,8.8,,,,,,
patterson_RB_WSH,Jaret Patterson,RB,WSH,,692,699,727,0.1,,,0.0,,,16.6,40.3,,,,,2.5,,,,,,,0.0,,
perine_RB_KC,La'Mical Perine,RB,KC,,693,700,728,0.6,,,0.1,,,17.5,84.5,,0.0,,,2.7,,,,,,,0.0,,
perriman_WR_IND,Breshad Perriman,WR,IND,,694,701,729,0.0,,,0.0,,,38.0,0.0,,,,,2.0,,,,,,,,,
pettis_WR_CHI,Dante Pettis,WR,CHI,,698,705,732,0.0,,,0.5,,,134.7,9.8,,,,,10.7,,,,,,,0.0,,0.1
pineiro_K_CAR,Eddy Pineiro,K,CAR,,701,708,735,,33.0,,,7.1,,,,3.9,,,10.4,,,0.3,8.8,,,,,,
powell_WR_MIN,Brandon Powell,WR,MIN,,707,714,741,0.0,,,0.8,,,145.6,42.1,,,,,14.1,,,,,,,0.1,,0.1
prater_K_ARI,Matt Prater,K,ARI,,708,715,742,,32.2,,,6.8,,,,5.1,,,9.2,,,0.3,7.7,,,,,,
prentice_RB_NO,Adam Prentice,RB,NO,,709,716,743,0.1,,,0.1,,,25.9,15.7,,0.0,,,4.0,,,,,,,0.0,,
proche_WR_BAL,James Proche II,WR,BAL,,712,718,745,0.0,,,0.1,,,44.5,4.3,,,,,2.1,,,,,,,0.0,,0.1
rader_TE_TEN,Kevin Rader,TE,TEN,,716,722,748,0.0,,,0.6,,,80.1,0.3,,,,,7.4,,,,,,,,,
ratkovich_RB_ATL,Clint Ratkovich,RB,ATL,,718,724,750,0.1,,,0.2,,,16.3,7.8,,0.0,,,3.8,,,,,,,0.0,,
reagor_WR_MIN,Jalen Reagor,WR,MIN,,720,725,751,0.0,,,0.5,,,93.0,21.9,,,,,7.6,,,,,,,0.0,,
reed_WR_CHI,Joe Reed,WR,CHI,,721,726,752,0.1,,,0.2,,,66.9,15.3,,,,,2.6,,,,,,,0.0,,
reyes_TE_JAX,Sammis Reyes,TE,JAX,,722,727,753,,,,0.1,,,10.4,0.2,,,,,1.4,,,,,,,,,
reynolds_RB_DET,Craig Reynolds,RB,DET,,723,728,754,2.0,,,0.0,,,100.0,189.0,,,,,12.0,,,,,,,,,
ricard_RB_BAL,Patrick Ricard,RB,BAL,,724,729,755,0.0,,,0.1,,,72.3,14.1,,0.0,,,11.1,,,,0.0,,,0.0,,
ricci_TE_CAR,Giovanni Ricci,TE,CAR,,725,730,756,,,,0.4,,,37.5,0.7,,,,,1.9,,,,,,,,,
rivers_RB_LAR,Ronnie Rivers,RB,LAR,,727,732,758,0.1,,,0.0,,,13.2,31.7,,0.0,,,1.9,,,,,,,0.0,,
roberson_WR_TEN,Reggie Roberson Jr.,WR,TEN,,728,733,759,,,,0.0,,,6.6,0.4,,,,,0.5,,,,,,,,,
rodgers_WR_HOU,Amari Rodgers,WR,HOU,,730,735,760,0.0,,,0.2,,,64.9,18.4,,,,,5.2,,,,,,,0.0,,
rogers_TE_WSH,Armani Rogers,TE,WSH,,732,737,762,0.0,,,0.3,,,37.0,20.7,,,,,2.2,,,,,,,0.0,,
rountree_RB_LAC,Larry Rountree III,RB,LAC,,733,738,763,1.0,,,0.0,,,31.0,65.0,,,,,4.0,,,,,,,,,
rudolph_QB_PIT,Mason Rudolph,QB,PIT,,736,741,765,0.0,,,,,,,,,0.0,,,,,,,0.1,15.7,0.1,0.0,,
rush_QB_DAL,Cooper Rush,QB,DAL,,737,742,766,0.0,,,,,,,8.7,,0.5,,,,,,,1.1,238.5,1.5,0.0,,
ryland_K_NE,Chad Ryland,K,NE,,739,744,768,,25.4,,,7.7,,,,4.4,,,7.8,,,0.3,8.3,,,,,,
rypien_QB_LAR,Brett Rypien,QB,LAR,,740,745,769,0.3,,,,,,,15.4,,0.6,,,,,,,3.7,575.2,2.6,0.2,,
sanders_K_MIA,Jason Sanders,K,MIA,,742,747,770,,36.4,,,7.2,,,,4.4,,,8.4,,,0.9,9.2,,,,,,
santos_K_CHI,Cairo Santos,K,CHI,,744,749,772,,36.4,,,7.1,,,,4.8,,,8.3,,,0.2,8.2,,,,,,
saubert_TE_MIA,Eric Saubert,TE,MIA,,745,750,773,0.0,,,1.3,,,123.3,0.5,,,,,13.0,,,,,,,0.0,,
shudak_K_TEN,Caleb Shudak,K,TEN,,756,759,779,,27.2,,,6.6,,,,3.9,,,6.5,,,0.3,7.2,,,,,,
siemian_QB_CIN,Trevor Siemian,QB,CIN,,757,760,780,0.0,,,,,,,8.4,,0.5,,,,,,,1.0,198.2,1.2,0.0,,
sims_WR_HOU,Steven Sims,WR,HOU,,759,762,782,0.2,,,0.2,,,46.7,26.9,,,,,2.4,,,,,,,0.0,,
slater_WR_NE,Matthew Slater,WR,NE,,762,765,784,0.0,,,0.2,,,73.0,2.4,,,,,1.0,,,,,,,,,
slye_K_WSH,Joey Slye,K,WSH,,763,766,785,,28.0,,,7.8,,,,4.7,,,7.4,,,0.3,7.6,,,,,,
smartt_TE_LAC,Stone Smartt,TE,LAC,,764,767,786,0.0,,,0.5,,,67.7,0.4,,,,,7.3,,,,,,,0.0,,
smith_RB_ATL,Keith Smith,RB,ATL,,765,768,787,0.0,,,0.0,,,14.2,1.0,,0.0,,,3.0,,,,,,,,,
smith_WR_CAR,Shi Smith,WR,CAR,,770,773,791,0.0,,,0.5,,,122.1,3.4,,,,,8.2,,,,,,,0.0,,0.1
smith_WR_NO,Tre'Quan Smith,WR,NO,,773,776,794,0.0,,,1.0,,,154.5,0.4,,,,,13.7,,,,,,,,,
smithmarsette_WR_KC,Ihmir Smith-Marsette,WR,KC,,775,778,796,0.1,,,0.4,,,61.2,11.5,,,,,2.5,,,,,,,0.0,,
sokol_TE_NE,Matt Sokol,TE,NE,,778,780,798,0.0,,,0.1,,,24.7,0.5,,,,,2.6,,,,,,,,,
spencer_WR_NYJ,Diontae Spencer,WR,NYJ,,779,781,799,,,,0.0,,,23.9,1.6,,,,,0.1,,,,,,,,,
stick_QB_LAC,Easton Stick,QB,LAC,,781,783,801,0.2,,,,,,,10.5,,0.6,,,,,,,1.5,286.4,1.8,0.1,,
stoll_TE_PHI,Jack Stoll,TE,PHI,,783,785,802,0.0,,,0.5,,,102.2,0.3,,,,,10.9,,,,,,,0.0,,
sudfeld_QB_DET,Nate Sudfeld,QB,DET,,787,789,805,0.5,,,,,,,26.4,,0.5,,,,,,,1.9,383.8,1.6,0.5,,
sullivan_TE_CAR,Stephen Sullivan,TE,CAR,,788,790,806,0.0,,,0.5,,,124.0,0.0,,,,,8.5,,,,,,,0.0,,
taylor_QB_NYG,Tyrod Taylor,QB,NYG,,792,794,809,0.5,,,,,,,30.4,,1.0,,,,,,,1.2,303.6,2.0,0.0,,
taylor_RB_GB,Patrick Taylor,RB,GB,,793,795,810,1.1,,,0.1,,,31.6,136.8,,0.0,,,5.0,,,,,,,0.1,,
taylor_RB_NE,J.J. Taylor,RB,NE,,794,796,811,1.8,,,0.3,,,80.9,244.6,,0.1,,,10.0,,,,0.0,,,0.4,,
taylor_WR_CIN,Trent Taylor,WR,CIN,,795,797,812,0.0,,,0.0,,,34.4,5.8,,,,,1.8,,,,,,,0.0,,0.0
team_DST_WSH,Team,DST,WSH,,797,799,814,,,0.0,,,16.0,,,,,22.4,,,56.2,,,,,,14.0,14.0,3.1
thomas_TE_CAR,Ian Thomas,TE,CAR,,799,801,816,0.0,,,0.9,,,161.4,0.5,,,,,16.0,,,,,,,0.0,,
thompkins_WR_TB,Deven Thompkins,WR,TB,,801,803,818,0.2,,,0.3,,,104.6,16.6,,,,,7.6,,,,,,,0.0,,0.1
thompson_QB_MIA,Skylar Thompson,QB,MIA,,802,804,819,0.0,,,,,,,0.1,,0.1,,,,,,,0.3,34.5,0.2,0.0,,
thompsonrobinson_QB_CLE,Dorian Thompson-Robinson,QB,CLE,,804,806,821,0.0,,,,,,,4.0,,,,,,,,,1.0,119.0,1.0,0.0,,
togiai_TE_ARI,Noah Togiai,TE,ARI,,805,807,822,0.0,,,0.1,,,22.7,0.5,,,,,2.2,,,,,,,,,
tremble_TE_CAR,Tommy Tremble,TE,CAR,,812,814,825,0.0,,,2.4,,,196.0,3.3,,,,,19.7,,,,,,,1.0,,
trubisky_QB_PIT,Mitch Trubisky,QB,PIT,,813,815,826,0.1,,,,,,,21.5,,0.6,,,,,,,1.4,287.6,1.4,0.0,,
tucker_K_BAL,Justin Tucker,K,BAL,,814,816,827,,42.9,,,9.5,,,,5.9,,,9.4,,,0.2,8.9,,,,,,
tucker_WR_LV,Tre Tucker,WR,LV,,815,817,828,0.0,,,1.0,,,90.0,0.0,,,,,7.0,,,,,,,,,
turpin_WR_DAL,KaVontae Turpin,WR,DAL,,820,822,831,0.0,,,0.6,,,66.1,19.8,,,,,5.6,,,,,,,0.0,,0.1
vizcaino_K_DAL,Tristan Vizcaino,K,DAL,,824,826,833,,34.3,,,7.2,,,,3.7,,,8.8,,,0.2,8.9,,,,,,
walker_QB_CHI,P.J. Walker,QB,CHI,,825,827,834,0.0,,,,,,,11.2,,0.4,,,,,,,1.9,304.0,1.9,0.0,,
ward_WR_PHI,Greg Ward,WR,PHI,,829,831,838,,,,0.7,,,147.1,0.7,,,,,11.8,,,,,,,,,
washington_WR_DEN,Montrell Washington,WR,DEN,,831,833,840,0.0,,,0.1,,,33.7,17.0,,,,,1.2,,,,,,,0.0,,0.1
washington_WR_NO,James Washington,WR,NO,,833,835,841,0.0,,,0.6,,,64.4,0.1,,,,,4.4,,,,,,,,,
wells_TE_TB,David Wells,TE,TB,,840,842,846,0.0,,,0.2,,,19.3,1.0,,,,,2.1,,,,,,,,,
wesco_TE_TEN,Trevon Wesco,TE,TEN,,841,843,847,0.0,,,0.7,,,130.6,0.6,,,,,11.9,,,,0.0,,,,,
whyle_TE_TEN,Josh Whyle,TE,TEN,,845,846,850,0.0,,,0.9,,,105.9,0.9,,,,,10.4,,,,,,,0.0,,
williams_RB_ARI,Ty'Son Williams,RB,ARI,,848,849,852,0.7,,,0.0,,,23.8,92.2,,0.0,,,3.4,,,,,,,0.0,,
williams_RB_ATL,Avery Williams,RB,ATL,,849,850,853,0.2,,,0.2,,,56.7,27.3,,0.0,,,8.6,,,,,,,0.0,,0.1
williams_RB_WSH,Jonathan Williams,RB,WSH,,850,851,854,0.8,,,0.2,,,95.8,123.6,,0.0,,,12.3,,,,,,,0.5,,
williams_WR_JAX,Seth Williams,WR,JAX,,851,852,855,,,,0.0,,,3.9,0.2,,,,,0.4,,,,,,,,,
willis_QB_TEN,Malik Willis,QB,TEN,,853,854,857,0.0,,,,,,,11.0,,0.2,,,,,,,0.8,97.9,0.1,0.0,,
willis_TE_SF,Brayden Willis,TE,SF,,854,855,858,,,,1.0,,,109.0,,,,,,10.0,,,,,,,0.0,,
winston_WR_SEA,Easop Winston Jr.,WR,SEA,,859,860,861,,,,0.3,,,56.7,4.2,,,,,3.7,,,,,,,,,
woerner_TE_SF,Charlie Woerner,TE,SF,,860,861,862,0.0,,,0.1,,,21.8,0.7,,,,,2.7,,,,,,,,,
york_K_CLE,Cade York,K,CLE,,868,869,869,,34.7,,,6.6,,,,4.9,,,8.0,,,0.4,7.8,,,,,,
young_WR_SEA,Dareke Young,WR,SEA,,869,870,870,0.0,,,0.6,,,53.9,0.1,,,,,4.8,,,,,,,,,
zuerlein_K_NYJ,Greg Zuerlein,K,NYJ,,871,871,871,,37.0,,,7.0,,,,5.3,,,8.8,,,0.2,8.2,,,,,,
zylstra_TE_DET,Shane Zylstra,TE,DET,,872,872,872,0.0,,,1.3,,,111.8,0.3,,,,,11.3,,,,,,,0.0,,
