key,name,pos,team,pass_tds,pass_yds,pass_ints,rush_tds,rush_yds,receptions,reception_tds,reception_yds,two_pts,fumbles,kick_0_19,kick_20_29,kick_30_39,kick_40_49,kick_50,kick_extra_points,df_points_allowed_per_game,df_sacks,df_safeties,df_fumbles,df_tds,df_ints
jackson_QB_BAL,Lamar Jackson,QB,BAL,34,3521,14,4,949,,,,,3,,,,,,,,,,,,
mahomes_QB_KC,Patrick Mahomes,QB,KC,34,4518,10,4,374,,,,,2,,,,,,,,,,,,
prescott_QB_DAL,Dak Prescott,QB,DAL,29,4704,14,5,294,,,,,4,,,,,,,,,,,,
watson_QB_HOU,Deshaun Watson,QB,HOU,24,4075,16,6,519,,,,,3,,,,,,,,,,,,
wilson_QB_SEA,Russell Wilson,QB,SEA,29,3965,9,2,367,,,,,2,,,,,,,,,,,,
allen_QB_BUF,Josh Allen,QB,BUF,23,3556,17,8,698,,,,,4,,,,,,,,,,,,
brady_QB_TB,Tom Brady,QB,TB,29,4501,13,2,37,,,,,1,,,,,,,,,,,,
murray_QB_ARI,Kyler Murray,QB,ARI,25,3805,15,3,554,,,,,2,,,,,,,,,,,,
ryan_QB_ATL,Matt Ryan,QB,ATL,28,4780,17,2,127,,,,,5,,,,,,,,,,,,
brees_QB_NO,Drew Brees,QB,NO,30,3835,10,2,32,,,,,1,,,,,,,,,,,,
wentz_QB_PHI,Carson Wentz,QB,PHI,28,4151,11,1,187,,,,,7,,,,,,,,,,,,
rodgers_QB_GB,Aaron Rodgers,QB,GB,25,3983,6,1,235,,,,,4,,,,,,,,,,,,
goff_QB_LAR,Jared Goff,QB,LAR,24,4526,16,1,65,,,,,4,,,,,,,,,,,,
jones_QB_NYG,Daniel Jones,QB,NYG,25,4023,18,3,337,,,,,14,,,,,,,,,,,,
mayfield_QB_CLE,Baker Mayfield,QB,CLE,25,3850,14,2,149,,,,,3,,,,,,,,,,,,
tannehill_QB_TEN,Ryan Tannehill,QB,TEN,24,3438,11,3,259,,,,,4,,,,,,,,,,,,
newton_QB_NE,Cam Newton,QB,NE,20,3160,12,4,534,,,,,2,,,,,,,,,,,,
minshew_QB_JAX,Gardner Minshew,QB,JAX,22,3778,11,1,386,,,,,8,,,,,,,,,,,,
stafford_QB_DET,Matthew Stafford,QB,DET,25,4133,16,0,103,,,,,5,,,,,,,,,,,,
burrow_QB_CIN,Joe Burrow,QB,CIN,24,3993,14,1,153,,,,,6,,,,,,,,,,,,
taylor_QB_LAC,Tyrod Taylor,QB,LAC,23,3872,17,1,228,,,,,2,,,,,,,,,,,,
carr_QB_LV,Derek Carr,QB,LV,23,3767,11,2,63,,,,,5,,,,,,,,,,,,
bridgewater_QB_CAR,Teddy Bridgewater,QB,CAR,22,4082,14,0,13,,,,,0,,,,,,,,,,,,
cousins_QB_MIN,Kirk Cousins,QB,MIN,25,3598,11,1,103,,,,,6,,,,,,,,,,,,
garoppolo_QB_SF,Jimmy Garoppolo,QB,SF,26,3723,20,1,73,,,,,4,,,,,,,,,,,,
roethlisberger_QB_PIT,Ben Roethlisberger,QB,PIT,23,3845,18,2,95,,,,,2,,,,,,,,,,,,
rivers_QB_IND,Philip Rivers,QB,IND,25,3529,12,0,43,,,,,3,,,,,,,,,,,,
lock_QB_DEN,Drew Lock,QB,DEN,23,3830,15,0,152,,,,,4,,,,,,,,,,,,
darnold_QB_NYJ,Sam Darnold,QB,NYJ,22,3585,22,2,106,,,,,3,,,,,,,,,,,,
trubisky_QB_CHI,Mitchell Trubisky,QB,CHI,19,3076,12,1,119,,,,,1,,,,,,,,,,,,
tagovailoa_QB_MIA,Tua Tagovailoa,QB,MIA,17,2819,14,1,67,,,,,3,,,,,,,,,,,,
haskins_QB_WSH,Dwayne Haskins,QB,WSH,18,2893,17,0,101,,,,,3,,,,,,,,,,,,
fitzpatrick_QB_MIA,Ryan Fitzpatrick,QB,MIA,9,1534,8,2,123,,,,,1,,,,,,,,,,,,
hill_QB_NO,Taysom Hill,QB,NO,1,77,0,1,4,,,,,0,,,,,,,,,,,,
blough_QB_DET,David Blough,QB,DET,1,159,1,0,17,,,,,0,,,,,,,,,,,,
foles_QB_CHI,Nick Foles,QB,CHI,3,543,2,0,10,,,,,1,,,,,,,,,,,,
hurts_QB_PHI,Jalen Hurts,QB,PHI,1,121,0,2,217,,,,,6,,,,,,,,,,,,
winston_QB_NO,Jameis Winston,QB,NO,1,157,0,0,18,,,,,0,,,,,,,,,,,,
hundley_QB_ARI,Brett Hundley,QB,ARI,1,148,0,0,16,,,,,0,,,,,,,,,,,,
woodside_QB_TEN,Logan Woodside,QB,TEN,1,105,0,0,4,,,,,0,,,,,,,,,,,,
walker_QB_CAR,P.J. Walker,QB,CAR,1,125,0,0,4,,,,,0,,,,,,,,,,,,
luton_QB_JAX,Jake Luton,QB,JAX,1,116,0,0,3,,,,,0,,,,,,,,,,,,
wolford_QB_LAR,John Wolford,QB,LAR,1,137,0,0,3,,,,,0,,,,,,,,,,,,
barkley_QB_BUF,Matt Barkley,QB,BUF,1,109,0,0,4,,,,,0,,,,,,,,,,,,
love_QB_GB,Jordan Love,QB,GB,1,117,0,0,3,,,,,0,,,,,,,,,,,,
henne_QB_KC,Chad Henne,QB,KC,1,162,0,0,7,,,,,0,,,,,,,,,,,,
hoyer_QB_NE,Brian Hoyer,QB,NE,1,129,0,0,4,,,,,0,,,,,,,,,,,,
daniel_QB_DET,Chase Daniel,QB,DET,1,167,1,0,17,,,,,0,,,,,,,,,,,,
smith_QB_SEA,Geno Smith,QB,SEA,1,91,0,0,5,,,,,0,,,,,,,,,,,,
dalton_QB_DAL,Andy Dalton,QB,DAL,1,184,1,0,21,,,,,0,,,,,,,,,,,,
griffin_QB_BAL,Robert Griffin III,QB,BAL,1,144,1,0,32,,,,,0,,,,,,,,,,,,
schaub_QB_ATL,Matt Schaub,QB,ATL,1,194,1,0,3,,,,,0,,,,,,,,,,,,
herbert_QB_LAC,Justin Herbert,QB,LAC,1,204,1,0,6,,,,,0,,,,,,,,,,,,
driskel_QB_DEN,Jeff Driskel,QB,DEN,1,137,1,0,22,,,,,0,,,,,,,,,,,,
keenum_QB_CLE,Case Keenum,QB,CLE,1,202,1,0,2,,,,,0,,,,,,,,,,,,
mariota_QB_LV,Marcus Mariota,QB,LV,1,196,1,0,15,,,,,0,,,,,,,,,,,,
finley_QB_CIN,Ryan Finley,QB,CIN,1,152,1,0,15,,,,,0,,,,,,,,,,,,
rudolph_QB_PIT,Mason Rudolph,QB,PIT,1,157,1,0,14,,,,,0,,,,,,,,,,,,
allen_QB_WSH,Kyle Allen,QB,WSH,1,122,1,0,7,,,,,0,,,,,,,,,,,,
mullens_QB_SF,Nick Mullens,QB,SF,1,151,1,0,5,,,,,0,,,,,,,,,,,,
mccoy_QB_NYG,Colt McCoy,QB,NYG,1,164,1,0,11,,,,,0,,,,,,,,,,,,
mccarron_QB_HOU,AJ McCarron,QB,HOU,1,163,1,0,6,,,,,0,,,,,,,,,,,,
gabbert_QB_TB,Blaine Gabbert,QB,TB,1,168,1,0,3,,,,,0,,,,,,,,,,,,
smith_QB_WSH,Alex Smith,QB,WSH,1,92,1,0,6,,,,,0,,,,,,,,,,,,
flacco_QB_NYJ,Joe Flacco,QB,NYJ,1,125,1,0,11,,,,,0,,,,,,,,,,,,
mannion_QB_MIN,Sean Mannion,QB,MIN,0,130,0,0,4,,,,,0,,,,,,,,,,,,
stidham_QB_NE,Jarrett Stidham,QB,NE,0,47,0,0,2,,,,,0,,,,,,,,,,,,
brissett_QB_IND,Jacoby Brissett,QB,IND,0,71,0,0,10,,,,,0,,,,,,,,,,,,
eason_QB_IND,Jacob Eason,QB,IND,0,64,0,0,2,,,,,0,,,,,,,,,,,,
fromm_QB_BUF,Jake Fromm,QB,BUF,0,27,0,0,1,,,,,0,,,,,,,,,,,,
fales_QB_NYJ,David Fales,QB,NYJ,0,6,0,0,0,,,,,0,,,,,,,,,,,,
mccaffrey_RB_CAR,Christian McCaffrey,RB,CAR,,,,9,1134,114,5,968,,4,,,,,,,,,,,,
barkley_RB_NYG,Saquon Barkley,RB,NYG,,,,10,1238,79,3,629,,3,,,,,,,,,,,,
elliott_RB_DAL,Ezekiel Elliott,RB,DAL,,,,9,1298,72,3,584,,4,,,,,,,,,,,,
kamara_RB_NO,Alvin Kamara,RB,NO,,,,8,973,96,2,710,,3,,,,,,,,,,,,
cook_RB_MIN,Dalvin Cook,RB,MIN,,,,11,1211,53,1,478,,3,,,,,,,,,,,,
edwardshelaire_RB_KC,Clyde Edwards-Helaire,RB,KC,,,,10,809,49,4,571,,3,,,,,,,,,,,,
henry_RB_TEN,Derrick Henry,RB,TEN,,,,11,1586,18,1,159,,3,,,,,,,,,,,,
ekeler_RB_LAC,Austin Ekeler,RB,LAC,,,,4,727,62,5,673,,2,,,,,,,,,,,,
jacobs_RB_LV,Josh Jacobs,RB,LV,,,,10,1299,37,0,312,,3,,,,,,,,,,,,
sanders_RB_PHI,Miles Sanders,RB,PHI,,,,4,935,58,3,592,,3,,,,,,,,,,,,
mixon_RB_CIN,Joe Mixon,RB,CIN,,,,8,1105,44,2,338,,3,,,,,,,,,,,,
drake_RB_ARI,Kenyan Drake,RB,ARI,,,,8,714,60,3,453,,2,,,,,,,,,,,,
jones_RB_GB,Aaron Jones,RB,GB,,,,11,816,38,2,332,,2,,,,,,,,,,,,
bell_RB_NYJ,Le'Veon Bell,RB,NYJ,,,,5,774,67,1,495,,3,,,,,,,,,,,,
chubb_RB_CLE,Nick Chubb,RB,CLE,,,,9,1334,16,1,132,,3,,,,,,,,,,,,
gurley_RB_ATL,Todd Gurley,RB,ATL,,,,7,752,47,3,349,,2,,,,,,,,,,,,
gordon_RB_DEN,Melvin Gordon,RB,DEN,,,,8,657,48,2,398,,2,,,,,,,,,,,,
conner_RB_PIT,James Conner,RB,PIT,,,,7,915,38,2,312,,3,,,,,,,,,,,,
cohen_RB_CHI,Tarik Cohen,RB,CHI,,,,2,361,76,4,601,,2,,,,,,,,,,,,
johnson_RB_HOU,David Johnson,RB,HOU,,,,4,771,40,4,429,,2,,,,,,,,,,,,
carson_RB_SEA,Chris Carson,RB,SEA,,,,8,1045,26,1,189,,3,,,,,,,,,,,,
ingram_RB_BAL,Mark Ingram,RB,BAL,,,,6,898,22,3,197,,2,,,,,,,,,,,,
gibson_RB_WSH,Antonio Gibson,RB,WSH,,,,4,667,46,2,388,,3,,,,,,,,,,,,
akers_RB_LAR,Cam Akers,RB,LAR,,,,7,700,34,1,339,,3,,,,,,,,,,,,
lindsay_RB_DEN,Phillip Lindsay,RB,DEN,,,,5,707,45,1,298,,2,,,,,,,,,,,,
singletary_RB_BUF,Devin Singletary,RB,BUF,,,,3,797,39,2,297,,2,,,,,,,,,,,,
white_RB_NE,James White,RB,NE,,,,2,293,59,4,509,,1,,,,,,,,,,,,
hunt_RB_CLE,Kareem Hunt,RB,CLE,,,,6,551,33,3,344,,2,,,,,,,,,,,,
mostert_RB_SF,Raheem Mostert,RB,SF,,,,8,894,14,1,131,,2,,,,,,,,,,,,
breida_RB_MIA,Matt Breida,RB,MIA,,,,3,678,41,2,312,,2,,,,,,,,,,,,
taylor_RB_IND,Jonathan Taylor,RB,IND,,,,6,890,19,1,208,,3,,,,,,,,,,,,
swift_RB_DET,D'Andre Swift,RB,DET,,,,4,601,34,2,398,,3,,,,,,,,,,,,
montgomery_RB_CHI,David Montgomery,RB,CHI,,,,7,785,20,1,159,,2,,,,,,,,,,,,
moss_RB_BUF,Zack Moss,RB,BUF,,,,5,894,18,1,171,,3,,,,,,,,,,,,
fournette_RB_TB,Leonard Fournette,RB,TB,,,,9,617,22,0,197,,2,,,,,,,,,,,,
mack_RB_IND,Marlon Mack,RB,IND,,,,7,871,15,0,87,,2,,,,,,,,,,,,
dobbins_RB_BAL,J.K. Dobbins,RB,BAL,,,,5,928,14,1,134,,3,,,,,,,,,,,,
howard_RB_MIA,Jordan Howard,RB,MIA,,,,7,713,20,1,150,,2,,,,,,,,,,,,
johnson_RB_DET,Kerryon Johnson,RB,DET,,,,5,616,30,1,252,,2,,,,,,,,,,,,
jones_RB_TB,Ronald Jones,RB,TB,,,,6,656,24,0,223,,2,,,,,,,,,,,,
murray_RB_NO,Latavius Murray,RB,NO,,,,6,657,26,0,176,,2,,,,,,,,,,,,
coleman_RB_SF,Tevin Coleman,RB,SF,,,,5,754,10,1,90,,2,,,,,,,,,,,,
mckinnon_RB_SF,Jerick McKinnon,RB,SF,,,,4,562,23,1,238,,2,,,,,,,,,,,,
pollard_RB_DAL,Tony Pollard,RB,DAL,,,,3,551,28,2,195,,2,,,,,,,,,,,,
hines_RB_IND,Nyheim Hines,RB,IND,,,,2,235,51,1,373,,1,,,,,,,,,,,,
scott_RB_PHI,Boston Scott,RB,PHI,,,,5,335,36,0,313,,2,,,,,,,,,,,,
richard_RB_LV,Jalen Richard,RB,LV,,,,2,409,37,0,339,,3,,,,,,,,,,,,
edmonds_RB_ARI,Chase Edmonds,RB,ARI,,,,5,468,21,1,136,,1,,,,,,,,,,,,
smith_RB_ATL,Ito Smith,RB,ATL,,,,5,354,32,0,197,,1,,,,,,,,,,,,
bernard_RB_CIN,Giovani Bernard,RB,CIN,,,,3,296,38,0,272,,1,,,,,,,,,,,,
michel_RB_NE,Sony Michel,RB,NE,,,,5,675,7,0,49,,2,,,,,,,,,,,,
thompson_RB_JAX,Chris Thompson,RB,JAX,,,,1,198,43,1,342,,1,,,,,,,,,,,,
robinson_RB_JAX,James Robinson,RB,JAX,,,,2,470,24,1,220,,2,,,,,,,,,,,,
henderson_RB_LAR,Darrell Henderson,RB,LAR,,,,3,499,18,1,173,,2,,,,,,,,,,,,
ozigbo_RB_JAX,Devine Ozigbo,RB,JAX,,,,2,458,24,1,216,,2,,,,,,,,,,,,
brown_RB_LAR,Malcolm Brown,RB,LAR,,,,4,432,12,2,114,,1,,,,,,,,,,,,
davis_RB_CAR,Mike Davis,RB,CAR,,,,4,423,24,0,137,,1,,,,,,,,,,,,
love_RB_WSH,Bryce Love,RB,WSH,,,,3,441,20,1,171,,2,,,,,,,,,,,,
evans_RB_TEN,Darrynton Evans,RB,TEN,,,,2,353,24,1,251,,2,,,,,,,,,,,,
mattison_RB_MIN,Alexander Mattison,RB,MIN,,,,3,696,5,0,43,,2,,,,,,,,,,,,
williams_RB_KC,Darrel Williams,RB,KC,,,,6,329,12,1,127,,2,,,,,,,,,,,,
kelley_RB_LAC,Joshua Kelley,RB,LAC,,,,5,583,3,0,36,,2,,,,,,,,,,,,
dillon_RB_GB,A.J. Dillon,RB,GB,,,,5,549,4,0,36,,2,,,,,,,,,,,,
dallas_RB_SEA,DeeJay Dallas,RB,SEA,,,,2,262,26,1,262,,1,,,,,,,,,,,,
harris_RB_NE,Damien Harris,RB,NE,,,,4,557,7,0,65,,2,,,,,,,,,,,,
lewis_RB_NYG,Dion Lewis,RB,NYG,,,,1,210,36,1,220,,1,,,,,,,,,,,,
juszczyk_RB_SF,Kyle Juszczyk,RB,SF,,,,0,30,32,2,352,,1,,,,,,,,,,,,
williams_RB_GB,Jamaal Williams,RB,GB,,,,1,252,25,2,170,,1,,,,,,,,,,,,
armstead_RB_JAX,Ryquell Armstead,RB,JAX,,,,2,332,12,2,124,,1,,,,,,,,,,,,
snell_RB_PIT,Benny Snell,RB,PIT,,,,3,498,2,0,18,,1,,,,,,,,,,,,
gore_RB_NYJ,Frank Gore,RB,NYJ,,,,2,362,13,0,110,,1,,,,,,,,,,,,
edwards_RB_BAL,Gus Edwards,RB,BAL,,,,2,470,5,0,34,,1,,,,,,,,,,,,
burkhead_RB_NE,Rex Burkhead,RB,NE,,,,2,217,19,0,185,,1,,,,,,,,,,,,
jackson_RB_LAC,Justin Jackson,RB,LAC,,,,1,350,13,0,93,,1,,,,,,,,,,,,
hyde_RB_SEA,Carlos Hyde,RB,SEA,,,,2,357,5,0,21,,1,,,,,,,,,,,,
freeman_RB_DEN,Royce Freeman,RB,DEN,,,,1,136,22,1,136,,1,,,,,,,,,,,,
mcfarland_RB_PIT,Anthony McFarland,RB,PIT,,,,1,168,15,1,130,,1,,,,,,,,,,,,
peterson_RB_WSH,Adrian Peterson,RB,WSH,,,,2,331,4,0,41,,1,,,,,,,,,,,,
penny_RB_SEA,Rashaad Penny,RB,SEA,,,,2,310,6,0,62,,1,,,,,,,,,,,,
mckissic_RB_WSH,J.D. McKissic,RB,WSH,,,,0,195,19,1,107,,1,,,,,,,,,,,,
hill_RB_BAL,Justice Hill,RB,BAL,,,,2,213,9,0,73,,1,,,,,,,,,,,,
janovich_RB_CLE,Andy Janovich,RB,CLE,,,,1,6,11,2,154,,0,,,,,,,,,,,,
barber_RB_WSH,Peyton Barber,RB,WSH,,,,2,242,7,0,31,,1,,,,,,,,,,,,
clement_RB_PHI,Corey Clement,RB,PHI,,,,1,177,10,0,87,,1,,,,,,,,,,,,
thompson_RB_KC,Darwin Thompson,RB,KC,,,,1,185,11,0,51,,1,,,,,,,,,,,,
cox_RB_MIA,Chandler Cox,RB,MIA,,,,0,54,12,1,86,,0,,,,,,,,,,,,
ham_RB_MIN,C.J. Ham,RB,MIN,,,,0,17,13,1,121,,1,,,,,,,,,,,,
booker_RB_LV,Devontae Booker,RB,LV,,,,1,138,8,0,64,,0,,,,,,,,,,,,
montgomery_RB_NO,Ty Montgomery,RB,NO,,,,1,87,9,0,71,,0,,,,,,,,,,,,
sherman_RB_KC,Anthony Sherman,RB,KC,,,,0,12,9,1,97,,0,,,,,,,,,,,,
johnson_RB_CLE,D'Ernest Johnson,RB,CLE,,,,1,98,6,0,66,,0,,,,,,,,,,,,
wilson_RB_SF,Jeff Wilson,RB,SF,,,,2,143,1,0,11,,0,,,,,,,,,,,,
dowdle_RB_DAL,Rico Dowdle,RB,DAL,,,,1,145,4,0,42,,0,,,,,,,,,,,,
ricard_RB_BAL,Patrick Ricard,RB,BAL,,,,0,0,9,1,52,,0,,,,,,,,,,,,
armah_RB_CAR,Alex Armah,RB,CAR,,,,2,26,4,0,15,,0,,,,,,,,,,,,
benjamin_RB_ARI,Eno Benjamin,RB,ARI,,,,1,114,4,0,34,,0,,,,,,,,,,,,
ollison_RB_ATL,Qadree Ollison,RB,ATL,,,,2,71,1,0,10,,0,,,,,,,,,,,,
gallman_RB_NYG,Wayne Gallman,RB,NYG,,,,1,85,4,0,31,,0,,,,,,,,,,,,
perry_RB_MIA,Malcolm Perry,RB,MIA,,,,1,99,4,0,38,,0,,,,,,,,,,,,
thomas_WR_NO,Michael Thomas,WR,NO,,,,0,-3,136,9,1609,,1,,,,,,,,,,,,
adams_WR_GB,Davante Adams,WR,GB,,,,0,0,110,11,1423,,1,,,,,,,,,,,,
jones_WR_ATL,Julio Jones,WR,ATL,,,,0,4,114,6,1570,,1,,,,,,,,,,,,
hill_WR_KC,Tyreek Hill,WR,KC,,,,1,105,86,9,1266,,1,,,,,,,,,,,,
hopkins_WR_ARI,DeAndre Hopkins,WR,ARI,,,,0,4,102,8,1184,,1,,,,,,,,,,,,
kupp_WR_LAR,Cooper Kupp,WR,LAR,,,,0,17,89,10,1087,,1,,,,,,,,,,,,
golladay_WR_DET,Kenny Golladay,WR,DET,,,,0,5,69,9,1237,,1,,,,,,,,,,,,
smithschuster_WR_PIT,JuJu Smith-Schuster,WR,PIT,,,,0,8,90,6,1199,,1,,,,,,,,,,,,
allen_WR_LAC,Keenan Allen,WR,LAC,,,,0,57,91,6,1156,,1,,,,,,,,,,,,
woods_WR_LAR,Robert Woods,WR,LAR,,,,1,111,92,4,1166,,1,,,,,,,,,,,,
godwin_WR_TB,Chris Godwin,WR,TB,,,,0,5,75,8,1171,,1,,,,,,,,,,,,
lockett_WR_SEA,Tyler Lockett,WR,SEA,,,,0,28,75,8,1126,,1,,,,,,,,,,,,
ridley_WR_ATL,Calvin Ridley,WR,ATL,,,,0,31,80,9,1011,,1,,,,,,,,,,,,
thielen_WR_MIN,Adam Thielen,WR,MIN,,,,1,26,75,8,1053,,1,,,,,,,,,,,,
moore_WR_CAR,D.J. Moore,WR,CAR,,,,0,98,81,4,1252,,2,,,,,,,,,,,,
evans_WR_TB,Mike Evans,WR,TB,,,,0,0,66,7,1211,,1,,,,,,,,,,,,
robinson_WR_CHI,Allen Robinson,WR,CHI,,,,0,5,85,6,1083,,1,,,,,,,,,,,,
beckham_WR_CLE,Odell Beckham,WR,CLE,,,,0,19,75,6,1152,,1,,,,,,,,,,,,
cooper_WR_DAL,Amari Cooper,WR,DAL,,,,0,14,72,8,1056,,1,,,,,,,,,,,,
hilton_WR_IND,T.Y. Hilton,WR,IND,,,,0,0,71,7,1106,,1,,,,,,,,,,,,
diggs_WR_BUF,Stefon Diggs,WR,BUF,,,,0,99,71,7,1011,,1,,,,,,,,,,,,
mclaurin_WR_WSH,Terry McLaurin,WR,WSH,,,,0,0,71,7,1070,,1,,,,,,,,,,,,
boyd_WR_CIN,Tyler Boyd,WR,CIN,,,,0,13,80,6,1015,,1,,,,,,,,,,,,
sutton_WR_DEN,Courtland Sutton,WR,DEN,,,,0,6,65,7,1096,,1,,,,,,,,,,,,
brown_WR_TEN,A.J. Brown,WR,TEN,,,,1,61,57,7,1079,,1,,,,,,,,,,,,
metcalf_WR_SEA,DK Metcalf,WR,SEA,,,,0,10,66,8,1055,,3,,,,,,,,,,,,
landry_WR_CLE,Jarvis Landry,WR,CLE,,,,1,38,73,5,1023,,1,,,,,,,,,,,,
brown_WR_BAL,Marquise Brown,WR,BAL,,,,1,180,62,7,883,,1,,,,,,,,,,,,
edelman_WR_NE,Julian Edelman,WR,NE,,,,0,94,82,5,934,,1,,,,,,,,,,,,
parker_WR_MIA,DeVante Parker,WR,MIA,,,,0,0,65,7,1005,,1,,,,,,,,,,,,
gallup_WR_DAL,Michael Gallup,WR,DAL,,,,0,0,62,6,1074,,1,,,,,,,,,,,,
fuller_WR_HOU,Will Fuller,WR,HOU,,,,0,0,71,5,1015,,1,,,,,,,,,,,,
chark_WR_JAX,D.J. Chark,WR,JAX,,,,0,13,67,7,924,,1,,,,,,,,,,,,
green_WR_CIN,A.J. Green,WR,CIN,,,,0,2,66,6,1003,,2,,,,,,,,,,,,
jones_WR_DET,Marvin Jones,WR,DET,,,,0,0,64,8,858,,1,,,,,,,,,,,,
johnson_WR_PIT,Diontae Johnson,WR,PIT,,,,0,40,71,7,846,,2,,,,,,,,,,,,
williams_WR_MIA,Preston Williams,WR,MIA,,,,0,3,62,7,883,,2,,,,,,,,,,,,
crowder_WR_NYJ,Jamison Crowder,WR,NYJ,,,,0,19,71,6,831,,1,,,,,,,,,,,,
kirk_WR_ARI,Christian Kirk,WR,ARI,,,,0,79,73,5,845,,1,,,,,,,,,,,,
shepard_WR_NYG,Sterling Shepard,WR,NYG,,,,0,51,74,4,858,,1,,,,,,,,,,,,
cooks_WR_HOU,Brandin Cooks,WR,HOU,,,,0,65,64,4,944,,1,,,,,,,,,,,,
renfrow_WR_LV,Hunter Renfrow,WR,LV,,,,0,0,66,6,807,,1,,,,,,,,,,,,
tate_WR_NYG,Golden Tate,WR,NYG,,,,0,26,68,5,822,,1,,,,,,,,,,,,
watkins_WR_KC,Sammy Watkins,WR,KC,,,,0,42,67,4,883,,1,,,,,,,,,,,,
slayton_WR_NYG,Darius Slayton,WR,NYG,,,,0,0,54,7,834,,1,,,,,,,,,,,,
brown_WR_BUF,John Brown,WR,BUF,,,,0,6,55,6,871,,1,,,,,,,,,,,,
sanders_WR_NO,Emmanuel Sanders,WR,NO,,,,0,22,69,5,774,,1,,,,,,,,,,,,
lamb_WR_DAL,CeeDee Lamb,WR,DAL,,,,0,13,55,5,936,,2,,,,,,,,,,,,
westbrook_WR_JAX,Dede Westbrook,WR,JAX,,,,0,65,70,4,758,,1,,,,,,,,,,,,
samuel_WR_SF,Deebo Samuel,WR,SF,,,,2,240,52,3,745,,1,,,,,,,,,,,,
amendola_WR_DET,Danny Amendola,WR,DET,,,,0,0,72,4,755,,1,,,,,,,,,,,,
miller_WR_CHI,Anthony Miller,WR,CHI,,,,0,11,57,6,744,,1,,,,,,,,,,,,
lazard_WR_GB,Allen Lazard,WR,GB,,,,0,29,59,4,820,,1,,,,,,,,,,,,
jeudy_WR_DEN,Jerry Jeudy,WR,DEN,,,,0,8,55,4,904,,2,,,,,,,,,,,,
beasley_WR_BUF,Cole Beasley,WR,BUF,,,,0,0,63,5,720,,1,,,,,,,,,,,,
ruggs_WR_LV,Henry Ruggs III,WR,LV,,,,0,11,50,5,874,,2,,,,,,,,,,,,
anderson_WR_CAR,Robby Anderson,WR,CAR,,,,0,-2,53,5,768,,1,,,,,,,,,,,,
jackson_WR_PHI,DeSean Jackson,WR,PHI,,,,1,35,47,5,750,,1,,,,,,,,,,,,
williams_WR_LAC,Mike Williams,WR,LAC,,,,1,19,41,5,729,,0,,,,,,,,,,,,
perriman_WR_NYJ,Breshad Perriman,WR,NYJ,,,,0,9,43,5,742,,0,,,,,,,,,,,,
sims_WR_WSH,Steven Sims,WR,WSH,,,,1,95,52,6,505,,1,,,,,,,,,,,,
jefferson_WR_MIN,Justin Jefferson,WR,MIN,,,,0,12,47,4,763,,1,,,,,,,,,,,,
samuel_WR_CAR,Curtis Samuel,WR,CAR,,,,2,167,42,5,504,,1,,,,,,,,,,,,
aiyuk_WR_SF,Brandon Aiyuk,WR,SF,,,,0,15,46,4,747,,1,,,,,,,,,,,,
shenault_WR_JAX,Laviska Shenault Jr.,WR,JAX,,,,0,131,48,3,738,,2,,,,,,,,,,,,
hardman_WR_KC,Mecole Hardman,WR,KC,,,,0,11,36,7,644,,2,,,,,,,,,,,,
cobb_WR_HOU,Randall Cobb,WR,HOU,,,,0,7,53,3,681,,1,,,,,,,,,,,,
edwards_WR_LV,Bryan Edwards,WR,LV,,,,0,11,50,3,728,,2,,,,,,,,,,,,
pittman_WR_IND,Michael Pittman,WR,IND,,,,0,13,45,4,690,,1,,,,,,,,,,,,
davis_WR_TEN,Corey Davis,WR,TEN,,,,0,29,48,3,676,,1,,,,,,,,,,,,
harry_WR_NE,N'Keal Harry,WR,NE,,,,0,92,42,6,514,,1,,,,,,,,,,,,
agholor_WR_LV,Nelson Agholor,WR,LV,,,,0,31,54,3,603,,1,,,,,,,,,,,,
ward_WR_PHI,Greg Ward,WR,PHI,,,,0,14,53,3,594,,1,,,,,,,,,,,,
fitzgerald_WR_ARI,Larry Fitzgerald,WR,ARI,,,,0,0,51,4,542,,1,,,,,,,,,,,,
reagor_WR_PHI,Jalen Reagor,WR,PHI,,,,0,8,43,3,658,,2,,,,,,,,,,,,
johnson_WR_MIN,Bisi Johnson,WR,MIN,,,,0,7,43,5,460,,0,,,,,,,,,,,,
jefferson_WR_LAR,Van Jefferson,WR,LAR,,,,0,10,41,2,629,,1,,,,,,,,,,,,
gordon_WR_SEA,Josh Gordon,WR,SEA,,,,0,1,34,3,602,,0,,,,,,,,,,,,
snead_WR_BAL,Willie Snead,WR,BAL,,,,0,9,42,4,475,,1,,,,,,,,,,,,
ross_WR_CIN,John Ross,WR,CIN,,,,0,9,31,6,458,,1,,,,,,,,,,,,
stills_WR_HOU,Kenny Stills,WR,HOU,,,,0,0,34,4,513,,0,,,,,,,,,,,,
cole_WR_JAX,Keelan Cole,WR,JAX,,,,0,4,39,3,554,,1,,,,,,,,,,,,
humphries_WR_TEN,Adam Humphries,WR,TEN,,,,0,9,46,3,467,,1,,,,,,,,,,,,
washington_WR_PIT,James Washington,WR,PIT,,,,0,0,38,2,593,,1,,,,,,,,,,,,
conley_WR_JAX,Chris Conley,WR,JAX,,,,0,0,40,3,509,,1,,,,,,,,,,,,
smith_WR_NO,Tre'Quan Smith,WR,NO,,,,0,3,29,6,409,,0,,,,,,,,,,,,
reynolds_WR_LAR,Josh Reynolds,WR,LAR,,,,0,26,35,3,501,,0,,,,,,,,,,,,
grant_WR_MIA,Jakeem Grant,WR,MIA,,,,2,9,39,2,435,,1,,,,,,,,,,,,
jeffery_WR_PHI,Alshon Jeffery,WR,PHI,,,,1,1,36,3,447,,0,,,,,,,,,,,,
mims_WR_NYJ,Denzel Mims,WR,NYJ,,,,0,8,37,2,562,,1,,,,,,,,,,,,
tate_WR_CIN,Auden Tate,WR,CIN,,,,0,0,38,2,541,,1,,,,,,,,,,,,
boykin_WR_BAL,Miles Boykin,WR,BAL,,,,0,0,29,5,408,,0,,,,,,,,,,,,
claypool_WR_PIT,Chase Claypool,WR,PIT,,,,0,8,38,2,520,,1,,,,,,,,,,,,
reed_WR_LAC,Joe Reed,WR,LAC,,,,0,13,33,2,548,,1,,,,,,,,,,,,
valdesscantling_WR_GB,Marquez Valdes-Scantling,WR,GB,,,,0,21,32,2,516,,0,,,,,,,,,,,,
ford_WR_MIA,Isaiah Ford,WR,MIA,,,,0,16,41,2,459,,1,,,,,,,,,,,,
pascal_WR_IND,Zach Pascal,WR,IND,,,,0,24,33,3,443,,0,,,,,,,,,,,,
campbell_WR_IND,Parris Campbell,WR,IND,,,,0,55,37,3,400,,1,,,,,,,,,,,,
hamler_WR_DEN,K.J. Hamler,WR,DEN,,,,0,8,33,2,518,,1,,,,,,,,,,,,
bourne_WR_SF,Kendrick Bourne,WR,SF,,,,0,0,32,4,382,,0,,,,,,,,,,,,
kelce_TE_KC,Travis Kelce,TE,KC,,,,,,102,7,1201,,1,,,,,,,,,,,,
kittle_TE_SF,George Kittle,TE,SF,,,,,,87,6,1194,,1,,,,,,,,,,,,
ertz_TE_PHI,Zach Ertz,TE,PHI,,,,,,91,6,967,,1,,,,,,,,,,,,
waller_TE_LV,Darren Waller,TE,LV,,,,,,80,4,1030,,1,,,,,,,,,,,,
engram_TE_NYG,Evan Engram,TE,NYG,,,,,,72,5,859,,1,,,,,,,,,,,,
andrews_TE_BAL,Mark Andrews,TE,BAL,,,,,,54,9,790,,1,,,,,,,,,,,,
henry_TE_LAC,Hunter Henry,TE,LAC,,,,,,65,6,787,,1,,,,,,,,,,,,
higbee_TE_LAR,Tyler Higbee,TE,LAR,,,,,,71,4,829,,1,,,,,,,,,,,,
hurst_TE_ATL,Hayden Hurst,TE,ATL,,,,,,65,4,811,,1,,,,,,,,,,,,
hooper_TE_CLE,Austin Hooper,TE,CLE,,,,,,65,5,738,,1,,,,,,,,,,,,
fant_TE_DEN,Noah Fant,TE,DEN,,,,,,53,5,780,,1,,,,,,,,,,,,
cook_TE_NO,Jared Cook,TE,NO,,,,,,48,7,680,,0,,,,,,,,,,,,
gronkowski_TE_TB,Rob Gronkowski,TE,TB,,,,,,49,3,862,,1,,,,,,,,,,,,
smith_TE_TEN,Jonnu Smith,TE,TEN,,,,,,50,6,611,,1,,,,,,,,,,,,
gesicki_TE_MIA,Mike Gesicki,TE,MIA,,,,,,57,4,640,,2,,,,,,,,,,,,
doyle_TE_IND,Jack Doyle,TE,IND,,,,,,55,5,581,,1,,,,,,,,,,,,
thomas_TE_CAR,Ian Thomas,TE,CAR,,,,,,61,4,576,,1,,,,,,,,,,,,
herndon_TE_NYJ,Chris Herndon,TE,NYJ,,,,,,44,6,563,,0,,,,,,,,,,,,
hockenson_TE_DET,T.J. Hockenson,TE,DET,,,,,,55,3,645,,1,,,,,,,,,,,,
jarwin_TE_DAL,Blake Jarwin,TE,DAL,,,,,,48,5,568,,0,,,,,,,,,,,,
goedert_TE_PHI,Dallas Goedert,TE,PHI,,,,,,52,5,542,,1,,,,,,,,,,,,
ebron_TE_PIT,Eric Ebron,TE,PIT,,,,,,48,5,520,,0,,,,,,,,,,,,
smith_TE_MIN,Irv Smith,TE,MIN,,,,,,55,3,522,,1,,,,,,,,,,,,
thomas_TE_WSH,Logan Thomas,TE,WSH,,,,,,53,3,521,,1,,,,,,,,,,,,
rudolph_TE_MIN,Kyle Rudolph,TE,MIN,,,,,,42,5,441,,0,,,,,,,,,,,,
uzomah_TE_CIN,C.J. Uzomah,TE,CIN,,,,,,49,3,487,,0,,,,,,,,,,,,
knox_TE_BUF,Dawson Knox,TE,BUF,,,,,,38,3,528,,0,,,,,,,,,,,,
eifert_TE_JAX,Tyler Eifert,TE,JAX,,,,,,45,3,466,,0,,,,,,,,,,,,
howard_TE_TB,O.J. Howard,TE,TB,,,,,,36,3,548,,1,,,,,,,,,,,,
graham_TE_CHI,Jimmy Graham,TE,CHI,,,,,,46,2,486,,0,,,,,,,,,,,,
mcdonald_TE_PIT,Vance McDonald,TE,PIT,,,,,,45,3,442,,1,,,,,,,,,,,,
olsen_TE_SEA,Greg Olsen,TE,SEA,,,,,,36,4,459,,0,,,,,,,,,,,,
everett_TE_LAR,Gerald Everett,TE,LAR,,,,,,43,3,440,,0,,,,,,,,,,,,
njoku_TE_CLE,David Njoku,TE,CLE,,,,,,38,3,432,,0,,,,,,,,,,,,
asiasi_TE_NE,Devin Asiasi,TE,NE,,,,,,39,3,387,,1,,,,,,,,,,,,
kmet_TE_CHI,Cole Kmet,TE,CHI,,,,,,37,3,376,,1,,,,,,,,,,,,
griffin_TE_NYJ,Ryan Griffin,TE,NYJ,,,,,,35,3,374,,0,,,,,,,,,,,,
fells_TE_HOU,Darren Fells,TE,HOU,,,,,,31,5,298,,0,,,,,,,,,,,,
dissly_TE_SEA,Will Dissly,TE,SEA,,,,,,27,4,362,,0,,,,,,,,,,,,
boyle_TE_BAL,Nick Boyle,TE,BAL,,,,,,32,3,329,,0,,,,,,,,,,,,
firkser_TE_TEN,Anthony Firkser,TE,TEN,,,,,,27,3,362,,0,,,,,,,,,,,,
toilolo_TE_NYG,Levine Toilolo,TE,NYG,,,,,,31,2,381,,0,,,,,,,,,,,,
brate_TE_TB,Cameron Brate,TE,TB,,,,,,27,4,278,,0,,,,,,,,,,,,
aliecox_TE_IND,Mo Alie-Cox,TE,IND,,,,,,23,3,337,,0,,,,,,,,,,,,
akins_TE_HOU,Jordan Akins,TE,HOU,,,,,,28,1,338,,0,,,,,,,,,,,,
reed_TE_SF,Jordan Reed,TE,SF,,,,,,25,2,297,,0,,,,,,,,,,,,
keene_TE_NE,Dalton Keene,TE,NE,,,,,,28,2,279,,1,,,,,,,,,,,,
arnold_TE_ARI,Dan Arnold,TE,ARI,,,,,,23,2,287,,0,,,,,,,,,,,,
bryant_TE_CLE,Harrison Bryant,TE,CLE,,,,,,24,2,283,,1,,,,,,,,,,,,
tonyan_TE_GB,Robert Tonyan,TE,GB,,,,,,19,3,244,,0,,,,,,,,,,,,
james_TE_DET,Jesse James,TE,DET,,,,,,25,1,318,,0,,,,,,,,,,,,
hill_TE_NO,Josh Hill,TE,NO,,,,,,25,2,227,,0,,,,,,,,,,,,
sternberger_TE_GB,Jace Sternberger,TE,GB,,,,,,21,3,202,,0,,,,,,,,,,,,
oshaughnessy_TE_JAX,James O'Shaughnessy,TE,JAX,,,,,,26,1,253,,0,,,,,,,,,,,,
williams_TE_ARI,Maxx Williams,TE,ARI,,,,,,23,2,223,,0,,,,,,,,,,,,
kroft_TE_BUF,Tyler Kroft,TE,BUF,,,,,,22,2,239,,0,,,,,,,,,,,,
harris_TE_CHI,Demetrius Harris,TE,CHI,,,,,,19,3,178,,0,,,,,,,,,,,,
sprinkle_TE_WSH,Jeremy Sprinkle,TE,WSH,,,,,,25,1,216,,0,,,,,,,,,,,,
shaheen_TE_MIA,Adam Shaheen,TE,MIA,,,,,,22,2,199,,1,,,,,,,,,,,,
vannett_TE_DEN,Nick Vannett,TE,DEN,,,,,,23,1,215,,0,,,,,,,,,,,,
beck_TE_DEN,Andrew Beck,TE,DEN,,,,,,18,2,187,,0,,,,,,,,,,,,
schultz_TE_DAL,Dalton Schultz,TE,DAL,,,,,,21,1,236,,0,,,,,,,,,,,,
burton_TE_IND,Trey Burton,TE,IND,,,,,,18,2,187,,0,,,,,,,,,,,,
lewis_TE_GB,Marcedes Lewis,TE,GB,,,,,,19,1,204,,0,,,,,,,,,,,,
green_TE_LAC,Virgil Green,TE,LAC,,,,,,16,2,171,,1,,,,,,,,,,,,
graham_TE_ATL,Jaeden Graham,TE,ATL,,,,,,16,1,205,,0,,,,,,,,,,,,
deguara_TE_GB,Josiah Deguara,TE,GB,,,,,,18,1,186,,1,,,,,,,,,,,,
sealsjones_TE_KC,Ricky Seals-Jones,TE,KC,,,,,,11,2,153,,0,,,,,,,,,,,,
trautman_TE_NO,Adam Trautman,TE,NO,,,,,,16,1,150,,0,,,,,,,,,,,,
carrier_TE_LV,Derek Carrier,TE,LV,,,,,,11,2,96,,0,,,,,,,,,,,,
manhertz_TE_CAR,Chris Manhertz,TE,CAR,,,,,,12,1,160,,0,,,,,,,,,,,,
sample_TE_CIN,Drew Sample,TE,CIN,,,,,,15,1,140,,0,,,,,,,,,,,,
stocker_TE_ATL,Luke Stocker,TE,ATL,,,,,,13,1,129,,0,,,,,,,,,,,,
hopkins_TE_LAR,Brycen Hopkins,TE,LAR,,,,,,12,1,126,,0,,,,,,,,,,,,
smythe_TE_MIA,Durham Smythe,TE,MIA,,,,,,12,1,102,,0,,,,,,,,,,,,
holtz_TE_CHI,J.P. Holtz,TE,CHI,,,,,,11,1,123,,0,,,,,,,,,,,,
bell_TE_DAL,Blake Bell,TE,DAL,,,,,,12,1,108,,0,,,,,,,,,,,,
witten_TE_LV,Jason Witten,TE,LV,,,,,,11,1,92,,0,,,,,,,,,,,,
moreau_TE_LV,Foster Moreau,TE,LV,,,,,,11,1,92,,0,,,,,,,,,,,,
parham_TE_LAC,Donald Parham,TE,LAC,,,,,,10,1,113,,0,,,,,,,,,,,,
warring_TE_HOU,Kahale Warring,TE,HOU,,,,,,10,1,112,,0,,,,,,,,,,,,
smith_TE_NYG,Kaden Smith,TE,NYG,,,,,,11,1,96,,0,,,,,,,,,,,,
davis_TE_JAX,Tyler Davis,TE,JAX,,,,,,11,1,106,,0,,,,,,,,,,,,
brown_TE_CLE,Pharaoh Brown,TE,CLE,,,,,,10,1,115,,0,,,,,,,,,,,,
gentry_TE_PIT,Zach Gentry,TE,PIT,,,,,,11,1,100,,0,,,,,,,,,,,,
okwuegbunam_TE_DEN,Albert Okwuegbunam,TE,DEN,,,,,,10,1,105,,0,,,,,,,,,,,,
auclair_TE_TB,Antony Auclair,TE,TB,,,,,,10,1,105,,0,,,,,,,,,,,,
willson_TE_SEA,Luke Willson,TE,SEA,,,,,,10,1,91,,0,,,,,,,,,,,,
izzo_TE_NE,Ryan Izzo,TE,NE,,,,,,9,1,118,,0,,,,,,,,,,,,
hollister_TE_SEA,Jacob Hollister,TE,SEA,,,,,,10,1,91,,0,,,,,,,,,,,,
carlson_TE_CLE,Stephen Carlson,TE,CLE,,,,,,10,1,111,,0,,,,,,,,,,,,
woerner_TE_SF,Charlie Woerner,TE,SF,,,,,,9,1,104,,0,,,,,,,,,,,,
conklin_TE_MIN,Tyler Conklin,TE,MIN,,,,,,9,1,103,,0,,,,,,,,,,,,
dwelley_TE_SF,Ross Dwelley,TE,SF,,,,,,9,1,86,,0,,,,,,,,,,,,
swaim_TE_JAX,Geoff Swaim,TE,JAX,,,,,,8,1,81,,0,,,,,,,,,,,,
pruitt_TE_TEN,MyCole Pruitt,TE,TEN,,,,,,8,1,98,,0,,,,,,,,,,,,
wesco_TE_NYJ,Trevon Wesco,TE,NYJ,,,,,,8,0,99,,0,,,,,,,,,,,,
parkinson_TE_SEA,Colby Parkinson,TE,SEA,,,,,,6,1,67,,0,,,,,,,,,,,,
smith_TE_BUF,Lee Smith,TE,BUF,,,,,,5,1,42,,0,,,,,,,,,,,,
butt_TE_DEN,Jake Butt,TE,DEN,,,,,,8,0,80,,0,,,,,,,,,,,,
steelers_DST_PIT,Steelers,DST,PIT,,,,,,,,,,,,,,,,,18.1,54.4,0,19,3.7,15
ers_DST_SF,49ers,DST,SF,,,,,,,,,,,,,,,,,17.6,51.8,0,17,3.5,15
ravens_DST_BAL,Ravens,DST,BAL,,,,,,,,,,,,,,,,,18.1,40.0,0,15,3.3,15
bills_DST_BUF,Bills,DST,BUF,,,,,,,,,,,,,,,,,17.2,42.9,0,12,3.1,14
patriots_DST_NE,Patriots,DST,NE,,,,,,,,,,,,,,,,,18.9,49.1,0,14,3.7,21
rams_DST_LAR,L.A. Rams,DST,LAR,,,,,,,,,,,,,,,,,20.4,51.1,0,16,3.4,16
vikings_DST_MIN,Vikings,DST,MIN,,,,,,,,,,,,,,,,,19.6,50.9,0,16,3,14
chiefs_DST_KC,Chiefs,DST,KC,,,,,,,,,,,,,,,,,20.2,41.7,0,11,3.3,17
titans_DST_TEN,Titans,DST,TEN,,,,,,,,,,,,,,,,,17.9,41.8,0,12,2.7,14
bears_DST_CHI,Bears,DST,CHI,,,,,,,,,,,,,,,,,18.4,32.1,0,13,3,14
saints_DST_NO,Saints,DST,NO,,,,,,,,,,,,,,,,,21.7,47.1,0,15,3.3,14
team_DST_WSH,Team,DST,WSH,,,,,,,,,,,,,,,,,22.9,50.7,0,13,2.9,15
seahawks_DST_SEA,Seahawks,DST,SEA,,,,,,,,,,,,,,,,,22.6,32.3,0,18,3.5,16
panthers_DST_CAR,Panthers,DST,CAR,,,,,,,,,,,,,,,,,26.0,55.1,0,12,2.6,13
buccaneers_DST_TB,Buccaneers,DST,TB,,,,,,,,,,,,,,,,,23.3,37.7,0,17,3.4,14
packers_DST_GB,Packers,DST,GB,,,,,,,,,,,,,,,,,23.1,43.4,1,11,2.8,16
browns_DST_CLE,Browns,DST,CLE,,,,,,,,,,,,,,,,,21.8,40.2,0,12,2.9,16
eagles_DST_PHI,Eagles,DST,PHI,,,,,,,,,,,,,,,,,22.2,39.2,0,11,3,17
colts_DST_IND,Colts,DST,IND,,,,,,,,,,,,,,,,,21.3,46.2,0,13,2.8,12
cowboys_DST_DAL,Cowboys,DST,DAL,,,,,,,,,,,,,,,,,21.6,41.6,0,15,2.8,12
broncos_DST_DEN,Broncos,DST,DEN,,,,,,,,,,,,,,,,,21.4,38.6,0,12,2.8,14
cardinals_DST_ARI,Cardinals,DST,ARI,,,,,,,,,,,,,,,,,24.6,37.8,0,13,2.6,12
giants_DST_NYG,N.Y. Giants,DST,NYG,,,,,,,,,,,,,,,,,26.2,35.7,0,9,2.6,16
bengals_DST_CIN,Bengals,DST,CIN,,,,,,,,,,,,,,,,,27.3,34.1,0,10,2.8,15
jets_DST_NYJ,N.Y. Jets,DST,NYJ,,,,,,,,,,,,,,,,,24.1,31.8,0,12,2.8,14
raiders_DST_LV,Raiders,DST,LV,,,,,,,,,,,,,,,,,25.4,32.8,0,9,2.8,16
texans_DST_HOU,Texans,DST,HOU,,,,,,,,,,,,,,,,,21.9,28.7,0,14,2.7,12
lions_DST_DET,Lions,DST,DET,,,,,,,,,,,,,,,,,22.3,29.2,0,13,3.1,11
falcons_DST_ATL,Falcons,DST,ATL,,,,,,,,,,,,,,,,,27.0,28.7,0,11,2.9,13
chargers_DST_LAC,L.A. Chargers,DST,LAC,,,,,,,,,,,,,,,,,22.7,32.9,0,8,2.5,12
dolphins_DST_MIA,Dolphins,DST,MIA,,,,,,,,,,,,,,,,,26.7,22.7,0,7,2.7,16
jaguars_DST_JAX,Jaguars,DST,JAX,,,,,,,,,,,,,,,,,28.1,36.8,0,13,2.6,12
lutz_K_NO,Wil Lutz,K,NO,,,,,,,,,,,0.529,8.4,9.5,12,2.63,48,,,,,,
tucker_K_BAL,Justin Tucker,K,BAL,,,,,,,,,,,0.245,9.7,8.8,9.3,2.78,49,,,,,,
butker_K_KC,Harrison Butker,K,KC,,,,,,,,,,,0.249,9.5,9.5,9.5,2.51,48,,,,,,
zuerlein_K_DAL,Greg Zuerlein,K,DAL,,,,,,,,,,,0.221,8.8,8.4,6.3,4.69,45,,,,,,
gould_K_SF,Robbie Gould,K,SF,,,,,,,,,,,0.233,9.2,10.6,7.8,1.39,43,,,,,,
koo_K_ATL,Younghoe Koo,K,ATL,,,,,,,,,,,0.252,7.8,10.5,8.6,1.91,36,,,,,,
badgley_K_LAC,Mike Badgley,K,LAC,,,,,,,,,,,0.218,8.3,7.1,9.3,1.65,39,,,,,,
succop_K_TB,Ryan Succop,K,TB,,,,,,,,,,,0.213,5.9,10.1,6.1,2.96,40,,,,,,
gonzalez_K_ARI,Zane Gonzalez,K,ARI,,,,,,,,,,,0.196,7.8,9.3,5.6,2.45,37,,,,,,
bailey_K_MIN,Dan Bailey,K,MIN,,,,,,,,,,,0.204,8,9.7,5.9,2,37,,,,,,
prater_K_DET,Matt Prater,K,DET,,,,,,,,,,,0.208,8.3,6.8,6,4.42,37,,,,,,
fairbairn_K_HOU,Ka'imi Fairbairn,K,HOU,,,,,,,,,,,0.373,6.2,8.3,7,2.9,39,,,,,,
seibert_K_CLE,Austin Seibert,K,CLE,,,,,,,,,,,0.219,6.6,9.9,9.3,1.1,33,,,,,,
elliott_K_PHI,Jake Elliott,K,PHI,,,,,,,,,,,0.195,7,8.9,6.6,1.87,38,,,,,,
boswell_K_PIT,Chris Boswell,K,PIT,,,,,,,,,,,0.416,8.9,7.3,9.2,1.32,32,,,,,,
mcmanus_K_DEN,Brandon McManus,K,DEN,,,,,,,,,,,0.206,5.8,7.9,8.8,3.15,35,,,,,,
myers_K_SEA,Jason Myers,K,SEA,,,,,,,,,,,0.192,5.3,9.1,6.6,3.31,37,,,,,,
sloman_K_LAR,Sam Sloman,K,LAR,,,,,,,,,,,0.249,7,8,7,2.74,34,,,,,,
lambo_K_JAX,Josh Lambo,K,JAX,,,,,,,,,,,0.203,7.8,8.3,5.9,3.91,29,,,,,,
bass_K_BUF,Tyler Bass,K,BUF,,,,,,,,,,,0.252,7.1,8.1,7.1,2.77,32,,,,,,
bullock_K_CIN,Randy Bullock,K,CIN,,,,,,,,,,,0.189,7.2,6.7,8,1.54,33,,,,,,
sanders_K_MIA,Jason Sanders,K,MIA,,,,,,,,,,,0.189,7.5,6.3,6.9,2.3,36,,,,,,
crosby_K_GB,Mason Crosby,K,GB,,,,,,,,,,,0.311,4.56,7.9,7,2.39,38,,,,,,
slye_K_CAR,Joey Slye,K,CAR,,,,,,,,,,,0.195,5.4,6.3,7.8,4.15,31,,,,,,
blankenship_K_IND,Rodrigo Blankenship,K,IND,,,,,,,,,,,0.224,6.3,7.2,6.3,2.46,36,,,,,,
pineiro_K_CHI,Eddy Pineiro,K,CHI,,,,,,,,,,,0.332,7.1,8.4,5.1,1.93,31,,,,,,
carlson_K_LV,Daniel Carlson,K,LV,,,,,,,,,,,0.177,6.2,5.8,7.5,1.85,33,,,,,,
hopkins_K_WSH,Dustin Hopkins,K,WSH,,,,,,,,,,,0.166,4.87,6.1,7,2.43,27,,,,,,
gano_K_NYG,Graham Gano,K,NYG,,,,,,,,,,,0.164,4.52,5.9,5.9,3.49,30,,,,,,
gostkowski_K_TEN,Stephen Gostkowski,K,TEN,,,,,,,,,,,0.145,5.8,6.5,4.16,0.928,34,,,,,,
ficken_K_NYJ,Sam Ficken,K,NYJ,,,,,,,,,,,0.149,4.09,7.1,6.3,2.79,28,,,,,,
scott_P_GB,J.K. Scott,P,GB,,,,,,,,,,,,,,,,0,,,,,,
