"","name","pos","pts_ppr_cbs","pts_cbs"
"1","Aaron Rodgers","QB","347","361"
"2","Deshaun Watson","QB","341","357"
"3","Tom Brady","QB","339","349"
"4","Russell Wilson","QB","318","336"
"5","Andrew Luck","QB","315","331"
"6","Drew Brees","QB","310","327"
"7","Cam Newton","QB","309","324"
"8","Ben Roethlisberger","QB","307","322"
"9","Alex Smith","QB","305","316"
"10","Carson Wentz","QB","304","314"
"11","Kirk Cousins","QB","298","311"
"12","Jimmy Garoppolo","QB","298","309"
"13","Patrick Mahomes","QB","288","301"
"14","Jared Goff","QB","285","298"
"15","Matthew Stafford","QB","284","297"
"16","Dak Prescott","QB","281","295"
"17","Matt Ryan","QB","278","292"
"18","Philip Rivers","QB","276","291"
"19","Eli Manning","QB","272","288"
"20","Blake Bortles","QB","270","284"
"21","Marcus Mariota","QB","265","283"
"22","Case Keenum","QB","257","271"
"23","Derek Carr","QB","249","263"
"24","Ryan Tannehill","QB","243","263"
"25","Mitchell Trubisky","QB","241","255"
"26","Andy Dalton","QB","226","241"
"27","Jameis Winston","QB","215","230"
"28","Joe Flacco","QB","214","229"
"29","Tyrod Taylor","QB","198","215"
"30","Sam Darnold","QB","198","208"
"31","Josh Rosen","QB","126","135"
"32","Sam Bradford","QB","113","122"
"33","Josh Allen","QB","108","117"
"34","Baker Mayfield","QB","80","86"
"35","Nathan Peterman","QB","49","55"
"36","Ryan Fitzpatrick","QB","28","32"
"37","Nick Foles","QB","15","15"
"38","Lamar Jackson","QB","10","10"
"39","C.J. Beathard","QB","1","1"
"40","DeShone Kizer","QB","1","1"
"41","Jacoby Brissett","QB","1","1"
"42","Trevor Siemian","QB","1","1"
"43","Brock Osweiler","QB","1","1"
"44","Ryan Griffin","QB","1","1"
"45","Josh McCown","QB","0","0"
"46","Matt Schaub","QB","0","0"
"47","Chase Daniel","QB","0","0"
"48","Chad Henne","QB","0","0"
"49","Geno Smith","QB","0","0"
"50","Cooper Rush","QB","0","0"
"51","Cody Kessler","QB","0","0"
"52","Austin Davis","QB","0","0"
"53","Brian Hoyer","QB","0","0"
"54","Robert Griffin III","QB","0","0"
"55","Mason Rudolph","QB","0","0"
"56","Tanner Lee","QB","0","0"
"57","Taylor Heinicke","QB","0","0"
"58","Teddy Bridgewater","QB","0","0"
"59","Jameill Showers","QB","0","0"
"60","Colt McCoy","QB","0","0"
"61","AJ McCarron","QB","0","0"
"62","Kyle Lauletta","QB","0","0"
"63","Cody Kessler","QB","0","0"
"64","Austin Davis","QB","0","0"
"65","Brian Hoyer","QB","0","0"
"66","Robert Griffin III","QB","0","0"
"67","Mason Rudolph","QB","0","0"
"68","Tanner Lee","QB","0","0"
"69","Taylor Heinicke","QB","0","0"
"70","Teddy Bridgewater","QB","0","0"
"71","Jameill Showers","QB","0","0"
"72","Colt McCoy","QB","0","0"
"73","AJ McCarron","QB","0","0"
"74","Kyle Lauletta","QB","0","0"
"75","Matt Cassel","QB","0","0"
"76","Todd Gurley","RB","351","289"
"77","David Johnson","RB","296","227"
"78","Le'Veon Bell","RB","296","218"
"79","Ezekiel Elliott","RB","264","214"
"80","Alvin Kamara","RB","263","198"
"81","Saquon Barkley","RB","258","198"
"82","Christian McCaffrey","RB","249","193"
"83","Kareem Hunt","RB","245","188"
"84","Melvin Gordon","RB","236","188"
"85","Leonard Fournette","RB","222","174"
"86","Devonta Freeman","RB","220","169"
"87","Dalvin Cook","RB","212","166"
"88","LeSean McCoy","RB","204","147"
"89","Joe Mixon","RB","172","137"
"90","Royce Freeman","RB","169","136"
"91","Tevin Coleman","RB","167","136"
"92","Kenyan Drake","RB","165","135"
"93","Lamar Miller","RB","164","135"
"94","Jordan Howard","RB","164","133"
"95","Alex Collins","RB","160","129"
"96","Mark Ingram","RB","153","128"
"97","Derrick Henry","RB","151","124"
"98","Jay Ajayi","RB","151","116"
"99","Kerryon Johnson","RB","148","108"
"100","Chris Thompson","RB","141","108"
"101","Tarik Cohen","RB","139","105"
"102","James White","RB","138","102"
"103","Rex Burkhead","RB","137","101"
"104","Carlos Hyde","RB","133","101"
"105","Matt Breida","RB","131","96"
"106","Duke Johnson","RB","128","96"
"107","Isaiah Crowell","RB","126","95"
"108","Jamaal Williams","RB","125","92"
"109","Dion Lewis","RB","123","91"
"110","Marshawn Lynch","RB","116","89"
"111","Peyton Barber","RB","114","88"
"112","Marlon Mack","RB","113","86"
"113","Ty Montgomery","RB","113","86"
"114","Alfred Morris","RB","113","84"
"115","Sony Michel","RB","113","82"
"116","Bilal Powell","RB","113","82"
"117","Theo Riddick","RB","111","81"
"118","Corey Clement","RB","110","79"
"119","Devontae Booker","RB","105","78"
"120","Austin Ekeler","RB","105","77"
"121","Chris Carson","RB","102","76"
"122","Giovani Bernard","RB","102","76"
"123","Jordan Wilkins","RB","101","75"
"124","Rashaad Penny","RB","99","75"
"125","Nyheim Hines","RB","97","73"
"126","Nick Chubb","RB","96","69"
"127","Spencer Ware","RB","93","68"
"128","Adrian Peterson","RB","91","68"
"129","Frank Gore","RB","90","66"
"130","Darren Sproles","RB","85","64"
"131","D'Onta Foreman","RB","85","64"
"132","C.J. Prosise","RB","84","64"
"133","C.J. Anderson","RB","83","62"
"134","Wayne Gallman","RB","77","60"
"135","Jalen Richard","RB","74","60"
"136","Latavius Murray","RB","73","57"
"137","Doug Martin","RB","72","54"
"138","LeGarrette Blount","RB","71","54"
"139","Kyle Juszczyk","RB","70","54"
"140","Aaron Jones","RB","69","52"
"141","Ronald Jones","RB","68","51"
"142","James Conner","RB","68","51"
"143","Marcus Murphy","RB","66","48"
"144","T.J. Yeldon","RB","65","47"
"145","Rod Smith","RB","63","45"
"146","Chase Edmonds","RB","60","43"
"147","Chris Ivory","RB","58","41"
"148","Corey Grant","RB","57","40"
"149","Jeremy Hill","RB","54","39"
"150","Rob Kelley","RB","51","39"
"151","Raheem Mostert","RB","47","35"
"152","Phillip Lindsay","RB","43","31"
"153","Mike Gillislee","RB","39","31"
"154","Kenneth Dixon","RB","36","31"
"155","Cameron Artis-Payne","RB","36","29"
"156","Malcolm Brown","RB","35","21"
"157","Robert Turbin","RB","31","20"
"158","Elijah McGuire","RB","28","18"
"159","Wendell Smallwood","RB","26","18"
"160","Mike Davis","RB","25","15"
"161","Mark Walton","RB","18","13"
"162","Jaylen Samuels","RB","18","12"
"163","Ameer Abdullah","RB","16","11"
"164","Alfred Blue","RB","13","9"
"165","Kalen Ballage","RB","13","8"
"166","Christine Michael","RB","11","8"
"167","Orleans Darkwa","RB","11","8"
"168","Jacquizz Rodgers","RB","11","8"
"169","Andre Ellington","RB","11","7"
"170","Anthony Sherman","RB","10","6"
"171","Samaje Perine","RB","10","6"
"172","Jamize Olawale","RB","9","5"
"173","DeAndre Washington","RB","9","5"
"174","Benny Cunningham","RB","6","4"
"175","Lance Dunbar","RB","6","4"
"176","Damien Williams","RB","6","4"
"177","James Develin","RB","6","4"
"178","Zach Line","RB","5","3"
"179","Dalton Crossan","RB","5","3"
"180","Patrick DiMarco","RB","5","3"
"181","Stevan Ridley","RB","5","3"
"182","Gus Edwards","RB","5","3"
"183","John Kelly","RB","5","3"
"184","Mark Thompson","RB","5","3"
"185","Andy Janovich","RB","5","3"
"186","David Williams","RB","4","2"
"187","Roosevelt Nix-Jones","RB","4","2"
"188","Ito Smith","RB","4","2"
"189","Branden Oliver","RB","4","2"
"190","Justin Davis","RB","4","2"
"191","Jay Prosch","RB","4","2"
"192","Trenton Cannon","RB","4","2"
"193","C.J. Spiller","RB","3","2"
"194","Jalston Fowler","RB","3","1"
"195","Trey Edmunds","RB","3","1"
"196","Keith Smith","RB","3","1"
"197","Shane Smith","RB","2","1"
"198","Eddie Lacy","RB","2","1"
"199","Derek Watt","RB","2","1"
"200","Tion Green","RB","2","1"
"201","Fitzgerald Toussaint","RB","1","0"
"202","Byron Marshall","RB","1","0"
"203","Tyler Ervin","RB","1","0"
"204","Daniel Lasco","RB","1","0"
"205","Brandon Bolden","RB","1","0"
"206","Derrick Coleman","RB","1","0"
"207","Marquez Williams","RB","1","0"
"208","Michael Burton","RB","1","0"
"209","Taiwan Jones","RB","0","0"
"210","Matt Dayes","RB","0","0"
"211","Brandon Wilson","RB","0","0"
"212","Senorise Perry","RB","0","0"
"213","David Fluellen","RB","0","0"
"214","Antonio Brown","WR","323","211"
"215","DeAndre Hopkins","WR","272","178"
"216","Odell Beckham","WR","264","163"
"217","Julio Jones","WR","260","156"
"218","Michael Thomas","WR","257","155"
"219","Davante Adams","WR","246","152"
"220","Keenan Allen","WR","241","146"
"221","A.J. Green","WR","239","145"
"222","Jarvis Landry","WR","239","145"
"223","Stefon Diggs","WR","235","139"
"224","Mike Evans","WR","231","136"
"225","Demaryius Thomas","WR","224","136"
"226","Adam Thielen","WR","222","135"
"227","Golden Tate","WR","221","133"
"228","Larry Fitzgerald","WR","219","130"
"229","Amari Cooper","WR","217","130"
"230","Tyreek Hill","WR","216","129"
"231","Doug Baldwin","WR","210","128"
"232","T.Y. Hilton","WR","209","123"
"233","Josh Gordon","WR","203","122"
"234","Michael Crabtree","WR","201","117"
"235","JuJu Smith-Schuster","WR","194","116"
"236","Marvin Jones","WR","183","116"
"237","Marquise Goodwin","WR","179","111"
"238","Robby Anderson","WR","177","110"
"239","Sterling Shepard","WR","177","107"
"240","Corey Davis","WR","174","105"
"241","Emmanuel Sanders","WR","172","104"
"242","Pierre Garcon","WR","170","103"
"243","Robert Woods","WR","169","103"
"244","Cooper Kupp","WR","169","101"
"245","Jamison Crowder","WR","168","101"
"246","Allen Robinson","WR","167","98"
"247","Brandin Cooks","WR","163","98"
"248","Julian Edelman","WR","159","98"
"249","Nelson Agholor","WR","159","98"
"250","Jordy Nelson","WR","158","98"
"251","Chris Hogan","WR","155","97"
"252","Sammy Watkins","WR","152","93"
"253","Will Fuller","WR","148","93"
"254","Devin Funchess","WR","147","93"
"255","Mohamed Sanu","WR","146","93"
"256","Kenny Stills","WR","145","91"
"257","Randall Cobb","WR","145","90"
"258","Calvin Ridley","WR","145","89"
"259","Geronimo Allison","WR","144","88"
"260","John Brown","WR","143","87"
"261","Quincy Enunwa","WR","143","87"
"262","Josh Doctson","WR","142","86"
"263","Courtland Sutton","WR","140","86"
"264","Ted Ginn","WR","138","86"
"265","Tyrell Williams","WR","138","86"
"266","Michael Gallup","WR","137","84"
"267","Dede Westbrook","WR","136","84"
"268","Keelan Cole","WR","136","83"
"269","DeSean Jackson","WR","136","82"
"270","Allen Hurns","WR","136","82"
"271","Paul Richardson","WR","135","82"
"272","Kenny Golladay","WR","135","81"
"273","Kelvin Benjamin","WR","132","80"
"274","Alshon Jeffery","WR","129","79"
"275","Antonio Callaway","WR","129","79"
"276","DJ Moore","WR","128","77"
"277","Seth Roberts","WR","125","76"
"278","Adam Humphries","WR","124","74"
"279","DeVante Parker","WR","124","73"
"280","Ryan Grant","WR","121","72"
"281","Chester Rogers","WR","121","70"
"282","Christian Kirk","WR","120","70"
"283","Albert Wilson","WR","117","70"
"284","Donte Moncrief","WR","116","66"
"285","Jermaine Kearse","WR","115","66"
"286","Cameron Meredith","WR","114","65"
"287","Mike Wallace","WR","112","65"
"288","Chad Williams","WR","111","65"
"289","Brandon Marshall","WR","111","65"
"290","Tyler Lockett","WR","110","65"
"291","Travis Benjamin","WR","108","63"
"292","Laquon Treadwell","WR","106","63"
"293","D.J. Chark","WR","104","61"
"294","Chris Conley","WR","104","61"
"295","Cole Beasley","WR","103","60"
"296","John Ross","WR","103","60"
"297","Trent Taylor","WR","102","60"
"298","Tre'Quan Smith","WR","100","60"
"299","T.J. Jones","WR","100","58"
"300","Chris Godwin","WR","99","57"
"301","J.J. Nelson","WR","97","57"
"302","Danny Amendola","WR","95","56"
"303","Cordarrelle Patterson","WR","94","54"
"304","Phillip Dorsett","WR","93","54"
"305","Terrelle Pryor","WR","93","53"
"306","Anthony Miller","WR","90","51"
"307","Zay Jones","WR","88","51"
"308","Taylor Gabriel","WR","84","50"
"309","Mike Williams","WR","84","50"
"310","Willie Snead","WR","83","48"
"311","Terrance Williams","WR","83","48"
"312","Taywan Taylor","WR","81","45"
"313","Cody Latimer","WR","80","44"
"314","Bruce Ellington","WR","79","42"
"315","Jaron Brown","WR","78","42"
"316","Tyler Boyd","WR","77","41"
"317","Chris Moore","WR","73","41"
"318","James Washington","WR","70","40"
"319","Dante Pettis","WR","69","40"
"320","Kevin White","WR","64","40"
"321","Andre Holmes","WR","63","36"
"322","Curtis Samuel","WR","62","35"
"323","Josh Reynolds","WR","60","34"
"324","Mack Hollins","WR","59","34"
"325","Torrey Smith","WR","58","32"
"326","Jakeem Grant","WR","58","32"
"327","Hunter Sharp","WR","54","31"
"328","Jeremy Kerley","WR","54","31"
"329","Sammie Coates","WR","53","29"
"330","Keke Coutee","WR","50","24"
"331","Justin Hardy","WR","39","23"
"332","J'Mon Moore","WR","30","15"
"333","DaeSean Hamilton","WR","29","15"
"334","Brandon LaFell","WR","29","15"
"335","Rashard Higgins","WR","20","14"
"336","Justin Hunter","WR","20","9"
"337","Tajae Sharpe","WR","19","9"
"338","Eli Rogers","WR","16","8"
"339","Josh Bellamy","WR","16","8"
"340","Kendrick Bourne","WR","15","6"
"341","Damiere Byrd","WR","15","6"
"342","Demarcus Robinson","WR","13","6"
"343","Tavon Austin","WR","13","5"
"344","Travis Rudolph","WR","12","5"
"345","De'Anthony Thomas","WR","11","5"
"346","Austin Carr","WR","10","5"
"347","Corey Fuller","WR","10","5"
"348","Markus Wheaton","WR","10","5"
"349","Marquez Valdes-Scantling","WR","10","5"
"350","Equanimeous St. Brown","WR","10","5"
"351","Nick Williams","WR","10","5"
"352","Jarius Wright","WR","9","4"
"353","Trey Quinn","WR","9","4"
"354","Richie James","WR","9","4"
"355","Justin Watson","WR","9","4"
"356","Wendall Williams","WR","9","4"
"357","Daurice Fountain","WR","9","4"
"358","Geremy Davis","WR","9","4"
"359","Harry Douglas","WR","9","4"
"360","Charone Peake","WR","9","4"
"361","Alex Erickson","WR","9","3"
"362","Jordan Lasley","WR","8","3"
"363","Ed Eagan","WR","8","3"
"364","Mike Thomas","WR","8","3"
"365","Reggie Davis","WR","7","3"
"366","Josh Malone","WR","7","3"
"367","Ryan Switzer","WR","7","3"
"368","Russell Gage","WR","7","3"
"369","Marcus Johnson","WR","7","3"
"370","Auden Tate","WR","7","3"
"371","Shelton Gibson","WR","7","3"
"372","Freddie Martino","WR","7","3"
"373","Javon Wims","WR","7","3"
"374","Tommylee Lewis","WR","6","3"
"375","Ray-Ray McCloud","WR","6","2"
"376","Maurice Harris","WR","6","2"
"377","Chris Matthews","WR","6","2"
"378","Darrius Heyward-Bey","WR","6","2"
"379","J.D. McKissic","WR","6","2"
"380","Shane Wynn","WR","6","2"
"381","Cody Core","WR","5","2"
"382","Trevor Davis","WR","5","2"
"383","Pharoh Cooper","WR","4","1"
"384","Marvin Hall","WR","4","1"
"385","Brittan Golden","WR","4","1"
"386","Jeff Janis","WR","4","1"
"387","Chris Thompson","WR","3","1"
"388","Noah Brown","WR","3","1"
"389","Jordan Taylor","WR","3","1"
"390","Andre Roberts","WR","3","0"
"391","Ced Wilson","WR","3","0"
"392","Arrelious Benn","WR","3","0"
"393","ArDarius Stewart","WR","2","0"
"394","Kalif Raymond","WR","2","0"
"395","Dwayne Harris","WR","1","0"
"396","Vince Mayle","WR","1","0"
"397","Isaiah McKenzie","WR","0","0"
"398","Justin Hardee","WR","0","0"
"399","Eric Weems","WR","0","-1"
"400","Travis Kelce","TE","229","141"
"401","Rob Gronkowski","TE","214","139"
"402","Zach Ertz","TE","186","111"
"403","Evan Engram","TE","162","95"
"404","Delanie Walker","TE","162","94"
"405","Jordan Reed","TE","162","94"
"406","Kyle Rudolph","TE","161","93"
"407","Jimmy Graham","TE","159","91"
"408","Trey Burton","TE","156","90"
"409","Greg Olsen","TE","146","86"
"410","Jack Doyle","TE","144","83"
"411","George Kittle","TE","141","82"
"412","Charles Clay","TE","139","81"
"413","Jared Cook","TE","130","75"
"414","Austin Seferian-Jenkins","TE","127","74"
"415","David Njoku","TE","127","74"
"416","Eric Ebron","TE","126","73"
"417","Benjamin Watson","TE","125","73"
"418","Cameron Brate","TE","123","73"
"419","Vance McDonald","TE","116","72"
"420","Vernon Davis","TE","115","71"
"421","Ricky Seals-Jones","TE","111","69"
"422","Tyler Eifert","TE","109","67"
"423","Mike Gesicki","TE","104","67"
"424","Hayden Hurst","TE","102","66"
"425","Austin Hooper","TE","101","56"
"426","Garrett Celek","TE","101","54"
"427","O.J. Howard","TE","101","51"
"428","Antonio Gates","TE","89","51"
"429","Luke Willson","TE","87","50"
"430","Jesse James","TE","87","47"
"431","Dallas Goedert","TE","85","46"
"432","Tyler Higbee","TE","80","45"
"433","Ryan Griffin","TE","79","41"
"434","Jeff Heuerman","TE","73","40"
"435","Blake Jarwin","TE","71","39"
"436","Virgil Green","TE","70","39"
"437","Jonnu Smith","TE","69","39"
"438","Jermaine Gresham","TE","68","36"
"439","Nick Vannett","TE","67","35"
"440","Jordan Akins","TE","63","34"
"441","Jake Butt","TE","63","33"
"442","Dwayne Allen","TE","60","33"
"443","MarQueis Gray","TE","59","33"
"444","Rhett Ellison","TE","58","30"
"445","Marcedes Lewis","TE","53","29"
"446","Tyler Kroft","TE","53","28"
"447","David Morgan","TE","49","28"
"448","Ed Dickson","TE","49","25"
"449","Josh Hill","TE","47","21"
"450","Jordan Leggett","TE","39","17"
"451","Chris Herndon","TE","39","17"
"452","Darren Fells","TE","31","16"
"453","Rico Gathers","TE","30","15"
"454","Demetrius Harris","TE","29","14"
"455","Gerald Everett","TE","28","14"
"456","Will Dissly","TE","27","13"
"457","Mark Andrews","TE","26","13"
"458","Adam Shaheen","TE","26","10"
"459","Seth DeValve","TE","19","9"
"460","A.J. Derby","TE","19","8"
"461","Dalton Schultz","TE","18","8"
"462","Durham Smythe","TE","18","8"
"463","Ian Thomas","TE","17","8"
"464","Lance Kendricks","TE","16","7"
"465","Troy Niklas","TE","16","7"
"466","Dion Sims","TE","15","7"
"467","Nick Boyle","TE","14","6"
"468","Mychal Rivera","TE","12","5"
"469","Neal Sterling","TE","12","5"
"470","Ben Koyack","TE","12","5"
"471","Jerell Adams","TE","11","4"
"472","Erik Swoope","TE","10","4"
"473","Luke Stocker","TE","10","4"
"474","Brandon Williams","TE","9","4"
"475","Maxx Williams","TE","9","4"
"476","C.J. Uzomah","TE","8","4"
"477","Logan Thomas","TE","8","3"
"478","Xavier Grimble","TE","8","3"
"479","Bucky Hodges","TE","8","3"
"480","Eric Tomlinson","TE","8","3"
"481","Jeremy Sprinkle","TE","7","3"
"482","Jordan Thomas","TE","7","3"
"483","Orson Charles","TE","7","3"
"484","Mason Schreck","TE","6","3"
"485","Jim Dray","TE","6","3"
"486","Tyler Conklin","TE","6","2"
"487","Eric Saubert","TE","6","2"
"488","Gavin Escobar","TE","6","2"
"489","James O'Shaughnessy","TE","6","2"
"490","Daniel Brown","TE","6","2"
"491","Chris Manhertz","TE","6","2"
"492","Antony Auclair","TE","6","2"
"493","Clay Harbor","TE","6","2"
"494","Michael Roberts","TE","6","2"
"495","Derek Carrier","TE","5","2"
"496","Phillip Supernaw","TE","5","1"
"497","Khari Lee","TE","5","1"
"498","Niles Paul","TE","4","1"
"499","Lee Smith","TE","4","0"
"500","Darrell Daniels","TE","4","0"
"501","Levine Toilolo","TE","3","0"
"502","Jacob Hollister","TE","2","0"
"503","Troy Fumagalli","TE","2","0"
"504","Logan Paulsen","TE","2","0"
"505","Lee Smith","TE","4","0"
"506","Darrell Daniels","TE","4","0"
"507","Levine Toilolo","TE","3","0"
"508","Jacob Hollister","TE","2","0"
"509","Troy Fumagalli","TE","2","0"
"510","Logan Paulsen","TE","2","0"
"511","Ben Braunecker","TE","0","0"
"512","Stephen Gostkowski","K","152","156"
"513","Greg Zuerlein","K","147","152"
"514","Harrison Butker","K","146","150"
"515","Robbie Gould","K","145","148"
"516","Chris Boswell","K","137","142"
"517","Jake Elliott","K","136","142"
"518","Justin Tucker","K","135","140"
"519","Matt Bryant","K","134","140"
"520","Wil Lutz","K","132","137"
"521","Adam Vinatieri","K","128","134"
"522","Daniel Carlson","K","126","130"
"523","Graham Gano","K","123","128"
"524","Matt Prater","K","123","125"
"525","Josh Lambo","K","120","123"
"526","Ryan Succop","K","119","121"
"527","Ka'imi Fairbairn","K","117","121"
"528","Brett Maher","K","116","118"
"529","Brandon McManus","K","114","117"
"530","Phil Dawson","K","114","117"
"531","Mason Crosby","K","110","112"
"532","Dustin Hopkins","K","109","110"
"533","Sebastian Janikowski","K","106","109"
"534","Caleb Sturgis","K","104","108"
"535","Mike Nugent","K","103","104"
"536","Chandler Catanzaro","K","98","100"
"537","Aldrick Rosas","K","93","97"
"538","Jason Sanders","K","93","95"
"539","Zane Gonzalez","K","92","95"
"540","Stephen Hauschka","K","90","94"
"541","Randy Bullock","K","85","86"
"542","Cody Parkey","K","83","85"
"543","Jason Myers","K","39","40"
"544","Jaguars","DST","246","246"
"545","Titans","DST","224","224"
"546","Vikings","DST","220","220"
"547","Rams","DST","207","207"
"548","Ravens","DST","201","201"
"549","Chargers","DST","200","200"
"550","Eagles","DST","199","199"
"551","Steelers","DST","196","196"
"552","Broncos","DST","190","190"
"553","Packers","DST","190","190"
"554","Cowboys","DST","185","185"
"555","Falcons","DST","179","179"
"556","Patriots","DST","177","177"
"557","Seahawks","DST","176","176"
"558","Cardinals","DST","173","173"
"559","Bears","DST","163","163"
"560","Panthers","DST","161","161"
"561","Bills","DST","159","159"
"562","Redskins","DST","157","157"
"563","Texans","DST","153","153"
"564","Saints","DST","153","153"
"565","Chiefs","DST","150","150"
"566","Lions","DST","147","147"
"567","Raiders","DST","144","144"
"568","Buccaneers","DST","139","139"
"569","49ers","DST","139","139"
"570","Dolphins","DST","138","138"
"571","Jets","DST","138","138"
"572","Colts","DST","136","136"
"573","Giants","DST","128","128"
"574","Bengals","DST","127","127"
