key,name,pos,team,pass_tds,pass_yds,pass_ints,rush_tds,rush_yds,receptions,reception_tds,reception_yds,two_pts,fumbles,kick_0_19,kick_20_29,kick_30_39,kick_40_49,kick_50,kick_extra_points,df_points_allowed_per_game,df_sacks,df_safeties,df_fumbles,df_tds,df_ints
mahomes_QB_KC,Patrick Mahomes,QB,KC,37,4968,11,3,366,,,,,1,,,,,,,,,,,,
hurts_QB_PHI,Jalen Hurts,QB,PHI,28,3917,10,10,835,,,,,3,,,,,,,,,,,,
allen_QB_BUF,Josh Allen,QB,BUF,33,4284,19,6,657,,,,,5,,,,,,,,,,,,
burrow_QB_CIN,Joe Burrow,QB,CIN,31,4580,14,5,288,,,,,2,,,,,,,,,,,,
jackson_QB_BAL,Lamar Jackson,QB,BAL,29,3757,15,3,783,,,,,2,,,,,,,,,,,,
fields_QB_CHI,Justin Fields,QB,CHI,23,2695,19,6,1176,,,,,3,,,,,,,,,,,,
herbert_QB_LAC,Justin Herbert,QB,LAC,29,4759,14,1,174,,,,,2,,,,,,,,,,,,
cousins_QB_MIN,Kirk Cousins,QB,MIN,30,4621,13,2,100,,,,,3,,,,,,,,,,,,
watson_QB_CLE,Deshaun Watson,QB,CLE,23,3973,18,6,529,,,,,1,,,,,,,,,,,,
goff_QB_DET,Jared Goff,QB,DET,30,4300,7,0,81,,,,,4,,,,,,,,,,,,
wilson_QB_DEN,Russell Wilson,QB,DEN,24,4023,12,4,359,,,,,2,,,,,,,,,,,,
jones_QB_NYG,Daniel Jones,QB,NYG,22,3319,9,4,670,,,,,3,,,,,,,,,,,,
prescott_QB_DAL,Dak Prescott,QB,DAL,29,3899,17,2,267,,,,,3,,,,,,,,,,,,
rodgers_QB_NYJ,Aaron Rodgers,QB,NYJ,25,4381,6,2,82,,,,,3,,,,,,,,,,,,
lawrence_QB_JAX,Trevor Lawrence,QB,JAX,26,4015,13,4,282,,,,,8,,,,,,,,,,,,
smith_QB_SEA,Geno Smith,QB,SEA,26,4012,13,1,326,,,,,4,,,,,,,,,,,,
richardson_QB_IND,Anthony Richardson,QB,IND,17,2983,20,5,981,,,,,2,,,,,,,,,,,,
purdy_QB_SF,Brock Purdy,QB,SF,26,3560,8,2,44,,,,,1,,,,,,,,,,,,
murray_QB_ARI,Kyler Murray,QB,ARI,19,3576,19,4,563,,,,,2,,,,,,,,,,,,
pickett_QB_PIT,Kenny Pickett,QB,PIT,20,3732,14,3,336,,,,,1,,,,,,,,,,,,
carr_QB_NO,Derek Carr,QB,NO,24,3869,11,0,117,,,,,2,,,,,,,,,,,,
tagovailoa_QB_MIA,Tua Tagovailoa,QB,MIA,23,3992,14,1,95,,,,,1,,,,,,,,,,,,
young_QB_CAR,Bryce Young,QB,CAR,23,3848,14,1,138,,,,,1,,,,,,,,,,,,
garoppolo_QB_LV,Jimmy Garoppolo,QB,LV,22,3468,13,2,40,,,,,2,,,,,,,,,,,,
stafford_QB_LAR,Matthew Stafford,QB,LAR,23,3718,17,1,50,,,,,4,,,,,,,,,,,,
love_QB_GB,Jordan Love,QB,GB,22,3704,17,0,43,,,,,1,,,,,,,,,,,,
stroud_QB_HOU,C.J. Stroud,QB,HOU,21,3443,18,1,109,,,,,2,,,,,,,,,,,,
ridder_QB_ATL,Desmond Ridder,QB,ATL,21,2641,9,1,199,,,,,4,,,,,,,,,,,,
mayfield_QB_TB,Baker Mayfield,QB,TB,17,3523,12,1,72,,,,,2,,,,,,,,,,,,
jones_QB_NE,Mac Jones,QB,NE,19,3313,17,1,127,,,,,2,,,,,,,,,,,,
howell_QB_WSH,Sam Howell,QB,WSH,20,3000,15,1,135,,,,,2,,,,,,,,,,,,
tannehill_QB_TEN,Ryan Tannehill,QB,TEN,17,2798,17,3,175,,,,,2,,,,,,,,,,,,
trask_QB_TB,Kyle Trask,QB,TB,4,836,3,0,14,,,,,0,,,,,,,,,,,,
hoyer_QB_LV,Brian Hoyer,QB,LV,4,650,2,0,7,,,,,0,,,,,,,,,,,,
brissett_QB_WSH,Jacoby Brissett,QB,WSH,3,518,3,0,35,,,,,1,,,,,,,,,,,,
blough_QB_ARI,David Blough,QB,ARI,3,507,3,0,25,,,,,1,,,,,,,,,,,,
white_QB_MIA,Mike White,QB,MIA,2,431,2,0,5,,,,,0,,,,,,,,,,,,
mccoy_QB_ARI,Colt McCoy,QB,ARI,2,346,2,0,20,,,,,0,,,,,,,,,,,,
darnold_QB_SF,Sam Darnold,QB,SF,2,273,1,0,21,,,,,0,,,,,,,,,,,,
levis_QB_TEN,Will Levis,QB,TEN,2,308,2,0,2,,,,,0,,,,,,,,,,,,
heinicke_QB_ATL,Taylor Heinicke,QB,ATL,2,281,1,0,27,,,,,1,,,,,,,,,,,,
walker_QB_CHI,P.J. Walker,QB,CHI,2,299,2,0,11,,,,,0,,,,,,,,,,,,
winston_QB_NO,Jameis Winston,QB,NO,1,158,0,0,19,,,,,0,,,,,,,,,,,,
stidham_QB_DEN,Jarrett Stidham,QB,DEN,1,164,0,0,21,,,,,0,,,,,,,,,,,,
mariota_QB_PHI,Marcus Mariota,QB,PHI,1,160,0,0,27,,,,,0,,,,,,,,,,,,
gabbert_QB_KC,Blaine Gabbert,QB,KC,1,180,0,0,12,,,,,0,,,,,,,,,,,,
taylor_QB_NYG,Tyrod Taylor,QB,NYG,1,135,0,0,22,,,,,0,,,,,,,,,,,,
zappe_QB_NE,Bailey Zappe,QB,NE,1,135,1,0,4,,,,,1,,,,,,,,,,,,
duggan_QB_LAC,Max Duggan,QB,LAC,1,144,0,0,3,,,,,0,,,,,,,,,,,,
hall_QB_MIN,Jaren Hall,QB,MIN,1,141,0,0,3,,,,,0,,,,,,,,,,,,
oconnell_QB_LV,Aidan O'Connell,QB,LV,1,133,0,0,4,,,,,0,,,,,,,,,,,,
hooker_QB_DET,Hendon Hooker,QB,DET,1,129,0,0,4,,,,,0,,,,,,,,,,,,
mckee_QB_PHI,Tanner McKee,QB,PHI,1,120,0,0,6,,,,,0,,,,,,,,,,,,
lock_QB_SEA,Drew Lock,QB,SEA,1,163,1,0,18,,,,,0,,,,,,,,,,,,
dobbs_QB_CLE,Joshua Dobbs,QB,CLE,1,159,1,0,22,,,,,0,,,,,,,,,,,,
huntley_QB_BAL,Tyler Huntley,QB,BAL,1,153,1,0,25,,,,,0,,,,,,,,,,,,
siemian_QB_CIN,Trevor Siemian,QB,CIN,1,181,1,0,11,,,,,0,,,,,,,,,,,,
haener_QB_NO,Jake Haener,QB,NO,1,118,0,0,4,,,,,0,,,,,,,,,,,,
trubisky_QB_PIT,Mitch Trubisky,QB,PIT,1,149,1,0,18,,,,,0,,,,,,,,,,,,
dalton_QB_CAR,Andy Dalton,QB,CAR,1,152,1,0,19,,,,,0,,,,,,,,,,,,
mills_QB_HOU,Davis Mills,QB,HOU,1,138,1,0,18,,,,,0,,,,,,,,,,,,
mullens_QB_MIN,Nick Mullens,QB,MIN,1,189,1,0,17,,,,,1,,,,,,,,,,,,
franks_TE_ATL,Feleipe Franks,TE,ATL,0,0,0,0,11,,,,,0,,,,,,,,,,,,
rush_QB_DAL,Cooper Rush,QB,DAL,1,146,1,0,11,,,,,0,,,,,,,,,,,,
beathard_QB_JAX,C.J. Beathard,QB,JAX,1,146,1,0,5,,,,,0,,,,,,,,,,,,
thompsonrobinson_QB_CLE,Dorian Thompson-Robinson,QB,CLE,1,119,1,0,4,,,,,0,,,,,,,,,,,,
bennett_QB_LAR,Stetson Bennett,QB,LAR,1,114,1,0,3,,,,,0,,,,,,,,,,,,
clifford_QB_GB,Sean Clifford,QB,GB,1,113,1,0,4,,,,,0,,,,,,,,,,,,
minshew_QB_IND,Gardner Minshew,QB,IND,1,130,1,0,20,,,,,1,,,,,,,,,,,,
willis_QB_TEN,Malik Willis,QB,TEN,0,113,1,0,21,,,,,0,,,,,,,,,,,,
lance_QB_SF,Trey Lance,QB,SF,0,31,0,0,5,,,,,0,,,,,,,,,,,,
ekeler_RB_LAC,Austin Ekeler,RB,LAC,,,,11,736,85,5,603,,3,,,,,,,,,,,,
mccaffrey_RB_SF,Christian McCaffrey,RB,SF,,,,6,958,66,5,585,,3,,,,,,,,,,,,
barkley_RB_NYG,Saquon Barkley,RB,NYG,,,,7,1057,52,1,333,,3,,,,,,,,,,,,
henry_RB_TEN,Derrick Henry,RB,TEN,,,,8,1236,26,0,280,,3,,,,,,,,,,,,
jacobs_RB_LV,Josh Jacobs,RB,LV,,,,9,1132,33,0,248,,3,,,,,,,,,,,,
pollard_RB_DAL,Tony Pollard,RB,DAL,,,,6,954,41,2,361,,2,,,,,,,,,,,,
stevenson_RB_NE,Rhamondre Stevenson,RB,NE,,,,5,970,56,1,332,,3,,,,,,,,,,,,
robinson_RB_ATL,Bijan Robinson,RB,ATL,,,,6,1046,35,2,342,,4,,,,,,,,,,,,
taylor_RB_IND,Jonathan Taylor,RB,IND,,,,7,1280,30,0,187,,3,,,,,,,,,,,,
jones_RB_GB,Aaron Jones,RB,GB,,,,4,921,47,3,334,,2,,,,,,,,,,,,
hall_RB_NYJ,Breece Hall,RB,NYJ,,,,6,835,35,2,405,,2,,,,,,,,,,,,
chubb_RB_CLE,Nick Chubb,RB,CLE,,,,7,1125,25,1,223,,3,,,,,,,,,,,,
mixon_RB_CIN,Joe Mixon,RB,CIN,,,,6,718,50,2,366,,2,,,,,,,,,,,,
mattison_RB_MIN,Alexander Mattison,RB,MIN,,,,10,828,31,2,205,,2,,,,,,,,,,,,
pierce_RB_HOU,Dameon Pierce,RB,HOU,,,,6,1129,31,1,170,,3,,,,,,,,,,,,
conner_RB_ARI,James Conner,RB,ARI,,,,6,866,41,1,295,,2,,,,,,,,,,,,
gibbs_RB_DET,Jahmyr Gibbs,RB,DET,,,,6,652,43,2,413,,3,,,,,,,,,,,,
harris_RB_PIT,Najee Harris,RB,PIT,,,,6,857,36,3,215,,3,,,,,,,,,,,,
dobbins_RB_BAL,J.K. Dobbins,RB,BAL,,,,7,859,25,3,207,,2,,,,,,,,,,,,
etienne_RB_JAX,Travis Etienne,RB,JAX,,,,5,1010,31,0,277,,2,,,,,,,,,,,,
williams_RB_DEN,Javonte Williams,RB,DEN,,,,3,797,48,2,282,,2,,,,,,,,,,,,
montgomery_RB_DET,David Montgomery,RB,DET,,,,6,649,40,1,358,,2,,,,,,,,,,,,
walker_RB_SEA,Kenneth Walker III,RB,SEA,,,,9,867,25,0,151,,2,,,,,,,,,,,,
white_RB_TB,Rachaad White,RB,TB,,,,3,622,55,2,331,,3,,,,,,,,,,,,
kamara_RB_NO,Alvin Kamara,RB,NO,,,,3,625,41,2,369,,2,,,,,,,,,,,,
sanders_RB_CAR,Miles Sanders,RB,CAR,,,,5,996,27,0,130,,2,,,,,,,,,,,,
swift_RB_PHI,D'Andre Swift,RB,PHI,,,,5,616,34,2,282,,1,,,,,,,,,,,,
pacheco_RB_KC,Isiah Pacheco,RB,KC,,,,5,835,23,0,239,,2,,,,,,,,,,,,
akers_RB_LAR,Cam Akers,RB,LAR,,,,6,756,20,0,191,,2,,,,,,,,,,,,
robinson_RB_WSH,Brian Robinson Jr.,RB,WSH,,,,5,911,11,1,71,,2,,,,,,,,,,,,
dillon_RB_GB,A.J. Dillon,RB,GB,,,,6,709,22,0,177,,2,,,,,,,,,,,,
perine_RB_DEN,Samaje Perine,RB,DEN,,,,3,609,29,2,230,,1,,,,,,,,,,,,
williams_RB_NO,Jamaal Williams,RB,NO,,,,7,749,13,0,91,,2,,,,,,,,,,,,
penny_RB_PHI,Rashaad Penny,RB,PHI,,,,7,841,8,0,41,,2,,,,,,,,,,,,
cook_RB_BUF,James Cook,RB,BUF,,,,4,727,20,1,174,,2,,,,,,,,,,,,
gibson_RB_WSH,Antonio Gibson,RB,WSH,,,,4,523,31,1,231,,2,,,,,,,,,,,,
achane_RB_MIA,De'Von Achane,RB,MIA,,,,4,493,26,1,267,,2,,,,,,,,,,,,
charbonnet_RB_SEA,Zach Charbonnet,RB,SEA,,,,4,573,23,1,209,,2,,,,,,,,,,,,
harris_RB_BUF,Damien Harris,RB,BUF,,,,5,664,19,0,128,,1,,,,,,,,,,,,
herbert_RB_CHI,Khalil Herbert,RB,CHI,,,,4,781,13,1,89,,2,,,,,,,,,,,,
abanikanda_RB_NYJ,Israel Abanikanda,RB,NYJ,,,,5,556,19,1,190,,2,,,,,,,,,,,,
wilson_RB_MIA,Jeff Wilson,RB,MIA,,,,4,607,20,1,171,,2,,,,,,,,,,,,
mostert_RB_MIA,Raheem Mostert,RB,MIA,,,,3,603,26,1,169,,2,,,,,,,,,,,,
mitchell_RB_SF,Elijah Mitchell,RB,SF,,,,4,654,14,2,100,,2,,,,,,,,,,,,
jackson_RB_IND,Deon Jackson,RB,IND,,,,2,343,36,2,277,,2,,,,,,,,,,,,
johnson_RB_CHI,Roschon Johnson,RB,CHI,,,,4,639,14,1,136,,2,,,,,,,,,,,,
allgeier_RB_ATL,Tyler Allgeier,RB,ATL,,,,3,829,7,1,58,,2,,,,,,,,,,,,
singletary_RB_HOU,Devin Singletary,RB,HOU,,,,3,527,29,0,176,,2,,,,,,,,,,,,
edwards_RB_BAL,Gus Edwards,RB,BAL,,,,5,663,6,0,85,,1,,,,,,,,,,,,
gainwell_RB_PHI,Kenneth Gainwell,RB,PHI,,,,4,493,22,0,162,,1,,,,,,,,,,,,
strong_RB_NE,Pierre Strong Jr.,RB,NE,,,,4,562,16,0,122,,1,,,,,,,,,,,,
foreman_RB_CHI,D'Onta Foreman,RB,CHI,,,,3,817,5,0,35,,2,,,,,,,,,,,,
edwardshelaire_RB_KC,Clyde Edwards-Helaire,RB,KC,,,,4,429,16,2,132,,1,,,,,,,,,,,,
brown_RB_CIN,Chase Brown,RB,CIN,,,,3,312,28,1,259,,2,,,,,,,,,,,,
warren_RB_PIT,Jaylen Warren,RB,PIT,,,,2,481,26,0,205,,1,,,,,,,,,,,,
bigsby_RB_JAX,Tank Bigsby,RB,JAX,,,,3,472,21,1,181,,2,,,,,,,,,,,,
hubbard_RB_CAR,Chuba Hubbard,RB,CAR,,,,3,437,21,0,229,,1,,,,,,,,,,,,
spears_RB_TEN,Tyjae Spears,RB,TEN,,,,3,473,18,1,170,,2,,,,,,,,,,,,
clement_RB_ARI,Corey Clement,RB,ARI,,,,5,443,15,0,131,,1,,,,,,,,,,,,
hines_RB_BUF,Nyheim Hines,RB,BUF,,,,3,326,25,1,212,,2,,,,,,,,,,,,
mckinnon_RB_KC,Jerick McKinnon,RB,KC,,,,1,144,30,4,266,,1,,,,,,,,,,,,
miller_RB_NO,Kendre Miller,RB,NO,,,,3,394,19,1,194,,2,,,,,,,,,,,,
chandler_RB_MIN,Ty Chandler,RB,MIN,,,,4,449,14,1,131,,2,,,,,,,,,,,,
edmonds_RB_TB,Chase Edmonds,RB,TB,,,,2,315,26,1,175,,1,,,,,,,,,,,,
patterson_RB_ATL,Cordarrelle Patterson,RB,ATL,,,,4,377,12,1,93,,1,,,,,,,,,,,,
abdullah_RB_LV,Ameer Abdullah,RB,LV,,,,1,265,26,1,226,,1,,,,,,,,,,,,
gray_RB_NYG,Eric Gray,RB,NYG,,,,3,381,13,1,110,,1,,,,,,,,,,,,
jones_RB_DAL,Ronald Jones,RB,DAL,,,,3,594,4,0,29,,1,,,,,,,,,,,,
ingram_RB_ARI,Keaontay Ingram,RB,ARI,,,,3,358,15,0,111,,1,,,,,,,,,,,,
hasty_RB_JAX,JaMycal Hasty,RB,JAX,,,,2,319,19,1,117,,1,,,,,,,,,,,,
ford_RB_CLE,Jerome Ford,RB,CLE,,,,3,383,11,0,102,,1,,,,,,,,,,,,
knight_RB_NYJ,Zonovan Knight,RB,NYJ,,,,2,341,17,0,150,,1,,,,,,,,,,,,
mason_RB_SF,Jordan Mason,RB,SF,,,,2,590,0,0,0,,1,,,,,,,,,,,,
evans_RB_LAR,Zach Evans,RB,LAR,,,,2,246,14,1,124,,1,,,,,,,,,,,,
murray_RB_BUF,Latavius Murray,RB,BUF,,,,2,395,10,0,58,,1,,,,,,,,,,,,
moss_RB_IND,Zack Moss,RB,IND,,,,2,347,11,0,54,,1,,,,,,,,,,,,
michel_RB_LAR,Sony Michel,RB,LAR,,,,2,363,9,0,61,,1,,,,,,,,,,,,
kelley_RB_LAC,Joshua Kelley,RB,LAC,,,,2,318,9,0,61,,1,,,,,,,,,,,,
juszczyk_RB_SF,Kyle Juszczyk,RB,SF,,,,1,36,19,1,198,,0,,,,,,,,,,,,
breida_RB_NYG,Matt Breida,RB,NYG,,,,1,247,12,0,86,,1,,,,,,,,,,,,
williams_RB_CIN,Trayveon Williams,RB,CIN,,,,1,364,4,0,40,,2,,,,,,,,,,,,
blackshear_RB_CAR,Raheem Blackshear,RB,CAR,,,,3,97,9,0,83,,1,,,,,,,,,,,,
vaughn_RB_TB,Ke'Shawn Vaughn,RB,TB,,,,2,246,4,0,27,,1,,,,,,,,,,,,
haskins_RB_TEN,Hassan Haskins,RB,TEN,,,,1,188,11,0,60,,1,,,,,,,,,,,,
montgomery_RB_NE,Ty Montgomery,RB,NE,,,,0,96,13,1,69,,0,,,,,,,,,,,,
horvath_RB_LAC,Zander Horvath,RB,LAC,,,,0,23,9,3,31,,0,,,,,,,,,,,,
ham_RB_MIN,C.J. Ham,RB,MIN,,,,1,14,14,0,117,,0,,,,,,,,,,,,
williams_RB_ARI,Ty'Son Williams,RB,ARI,,,,1,170,5,0,34,,0,,,,,,,,,,,,
homer_RB_CHI,Travis Homer,RB,CHI,,,,0,197,6,0,70,,0,,,,,,,,,,,,
conner_RB_JAX,Snoop Conner,RB,JAX,,,,2,123,3,0,22,,0,,,,,,,,,,,,
vaughn_RB_DAL,Deuce Vaughn,RB,DAL,,,,1,159,4,0,36,,0,,,,,,,,,,,,
johnson_RB_JAX,D'Ernest Johnson,RB,JAX,,,,1,160,5,0,23,,0,,,,,,,,,,,,
ricard_RB_BAL,Patrick Ricard,RB,BAL,,,,0,13,16,0,110,,0,,,,,,,,,,,,
scott_RB_PHI,Boston Scott,RB,PHI,,,,2,168,1,0,8,,1,,,,,,,,,,,,
mccormick_RB_LV,Sincere McCormick,RB,LV,,,,1,136,4,0,39,,0,,,,,,,,,,,,
brown_RB_LV,Brittain Brown,RB,LV,,,,1,136,4,0,39,,0,,,,,,,,,,,,
nichols_RB_GB,Lew Nichols III,RB,GB,,,,1,149,4,0,34,,0,,,,,,,,,,,,
dowdle_RB_DAL,Rico Dowdle,RB,DAL,,,,1,155,3,0,30,,0,,,,,,,,,,,,
dallas_RB_SEA,DeeJay Dallas,RB,SEA,,,,0,121,10,0,76,,1,,,,,,,,,,,,
mcintosh_RB_SEA,Kenny McIntosh,RB,SEA,,,,1,129,4,0,37,,0,,,,,,,,,,,,
jefferson_WR_MIN,Justin Jefferson,WR,MIN,,,,1,15,105,7,1492,,1,,,,,,,,,,,,
kupp_WR_LAR,Cooper Kupp,WR,LAR,,,,1,55,98,9,1190,,1,,,,,,,,,,,,
chase_WR_CIN,Ja'Marr Chase,WR,CIN,,,,0,16,95,10,1236,,2,,,,,,,,,,,,
adams_WR_LV,Davante Adams,WR,LV,,,,0,0,92,10,1257,,1,,,,,,,,,,,,
hill_WR_MIA,Tyreek Hill,WR,MIA,,,,1,42,93,6,1267,,1,,,,,,,,,,,,
diggs_WR_BUF,Stefon Diggs,WR,BUF,,,,0,-1,90,8,1185,,1,,,,,,,,,,,,
brown_WR_PHI,A.J. Brown,WR,PHI,,,,0,1,73,10,1148,,1,,,,,,,,,,,,
lamb_WR_DAL,CeeDee Lamb,WR,DAL,,,,0,51,88,7,1136,,1,,,,,,,,,,,,
brown_WR_DET,Amon-Ra St. Brown,WR,DET,,,,0,81,96,6,1063,,1,,,,,,,,,,,,
waddle_WR_MIA,Jaylen Waddle,WR,MIA,,,,0,23,70,6,1131,,1,,,,,,,,,,,,
wilson_WR_NYJ,Garrett Wilson,WR,NYJ,,,,0,3,77,6,1067,,1,,,,,,,,,,,,
cooper_WR_CLE,Amari Cooper,WR,CLE,,,,0,2,68,8,985,,1,,,,,,,,,,,,
smith_WR_PHI,DeVonta Smith,WR,PHI,,,,0,0,76,7,965,,1,,,,,,,,,,,,
higgins_WR_CIN,Tee Higgins,WR,CIN,,,,0,3,71,6,1012,,1,,,,,,,,,,,,
samuel_WR_SF,Deebo Samuel,WR,SF,,,,3,258,61,4,844,,2,,,,,,,,,,,,
olave_WR_NO,Chris Olave,WR,NO,,,,0,0,77,4,1120,,2,,,,,,,,,,,,
ridley_WR_JAX,Calvin Ridley,WR,JAX,,,,0,1,71,7,932,,1,,,,,,,,,,,,
godwin_WR_TB,Chris Godwin,WR,TB,,,,0,6,95,3,936,,2,,,,,,,,,,,,
watson_WR_GB,Christian Watson,WR,GB,,,,2,75,58,7,861,,1,,,,,,,,,,,,
allen_WR_LAC,Keenan Allen,WR,LAC,,,,0,6,83,5,898,,1,,,,,,,,,,,,
metcalf_WR_SEA,DK Metcalf,WR,SEA,,,,0,1,73,6,933,,1,,,,,,,,,,,,
brown_WR_ARI,Marquise Brown,WR,ARI,,,,0,4,79,5,885,,1,,,,,,,,,,,,
evans_WR_TB,Mike Evans,WR,TB,,,,0,1,70,5,947,,1,,,,,,,,,,,,
kirk_WR_JAX,Christian Kirk,WR,JAX,,,,0,17,67,7,834,,1,,,,,,,,,,,,
london_WR_ATL,Drake London,WR,ATL,,,,0,0,73,6,903,,3,,,,,,,,,,,,
jeudy_WR_DEN,Jerry Jeudy,WR,DEN,,,,0,30,62,6,921,,1,,,,,,,,,,,,
pickens_WR_PIT,George Pickens,WR,PIT,,,,1,19,55,7,876,,1,,,,,,,,,,,,
mclaurin_WR_WSH,Terry McLaurin,WR,WSH,,,,0,24,66,4,988,,1,,,,,,,,,,,,
lockett_WR_SEA,Tyler Lockett,WR,SEA,,,,0,1,69,6,848,,1,,,,,,,,,,,,
moore_WR_CHI,D.J. Moore,WR,CHI,,,,0,53,52,9,764,,1,,,,,,,,,,,,
addison_WR_MIN,Jordan Addison,WR,MIN,,,,0,9,60,5,904,,2,,,,,,,,,,,,
johnson_WR_PIT,Diontae Johnson,WR,PIT,,,,0,23,77,3,831,,1,,,,,,,,,,,,
aiyuk_WR_SF,Brandon Aiyuk,WR,SF,,,,0,23,58,6,800,,1,,,,,,,,,,,,
cooks_WR_DAL,Brandin Cooks,WR,DAL,,,,0,14,61,5,784,,1,,,,,,,,,,,,
burks_WR_TEN,Treylon Burks,WR,TEN,,,,0,70,56,4,848,,1,,,,,,,,,,,,
lazard_WR_NYJ,Allen Lazard,WR,NYJ,,,,0,6,57,5,814,,1,,,,,,,,,,,,
dotson_WR_WSH,Jahan Dotson,WR,WSH,,,,0,-7,49,7,774,,1,,,,,,,,,,,,
toney_WR_KC,Kadarius Toney,WR,KC,,,,3,195,50,5,540,,2,,,,,,,,,,,,
meyers_WR_LV,Jakobi Meyers,WR,LV,,,,0,-5,61,5,783,,2,,,,,,,,,,,,
thomas_WR_NO,Michael Thomas,WR,NO,,,,0,1,55,7,647,,1,,,,,,,,,,,,
williams_WR_LAC,Mike Williams,WR,LAC,,,,0,0,57,4,825,,1,,,,,,,,,,,,
sutton_WR_DEN,Courtland Sutton,WR,DEN,,,,0,4,60,3,810,,1,,,,,,,,,,,,
patrick_WR_DEN,Tim Patrick,WR,DEN,,,,0,0,48,6,745,,0,,,,,,,,,,,,
james_WR_KC,Richie James,WR,KC,,,,0,4,57,6,661,,2,,,,,,,,,,,,
doubs_WR_GB,Romeo Doubs,WR,GB,,,,0,13,59,5,668,,1,,,,,,,,,,,,
pittman_WR_IND,Michael Pittman,WR,IND,,,,0,30,68,3,696,,1,,,,,,,,,,,,
moore_WR_ARI,Rondale Moore,WR,ARI,,,,0,116,66,3,637,,1,,,,,,,,,,,,
thielen_WR_CAR,Adam Thielen,WR,CAR,,,,0,5,52,6,629,,1,,,,,,,,,,,,
bateman_WR_BAL,Rashod Bateman,WR,BAL,,,,0,0,49,4,831,,2,,,,,,,,,,,,
beckham_WR_BAL,Odell Beckham Jr.,WR,BAL,,,,1,58,48,5,616,,1,,,,,,,,,,,,
williams_WR_DET,Jameson Williams,WR,DET,,,,0,37,52,5,702,,1,,,,,,,,,,,,
mooney_WR_CHI,Darnell Mooney,WR,CHI,,,,0,10,54,4,700,,1,,,,,,,,,,,,
boyd_WR_CIN,Tyler Boyd,WR,CIN,,,,0,8,54,4,690,,1,,,,,,,,,,,,
davis_WR_BUF,Gabe Davis,WR,BUF,,,,0,0,41,6,730,,1,,,,,,,,,,,,
smithschuster_WR_NE,JuJu Smith-Schuster,WR,NE,,,,0,1,64,3,644,,1,,,,,,,,,,,,
peoplesjones_WR_CLE,Donovan Peoples-Jones,WR,CLE,,,,0,1,52,3,754,,1,,,,,,,,,,,,
collins_WR_HOU,Nico Collins,WR,HOU,,,,0,0,52,4,723,,1,,,,,,,,,,,,
flowers_WR_BAL,Zay Flowers,WR,BAL,,,,0,13,47,4,732,,1,,,,,,,,,,,,
renfrow_WR_LV,Hunter Renfrow,WR,LV,,,,0,1,60,4,605,,1,,,,,,,,,,,,
smithnjigba_WR_SEA,Jaxon Smith-Njigba,WR,SEA,,,,0,10,50,4,714,,2,,,,,,,,,,,,
johnston_WR_LAC,Quentin Johnston,WR,LAC,,,,0,8,49,4,722,,2,,,,,,,,,,,,
jones_WR_JAX,Zay Jones,WR,JAX,,,,0,11,58,4,601,,1,,,,,,,,,,,,
hodgins_WR_NYG,Isaiah Hodgins,WR,NYG,,,,0,1,54,6,526,,1,,,,,,,,,,,,
chark_WR_CAR,D.J. Chark,WR,CAR,,,,0,0,43,4,758,,0,,,,,,,,,,,,
dortch_WR_ARI,Greg Dortch,WR,ARI,,,,0,72,60,3,568,,1,,,,,,,,,,,,
moore_WR_CLE,Elijah Moore,WR,CLE,,,,0,22,54,3,638,,1,,,,,,,,,,,,
gage_WR_TB,Russell Gage,WR,TB,,,,0,1,59,4,532,,1,,,,,,,,,,,,
robinson_WR_NYG,Wan'Dale Robinson,WR,NYG,,,,0,5,55,3,621,,1,,,,,,,,,,,,
mingo_WR_CAR,Jonathan Mingo,WR,CAR,,,,0,10,44,3,722,,1,,,,,,,,,,,,
osborn_WR_MIN,K.J. Osborn,WR,MIN,,,,0,5,47,5,538,,1,,,,,,,,,,,,
palmer_WR_LAC,Josh Palmer,WR,LAC,,,,0,4,53,3,581,,1,,,,,,,,,,,,
samuel_WR_WSH,Curtis Samuel,WR,WSH,,,,1,161,46,3,474,,1,,,,,,,,,,,,
shepard_WR_NYG,Sterling Shepard,WR,NYG,,,,0,17,49,4,521,,1,,,,,,,,,,,,
campbell_WR_NYG,Parris Campbell,WR,NYG,,,,0,57,44,4,484,,0,,,,,,,,,,,,
parker_WR_NE,DeVante Parker,WR,NE,,,,0,0,40,4,594,,0,,,,,,,,,,,,
woods_WR_HOU,Robert Woods,WR,HOU,,,,0,22,52,3,488,,1,,,,,,,,,,,,
shaheed_WR_NO,Rashid Shaheed,WR,NO,,,,2,69,32,2,570,,1,,,,,,,,,,,,
jefferson_WR_LAR,Van Jefferson,WR,LAR,,,,0,4,36,4,531,,0,,,,,,,,,,,,
valdesscantling_WR_KC,Marquez Valdes-Scantling,WR,KC,,,,0,0,36,3,621,,0,,,,,,,,,,,,
hardman_WR_NYJ,Mecole Hardman,WR,NYJ,,,,2,62,37,3,437,,1,,,,,,,,,,,,
gallup_WR_DAL,Michael Gallup,WR,DAL,,,,0,0,41,4,487,,0,,,,,,,,,,,,
rice_WR_KC,Rashee Rice,WR,KC,,,,0,10,37,3,569,,1,,,,,,,,,,,,
jones_WR_DET,Marvin Jones,WR,DET,,,,0,0,39,4,495,,0,,,,,,,,,,,,
skowronek_WR_LAR,Ben Skowronek,WR,LAR,,,,1,14,45,2,467,,0,,,,,,,,,,,,
claypool_WR_CHI,Chase Claypool,WR,CHI,,,,0,72,34,3,478,,1,,,,,,,,,,,,
moore_WR_KC,Skyy Moore,WR,KC,,,,0,26,47,3,463,,5,,,,,,,,,,,,
jones_WR_CIN,Charlie Jones,WR,CIN,,,,0,8,36,3,526,,2,,,,,,,,,,,,
slayton_WR_NYG,Darius Slayton,WR,NYG,,,,0,0,37,2,564,,1,,,,,,,,,,,,
marshall_WR_CAR,Terrace Marshall Jr.,WR,CAR,,,,0,0,34,2,565,,0,,,,,,,,,,,,
hyatt_WR_NYG,Jalin Hyatt,WR,NYG,,,,0,11,35,3,481,,1,,,,,,,,,,,,
davis_WR_NYJ,Corey Davis,WR,NYJ,,,,0,0,31,3,533,,0,,,,,,,,,,,,
robinson_WR_PIT,Allen Robinson,WR,PIT,,,,0,0,38,3,436,,0,,,,,,,,,,,,
zaccheaus_WR_PHI,Olamide Zaccheaus,WR,PHI,,,,0,6,33,3,465,,1,,,,,,,,,,,,
atwell_WR_LAR,Tutu Atwell,WR,LAR,,,,1,31,30,2,491,,1,,,,,,,,,,,,
shakir_WR_BUF,Khalil Shakir,WR,BUF,,,,0,0,34,2,526,,0,,,,,,,,,,,,
goodwin_WR_CLE,Marquise Goodwin,WR,CLE,,,,0,6,27,4,434,,0,,,,,,,,,,,,
downs_WR_IND,Josh Downs,WR,IND,,,,0,10,35,2,460,,1,,,,,,,,,,,,
metchie_WR_HOU,John Metchie III,WR,HOU,,,,0,9,35,2,470,,1,,,,,,,,,,,,
westbrookikhine_WR_TEN,Nick Westbrook-Ikhine,WR,TEN,,,,0,0,28,4,419,,0,,,,,,,,,,,,
bourne_WR_NE,Kendrick Bourne,WR,NE,,,,0,39,34,2,415,,0,,,,,,,,,,,,
kelce_TE_KC,Travis Kelce,TE,KC,,,,,,98,10,1184,,1,,,,,,,,,,,,
andrews_TE_BAL,Mark Andrews,TE,BAL,,,,,,67,6,856,,1,,,,,,,,,,,,
hockenson_TE_MIN,T.J. Hockenson,TE,MIN,,,,,,78,5,813,,1,,,,,,,,,,,,
kittle_TE_SF,George Kittle,TE,SF,,,,,,56,8,767,,1,,,,,,,,,,,,
goedert_TE_PHI,Dallas Goedert,TE,PHI,,,,,,67,5,802,,1,,,,,,,,,,,,
engram_TE_JAX,Evan Engram,TE,JAX,,,,,,63,4,661,,1,,,,,,,,,,,,
freiermuth_TE_PIT,Pat Freiermuth,TE,PIT,,,,,,59,4,684,,1,,,,,,,,,,,,
pitts_TE_ATL,Kyle Pitts,TE,ATL,,,,,,52,4,740,,1,,,,,,,,,,,,
schultz_TE_HOU,Dalton Schultz,TE,HOU,,,,,,61,5,580,,1,,,,,,,,,,,,
everett_TE_LAC,Gerald Everett,TE,LAC,,,,,,56,5,583,,1,,,,,,,,,,,,
kmet_TE_CHI,Cole Kmet,TE,CHI,,,,,,47,7,530,,0,,,,,,,,,,,,
okonkwo_TE_TEN,Chigoziem Okonkwo,TE,TEN,,,,,,45,5,632,,0,,,,,,,,,,,,
waller_TE_NYG,Darren Waller,TE,NYG,,,,,,58,4,627,,1,,,,,,,,,,,,
njoku_TE_CLE,David Njoku,TE,CLE,,,,,,54,4,621,,1,,,,,,,,,,,,
dulcich_TE_DEN,Greg Dulcich,TE,DEN,,,,,,48,4,653,,0,,,,,,,,,,,,
higbee_TE_LAR,Tyler Higbee,TE,LAR,,,,,,58,4,536,,1,,,,,,,,,,,,
kincaid_TE_BUF,Dalton Kincaid,TE,BUF,,,,,,45,5,525,,1,,,,,,,,,,,,
ertz_TE_ARI,Zach Ertz,TE,ARI,,,,,,52,4,472,,1,,,,,,,,,,,,
mcbride_TE_ARI,Trey McBride,TE,ARI,,,,,,57,2,527,,1,,,,,,,,,,,,
conklin_TE_NYJ,Tyler Conklin,TE,NYJ,,,,,,46,3,463,,0,,,,,,,,,,,,
hill_TE_NO,Taysom Hill,TE,NO,,,,,,12,1,149,,2,,,,,,,,,,,,
smith_TE_CIN,Irv Smith,TE,CIN,,,,,,41,6,348,,0,,,,,,,,,,,,
fant_TE_SEA,Noah Fant,TE,SEA,,,,,,46,3,475,,0,,,,,,,,,,,,
laporta_TE_DET,Sam LaPorta,TE,DET,,,,,,41,4,425,,1,,,,,,,,,,,,
johnson_TE_NO,Juwan Johnson,TE,NO,,,,,,34,5,422,,0,,,,,,,,,,,,
otton_TE_TB,Cade Otton,TE,TB,,,,,,46,2,456,,0,,,,,,,,,,,,
thomas_TE_WSH,Logan Thomas,TE,WSH,,,,,,44,2,400,,0,,,,,,,,,,,,
henry_TE_NE,Hunter Henry,TE,NE,,,,,,37,3,428,,0,,,,,,,,,,,,
mayer_TE_LV,Michael Mayer,TE,LV,,,,,,39,3,418,,1,,,,,,,,,,,,
knox_TE_BUF,Dawson Knox,TE,BUF,,,,,,32,4,368,,0,,,,,,,,,,,,
musgrave_TE_GB,Luke Musgrave,TE,GB,,,,,,37,3,375,,1,,,,,,,,,,,,
hurst_TE_CAR,Hayden Hurst,TE,CAR,,,,,,41,2,396,,1,,,,,,,,,,,,
woods_TE_IND,Jelani Woods,TE,IND,,,,,,29,3,396,,0,,,,,,,,,,,,
ferguson_TE_DAL,Jake Ferguson,TE,DAL,,,,,,32,3,327,,0,,,,,,,,,,,,
tonyan_TE_CHI,Robert Tonyan,TE,CHI,,,,,,32,3,330,,0,,,,,,,,,,,,
wright_TE_DET,Brock Wright,TE,DET,,,,,,23,5,273,,0,,,,,,,,,,,,
moreau_TE_NO,Foster Moreau,TE,NO,,,,,,29,2,382,,1,,,,,,,,,,,,
gesicki_TE_NE,Mike Gesicki,TE,NE,,,,,,32,3,304,,0,,,,,,,,,,,,
gray_TE_KC,Noah Gray,TE,KC,,,,,,26,2,278,,0,,,,,,,,,,,,
dissly_TE_SEA,Will Dissly,TE,SEA,,,,,,29,2,308,,0,,,,,,,,,,,,
hooper_TE_LV,Austin Hooper,TE,LV,,,,,,29,2,312,,0,,,,,,,,,,,,
oliver_TE_MIN,Josh Oliver,TE,MIN,,,,,,27,3,270,,0,,,,,,,,,,,,
likely_TE_BAL,Isaiah Likely,TE,BAL,,,,,,25,3,278,,0,,,,,,,,,,,,
tremble_TE_CAR,Tommy Tremble,TE,CAR,,,,,,23,4,207,,1,,,,,,,,,,,,
parkinson_TE_SEA,Colby Parkinson,TE,SEA,,,,,,26,2,315,,0,,,,,,,,,,,,
uzomah_TE_NYJ,C.J. Uzomah,TE,NYJ,,,,,,25,3,261,,0,,,,,,,,,,,,
washington_TE_PIT,Darnell Washington,TE,PIT,,,,,,28,2,255,,1,,,,,,,,,,,,
parham_TE_LAC,Donald Parham Jr.,TE,LAC,,,,,,21,3,239,,0,,,,,,,,,,,,
smith_TE_ATL,Jonnu Smith,TE,ATL,,,,,,23,2,234,,0,,,,,,,,,,,,
allen_TE_LAR,Davis Allen,TE,LAR,,,,,,30,2,209,,1,,,,,,,,,,,,
quitoriano_TE_HOU,Teagan Quitoriano,TE,HOU,,,,,,21,2,255,,0,,,,,,,,,,,,
strange_TE_JAX,Brenton Strange,TE,JAX,,,,,,24,2,223,,1,,,,,,,,,,,,
granson_TE_IND,Kylen Granson,TE,IND,,,,,,26,1,253,,0,,,,,,,,,,,,
kraft_TE_GB,Tucker Kraft,TE,GB,,,,,,23,2,225,,1,,,,,,,,,,,,
smythe_TE_MIA,Durham Smythe,TE,MIA,,,,,,20,1,190,,0,,,,,,,,,,,,
bryant_TE_CLE,Harrison Bryant,TE,CLE,,,,,,24,1,206,,0,,,,,,,,,,,,
schoonmaker_TE_DAL,Luke Schoonmaker,TE,DAL,,,,,,22,2,219,,1,,,,,,,,,,,,
thomas_TE_CAR,Ian Thomas,TE,CAR,,,,,,23,1,221,,0,,,,,,,,,,,,
stoll_TE_PHI,Jack Stoll,TE,PHI,,,,,,21,1,207,,0,,,,,,,,,,,,
deguara_TE_GB,Josiah Deguara,TE,GB,,,,,,21,1,201,,0,,,,,,,,,,,,
bates_TE_WSH,John Bates,TE,WSH,,,,,,21,1,185,,0,,,,,,,,,,,,
hendershot_TE_DAL,Peyton Hendershot,TE,DAL,,,,,,11,2,103,,0,,,,,,,,,,,,
trautman_TE_DEN,Adam Trautman,TE,DEN,,,,,,17,1,195,,0,,,,,,,,,,,,
aliecox_TE_IND,Mo Alie-Cox,TE,IND,,,,,,16,2,169,,1,,,,,,,,,,,,
durham_TE_TB,Payne Durham,TE,TB,,,,,,20,1,176,,1,,,,,,,,,,,,
sullivan_TE_CAR,Stephen Sullivan,TE,CAR,,,,,,14,1,209,,0,,,,,,,,,,,,
bell_TE_KC,Blake Bell,TE,KC,,,,,,13,2,125,,0,,,,,,,,,,,,
howard_TE_LV,O.J. Howard,TE,LV,,,,,,11,2,174,,0,,,,,,,,,,,,
higgins_TE_MIA,Elijah Higgins,TE,MIA,,,,,,11,1,175,,0,,,,,,,,,,,,
bellinger_TE_NYG,Daniel Bellinger,TE,NYG,,,,,,10,1,94,,0,,,,,,,,,,,,
kroft_TE_MIA,Tyler Kroft,TE,MIA,,,,,,13,1,162,,0,,,,,,,,,,,,
dwelley_TE_SF,Ross Dwelley,TE,SF,,,,,,7,2,157,,0,,,,,,,,,,,,
akins_TE_CLE,Jordan Akins,TE,CLE,,,,,,11,1,142,,0,,,,,,,,,,,,
gilliam_TE_BUF,Reggie Gilliam,TE,BUF,,,,,,14,1,115,,0,,,,,,,,,,,,
zylstra_TE_DET,Shane Zylstra,TE,DET,,,,,,12,2,99,,0,,,,,,,,,,,,
hopkins_TE_LAR,Brycen Hopkins,TE,LAR,,,,,,11,1,163,,0,,,,,,,,,,,,
arnold_TE_PHI,Dan Arnold,TE,PHI,,,,,,10,1,159,,0,,,,,,,,,,,,
mitchell_TE_DET,James Mitchell,TE,DET,,,,,,13,1,127,,0,,,,,,,,,,,,
gentry_TE_PIT,Zach Gentry,TE,PIT,,,,,,14,1,105,,0,,,,,,,,,,,,
mckitty_TE_LAC,Tre' McKitty,TE,LAC,,,,,,14,1,110,,0,,,,,,,,,,,,
smartt_TE_LAC,Stone Smartt,TE,LAC,,,,,,14,1,110,,0,,,,,,,,,,,,
farrell_TE_JAX,Luke Farrell,TE,JAX,,,,,,12,1,121,,0,,,,,,,,,,,,
ruckert_TE_NYJ,Jeremy Ruckert,TE,NYJ,,,,,,12,1,121,,0,,,,,,,,,,,,
kuntz_TE_NYJ,Zack Kuntz,TE,NYJ,,,,,,12,1,123,,0,,,,,,,,,,,,
sample_TE_CIN,Drew Sample,TE,CIN,,,,,,13,1,106,,0,,,,,,,,,,,,
saubert_TE_MIA,Eric Saubert,TE,MIA,,,,,,11,1,113,,0,,,,,,,,,,,,
horsted_TE_LV,Jesper Horsted,TE,LV,,,,,,11,1,102,,0,,,,,,,,,,,,
asiasi_TE_CIN,Devin Asiasi,TE,CIN,,,,,,12,1,99,,0,,,,,,,,,,,,
latu_TE_SF,Cameron Latu,TE,SF,,,,,,10,1,109,,0,,,,,,,,,,,,
willis_TE_SF,Brayden Willis,TE,SF,,,,,,10,1,109,,0,,,,,,,,,,,,
okwuegbunam_TE_DEN,Albert Okwuegbunam,TE,DEN,,,,,,10,1,103,,0,,,,,,,,,,,,
kolar_TE_BAL,Charlie Kolar,TE,BAL,,,,,,10,1,102,,0,,,,,,,,,,,,
heyward_TE_PIT,Connor Heyward,TE,PIT,,,,,,7,1,95,,0,,,,,,,,,,,,
morris_TE_BUF,Quintin Morris,TE,BUF,,,,,,11,1,111,,1,,,,,,,,,,,,
cager_TE_NYG,Lawrence Cager,TE,NYG,,,,,,10,1,93,,0,,,,,,,,,,,,
ogletree_TE_IND,Andrew Ogletree,TE,IND,,,,,,10,1,89,,0,,,,,,,,,,,,
manhertz_TE_DEN,Chris Manhertz,TE,DEN,,,,,,10,1,94,,0,,,,,,,,,,,,
hodges_TE_WSH,Curtis Hodges,TE,WSH,,,,,,10,1,97,,0,,,,,,,,,,,,
mallory_TE_IND,Will Mallory,TE,IND,,,,,,10,1,89,,0,,,,,,,,,,,,
whyle_TE_TEN,Josh Whyle,TE,TEN,,,,,,9,1,86,,0,,,,,,,,,,,,
eagles_DST_PHI,Eagles,DST,PHI,,,,,,,,,,,,,,,,,19.4,71.6,0,15,3,13
saints_DST_NO,Saints,DST,NO,,,,,,,,,,,,,,,,,18.8,51.0,0,12,2.7,14
jets_DST_NYJ,N.Y. Jets,DST,NYJ,,,,,,,,,,,,,,,,,19.3,53.7,0,8,2.6,16
patriots_DST_NE,Patriots,DST,NE,,,,,,,,,,,,,,,,,19.4,56.8,0,14,3,15
ravens_DST_BAL,Ravens,DST,BAL,,,,,,,,,,,,,,,,,20.4,54.9,0,15,3.2,13
chiefs_DST_KC,Chiefs,DST,KC,,,,,,,,,,,,,,,,,20.8,56.2,0,13,2.9,13
ers_DST_SF,49ers,DST,SF,,,,,,,,,,,,,,,,,16.9,48.8,0,14,3.1,15
texans_DST_HOU,Texans,DST,HOU,,,,,,,,,,,,,,,,,19.8,50.9,0,13,3,15
dolphins_DST_MIA,Dolphins,DST,MIA,,,,,,,,,,,,,,,,,20.8,51.3,0,12,2.9,16
jaguars_DST_JAX,Jaguars,DST,JAX,,,,,,,,,,,,,,,,,18.6,43.1,0,15,3.2,15
steelers_DST_PIT,Steelers,DST,PIT,,,,,,,,,,,,,,,,,19.2,51.0,0,9,2.8,18
bengals_DST_CIN,Bengals,DST,CIN,,,,,,,,,,,,,,,,,20.5,39.2,0,14,3.3,17
bills_DST_BUF,Bills,DST,BUF,,,,,,,,,,,,,,,,,18.9,43.5,0,13,3.3,15
cowboys_DST_DAL,Cowboys,DST,DAL,,,,,,,,,,,,,,,,,21.4,59.7,0,18,3.4,14
titans_DST_TEN,Titans,DST,TEN,,,,,,,,,,,,,,,,,18.2,38.0,0,11,2.6,14
panthers_DST_CAR,Panthers,DST,CAR,,,,,,,,,,,,,,,,,20.1,36.1,0,12,2.6,13
team_DST_WSH,Team,DST,WSH,,,,,,,,,,,,,,,,,22.4,56.2,0,14,3.1,16
browns_DST_CLE,Browns,DST,CLE,,,,,,,,,,,,,,,,,22.0,51.8,0,13,3.3,17
seahawks_DST_SEA,Seahawks,DST,SEA,,,,,,,,,,,,,,,,,22.6,53.3,0,13,3,15
lions_DST_DET,Lions,DST,DET,,,,,,,,,,,,,,,,,23.4,45.3,0,14,3.5,16
chargers_DST_LAC,L.A. Chargers,DST,LAC,,,,,,,,,,,,,,,,,25.3,47.8,0,13,3.2,16
colts_DST_IND,Colts,DST,IND,,,,,,,,,,,,,,,,,22.6,51.4,0,15,2.8,13
giants_DST_NYG,N.Y. Giants,DST,NYG,,,,,,,,,,,,,,,,,22.9,43.2,0,15,3.1,15
buccaneers_DST_TB,Buccaneers,DST,TB,,,,,,,,,,,,,,,,,21.5,46.1,0,16,2.8,11
packers_DST_GB,Packers,DST,GB,,,,,,,,,,,,,,,,,21.1,45.7,0,12,3,14
rams_DST_LAR,L.A. Rams,DST,LAR,,,,,,,,,,,,,,,,,23.2,46.2,0,10,2.8,15
broncos_DST_DEN,Broncos,DST,DEN,,,,,,,,,,,,,,,,,22.4,41.3,0,11,2.9,16
vikings_DST_MIN,Vikings,DST,MIN,,,,,,,,,,,,,,,,,25.3,39.3,0,14,3,12
cardinals_DST_ARI,Cardinals,DST,ARI,,,,,,,,,,,,,,,,,25.1,42.7,0,12,2.4,11
falcons_DST_ATL,Falcons,DST,ATL,,,,,,,,,,,,,,,,,22.1,30.1,0,12,3,15
bears_DST_CHI,Bears,DST,CHI,,,,,,,,,,,,,,,,,24.5,27.7,0,12,2.9,15
raiders_DST_LV,Raiders,DST,LV,,,,,,,,,,,,,,,,,24.9,34.4,0,11,2.4,10
tucker_K_BAL,Justin Tucker,K,BAL,,,,,,,,,,,0.274,11,9.7,7.9,5.8,42,,,,,,
butker_K_KC,Harrison Butker,K,KC,,,,,,,,,,,0.334,9.5,7.9,6.9,5.1,48,,,,,,
hopkins_K_LAC,Dustin Hopkins,K,LAC,,,,,,,,,,,0.312,7.2,12.2,9.7,1.29,43,,,,,,
koo_K_ATL,Younghoe Koo,K,ATL,,,,,,,,,,,0.241,8.5,7.8,7.9,5.1,43,,,,,,
bass_K_BUF,Tyler Bass,K,BUF,,,,,,,,,,,0.233,7.1,10.7,8.6,2.6,45,,,,,,
elliott_K_PHI,Jake Elliott,K,PHI,,,,,,,,,,,0.21,6.1,10,6,4.46,50,,,,,,
badgley_K_DET,Mike Badgley,K,DET,,,,,,,,,,,0.218,7.1,7.9,9.3,2.02,48,,,,,,
moody_K_SF,Jake Moody,K,SF,,,,,,,,,,,0.297,8.3,9.5,8.3,3.27,39,,,,,,
mcpherson_K_CIN,Evan McPherson,K,CIN,,,,,,,,,,,0.444,7.4,7.7,8.4,5,41,,,,,,
carlson_K_LV,Daniel Carlson,K,LV,,,,,,,,,,,0.246,9.3,9.5,7.1,5.2,34,,,,,,
zuerlein_K_NYJ,Greg Zuerlein,K,NYJ,,,,,,,,,,,0.217,6,9.9,8.1,4.57,36,,,,,,
myers_K_SEA,Jason Myers,K,SEA,,,,,,,,,,,0.22,6.2,10.4,6.3,4.67,39,,,,,,
joseph_K_MIN,Greg Joseph,K,MIN,,,,,,,,,,,0.225,9,7.3,7,4.51,37,,,,,,
sanders_K_MIA,Jason Sanders,K,MIA,,,,,,,,,,,0.235,6.4,7.8,10,2.87,37,,,,,,
pineiro_K_CAR,Eddy Pineiro,K,CAR,,,,,,,,,,,0.223,6.1,10.6,9.5,1.77,32,,,,,,
gano_K_NYG,Graham Gano,K,NYG,,,,,,,,,,,0.206,5.7,8.6,7.8,4.38,34,,,,,,
mcmanus_K_JAX,Brandon McManus,K,JAX,,,,,,,,,,,0.21,5.8,6.8,8.9,4.47,37,,,,,,
fry_K_DEN,Elliott Fry,K,DEN,,,,,,,,,,,0.262,7.3,9.3,7.4,2.51,32,,,,,,
vizcaino_K_DAL,Tristan Vizcaino,K,DAL,,,,,,,,,,,0.229,6.3,10.2,9.1,1.42,32,,,,,,
boswell_K_PIT,Chris Boswell,K,PIT,,,,,,,,,,,0.23,6.3,7.5,8.1,4.89,30,,,,,,
santos_K_CHI,Cairo Santos,K,CHI,,,,,,,,,,,0.206,6.2,8.1,7.9,3.5,32,,,,,,
fairbairn_K_HOU,Ka'imi Fairbairn,K,HOU,,,,,,,,,,,0.208,6.5,6.8,7.4,4.43,32,,,,,,
lutz_K_NO,Wil Lutz,K,NO,,,,,,,,,,,0.182,5.9,8.7,5.2,3.42,38,,,,,,
prater_K_ARI,Matt Prater,K,ARI,,,,,,,,,,,0.201,5.5,9.6,5.8,4.28,31,,,,,,
brown_K_LAR,Tanner Brown,K,LAR,,,,,,,,,,,0.252,7.1,8.1,7.1,2.77,30,,,,,,
ryland_K_NE,Chad Ryland,K,NE,,,,,,,,,,,0.26,7.3,8.3,7.3,2.86,27,,,,,,
gay_K_IND,Matt Gay,K,IND,,,,,,,,,,,0.199,6.8,8.3,5.7,4.22,30,,,,,,
york_K_CLE,Cade York,K,CLE,,,,,,,,,,,0.184,5.1,8.6,5.7,3.83,35,,,,,,
carlson_K_GB,Anders Carlson,K,GB,,,,,,,,,,,0.243,6.8,7.8,6.8,2.67,30,,,,,,
mclaughlin_K_TB,Chase McLaughlin,K,TB,,,,,,,,,,,0.192,5.5,6.2,7.1,4.08,31,,,,,,
slye_K_WSH,Joey Slye,K,WSH,,,,,,,,,,,0.353,7.5,6.1,6.9,3.33,27,,,,,,
shudak_K_TEN,Caleb Shudak,K,TEN,,,,,,,,,,,0.176,5.1,5.8,4.94,1.86,26,,,,,,
