key,name,pos,team,pass_tds,pass_yds,pass_ints,rush_tds,rush_yds,receptions,reception_tds,reception_yds,two_pts,fumbles,kick_0_19,kick_20_29,kick_30_39,kick_40_49,kick_50,kick_extra_points,df_points_allowed_per_game,df_sacks,df_safeties,df_fumbles,df_tds,df_ints
hurts_QB_PHI,Jalen Hurts,QB,PHI,31,3966,16,13,600,,,,,4,,,,,,,,,,,,
allen_QB_BUF,Josh Allen,QB,BUF,32,3997,15,10,686,,,,,4,,,,,,,,,,,,
jackson_QB_BAL,Lamar Jackson,QB,BAL,29,3609,11,5,919,,,,,6,,,,,,,,,,,,
mahomes_QB_KC,Patrick Mahomes,QB,KC,32,4484,11,1,421,,,,,2,,,,,,,,,,,,
love_QB_GB,Jordan Love,QB,GB,36,3990,10,3,184,,,,,2,,,,,,,,,,,,
prescott_QB_DAL,Dak Prescott,QB,DAL,34,4230,13,2,230,,,,,2,,,,,,,,,,,,
purdy_QB_SF,Brock Purdy,QB,SF,33,4206,9,2,157,,,,,2,,,,,,,,,,,,
burrow_QB_CIN,Joe Burrow,QB,CIN,33,4265,12,2,150,,,,,2,,,,,,,,,,,,
daniels_QB_WSH,Jayden Daniels,QB,WSH,27,3604,15,5,633,,,,,6,,,,,,,,,,,,
stroud_QB_HOU,C.J. Stroud,QB,HOU,30,4223,9,3,162,,,,,4,,,,,,,,,,,,
williams_QB_CHI,Caleb Williams,QB,CHI,28,3478,13,5,565,,,,,6,,,,,,,,,,,,
richardson_QB_IND,Anthony Richardson,QB,IND,24,3592,10,6,629,,,,,6,,,,,,,,,,,,
murray_QB_ARI,Kyler Murray,QB,ARI,27,3647,14,5,436,,,,,0,,,,,,,,,,,,
lawrence_QB_JAX,Trevor Lawrence,QB,JAX,28,3990,12,5,308,,,,,6,,,,,,,,,,,,
goff_QB_DET,Jared Goff,QB,DET,31,4431,9,1,42,,,,,3,,,,,,,,,,,,
herbert_QB_LAC,Justin Herbert,QB,LAC,28,3924,10,3,263,,,,,2,,,,,,,,,,,,
cousins_QB_ATL,Kirk Cousins,QB,ATL,30,4029,7,2,111,,,,,6,,,,,,,,,,,,
watson_QB_CLE,Deshaun Watson,QB,CLE,28,4022,18,2,350,,,,,4,,,,,,,,,,,,
mayfield_QB_TB,Baker Mayfield,QB,TB,29,3993,11,1,150,,,,,3,,,,,,,,,,,,
carr_QB_NO,Derek Carr,QB,NO,31,3894,10,0,59,,,,,3,,,,,,,,,,,,
tagovailoa_QB_MIA,Tua Tagovailoa,QB,MIA,29,4290,13,0,93,,,,,4,,,,,,,,,,,,
smith_QB_SEA,Geno Smith,QB,SEA,28,3763,13,2,184,,,,,3,,,,,,,,,,,,
stafford_QB_LAR,Matthew Stafford,QB,LAR,28,4144,13,0,63,,,,,1,,,,,,,,,,,,
jones_QB_NYG,Daniel Jones,QB,NYG,20,3124,14,4,556,,,,,3,,,,,,,,,,,,
rodgers_QB_NYJ,Aaron Rodgers,QB,NYJ,24,3623,9,2,73,,,,,2,,,,,,,,,,,,
darnold_QB_MIN,Sam Darnold,QB,MIN,25,4130,20,1,57,,,,,2,,,,,,,,,,,,
nix_QB_DEN,Bo Nix,QB,DEN,24,3074,11,1,251,,,,,4,,,,,,,,,,,,
levis_QB_TEN,Will Levis,QB,TEN,22,3287,14,2,183,,,,,4,,,,,,,,,,,,
young_QB_CAR,Bryce Young,QB,CAR,20,3023,11,1,230,,,,,3,,,,,,,,,,,,
wilson_QB_PIT,Russell Wilson,QB,PIT,17,2663,8,4,277,,,,,4,,,,,,,,,,,,
minshew_QB_LV,Gardner Minshew,QB,LV,20,3109,14,2,68,,,,,4,,,,,,,,,,,,
hill_QB_NO,Taysom Hill,QB,NO,0,38,0,6,403,,,,,1,,,,,,,,,,,,
maye_QB_NE,Drake Maye,QB,NE,13,2107,14,1,155,,,,,1,,,,,,,,,,,,
brissett_QB_NE,Jacoby Brissett,QB,NE,7,1203,7,0,69,,,,,1,,,,,,,,,,,,
fields_QB_PIT,Justin Fields,QB,PIT,4,639,2,2,197,,,,,1,,,,,,,,,,,,
oconnell_QB_LV,Aidan O'Connell,QB,LV,2,346,1,0,3,,,,,0,,,,,,,,,,,,
stidham_QB_DEN,Jarrett Stidham,QB,DEN,2,264,1,0,20,,,,,0,,,,,,,,,,,,
wentz_QB_KC,Carson Wentz,QB,KC,1,170,0,0,18,,,,,0,,,,,,,,,,,,
dobbs_QB_SF,Joshua Dobbs,QB,SF,1,172,0,0,21,,,,,0,,,,,,,,,,,,
browning_QB_CIN,Jake Browning,QB,CIN,1,174,0,0,15,,,,,0,,,,,,,,,,,,
johnson_QB_BAL,Josh Johnson,QB,BAL,1,147,0,0,26,,,,,0,,,,,,,,,,,,
stick_QB_LAC,Easton Stick,QB,LAC,1,147,0,0,22,,,,,0,,,,,,,,,,,,
dalton_QB_CAR,Andy Dalton,QB,CAR,1,121,0,0,17,,,,,0,,,,,,,,,,,,
jones_QB_JAX,Mac Jones,QB,JAX,1,163,0,0,15,,,,,0,,,,,,,,,,,,
mills_QB_HOU,Davis Mills,QB,HOU,1,157,0,0,14,,,,,0,,,,,,,,,,,,
taylor_QB_NYJ,Tyrod Taylor,QB,NYJ,1,148,0,0,15,,,,,0,,,,,,,,,,,,
penix_QB_ATL,Michael Penix Jr.,QB,ATL,1,123,0,0,10,,,,,0,,,,,,,,,,,,
pratt_QB_GB,Michael Pratt,QB,GB,1,122,0,0,8,,,,,0,,,,,,,,,,,,
rattler_QB_NO,Spencer Rattler,QB,NO,1,119,0,0,8,,,,,0,,,,,,,,,,,,
pickett_QB_PHI,Kenny Pickett,QB,PHI,1,162,1,0,26,,,,,0,,,,,,,,,,,,
winston_QB_CLE,Jameis Winston,QB,CLE,1,164,1,0,21,,,,,0,,,,,,,,,,,,
trubisky_QB_BUF,Mitch Trubisky,QB,BUF,1,160,1,0,24,,,,,0,,,,,,,,,,,,
lance_QB_DAL,Trey Lance,QB,DAL,1,159,1,0,18,,,,,0,,,,,,,,,,,,
white_QB_MIA,Mike White,QB,MIA,1,172,1,0,4,,,,,0,,,,,,,,,,,,
bradley_QB_LV,Carter Bradley,QB,LV,1,106,0,0,7,,,,,0,,,,,,,,,,,,
bagent_QB_CHI,Tyson Bagent,QB,CHI,1,139,1,0,20,,,,,0,,,,,,,,,,,,
flacco_QB_IND,Joe Flacco,QB,IND,1,147,0,0,20,,,,,1,,,,,,,,,,,,
garoppolo_QB_LAR,Jimmy Garoppolo,QB,LAR,1,146,0,0,17,,,,,0,,,,,,,,,,,,
trask_QB_TB,Kyle Trask,QB,TB,1,100,0,0,3,,,,,0,,,,,,,,,,,,
lock_QB_NYG,Drew Lock,QB,NYG,1,124,1,0,17,,,,,0,,,,,,,,,,,,
mullens_QB_MIN,Nick Mullens,QB,MIN,1,169,1,0,14,,,,,0,,,,,,,,,,,,
howell_QB_SEA,Sam Howell,QB,SEA,1,154,1,0,16,,,,,0,,,,,,,,,,,,
rush_QB_DAL,Cooper Rush,QB,DAL,1,166,1,0,4,,,,,0,,,,,,,,,,,,
mariota_QB_WSH,Marcus Mariota,QB,WSH,1,144,1,0,16,,,,,0,,,,,,,,,,,,
ridder_QB_ARI,Desmond Ridder,QB,ARI,1,144,1,0,20,,,,,1,,,,,,,,,,,,
mccaffrey_RB_SF,Christian McCaffrey,RB,SF,,,,11,1260,71,7,614,,2,,,,,,,,,,,,
hall_RB_NYJ,Breece Hall,RB,NYJ,,,,9,932,75,8,646,,1,,,,,,,,,,,,
barkley_RB_PHI,Saquon Barkley,RB,PHI,,,,14,1217,53,6,400,,2,,,,,,,,,,,,
robinson_RB_ATL,Bijan Robinson,RB,ATL,,,,6,1111,69,8,604,,3,,,,,,,,,,,,
taylor_RB_IND,Jonathan Taylor,RB,IND,,,,12,1386,34,2,271,,1,,,,,,,,,,,,
cook_RB_BUF,James Cook,RB,BUF,,,,6,1289,43,4,390,,2,,,,,,,,,,,,
williams_RB_LAR,Kyren Williams,RB,LAR,,,,12,1206,35,3,231,,2,,,,,,,,,,,,
gibbs_RB_DET,Jahmyr Gibbs,RB,DET,,,,10,950,63,1,422,,2,,,,,,,,,,,,
etienne_RB_JAX,Travis Etienne,RB,JAX,,,,11,905,50,1,415,,1,,,,,,,,,,,,
mixon_RB_HOU,Joe Mixon,RB,HOU,,,,10,927,43,3,362,,1,,,,,,,,,,,,
henry_RB_BAL,Derrick Henry,RB,BAL,,,,12,1299,25,0,228,,1,,,,,,,,,,,,
white_RB_TB,Rachaad White,RB,TB,,,,8,865,54,3,446,,2,,,,,,,,,,,,
kamara_RB_NO,Alvin Kamara,RB,NO,,,,6,718,75,2,526,,1,,,,,,,,,,,,
pacheco_RB_KC,Isiah Pacheco,RB,KC,,,,11,1018,43,2,257,,2,,,,,,,,,,,,
achane_RB_MIA,De'Von Achane,RB,MIA,,,,9,903,41,5,298,,1,,,,,,,,,,,,
jacobs_RB_GB,Josh Jacobs,RB,GB,,,,11,1121,34,0,284,,1,,,,,,,,,,,,
conner_RB_ARI,James Conner,RB,ARI,,,,8,962,37,3,249,,1,,,,,,,,,,,,
walker_RB_SEA,Kenneth Walker III,RB,SEA,,,,12,858,29,1,244,,1,,,,,,,,,,,,
white_RB_LV,Zamir White,RB,LV,,,,5,1233,33,0,228,,2,,,,,,,,,,,,
stevenson_RB_NE,Rhamondre Stevenson,RB,NE,,,,6,825,50,0,320,,1,,,,,,,,,,,,
jones_RB_MIN,Aaron Jones,RB,MIN,,,,5,724,49,2,362,,1,,,,,,,,,,,,
montgomery_RB_DET,David Montgomery,RB,DET,,,,10,965,24,0,183,,1,,,,,,,,,,,,
harris_RB_PIT,Najee Harris,RB,PIT,,,,8,970,28,1,183,,1,,,,,,,,,,,,
swift_RB_CHI,D'Andre Swift,RB,CHI,,,,4,919,40,2,257,,1,,,,,,,,,,,,
moss_RB_CIN,Zack Moss,RB,CIN,,,,6,753,37,3,254,,1,,,,,,,,,,,,
mostert_RB_MIA,Raheem Mostert,RB,MIA,,,,11,822,17,2,108,,1,,,,,,,,,,,,
robinson_RB_WSH,Brian Robinson Jr.,RB,WSH,,,,6,716,28,4,292,,2,,,,,,,,,,,,
pollard_RB_TEN,Tony Pollard,RB,TEN,,,,7,940,29,0,192,,1,,,,,,,,,,,,
warren_RB_PIT,Jaylen Warren,RB,PIT,,,,4,713,51,1,338,,2,,,,,,,,,,,,
chubb_RB_CLE,Nick Chubb,RB,CLE,,,,5,866,33,1,263,,1,,,,,,,,,,,,
williams_RB_DEN,Javonte Williams,RB,DEN,,,,4,797,43,2,227,,1,,,,,,,,,,,,
ekeler_RB_WSH,Austin Ekeler,RB,WSH,,,,7,560,39,2,326,,3,,,,,,,,,,,,
dobbins_RB_LAC,J.K. Dobbins,RB,LAC,,,,6,557,33,4,270,,1,,,,,,,,,,,,
brown_RB_CIN,Chase Brown,RB,CIN,,,,3,626,35,3,401,,1,,,,,,,,,,,,
ford_RB_CLE,Jerome Ford,RB,CLE,,,,3,611,37,5,266,,1,,,,,,,,,,,,
singletary_RB_NYG,Devin Singletary,RB,NYG,,,,5,879,30,0,167,,1,,,,,,,,,,,,
spears_RB_TEN,Tyjae Spears,RB,TEN,,,,3,601,42,1,321,,1,,,,,,,,,,,,
dowdle_RB_DAL,Rico Dowdle,RB,DAL,,,,5,720,22,2,191,,1,,,,,,,,,,,,
edwards_RB_LAC,Gus Edwards,RB,LAC,,,,10,629,15,0,185,,2,,,,,,,,,,,,
gibson_RB_NE,Antonio Gibson,RB,NE,,,,2,378,52,2,395,,2,,,,,,,,,,,,
benson_RB_ARI,Trey Benson,RB,ARI,,,,6,739,14,1,122,,3,,,,,,,,,,,,
brooks_RB_CAR,Jonathon Brooks,RB,CAR,,,,5,710,20,1,173,,3,,,,,,,,,,,,
corum_RB_LAR,Blake Corum,RB,LAR,,,,6,677,13,1,138,,3,,,,,,,,,,,,
elliott_RB_DAL,Ezekiel Elliott,RB,DAL,,,,4,455,29,2,194,,1,,,,,,,,,,,,
chandler_RB_MIN,Ty Chandler,RB,MIN,,,,6,555,22,0,167,,1,,,,,,,,,,,,
lloyd_RB_GB,MarShawn Lloyd,RB,GB,,,,6,597,13,1,131,,2,,,,,,,,,,,,
allgeier_RB_ATL,Tyler Allgeier,RB,ATL,,,,4,548,17,2,183,,1,,,,,,,,,,,,
mclaughlin_RB_DEN,Jaleel McLaughlin,RB,DEN,,,,2,582,27,2,144,,1,,,,,,,,,,,,
hubbard_RB_CAR,Chuba Hubbard,RB,CAR,,,,4,555,27,0,179,,1,,,,,,,,,,,,
edwardshelaire_RB_KC,Clyde Edwards-Helaire,RB,KC,,,,2,383,30,2,276,,1,,,,,,,,,,,,
herbert_RB_CHI,Khalil Herbert,RB,CHI,,,,3,578,23,1,151,,1,,,,,,,,,,,,
gainwell_RB_PHI,Kenneth Gainwell,RB,PHI,,,,4,488,29,0,201,,2,,,,,,,,,,,,
charbonnet_RB_SEA,Zach Charbonnet,RB,SEA,,,,2,505,34,0,212,,1,,,,,,,,,,,,
wright_RB_MIA,Jaylen Wright,RB,MIA,,,,5,478,17,1,180,,2,,,,,,,,,,,,
irving_RB_TB,Bucky Irving,RB,TB,,,,4,477,20,1,201,,3,,,,,,,,,,,,
davis_RB_BUF,Ray Davis,RB,BUF,,,,4,458,21,1,203,,2,,,,,,,,,,,,
johnson_RB_CHI,Roschon Johnson,RB,CHI,,,,3,395,33,0,209,,1,,,,,,,,,,,,
tracy_RB_NYG,Tyrone Tracy Jr.,RB,NYG,,,,4,584,14,1,123,,3,,,,,,,,,,,,
perine_RB_DEN,Samaje Perine,RB,DEN,,,,2,357,33,1,279,,3,,,,,,,,,,,,
miller_RB_NO,Kendre Miller,RB,NO,,,,4,452,17,1,186,,1,,,,,,,,,,,,
sanders_RB_CAR,Miles Sanders,RB,CAR,,,,2,461,31,0,172,,2,,,,,,,,,,,,
allen_RB_NYJ,Braelon Allen,RB,NYJ,,,,4,508,13,1,119,,2,,,,,,,,,,,,
mitchell_RB_BAL,Keaton Mitchell,RB,BAL,,,,4,581,9,0,92,,1,,,,,,,,,,,,
foreman_RB_CLE,D'Onta Foreman,RB,CLE,,,,3,389,13,2,118,,0,,,,,,,,,,,,
mitchell_RB_SF,Elijah Mitchell,RB,SF,,,,4,502,11,0,56,,1,,,,,,,,,,,,
mattison_RB_LV,Alexander Mattison,RB,LV,,,,2,353,20,2,128,,1,,,,,,,,,,,,
hill_RB_BAL,Justice Hill,RB,BAL,,,,3,487,15,0,112,,2,,,,,,,,,,,,
steele_RB_KC,Carson Steele,RB,KC,,,,2,279,22,1,214,,1,,,,,,,,,,,,
williams_RB_NO,Jamaal Williams,RB,NO,,,,3,367,18,0,75,,1,,,,,,,,,,,,
edmonds_RB_TB,Chase Edmonds,RB,TB,,,,2,322,21,0,139,,0,,,,,,,,,,,,
beck_RB_HOU,Andrew Beck,RB,HOU,,,,2,3,23,4,216,,3,,,,,,,,,,,,
dillon_RB_GB,AJ Dillon,RB,GB,,,,2,305,18,0,181,,0,,,,,,,,,,,,
demercado_RB_ARI,Emari Demercado,RB,ARI,,,,2,212,22,0,136,,0,,,,,,,,,,,,
estime_RB_DEN,Audric Estime,RB,DEN,,,,2,347,9,1,84,,1,,,,,,,,,,,,
juszczyk_RB_SF,Kyle Juszczyk,RB,SF,,,,0,21,25,2,269,,0,,,,,,,,,,,,
bigsby_RB_JAX,Tank Bigsby,RB,JAX,,,,6,306,1,0,6,,6,,,,,,,,,,,,
pierce_RB_HOU,Dameon Pierce,RB,HOU,,,,2,219,13,0,100,,0,,,,,,,,,,,,
abdullah_RB_LV,Ameer Abdullah,RB,LV,,,,0,224,17,0,125,,0,,,,,,,,,,,,
vaughn_RB_DAL,Deuce Vaughn,RB,DAL,,,,2,194,9,0,74,,1,,,,,,,,,,,,
luepke_RB_DAL,Hunter Luepke,RB,DAL,,,,4,48,8,0,54,,0,,,,,,,,,,,,
mcnichols_RB_WSH,Jeremy McNichols,RB,WSH,,,,0,105,14,1,115,,0,,,,,,,,,,,,
rivers_RB_LAR,Ronnie Rivers,RB,LAR,,,,1,208,8,0,62,,0,,,,,,,,,,,,
sermon_RB_IND,Trey Sermon,RB,IND,,,,1,274,2,0,8,,0,,,,,,,,,,,,
hines_RB_CLE,Nyheim Hines,RB,CLE,,,,1,118,12,0,100,,0,,,,,,,,,,,,
haskins_RB_TEN,Hassan Haskins,RB,TEN,,,,0,165,13,0,71,,0,,,,,,,,,,,,
ali_RB_BAL,Rasheen Ali,RB,BAL,,,,2,181,2,0,23,,0,,,,,,,,,,,,
bawden_RB_HOU,Nick Bawden,RB,HOU,,,,4,16,3,0,28,,0,,,,,,,,,,,,
hasty_RB_NE,JaMycal Hasty,RB,NE,,,,1,108,9,0,56,,0,,,,,,,,,,,,
milton_RB_PHI,Kendall Milton,RB,PHI,,,,2,145,2,0,25,,0,,,,,,,,,,,,
shipley_RB_PHI,Will Shipley,RB,PHI,,,,2,145,2,0,25,,0,,,,,,,,,,,,
mason_RB_SF,Jordan Mason,RB,SF,,,,2,163,1,0,5,,0,,,,,,,,,,,,
ham_RB_MIN,C.J. Ham,RB,MIN,,,,1,16,13,0,71,,0,,,,,,,,,,,,
carter_RB_ARI,Michael Carter,RB,ARI,,,,1,136,5,0,29,,0,,,,,,,,,,,,
strong_RB_CLE,Pierre Strong Jr.,RB,CLE,,,,1,188,1,0,8,,0,,,,,,,,,,,,
spiller_RB_LAC,Isaiah Spiller,RB,LAC,,,,1,147,4,0,20,,0,,,,,,,,,,,,
patterson_RB_PIT,Cordarrelle Patterson,RB,PIT,,,,1,139,3,0,23,,0,,,,,,,,,,,,
wilson_RB_MIA,Jeff Wilson,RB,MIA,,,,1,144,3,0,21,,0,,,,,,,,,,,,
breida_RB_SF,Matt Breida,RB,SF,,,,1,106,5,0,39,,0,,,,,,,,,,,,
goodson_RB_IND,Tyler Goodson,RB,IND,,,,1,127,4,0,28,,0,,,,,,,,,,,,
blackshear_RB_CAR,Raheem Blackshear,RB,CAR,,,,1,84,7,0,50,,0,,,,,,,,,,,,
lamb_WR_DAL,CeeDee Lamb,WR,DAL,,,,1,82,120,10,1590,,1,,,,,,,,,,,,
hill_WR_MIA,Tyreek Hill,WR,MIA,,,,0,24,107,11,1526,,1,,,,,,,,,,,,
brown_WR_DET,Amon-Ra St. Brown,WR,DET,,,,0,34,112,10,1414,,1,,,,,,,,,,,,
nacua_WR_LAR,Puka Nacua,WR,LAR,,,,0,73,100,7,1448,,0,,,,,,,,,,,,
chase_WR_CIN,Ja'Marr Chase,WR,CIN,,,,0,4,99,10,1302,,0,,,,,,,,,,,,
jefferson_WR_MIN,Justin Jefferson,WR,MIN,,,,0,-3,103,6,1518,,1,,,,,,,,,,,,
brown_WR_PHI,A.J. Brown,WR,PHI,,,,0,1,92,9,1365,,2,,,,,,,,,,,,
harrison_WR_ARI,Marvin Harrison Jr.,WR,ARI,,,,0,11,95,8,1299,,3,,,,,,,,,,,,
wilson_WR_NYJ,Garrett Wilson,WR,NYJ,,,,0,1,99,7,1190,,2,,,,,,,,,,,,
collins_WR_HOU,Nico Collins,WR,HOU,,,,0,8,75,9,1231,,0,,,,,,,,,,,,
adams_WR_LV,Davante Adams,WR,LV,,,,0,0,92,8,1121,,0,,,,,,,,,,,,
kupp_WR_LAR,Cooper Kupp,WR,LAR,,,,0,10,90,8,1103,,0,,,,,,,,,,,,
olave_WR_NO,Chris Olave,WR,NO,,,,0,0,89,7,1187,,0,,,,,,,,,,,,
smith_WR_PHI,DeVonta Smith,WR,PHI,,,,0,0,80,9,1127,,1,,,,,,,,,,,,
evans_WR_TB,Mike Evans,WR,TB,,,,0,1,70,10,1108,,0,,,,,,,,,,,,
samuel_WR_SF,Deebo Samuel,WR,SF,,,,4,223,66,6,985,,1,,,,,,,,,,,,
london_WR_ATL,Drake London,WR,ATL,,,,0,0,85,6,1211,,1,,,,,,,,,,,,
aiyuk_WR_SF,Brandon Aiyuk,WR,SF,,,,0,4,70,8,1201,,1,,,,,,,,,,,,
cooper_WR_CLE,Amari Cooper,WR,CLE,,,,0,0,73,7,1245,,1,,,,,,,,,,,,
pittman_WR_IND,Michael Pittman,WR,IND,,,,0,10,96,5,1074,,1,,,,,,,,,,,,
metcalf_WR_SEA,DK Metcalf,WR,SEA,,,,0,1,67,10,1023,,0,,,,,,,,,,,,
moore_WR_CHI,DJ Moore,WR,CHI,,,,1,25,69,9,998,,1,,,,,,,,,,,,
diggs_WR_HOU,Stefon Diggs,WR,HOU,,,,0,4,82,7,1036,,1,,,,,,,,,,,,
pickens_WR_PIT,George Pickens,WR,PIT,,,,0,27,63,8,1153,,1,,,,,,,,,,,,
waddle_WR_MIA,Jaylen Waddle,WR,MIA,,,,0,22,76,6,1084,,0,,,,,,,,,,,,
flowers_WR_BAL,Zay Flowers,WR,BAL,,,,1,51,74,7,958,,1,,,,,,,,,,,,
dell_WR_HOU,Tank Dell,WR,HOU,,,,0,61,63,10,909,,0,,,,,,,,,,,,
higgins_WR_CIN,Tee Higgins,WR,CIN,,,,0,0,65,9,982,,0,,,,,,,,,,,,
mclaurin_WR_WSH,Terry McLaurin,WR,WSH,,,,0,5,76,5,1025,,0,,,,,,,,,,,,
ridley_WR_TEN,Calvin Ridley,WR,TEN,,,,0,21,62,9,901,,0,,,,,,,,,,,,
godwin_WR_TB,Chris Godwin,WR,TB,,,,1,27,78,5,922,,0,,,,,,,,,,,,
nabers_WR_NYG,Malik Nabers,WR,NYG,,,,0,10,70,6,1051,,2,,,,,,,,,,,,
reed_WR_GB,Jayden Reed,WR,GB,,,,3,105,58,8,732,,0,,,,,,,,,,,,
kirk_WR_JAX,Christian Kirk,WR,JAX,,,,0,9,75,6,983,,2,,,,,,,,,,,,
rice_WR_KC,Rashee Rice,WR,KC,,,,0,2,74,7,895,,1,,,,,,,,,,,,
hopkins_WR_TEN,DeAndre Hopkins,WR,TEN,,,,0,6,60,9,858,,0,,,,,,,,,,,,
johnson_WR_CAR,Diontae Johnson,WR,CAR,,,,0,10,64,8,794,,0,,,,,,,,,,,,
brown_WR_KC,Marquise Brown,WR,KC,,,,0,19,63,8,784,,0,,,,,,,,,,,,
allen_WR_CHI,Keenan Allen,WR,CHI,,,,0,8,71,6,834,,1,,,,,,,,,,,,
watson_WR_GB,Christian Watson,WR,GB,,,,1,27,48,10,735,,0,,,,,,,,,,,,
sutton_WR_DEN,Courtland Sutton,WR,DEN,,,,0,1,56,9,764,,2,,,,,,,,,,,,
coleman_WR_BUF,Keon Coleman,WR,BUF,,,,0,14,66,5,890,,2,,,,,,,,,,,,
worthy_WR_KC,Xavier Worthy,WR,KC,,,,0,11,56,6,929,,2,,,,,,,,,,,,
jeudy_WR_CLE,Jerry Jeudy,WR,CLE,,,,0,8,63,4,918,,0,,,,,,,,,,,,
meyers_WR_LV,Jakobi Meyers,WR,LV,,,,1,16,61,7,712,,0,,,,,,,,,,,,
lockett_WR_SEA,Tyler Lockett,WR,SEA,,,,0,1,66,6,781,,0,,,,,,,,,,,,
mcconkey_WR_LAC,Ladd McConkey,WR,LAC,,,,0,9,67,5,877,,3,,,,,,,,,,,,
doubs_WR_GB,Romeo Doubs,WR,GB,,,,0,1,56,8,742,,0,,,,,,,,,,,,
thomas_WR_JAX,Brian Thomas Jr.,WR,JAX,,,,0,9,62,5,885,,2,,,,,,,,,,,,
cooks_WR_DAL,Brandin Cooks,WR,DAL,,,,0,33,60,7,724,,0,,,,,,,,,,,,
palmer_WR_LAC,Josh Palmer,WR,LAC,,,,0,7,64,4,870,,1,,,,,,,,,,,,
shakir_WR_BUF,Khalil Shakir,WR,BUF,,,,0,8,59,5,839,,0,,,,,,,,,,,,
williams_WR_DET,Jameson Williams,WR,DET,,,,2,70,48,6,716,,0,,,,,,,,,,,,
smithnjigba_WR_SEA,Jaxon Smith-Njigba,WR,SEA,,,,0,0,68,6,707,,0,,,,,,,,,,,,
addison_WR_MIN,Jordan Addison,WR,MIN,,,,0,2,55,7,717,,0,,,,,,,,,,,,
thielen_WR_CAR,Adam Thielen,WR,CAR,,,,0,5,68,5,691,,0,,,,,,,,,,,,
odunze_WR_CHI,Rome Odunze,WR,CHI,,,,0,12,57,5,827,,2,,,,,,,,,,,,
samuel_WR_BUF,Curtis Samuel,WR,BUF,,,,2,89,56,5,602,,0,,,,,,,,,,,,
shaheed_WR_NO,Rashid Shaheed,WR,NO,,,,0,43,49,6,798,,1,,,,,,,,,,,,
williams_WR_NYJ,Mike Williams,WR,NYJ,,,,0,5,59,4,793,,0,,,,,,,,,,,,
douglas_WR_NE,Demario Douglas,WR,NE,,,,0,44,64,3,777,,1,,,,,,,,,,,,
bourne_WR_NE,Kendrick Bourne,WR,NE,,,,0,38,53,6,629,,1,,,,,,,,,,,,
patrick_WR_DEN,Tim Patrick,WR,DEN,,,,0,0,47,7,653,,0,,,,,,,,,,,,
franklin_WR_DEN,Troy Franklin,WR,DEN,,,,0,10,56,4,737,,2,,,,,,,,,,,,
polk_WR_NE,Ja'Lynn Polk,WR,NE,,,,0,9,61,3,741,,2,,,,,,,,,,,,
wilson_WR_ARI,Michael Wilson,WR,ARI,,,,0,0,48,5,702,,0,,,,,,,,,,,,
robinson_WR_NYG,Wan'Dale Robinson,WR,NYG,,,,1,77,61,3,554,,0,,,,,,,,,,,,
mooney_WR_ATL,Darnell Mooney,WR,ATL,,,,0,8,50,3,748,,0,,,,,,,,,,,,
perry_WR_NO,A.T. Perry,WR,NO,,,,0,3,40,6,650,,0,,,,,,,,,,,,
mitchell_WR_IND,Adonai Mitchell,WR,IND,,,,0,11,48,4,730,,2,,,,,,,,,,,,
slayton_WR_NYG,Darius Slayton,WR,NYG,,,,0,0,44,5,690,,0,,,,,,,,,,,,
davis_WR_JAX,Gabe Davis,WR,JAX,,,,0,0,41,6,666,,1,,,,,,,,,,,,
downs_WR_IND,Josh Downs,WR,IND,,,,0,0,56,3,662,,0,,,,,,,,,,,,
beckham_WR_MIA,Odell Beckham Jr.,WR,MIA,,,,0,2,46,4,673,,1,,,,,,,,,,,,
chark_WR_LAC,DJ Chark,WR,LAC,,,,0,0,36,8,555,,1,,,,,,,,,,,,
moore_WR_CLE,Elijah Moore,WR,CLE,,,,0,19,54,3,618,,1,,,,,,,,,,,,
bateman_WR_BAL,Rashod Bateman,WR,BAL,,,,0,13,47,4,624,,0,,,,,,,,,,,,
burton_WR_CIN,Jermaine Burton,WR,CIN,,,,0,7,47,4,652,,2,,,,,,,,,,,,
johnston_WR_LAC,Quentin Johnston,WR,LAC,,,,0,8,47,4,597,,0,,,,,,,,,,,,
wicks_WR_GB,Dontayvion Wicks,WR,GB,,,,0,1,38,6,581,,1,,,,,,,,,,,,
robinson_WR_LAR,Demarcus Robinson,WR,LAR,,,,0,20,43,5,579,,1,,,,,,,,,,,,
legette_WR_CAR,Xavier Legette,WR,CAR,,,,0,10,45,3,630,,1,,,,,,,,,,,,
reynolds_WR_DEN,Josh Reynolds,WR,DEN,,,,0,0,41,5,580,,1,,,,,,,,,,,,
dortch_WR_ARI,Greg Dortch,WR,ARI,,,,0,20,45,4,488,,0,,,,,,,,,,,,
wilson_WR_PIT,Roman Wilson,WR,PIT,,,,0,11,41,3,553,,1,,,,,,,,,,,,
mccaffrey_WR_WSH,Luke McCaffrey,WR,WSH,,,,0,9,41,3,534,,1,,,,,,,,,,,,
wilson_WR_NO,Cedrick Wilson Jr.,WR,NO,,,,0,3,34,5,434,,0,,,,,,,,,,,,
boyd_WR_TEN,Tyler Boyd,WR,TEN,,,,0,11,43,2,516,,0,,,,,,,,,,,,
mcmillan_WR_TB,Jalen McMillan,WR,TB,,,,0,8,39,3,529,,2,,,,,,,,,,,,
brown_WR_WSH,Dyami Brown,WR,WSH,,,,0,2,32,4,497,,0,,,,,,,,,,,,
mingo_WR_CAR,Jonathan Mingo,WR,CAR,,,,0,0,46,2,502,,0,,,,,,,,,,,,
turpin_WR_DAL,KaVontae Turpin,WR,DAL,,,,1,126,26,6,291,,1,,,,,,,,,,,,
irwin_WR_CIN,Trenton Irwin,WR,CIN,,,,0,2,36,3,485,,0,,,,,,,,,,,,
johnson_WR_DEN,Brandon Johnson,WR,DEN,,,,0,0,27,6,378,,0,,,,,,,,,,,,
corley_WR_NYJ,Malachi Corley,WR,NYJ,,,,0,9,39,2,487,,2,,,,,,,,,,,,
pearsall_WR_SF,Ricky Pearsall,WR,SF,,,,0,12,31,3,494,,2,,,,,,,,,,,,
nailor_WR_MIN,Jalen Nailor,WR,MIN,,,,0,1,34,2,471,,0,,,,,,,,,,,,
pierce_WR_IND,Alec Pierce,WR,IND,,,,0,0,29,3,487,,0,,,,,,,,,,,,
osborn_WR_NE,K.J. Osborn,WR,NE,,,,0,2,39,2,407,,0,,,,,,,,,,,,
palmer_WR_TB,Trey Palmer,WR,TB,,,,0,25,35,3,389,,1,,,,,,,,,,,,
kelce_TE_KC,Travis Kelce,TE,KC,,,,,,101,8,1149,,1,,,,,,,,,,,,
laporta_TE_DET,Sam LaPorta,TE,DET,,,,,,84,9,846,,0,,,,,,,,,,,,
andrews_TE_BAL,Mark Andrews,TE,BAL,,,,,,65,11,852,,0,,,,,,,,,,,,
kincaid_TE_BUF,Dalton Kincaid,TE,BUF,,,,,,88,6,865,,1,,,,,,,,,,,,
engram_TE_JAX,Evan Engram,TE,JAX,,,,,,92,5,818,,1,,,,,,,,,,,,
mcbride_TE_ARI,Trey McBride,TE,ARI,,,,,,83,5,902,,0,,,,,,,,,,,,
njoku_TE_CLE,David Njoku,TE,CLE,,,,,,75,7,879,,2,,,,,,,,,,,,
kittle_TE_SF,George Kittle,TE,SF,,,,,,61,7,915,,0,,,,,,,,,,,,
ferguson_TE_DAL,Jake Ferguson,TE,DAL,,,,,,71,7,763,,0,,,,,,,,,,,,
pitts_TE_ATL,Kyle Pitts,TE,ATL,,,,,,64,5,877,,0,,,,,,,,,,,,
goedert_TE_PHI,Dallas Goedert,TE,PHI,,,,,,66,6,743,,0,,,,,,,,,,,,
bowers_TE_LV,Brock Bowers,TE,LV,,,,,,65,5,754,,2,,,,,,,,,,,,
kmet_TE_CHI,Cole Kmet,TE,CHI,,,,,,59,7,604,,0,,,,,,,,,,,,
schultz_TE_HOU,Dalton Schultz,TE,HOU,,,,,,59,6,656,,1,,,,,,,,,,,,
hockenson_TE_MIN,T.J. Hockenson,TE,MIN,,,,,,64,3,663,,1,,,,,,,,,,,,
freiermuth_TE_PIT,Pat Freiermuth,TE,PIT,,,,,,54,5,613,,0,,,,,,,,,,,,
musgrave_TE_GB,Luke Musgrave,TE,GB,,,,,,58,4,606,,0,,,,,,,,,,,,
likely_TE_BAL,Isaiah Likely,TE,BAL,,,,,,39,8,547,,0,,,,,,,,,,,,
conklin_TE_NYJ,Tyler Conklin,TE,NYJ,,,,,,58,3,601,,0,,,,,,,,,,,,
ertz_TE_WSH,Zach Ertz,TE,WSH,,,,,,54,5,486,,0,,,,,,,,,,,,
henry_TE_NE,Hunter Henry,TE,NE,,,,,,44,7,472,,0,,,,,,,,,,,,
smith_TE_MIA,Jonnu Smith,TE,MIA,,,,,,45,4,524,,1,,,,,,,,,,,,
johnson_TE_NO,Juwan Johnson,TE,NO,,,,,,42,6,430,,0,,,,,,,,,,,,
higbee_TE_LAR,Tyler Higbee,TE,LAR,,,,,,51,3,514,,0,,,,,,,,,,,,
otton_TE_TB,Cade Otton,TE,TB,,,,,,48,4,494,,1,,,,,,,,,,,,
okonkwo_TE_TEN,Chigoziem Okonkwo,TE,TEN,,,,,,47,3,492,,0,,,,,,,,,,,,
gesicki_TE_CIN,Mike Gesicki,TE,CIN,,,,,,42,5,418,,0,,,,,,,,,,,,
fant_TE_SEA,Noah Fant,TE,SEA,,,,,,44,3,503,,0,,,,,,,,,,,,
everett_TE_CHI,Gerald Everett,TE,CHI,,,,,,44,4,403,,0,,,,,,,,,,,,
sinnott_TE_WSH,Ben Sinnott,TE,WSH,,,,,,45,3,462,,1,,,,,,,,,,,,
mayer_TE_LV,Michael Mayer,TE,LV,,,,,,38,3,437,,0,,,,,,,,,,,,
knox_TE_BUF,Dawson Knox,TE,BUF,,,,,,32,5,327,,0,,,,,,,,,,,,
jordan_TE_HOU,Brevin Jordan,TE,HOU,,,,,,26,5,401,,0,,,,,,,,,,,,
dulcich_TE_DEN,Greg Dulcich,TE,DEN,,,,,,35,2,477,,0,,,,,,,,,,,,
hurst_TE_LAC,Hayden Hurst,TE,LAC,,,,,,37,3,385,,0,,,,,,,,,,,,
smythe_TE_MIA,Durham Smythe,TE,MIA,,,,,,37,2,385,,0,,,,,,,,,,,,
kraft_TE_GB,Tucker Kraft,TE,GB,,,,,,34,3,372,,0,,,,,,,,,,,,
parham_TE_LAC,Donald Parham Jr.,TE,LAC,,,,,,28,5,292,,0,,,,,,,,,,,,
johnson_TE_NYG,Theo Johnson,TE,NYG,,,,,,39,2,370,,1,,,,,,,,,,,,
higgins_TE_ARI,Elijah Higgins,TE,ARI,,,,,,31,2,373,,0,,,,,,,,,,,,
sanders_TE_CAR,Ja'Tavion Sanders,TE,CAR,,,,,,38,2,351,,1,,,,,,,,,,,,
tremble_TE_CAR,Tommy Tremble,TE,CAR,,,,,,25,5,223,,0,,,,,,,,,,,,
granson_TE_IND,Kylen Granson,TE,IND,,,,,,28,2,359,,0,,,,,,,,,,,,
gray_TE_KC,Noah Gray,TE,KC,,,,,,28,2,294,,0,,,,,,,,,,,,
wright_TE_DET,Brock Wright,TE,DET,,,,,,27,3,251,,0,,,,,,,,,,,,
aliecox_TE_IND,Mo Alie-Cox,TE,IND,,,,,,16,5,206,,0,,,,,,,,,,,,
bellinger_TE_NYG,Daniel Bellinger,TE,NYG,,,,,,29,1,314,,0,,,,,,,,,,,,
trautman_TE_DEN,Adam Trautman,TE,DEN,,,,,,25,3,236,,0,,,,,,,,,,,,
hooper_TE_NE,Austin Hooper,TE,NE,,,,,,29,1,263,,0,,,,,,,,,,,,
oliver_TE_MIN,Josh Oliver,TE,MIN,,,,,,26,2,243,,1,,,,,,,,,,,,
mundt_TE_MIN,Johnny Mundt,TE,MIN,,,,,,26,1,246,,0,,,,,,,,,,,,
heyward_TE_PIT,Connor Heyward,TE,PIT,,,,,,24,1,203,,0,,,,,,,,,,,,
woods_TE_IND,Jelani Woods,TE,IND,,,,,,16,2,249,,0,,,,,,,,,,,,
thomas_TE_CAR,Ian Thomas,TE,CAR,,,,,,21,1,209,,0,,,,,,,,,,,,
parkinson_TE_LAR,Colby Parkinson,TE,LAR,,,,,,16,2,179,,0,,,,,,,,,,,,
quitoriano_TE_HOU,Teagan Quitoriano,TE,HOU,,,,,,11,2,179,,0,,,,,,,,,,,,
dissly_TE_LAC,Will Dissly,TE,LAC,,,,,,15,1,156,,0,,,,,,,,,,,,
bates_TE_WSH,John Bates,TE,WSH,,,,,,16,1,145,,0,,,,,,,,,,,,
rogers_TE_PHI,Armani Rogers,TE,PHI,,,,,,11,1,133,,0,,,,,,,,,,,,
morris_TE_BUF,Quintin Morris,TE,BUF,,,,,,11,2,123,,0,,,,,,,,,,,,
strange_TE_JAX,Brenton Strange,TE,JAX,,,,,,12,2,101,,0,,,,,,,,,,,,
smartt_TE_LAC,Stone Smartt,TE,LAC,,,,,,11,1,157,,0,,,,,,,,,,,,
sims_TE_GB,Ben Sims,TE,GB,,,,,,11,2,93,,0,,,,,,,,,,,,
durham_TE_TB,Payne Durham,TE,TB,,,,,,12,1,136,,0,,,,,,,,,,,,
ogletree_TE_IND,Andrew Ogletree,TE,IND,,,,,,10,1,161,,0,,,,,,,,,,,,
wiley_TE_KC,Jared Wiley,TE,KC,,,,,,13,1,128,,0,,,,,,,,,,,,
akins_TE_CLE,Jordan Akins,TE,CLE,,,,,,11,1,110,,0,,,,,,,,,,,,
hendershot_TE_DAL,Peyton Hendershot,TE,DAL,,,,,,11,1,112,,0,,,,,,,,,,,,
brown_TE_SEA,Pharaoh Brown,TE,SEA,,,,,,11,1,152,,0,,,,,,,,,,,,
pruitt_TE_PIT,MyCole Pruitt,TE,PIT,,,,,,9,2,101,,0,,,,,,,,,,,,
mclachlan_TE_CIN,Tanner McLachlan,TE,CIN,,,,,,12,1,123,,0,,,,,,,,,,,,
farrell_TE_JAX,Luke Farrell,TE,JAX,,,,,,12,1,129,,0,,,,,,,,,,,,
all_TE_CIN,Erick All,TE,CIN,,,,,,12,1,123,,0,,,,,,,,,,,,
mitchell_TE_DET,James Mitchell,TE,DET,,,,,,12,1,124,,0,,,,,,,,,,,,
smith_TE_KC,Irv Smith,TE,KC,,,,,,13,1,104,,0,,,,,,,,,,,,
moreau_TE_NO,Foster Moreau,TE,NO,,,,,,11,1,120,,0,,,,,,,,,,,,
stover_TE_HOU,Cade Stover,TE,HOU,,,,,,11,1,120,,0,,,,,,,,,,,,
tonyan_TE_MIN,Robert Tonyan,TE,MIN,,,,,,12,1,114,,0,,,,,,,,,,,,
hudson_TE_CIN,Tanner Hudson,TE,CIN,,,,,,12,1,113,,0,,,,,,,,,,,,
willis_TE_SF,Brayden Willis,TE,SF,,,,,,10,1,121,,0,,,,,,,,,,,,
latu_TE_SF,Cameron Latu,TE,SF,,,,,,10,1,121,,0,,,,,,,,,,,,
allen_TE_LAR,Davis Allen,TE,LAR,,,,,,11,1,115,,0,,,,,,,,,,,,
okwuegbunam_TE_PHI,Albert Okwuegbunam,TE,PHI,,,,,,11,1,107,,0,,,,,,,,,,,,
ruckert_TE_NYJ,Jeremy Ruckert,TE,NYJ,,,,,,11,1,112,,0,,,,,,,,,,,,
vokolek_TE_ARI,Travis Vokolek,TE,ARI,,,,,,11,1,102,,0,,,,,,,,,,,,
holker_TE_NO,Dallin Holker,TE,NO,,,,,,11,1,112,,0,,,,,,,,,,,,
calcaterra_TE_PHI,Grant Calcaterra,TE,PHI,,,,,,11,1,117,,0,,,,,,,,,,,,
culp_TE_TB,Devin Culp,TE,TB,,,,,,11,1,113,,0,,,,,,,,,,,,
reiman_TE_ARI,Tip Reiman,TE,ARI,,,,,,11,1,102,,0,,,,,,,,,,,,
barner_TE_SEA,AJ Barner,TE,SEA,,,,,,11,1,108,,0,,,,,,,,,,,,
deguara_TE_JAX,Josiah Deguara,TE,JAX,,,,,,12,1,95,,0,,,,,,,,,,,,
sample_TE_CIN,Drew Sample,TE,CIN,,,,,,12,1,100,,0,,,,,,,,,,,,
mallory_TE_IND,Will Mallory,TE,IND,,,,,,10,1,116,,0,,,,,,,,,,,,
turner_TE_WSH,Cole Turner,TE,WSH,,,,,,10,1,118,,0,,,,,,,,,,,,
fitzpatrick_TE_ATL,John FitzPatrick,TE,ATL,,,,,,10,1,117,,0,,,,,,,,,,,,
dwelley_TE_ATL,Ross Dwelley,TE,ATL,,,,,,8,1,127,,0,,,,,,,,,,,,
kolar_TE_BAL,Charlie Kolar,TE,BAL,,,,,,9,1,103,,0,,,,,,,,,,,,
vannett_TE_TEN,Nick Vannett,TE,TEN,,,,,,9,1,104,,0,,,,,,,,,,,,
krull_TE_DEN,Lucas Krull,TE,DEN,,,,,,9,1,104,,0,,,,,,,,,,,,
hill_TE_MIA,Julian Hill,TE,MIA,,,,,,11,1,104,,1,,,,,,,,,,,,
ravens_DST_BAL,Ravens,DST,BAL,,,,,,,,,,,,,,,,,19.8,54.7,0,15,3.6,15
jets_DST_NYJ,N.Y. Jets,DST,NYJ,,,,,,,,,,,,,,,,,20.7,60.5,0,13,3.2,15
bills_DST_BUF,Bills,DST,BUF,,,,,,,,,,,,,,,,,20.9,52.3,0,16,3.4,14
chiefs_DST_KC,Chiefs,DST,KC,,,,,,,,,,,,,,,,,20.1,55.9,0,13,2.8,12
cowboys_DST_DAL,Cowboys,DST,DAL,,,,,,,,,,,,,,,,,22.9,59.4,0,15,3.1,14
dolphins_DST_MIA,Dolphins,DST,MIA,,,,,,,,,,,,,,,,,23.9,56.2,0,15,2.9,12
browns_DST_CLE,Browns,DST,CLE,,,,,,,,,,,,,,,,,22.8,53.1,0,11,2.9,15
eagles_DST_PHI,Eagles,DST,PHI,,,,,,,,,,,,,,,,,23.5,51.0,0,14,2.9,13
buccaneers_DST_TB,Buccaneers,DST,TB,,,,,,,,,,,,,,,,,20.1,50.2,0,15,2.7,10
falcons_DST_ATL,Falcons,DST,ATL,,,,,,,,,,,,,,,,,24.4,57.4,0,10,2.6,11
ers_DST_SF,49ers,DST,SF,,,,,,,,,,,,,,,,,20.1,42.0,0,12,3,15
bears_DST_CHI,Bears,DST,CHI,,,,,,,,,,,,,,,,,22.5,36.2,0,9,3,17
texans_DST_HOU,Texans,DST,HOU,,,,,,,,,,,,,,,,,22.9,64.7,0,13,3.3,12
patriots_DST_NE,Patriots,DST,NE,,,,,,,,,,,,,,,,,24.9,34.6,0,12,2.6,12
colts_DST_IND,Colts,DST,IND,,,,,,,,,,,,,,,,,26.8,65.8,0,13,2.7,12
panthers_DST_CAR,Panthers,DST,CAR,,,,,,,,,,,,,,,,,26.9,39.9,0,8,2.3,12
bengals_DST_CIN,Bengals,DST,CIN,,,,,,,,,,,,,,,,,23.0,52.6,0,13,3.3,14
steelers_DST_PIT,Steelers,DST,PIT,,,,,,,,,,,,,,,,,21.9,53.8,0,13,2.8,14
chargers_DST_LAC,L.A. Chargers,DST,LAC,,,,,,,,,,,,,,,,,23.2,52.8,0,15,3.2,11
giants_DST_NYG,N.Y. Giants,DST,NYG,,,,,,,,,,,,,,,,,23.8,42.0,0,17,3.2,13
saints_DST_NO,Saints,DST,NO,,,,,,,,,,,,,,,,,22.6,42.9,0,14,3.3,15
jaguars_DST_JAX,Jaguars,DST,JAX,,,,,,,,,,,,,,,,,23.2,41.8,0,16,3.1,13
packers_DST_GB,Packers,DST,GB,,,,,,,,,,,,,,,,,22.6,49.8,0,13,2.8,12
broncos_DST_DEN,Broncos,DST,DEN,,,,,,,,,,,,,,,,,27.6,44.4,0,18,2.9,9
seahawks_DST_SEA,Seahawks,DST,SEA,,,,,,,,,,,,,,,,,23.6,50.4,0,12,2.7,12
raiders_DST_LV,Raiders,DST,LV,,,,,,,,,,,,,,,,,22.1,49.7,0,13,2.5,11
vikings_DST_MIN,Vikings,DST,MIN,,,,,,,,,,,,,,,,,24.8,47.3,0,13,2.5,10
lions_DST_DET,Lions,DST,DET,,,,,,,,,,,,,,,,,24.3,43.3,0,10,2.8,14
titans_DST_TEN,Titans,DST,TEN,,,,,,,,,,,,,,,,,24.2,47.3,0,12,2.3,10
cardinals_DST_ARI,Cardinals,DST,ARI,,,,,,,,,,,,,,,,,27.8,44.6,0,11,2.4,11
rams_DST_LAR,L.A. Rams,DST,LAR,,,,,,,,,,,,,,,,,25.5,39.9,0,9,2.5,13
team_DST_WSH,Team,DST,WSH,,,,,,,,,,,,,,,,,28.5,51.3,0,14,2.7,12
koo_K_ATL,Younghoe Koo,K,ATL,,,,,,,,,,,0.309,11.8,11.7,10.6,4.59,55,,,,,,
butker_K_KC,Harrison Butker,K,KC,,,,,,,,,,,0.263,10.5,10.3,7.6,5.6,46,,,,,,
myers_K_SEA,Jason Myers,K,SEA,,,,,,,,,,,0.279,7.8,12.1,10.3,4.6,42,,,,,,
tucker_K_BAL,Justin Tucker,K,BAL,,,,,,,,,,,0.251,9,8.9,10.4,3.17,50,,,,,,
aubrey_K_DAL,Brandon Aubrey,K,DAL,,,,,,,,,,,0.264,8,12.5,7.6,5.6,43,,,,,,
elliott_K_PHI,Jake Elliott,K,PHI,,,,,,,,,,,0.253,8.8,8.6,7.7,5.4,52,,,,,,
fairbairn_K_HOU,Ka'imi Fairbairn,K,HOU,,,,,,,,,,,0.259,10.3,10.6,7.4,5.5,43,,,,,,
bass_K_BUF,Tyler Bass,K,BUF,,,,,,,,,,,0.244,7.3,11.6,7,3.89,52,,,,,,
grupe_K_NO,Blake Grupe,K,NO,,,,,,,,,,,0.24,9.6,7.8,8,5.1,49,,,,,,
santos_K_CHI,Cairo Santos,K,CHI,,,,,,,,,,,0.269,8.9,10.1,8.6,5.7,39,,,,,,
mcpherson_K_CIN,Evan McPherson,K,CIN,,,,,,,,,,,0.252,6.9,8.2,8.9,5.4,49,,,,,,
moody_K_SF,Jake Moody,K,SF,,,,,,,,,,,0.228,8.4,9.5,6.6,4.84,49,,,,,,
sanders_K_MIA,Jason Sanders,K,MIA,,,,,,,,,,,0.228,6.8,8.3,8.6,4.81,51,,,,,,
dicker_K_LAC,Cameron Dicker,K,LAC,,,,,,,,,,,0.25,7.7,8.2,9.1,5.3,45,,,,,,
gay_K_IND,Matt Gay,K,IND,,,,,,,,,,,0.264,8.6,10.1,7.6,5.6,41,,,,,,
little_K_JAX,Cam Little,K,JAX,,,,,,,,,,,0.322,9,10.3,9,3.54,40,,,,,,
hopkins_K_CLE,Dustin Hopkins,K,CLE,,,,,,,,,,,0.257,7.9,8.3,10.1,5.5,38,,,,,,
zuerlein_K_NYJ,Greg Zuerlein,K,NYJ,,,,,,,,,,,0.264,7.2,9.8,11.2,4.77,33,,,,,,
karty_K_LAR,Joshua Karty,K,LAR,,,,,,,,,,,0.313,8.8,10,8.8,3.45,37,,,,,,
mclaughlin_K_TB,Chase McLaughlin,K,TB,,,,,,,,,,,0.235,7.7,9.7,6.8,5,41,,,,,,
prater_K_ARI,Matt Prater,K,ARI,,,,,,,,,,,0.251,6.9,8.8,7.2,5.3,39,,,,,,
bates_K_DET,Jake Bates,K,DET,,,,,,,,,,,0.252,7,8.1,7,2.77,45,,,,,,
lutz_K_DEN,Wil Lutz,K,DEN,,,,,,,,,,,0.216,8.6,10.3,6.2,2.97,36,,,,,,
boswell_K_PIT,Chris Boswell,K,PIT,,,,,,,,,,,0.218,7.7,7.1,7.4,4.63,33,,,,,,
folk_K_TEN,Nick Folk,K,TEN,,,,,,,,,,,0.203,7.5,7.6,6.2,4.03,31,,,,,,
carlson_K_LV,Daniel Carlson,K,LV,,,,,,,,,,,0.203,8.1,6.6,7.5,2.69,34,,,,,,
york_K_WSH,Cade York,K,WSH,,,,,,,,,,,0.18,4.96,8.5,5.6,3.76,38,,,,,,
reichard_K_MIN,Will Reichard,K,MIN,,,,,,,,,,,0.244,6.8,7.8,6.8,2.68,32,,,,,,
pineiro_K_CAR,Eddy Pineiro,K,CAR,,,,,,,,,,,0.197,5.4,7.9,7.6,4.16,25,,,,,,
gano_K_NYG,Graham Gano,K,NYG,,,,,,,,,,,0.173,4.77,6.8,5.7,3.69,32,,,,,,
ryland_K_NE,Chad Ryland,K,NE,,,,,,,,,,,0.154,4.8,6,6,2.4,28,,,,,,
joseph_K_GB,Greg Joseph,K,GB,,,,,,,,,,,0.265,5.2,6.1,4.07,3.01,22,,,,,,
carlson_K_GB,Anders Carlson,K,GB,,,,,,,,,,,0.1,3.44,4.73,2.86,1.29,15,,,,,,
