"name_cbs","pos","team_cbs","positionRank_cbs","overallRank_cbs","passAtt_cbs","passComp_cbs","passYds_cbs","passTds_cbs","passInt_cbs","passCompPct_cbs","passYdsPerAtt_cbs","rushAtt_cbs","rushYds_cbs","rushYdsPerAtt_cbs","rushTds_cbs","rec_cbs","recYds_cbs","recYdsPerRec_cbs","recTds_cbs","twoPts_cbs","fumbles_cbs","pts_cbs"
"Drew Brees","QB","NO",1,1,663.3,445.3,5120.7,42.7,16,67.1,7.7,16.7,21.3,1.3,1,NA,NA,NA,NA,NA,1.7,423.8
"Aaron Rodgers","QB","GB",2,2,554,371,4571,38.7,11,67,8.3,58.3,261,4.5,3,NA,NA,NA,NA,NA,2.7,415.8
"Peyton Manning","QB","DEN",3,3,603.7,413,4878.3,40,12.7,68.4,8.1,18.3,10.7,0.6,0,NA,NA,NA,NA,NA,1.3,400
"Tom Brady","QB","NE",4,4,597.7,392,4557.3,34,11.3,65.6,7.6,33,57,1.7,2.3,NA,NA,NA,NA,NA,1.3,369.6
"Cam Newton","QB","CAR",5,5,509.7,308.7,4040.3,22.7,12.7,60.6,7.9,125,729.7,5.8,7.3,NA,NA,NA,NA,NA,3,368.6
"Matt Ryan","QB","ATL",6,6,611,408.7,4762,33.3,12,66.9,7.8,34.3,96.7,2.8,1,NA,NA,NA,NA,NA,2.3,362.2
"Matthew Stafford","QB","DET",7,7,678.7,418.7,4932,31,15.7,61.7,7.3,23.3,83,3.6,1.7,NA,NA,NA,NA,NA,1.3,356.2
"Robert Griffin III","QB","WAS",8,8,462,308.3,3712,25.3,10.7,66.7,8,91.3,557.7,6.1,5.7,NA,NA,NA,NA,NA,3.3,347
"Andrew Luck","QB","IND",9,9,578,368.7,4473.7,28.7,15.3,63.8,7.7,61.3,266.7,4.4,3,NA,NA,NA,NA,NA,3,343.6
"Tony Romo","QB","DAL",10,10,625.3,409,4870.3,30,13.7,65.4,7.8,22,46.7,2.1,0.7,NA,NA,NA,NA,NA,2,341.8
"Colin Kaepernick","QB","SF",11,11,512,330.7,3943,22,13.7,64.6,7.7,114,638,5.6,5,NA,NA,NA,NA,NA,3.7,330.2
"Eli Manning","QB","NYG",12,12,566.3,357.7,4333.7,29.3,13.3,63.2,7.7,28,35.7,1.3,1,NA,NA,NA,NA,NA,1.7,316.8
"Russell Wilson","QB","SEA",13,13,480.3,305,3775.7,24.7,13.3,63.5,7.9,90,410.7,4.6,3.7,NA,NA,NA,NA,NA,2,315.8
"Andy Dalton","QB","CIN",14,14,550,340.3,4126,27,16.7,61.9,7.5,41.7,127.3,3.1,1,NA,NA,NA,NA,NA,3.3,291
"Carson Palmer","QB","ARI",15,15,584.3,359,4208,26.7,15.7,61.4,7.2,21.7,29.7,1.4,0.3,NA,NA,NA,NA,NA,2.3,288
"Sam Bradford","QB","STL",16,16,553.3,342.7,4113.3,25,13.3,61.9,7.4,28.7,66,2.3,1,NA,NA,NA,NA,NA,3,284.4
"Jay Cutler","QB","CHI",17,17,525,335,3934.7,26.3,14.7,63.8,7.5,34.3,160.3,4.7,1,NA,NA,NA,NA,NA,3.7,284
"Michael Vick","QB","PHI",18,18,433.3,273,3223.7,21.3,11,63,7.4,78.7,487,6.2,3.3,NA,NA,NA,NA,NA,3.3,282
"Josh Freeman","QB","TB",19,19,547.7,332.7,4080.3,25.3,17,60.7,7.4,44.3,163.7,3.7,0.7,NA,NA,NA,NA,NA,3.3,281.4
"Ben Roethlisberger","QB","PIT",20,20,518.3,328.3,3869,24,10.3,63.3,7.5,27.7,94.7,3.4,2.3,NA,NA,NA,NA,NA,3,281.2
"Matt Schaub","QB","HOU",21,21,534,339.3,4093.7,24.7,12.7,63.5,7.7,20.7,12.3,0.6,0.3,NA,NA,NA,NA,NA,2.3,277
"Brandon Weeden","QB","CLE",22,22,545.7,333,4092.7,24,16.3,61,7.5,24,83.3,3.5,0,NA,NA,NA,NA,NA,1.7,269
"Alex Smith","QB","KC",23,23,548.3,352.3,4055.3,22,13,64.3,7.4,37.3,133,3.6,1,NA,NA,NA,NA,NA,3.7,266.6
"Philip Rivers","QB","SD",24,24,567.3,359.3,4165,25,17.7,63.3,7.3,24.3,35.3,1.5,0,NA,NA,NA,NA,NA,4.3,266
"Joe Flacco","QB","BAL",25,25,558,351,4007.3,22.7,15,62.9,7.2,39,67.3,1.7,1.3,NA,NA,NA,NA,NA,3.7,262.6
"Ryan Tannehill","QB","MIA",26,26,527.3,333.7,3811.3,20.7,15.3,63.3,7.2,53.7,227.3,4.2,2,NA,NA,NA,NA,NA,3,259.6
"Adrian Peterson","RB","MIN",1,27,NA,NA,NA,NA,NA,NA,NA,326.3,1612.3,4.9,13.3,39.7,259.7,6.5,1.7,NA,1.3,258.4
"Jake Locker","QB","TEN",27,27,496,303.7,3638,19.7,14.3,61.2,7.3,58.3,283.3,4.9,2.3,NA,NA,NA,NA,NA,2,258.4
"C.J. Spiller","RB","BUF",2,29,NA,NA,NA,NA,NA,NA,NA,301,1473,4.9,8.7,47.7,410,8.6,2.7,NA,1.7,238
"Doug Martin","RB","TB",3,30,NA,NA,NA,NA,NA,NA,NA,301.3,1358.3,4.5,10.3,52.3,470.7,9,1.7,NA,1.3,235.4
"Jamaal Charles","RB","KC",4,31,NA,NA,NA,NA,NA,NA,NA,266,1437,5.4,7.7,58.7,493,8.4,2.3,NA,2,232
"Christian Ponder","QB","MIN",28,32,471,290.7,3313.3,20,14,61.7,7,44.3,203,4.6,1,NA,NA,NA,NA,NA,3.3,229.4
"E.J. Manuel","QB","BUF",29,33,412.7,259.7,3171.7,18.3,13,62.9,7.7,49.3,282.7,5.7,1.7,NA,NA,NA,NA,NA,2,228
"Trent Richardson","RB","CLE",5,34,NA,NA,NA,NA,NA,NA,NA,307.3,1314.3,4.3,10.3,49.3,415.3,8.4,1.7,NA,1,227
"Calvin Johnson","WR","DET",1,35,NA,NA,NA,NA,NA,NA,NA,NA,NA,NA,NA,106.3,1680.3,15.8,10.7,NA,1,223.2
"Marshawn Lynch","RB","SEA",6,36,NA,NA,NA,NA,NA,NA,NA,305.7,1428.7,4.7,12,26,195.3,7.5,1,NA,1.7,221.6
"LeSean McCoy","RB","PHI",7,37,NA,NA,NA,NA,NA,NA,NA,276.7,1294.7,4.7,9.7,50,382,7.6,2,NA,2,217.2
"Arian Foster","RB","HOU",8,38,NA,NA,NA,NA,NA,NA,NA,292.7,1271,4.3,10.7,42.3,314.3,7.4,1.7,NA,1.7,213
"Ray Rice","RB","BAL",9,39,NA,NA,NA,NA,NA,NA,NA,251.3,1186.3,4.7,8,63.3,515.3,8.1,2,NA,1.7,211.6
"Alfred Morris","RB","WAS",10,40,NA,NA,NA,NA,NA,NA,NA,316.7,1430.3,4.5,11,15,79.7,5.3,0.3,NA,2.3,201.2
"Dez Bryant","WR","DAL",2,41,NA,NA,NA,NA,NA,NA,NA,NA,NA,NA,NA,95.7,1424.7,14.9,11,NA,1.3,198.4
"A.J. Green","WR","CIN",3,42,NA,NA,NA,NA,NA,NA,NA,NA,NA,NA,NA,95.7,1392,14.5,10.7,NA,0,197.2
"Blaine Gabbert","QB","JAC",30,43,391.7,238.3,3005.7,17.7,11.7,60.8,7.7,25,70.7,2.8,0.7,NA,NA,NA,NA,NA,2.7,196.6
"Matt Forte","RB","CHI",11,44,NA,NA,NA,NA,NA,NA,NA,255.3,1143.7,4.5,5.3,59,470,8,3,NA,2,191.8
"Brandon Marshall","WR","CHI",4,45,NA,NA,NA,NA,NA,NA,NA,NA,NA,NA,NA,103.7,1384,13.3,10.3,NA,0.7,190.4
"Julio Jones","WR","ATL",5,46,NA,NA,NA,NA,NA,NA,NA,NA,NA,NA,NA,87,1311,15.1,10.7,NA,0,188.2
"Stevan Ridley","RB","NE",12,46,NA,NA,NA,NA,NA,NA,NA,276,1267.7,4.6,11.7,9.3,75.3,8.1,0,NA,2,188.2
"Chris Johnson","RB","TEN",13,48,NA,NA,NA,NA,NA,NA,NA,269.3,1295.7,4.8,7,39,291.3,7.5,1,NA,1.7,186.6
"Steven Jackson","RB","ATL",14,49,NA,NA,NA,NA,NA,NA,NA,255,1147.3,4.5,9,38.7,298.3,7.7,0.7,NA,1,184.2
"Demaryius Thomas","WR","DEN",7,50,NA,NA,NA,NA,NA,NA,NA,NA,NA,NA,NA,86.7,1312,15.1,10.3,NA,1.7,182.4
"Larry Fitzgerald","WR","ARI",6,50,NA,NA,NA,NA,NA,NA,NA,NA,NA,NA,NA,91.3,1303,14.3,10,NA,0.3,182.4
"Reggie Bush","RB","DET",15,52,NA,NA,NA,NA,NA,NA,NA,210.3,959.7,4.6,4.7,70.7,562.3,8,2.7,NA,1.7,177
"DeMarco Murray","RB","DAL",16,53,NA,NA,NA,NA,NA,NA,NA,247.7,1129,4.6,7.3,38.7,312,8.1,1,NA,1.3,175.2
"Andre Johnson","WR","HOU",8,54,NA,NA,NA,NA,NA,NA,NA,NA,NA,NA,NA,96.3,1384.3,14.4,7.3,NA,0,173.8
"Maurice Jones-Drew","RB","JAC",17,55,NA,NA,NA,NA,NA,NA,NA,280.3,1198.7,4.3,6.3,38,298,7.8,1.3,NA,2,173.6
"Matt Flynn","QB","OAK",31,56,346.7,216,2782.7,15.3,10,62.3,8,23,37.7,1.6,0.3,NA,NA,NA,NA,NA,1.7,173.2
"Roddy White","WR","ATL",9,57,NA,NA,NA,NA,NA,NA,NA,NA,NA,NA,NA,86.7,1263.7,14.6,9,NA,0,171
"Randall Cobb","WR","GB",10,58,NA,NA,NA,NA,NA,NA,NA,NA,NA,NA,NA,96.7,1188.3,12.3,8.7,NA,1.3,168.8
"Vincent Jackson","WR","TB",11,59,NA,NA,NA,NA,NA,NA,NA,NA,NA,NA,NA,73.3,1222,16.7,8.7,NA,0.3,165.6
"Frank Gore","RB","SF",18,60,NA,NA,NA,NA,NA,NA,NA,245.7,1092.7,4.4,7.7,24.3,210,8.6,1,NA,1.3,164.6
"Victor Cruz","WR","NYG",12,61,NA,NA,NA,NA,NA,NA,NA,NA,NA,NA,NA,87.7,1225.7,14,8.3,NA,0,163.8
"Lamar Miller","RB","MIA",19,62,NA,NA,NA,NA,NA,NA,NA,226,1076.7,4.8,6.3,34.3,266,7.8,1.3,NA,1,161.6
"Jimmy Graham","TE","NO",1,63,NA,NA,NA,NA,NA,NA,NA,NA,NA,NA,NA,87.3,1098.7,12.6,10,NA,0,161
"David Wilson","RB","NYG",20,64,NA,NA,NA,NA,NA,NA,NA,219,1094.7,5,5.7,27,240.3,8.9,1.7,NA,1,160.4
"Pierre Garcon","WR","WAS",13,65,NA,NA,NA,NA,NA,NA,NA,NA,NA,NA,NA,75.7,1168.3,15.4,7.7,NA,0.3,155.6
"Marques Colston","WR","NO",14,66,NA,NA,NA,NA,NA,NA,NA,NA,NA,NA,NA,81.7,1132.3,13.9,8.7,NA,1,155.2
"Dwayne Bowe","WR","KC",15,67,NA,NA,NA,NA,NA,NA,NA,NA,NA,NA,NA,81.3,1165.3,14.3,7.7,NA,0.3,153.6
"Darren Sproles","RB","NO",21,68,NA,NA,NA,NA,NA,NA,NA,75.7,419,5.5,2.7,77.3,710.7,9.2,7,NA,1,153.2
"Geno Smith","QB","NYJ",32,69,330.3,200.3,1590.7,14.3,10.7,60.6,4.8,76.7,340.7,4.4,2,NA,NA,NA,NA,NA,2.7,153
"Wes Welker","WR","DEN",16,70,NA,NA,NA,NA,NA,NA,NA,NA,NA,NA,NA,88.7,1126,12.7,7.3,NA,0,149.8
"Rob Gronkowski","TE","NE",2,71,NA,NA,NA,NA,NA,NA,NA,NA,NA,NA,NA,68,976.7,14.4,10,NA,1,149
"Darren McFadden","RB","OAK",22,72,NA,NA,NA,NA,NA,NA,NA,227,1019.7,4.5,5,37.3,303.7,8.1,1.3,NA,2,148.8
"Eric Decker","WR","DEN",17,73,NA,NA,NA,NA,NA,NA,NA,NA,NA,NA,NA,71.3,973.7,13.7,9.7,NA,1,145.2
"Reggie Wayne","WR","IND",18,74,NA,NA,NA,NA,NA,NA,NA,NA,NA,NA,NA,86.7,1165.3,13.4,6.3,NA,0.7,144.4
"Danny Amendola","WR","NE",19,75,NA,NA,NA,NA,NA,NA,NA,NA,NA,NA,NA,94,1116.3,11.9,7,NA,1,144
"Steve Smith","WR","CAR",20,76,NA,NA,NA,NA,NA,NA,NA,NA,NA,NA,NA,72.7,1142,15.7,6.3,NA,1,143.8
"Giovani Bernard","RB","CIN",23,77,NA,NA,NA,NA,NA,NA,NA,183.3,903.3,4.9,5,39.3,317,8.1,1.7,NA,1.3,142.6
"Cecil Shorts","WR","JAC",21,78,NA,NA,NA,NA,NA,NA,NA,NA,NA,NA,NA,68.3,1118,16.4,6.3,NA,0.7,140.4
"Hakeem Nicks","WR","NYG",22,79,NA,NA,NA,NA,NA,NA,NA,NA,NA,NA,NA,70.7,1046.7,14.8,7.3,NA,0.3,140.2
"James Jones","WR","GB",23,80,NA,NA,NA,NA,NA,NA,NA,NA,NA,NA,NA,67.3,936.3,13.9,9.3,NA,1,138.8
"Antonio Brown","WR","PIT",24,81,NA,NA,NA,NA,NA,NA,NA,NA,NA,NA,NA,81.3,1088.3,13.4,6.3,NA,1.3,137.2
"Jordy Nelson","WR","GB",25,82,NA,NA,NA,NA,NA,NA,NA,NA,NA,NA,NA,64.3,970.3,15.1,8,NA,0.3,136.4
"Torrey Smith","WR","BAL",26,82,NA,NA,NA,NA,NA,NA,NA,NA,NA,NA,NA,60.7,1009,16.6,7,NA,0.3,136.4
"Eddie Lacy","RB","GB",25,84,NA,NA,NA,NA,NA,NA,NA,197.7,885.3,4.5,7,24,183.7,7.7,0.7,NA,1,136.2
"Shane Vereen","RB","NE",24,84,NA,NA,NA,NA,NA,NA,NA,124.3,594.7,4.8,4.3,53,486.7,9.2,3,NA,0.3,136.2
"T.Y. Hilton","WR","IND",27,86,NA,NA,NA,NA,NA,NA,NA,NA,NA,NA,NA,65.3,986.3,15.1,7.3,NA,0,135.8
"DeSean Jackson","WR","PHI",28,87,NA,NA,NA,NA,NA,NA,NA,NA,NA,NA,NA,65,969.3,14.9,6,NA,1.7,131.8
"Rashard Mendenhall","RB","ARI",26,87,NA,NA,NA,NA,NA,NA,NA,235,959.3,4.1,6,21.7,170.7,7.9,0.3,NA,1,131.8
"Tavon Austin","WR","STL",29,89,NA,NA,NA,NA,NA,NA,NA,NA,NA,NA,NA,78.7,936.7,11.9,5.3,NA,1,131.6
"Kenny Britt","WR","TEN",30,90,NA,NA,NA,NA,NA,NA,NA,NA,NA,NA,NA,62,961.7,15.5,7.3,NA,0.7,131.4
"Daryl Richardson","RB","STL",27,91,NA,NA,NA,NA,NA,NA,NA,198.3,851.3,4.3,4.7,35.3,280.7,8,1.3,NA,1.7,130.6
"Ahmad Bradshaw","RB","IND",28,92,NA,NA,NA,NA,NA,NA,NA,193,879,4.6,6,26.3,204,7.8,1,NA,1.3,130.4
"Mike Wallace","WR","MIA",31,93,NA,NA,NA,NA,NA,NA,NA,NA,NA,NA,NA,63.3,989,15.6,6.7,NA,1,130.2
"Steve Johnson","WR","BUF",32,94,NA,NA,NA,NA,NA,NA,NA,NA,NA,NA,NA,71,969.3,13.7,7,NA,1.3,128.4
"Ryan Mathews","RB","SD",29,95,NA,NA,NA,NA,NA,NA,NA,211.7,921.7,4.4,5,29,221,7.6,0.7,NA,2,128.2
"Montee Ball","RB","DEN",30,96,NA,NA,NA,NA,NA,NA,NA,183,825.7,4.5,7,23.7,184,7.8,0.3,NA,1.3,127.2
"Josh Gordon","WR","CLE",34,97,NA,NA,NA,NA,NA,NA,NA,NA,NA,NA,NA,58,930.3,16,7.3,NA,1,126.8
"Mike Williams","WR","TB",33,97,NA,NA,NA,NA,NA,NA,NA,NA,NA,NA,NA,64.3,932.3,14.5,7.3,NA,1,126.8
"Chris Givens","WR","STL",35,99,NA,NA,NA,NA,NA,NA,NA,NA,NA,NA,NA,59.7,949.3,15.9,6.3,NA,0.3,125.2
"Jason Witten","TE","DAL",3,100,NA,NA,NA,NA,NA,NA,NA,NA,NA,NA,NA,91.3,966,10.6,5.7,NA,0,123.2
"Miles Austin","WR","DAL",36,101,NA,NA,NA,NA,NA,NA,NA,NA,NA,NA,NA,65.3,890.3,13.6,7,NA,0.7,121.6
"Tony Gonzalez","TE","ATL",4,102,NA,NA,NA,NA,NA,NA,NA,NA,NA,NA,NA,84.3,891.7,10.6,6.7,NA,0,121.2
"Chris Ivory","RB","NYJ",31,103,NA,NA,NA,NA,NA,NA,NA,208.3,896,4.3,6.3,10,72.7,7.3,0,NA,1.3,120.2
"Andre Brown","RB","NYG",32,104,NA,NA,NA,NA,NA,NA,NA,157,688.7,4.4,8,22,161.7,7.3,0.3,NA,1,118.8
"Vernon Davis","TE","SF",5,104,NA,NA,NA,NA,NA,NA,NA,NA,NA,NA,NA,64,883.7,13.8,6.3,NA,0,118.8
"Michael Floyd","WR","ARI",37,106,NA,NA,NA,NA,NA,NA,NA,NA,NA,NA,NA,62.3,874,14,6.7,NA,0.3,118.6
"Lance Moore","WR","NO",38,107,NA,NA,NA,NA,NA,NA,NA,NA,NA,NA,NA,62.7,900.7,14.4,6,NA,0,118
"Golden Tate","WR","SEA",39,108,NA,NA,NA,NA,NA,NA,NA,NA,NA,NA,NA,58.3,854.7,14.7,6.7,NA,0.7,117.8
"Kenbrell Thompkins","WR","NE",40,109,NA,NA,NA,NA,NA,NA,NA,NA,NA,NA,NA,57.7,820.7,14.2,6.7,NA,0,115.2
"Greg Jennings","WR","MIN",41,110,NA,NA,NA,NA,NA,NA,NA,NA,NA,NA,NA,65,841.3,12.9,6.3,NA,0,113.8
"DeAndre Hopkins","WR","HOU",42,111,NA,NA,NA,NA,NA,NA,NA,NA,NA,NA,NA,54.3,826,15.2,6.3,NA,0.3,113.2
"Anquan Boldin","WR","SF",43,112,NA,NA,NA,NA,NA,NA,NA,NA,NA,NA,NA,61.3,871,14.2,5.7,NA,0.3,112.6
"Ryan Broyles","WR","DET",44,113,NA,NA,NA,NA,NA,NA,NA,NA,NA,NA,NA,63,874.3,13.9,5.3,NA,0.3,110.2
"Alshon Jeffery","WR","CHI",45,114,NA,NA,NA,NA,NA,NA,NA,NA,NA,NA,NA,52.3,796.3,15.2,6.3,NA,0,108.8
"DeAngelo Williams","RB","CAR",33,115,NA,NA,NA,NA,NA,NA,NA,176.3,784.3,4.4,5,17.7,131.7,7.4,0.7,NA,1.3,108.6
"Mark Ingram","RB","NO",34,116,NA,NA,NA,NA,NA,NA,NA,178.7,772,4.3,6.7,8.7,47.7,5.5,0,NA,1,108.2
"Jermichael Finley","TE","GB",6,117,NA,NA,NA,NA,NA,NA,NA,NA,NA,NA,NA,66,799.3,12.1,6,NA,0,107
"Justin Blackmon","WR","JAC",46,118,NA,NA,NA,NA,NA,NA,NA,NA,NA,NA,NA,57,778.3,13.7,5.7,NA,0.3,105.4
"Ronnie Hillman","RB","DEN",35,118,NA,NA,NA,NA,NA,NA,NA,146.7,687.3,4.7,3.7,33,271.7,8.2,1.3,NA,1.3,105.4
"Rueben Randle","WR","NYG",48,120,NA,NA,NA,NA,NA,NA,NA,NA,NA,NA,NA,53.3,799,15,5.7,NA,0,105.2
"Vincent Brown","WR","SD",47,120,NA,NA,NA,NA,NA,NA,NA,NA,NA,NA,NA,53.3,793.3,14.9,5.7,NA,0,105.2
"Denarius Moore","WR","OAK",49,122,NA,NA,NA,NA,NA,NA,NA,NA,NA,NA,NA,55.3,785.3,14.2,5.7,NA,0.7,104.8
"Emmanuel Sanders","WR","PIT",50,123,NA,NA,NA,NA,NA,NA,NA,NA,NA,NA,NA,64,839,13.1,5,NA,1.3,103.4
"Antonio Gates","TE","SD",7,124,NA,NA,NA,NA,NA,NA,NA,NA,NA,NA,NA,63,704.7,11.2,6.7,NA,0.3,102.6
"Jared Cook","TE","STL",8,124,NA,NA,NA,NA,NA,NA,NA,NA,NA,NA,NA,59.3,773,13,5.7,NA,0.3,102.6
"Ben Tate","RB","HOU",36,126,NA,NA,NA,NA,NA,NA,NA,155,729.7,4.7,5,18,133,7.4,0.3,NA,1,100.8
"Bernard Pierce","RB","BAL",37,127,NA,NA,NA,NA,NA,NA,NA,159,752.3,4.7,4.3,15.7,102.3,6.5,0.7,NA,0.7,100.6
"BenJarvus Green-Ellis","RB","CIN",38,128,NA,NA,NA,NA,NA,NA,NA,163.3,693.3,4.2,6.3,9.7,62.3,6.4,0,NA,0.7,100.4
"Jordan Cameron","TE","CLE",9,129,NA,NA,NA,NA,NA,NA,NA,NA,NA,NA,NA,59.3,719.7,12.1,6.3,NA,0.3,100.2
"Greg Olsen","TE","CAR",10,130,NA,NA,NA,NA,NA,NA,NA,NA,NA,NA,NA,63.7,798.7,12.5,5,NA,1,99
"Bryce Brown","RB","PHI",39,131,NA,NA,NA,NA,NA,NA,NA,160,718.7,4.5,5,20,131,6.5,0.7,NA,2.3,98.6
"Jonathan Stewart","RB","CAR",40,132,NA,NA,NA,NA,NA,NA,NA,154,670.7,4.4,4,24,199,8.3,1,NA,1.7,97.6
"Kendall Wright","WR","TEN",51,132,NA,NA,NA,NA,NA,NA,NA,NA,NA,NA,NA,60,751,12.5,5.7,NA,1.3,97.6
"Pierre Thomas","RB","NO",41,132,NA,NA,NA,NA,NA,NA,NA,133.7,591.7,4.4,4,33.7,288,8.5,1,NA,1.7,97.6
"Brandon LaFell","WR","CAR",52,135,NA,NA,NA,NA,NA,NA,NA,NA,NA,NA,NA,52.7,790,15,4.3,NA,0,96.8
"Sidney Rice","WR","SEA",53,136,NA,NA,NA,NA,NA,NA,NA,NA,NA,NA,NA,51,738,14.5,5.3,NA,0.7,96.4
"Martellus Bennett","TE","CHI",11,137,NA,NA,NA,NA,NA,NA,NA,NA,NA,NA,NA,56.3,673.7,12,6,NA,0,96
"Kyle Rudolph","TE","MIN",12,138,NA,NA,NA,NA,NA,NA,NA,NA,NA,NA,NA,54.3,627,11.5,6.7,NA,0.3,94.6
"Danny Woodhead","RB","SD",42,139,NA,NA,NA,NA,NA,NA,NA,100,441.7,4.4,3,41.3,363.3,8.8,2,NA,0.3,93.4
"Rod Streater","WR","OAK",54,139,NA,NA,NA,NA,NA,NA,NA,NA,NA,NA,NA,60.7,742,12.2,5,NA,1.3,93.4
"Brian Hartline","WR","MIA",55,141,NA,NA,NA,NA,NA,NA,NA,NA,NA,NA,NA,59.7,807.7,13.5,3.7,NA,1,93.2
"Tyler Eifert","TE","CIN",13,142,NA,NA,NA,NA,NA,NA,NA,NA,NA,NA,NA,56,712,12.7,5,NA,0.3,92.4
"Vick Ballard","RB","IND",43,143,NA,NA,NA,NA,NA,NA,NA,137.3,578.3,4.2,4.3,23.3,177.3,7.6,1,NA,0.3,92.2
"Greg Little","WR","CLE",56,144,NA,NA,NA,NA,NA,NA,NA,NA,NA,NA,NA,54,721,13.4,4.7,NA,1,91.2
"Terrelle Pryor","QB","OAK",33,145,180.3,108.3,1186,7.7,7.3,60.1,6.6,37.7,201.7,5.4,2,NA,NA,NA,NA,NA,2,90.6
"Darrius Heyward-Bey","WR","IND",57,146,NA,NA,NA,NA,NA,NA,NA,NA,NA,NA,NA,44.3,681.3,15.4,5,NA,0.7,89.6
"Owen Daniels","TE","HOU",14,147,NA,NA,NA,NA,NA,NA,NA,NA,NA,NA,NA,61.7,681.3,11,5,NA,0.3,89.4
"Mohamed Sanu","WR","CIN",58,148,NA,NA,NA,NA,NA,NA,NA,NA,NA,NA,NA,45.7,606,13.3,5.7,NA,0,89
"Cordarrelle Patterson","WR","MIN",59,149,NA,NA,NA,NA,NA,NA,NA,NA,NA,NA,NA,44.3,657.7,14.8,4.7,NA,0.7,88.8
"Fred Jackson","RB","BUF",44,150,NA,NA,NA,NA,NA,NA,NA,138.7,592,4.3,4,27,182.3,6.8,0.7,NA,1.3,88.6
"Le'Veon Bell","RB","PIT",45,151,NA,NA,NA,NA,NA,NA,NA,141.7,610.3,4.3,4.7,15.7,116,7.4,0.7,NA,1,88.4
"Brandon Myers","TE","NYG",15,152,NA,NA,NA,NA,NA,NA,NA,NA,NA,NA,NA,60.7,674,11.1,4.7,NA,0,88.2
"Aaron Dobson","WR","NE",60,153,NA,NA,NA,NA,NA,NA,NA,NA,NA,NA,NA,43.3,658,15.2,4.3,NA,0,87.6
"Brandon Pettigrew","TE","DET",16,154,NA,NA,NA,NA,NA,NA,NA,NA,NA,NA,NA,66.7,686.7,10.3,4.7,NA,1,86.2
"Joique Bell","RB","DET",46,155,NA,NA,NA,NA,NA,NA,NA,109,505,4.6,2.7,32.3,266.3,8.2,1.3,NA,0.3,84.4
"Fred Davis","TE","WAS",17,156,NA,NA,NA,NA,NA,NA,NA,NA,NA,NA,NA,49.7,627.7,12.6,4.7,NA,0,83.2
"Malcom Floyd","WR","SD",61,157,NA,NA,NA,NA,NA,NA,NA,NA,NA,NA,NA,46,673.3,14.6,4,NA,1,82
"Jacoby Jones","WR","BAL",62,158,NA,NA,NA,NA,NA,NA,NA,NA,NA,NA,NA,41.7,632.3,15.2,4.3,NA,0,81.8
"Coby Fleener","TE","IND",18,159,NA,NA,NA,NA,NA,NA,NA,NA,NA,NA,NA,52.7,615,11.7,4.7,NA,0.3,80.6
"Nate Burleson","WR","DET",64,160,NA,NA,NA,NA,NA,NA,NA,NA,NA,NA,NA,49.7,602.3,12.1,4.3,NA,0.7,78.4
"Santonio Holmes","WR","NYJ",63,160,NA,NA,NA,NA,NA,NA,NA,NA,NA,NA,NA,46.3,637.7,13.8,4,NA,0.3,78.4
"Shonn Greene","RB","TEN",47,160,NA,NA,NA,NA,NA,NA,NA,122,521.7,4.3,5.3,10.7,80.3,7.5,0,NA,0.7,78.4
"Bilal Powell","RB","NYJ",48,163,NA,NA,NA,NA,NA,NA,NA,112.7,507,4.5,3,26,211.7,8.1,0.7,NA,0.7,77.8
"Robert Woods","WR","BUF",65,164,NA,NA,NA,NA,NA,NA,NA,NA,NA,NA,NA,42.3,609.7,14.4,3.7,NA,0.3,74.6
"Jeremy Kerley","WR","NYJ",66,165,NA,NA,NA,NA,NA,NA,NA,NA,NA,NA,NA,52,662.7,12.7,2.7,NA,1.3,73.6
"Marcedes Lewis","TE","JAC",19,166,NA,NA,NA,NA,NA,NA,NA,NA,NA,NA,NA,50,551.3,11,4.7,NA,1,73.2
"Daniel Thomas","RB","MIA",49,167,NA,NA,NA,NA,NA,NA,NA,117,475.7,4.1,4.7,16.7,128.7,7.7,0.3,NA,1,73
"Rob Housler","TE","ARI",20,167,NA,NA,NA,NA,NA,NA,NA,NA,NA,NA,NA,50.7,560,11,4,NA,0,73
"Davone Bess","WR","CLE",67,169,NA,NA,NA,NA,NA,NA,NA,NA,NA,NA,NA,51.7,582.7,11.3,4,NA,0.7,72.6
"James Casey","TE","PHI",21,170,NA,NA,NA,NA,NA,NA,NA,NA,NA,NA,NA,40.7,541.7,13.3,4.3,NA,0.3,72.2
"Markus Wheaton","WR","PIT",68,170,NA,NA,NA,NA,NA,NA,NA,NA,NA,NA,NA,37.3,584.3,15.7,3.7,NA,0,72.2
"Andre Roberts","WR","ARI",69,172,NA,NA,NA,NA,NA,NA,NA,NA,NA,NA,NA,49.7,599.7,12.1,3.3,NA,0,71.8
"Isaiah Pead","RB","STL",50,172,NA,NA,NA,NA,NA,NA,NA,131.3,579,4.4,3,15.3,96.7,6.3,0.3,NA,1,71.8
"Santana Moss","WR","WAS",70,174,NA,NA,NA,NA,NA,NA,NA,NA,NA,NA,NA,35.7,503.7,14.1,5,NA,0.7,71.6
"Heath Miller","TE","PIT",22,175,NA,NA,NA,NA,NA,NA,NA,NA,NA,NA,NA,39,498,12.8,4.7,NA,0,71.2
"Jonathan Dwyer","RB","PIT",51,176,NA,NA,NA,NA,NA,NA,NA,125.3,533.7,4.3,3.7,10,74.3,7.4,0.3,NA,1,71
"Keenan Allen","WR","SD",71,176,NA,NA,NA,NA,NA,NA,NA,NA,NA,NA,NA,39,537.7,13.8,3.7,NA,0,71
"Donnie Avery","WR","KC",72,178,NA,NA,NA,NA,NA,NA,NA,NA,NA,NA,NA,44.3,580.3,13.1,3.3,NA,0,69.8
"Dwayne Allen","TE","IND",23,179,NA,NA,NA,NA,NA,NA,NA,NA,NA,NA,NA,50.3,538.7,10.7,4,NA,0.3,69.4
"Zach Miller","TE","SEA",24,180,NA,NA,NA,NA,NA,NA,NA,NA,NA,NA,NA,41.3,514.3,12.5,4.3,NA,0.3,69.2
"LaRod Stephens-Howling","RB","PIT",52,181,NA,NA,NA,NA,NA,NA,NA,90.7,393,4.3,1.7,29.3,258,8.8,1.7,NA,0.3,68.8
"Michael Bush","RB","CHI",53,182,NA,NA,NA,NA,NA,NA,NA,104,418.3,4,5.3,11,83.3,7.6,0,NA,0.7,68.4
"Roy Helu","RB","WAS",54,183,NA,NA,NA,NA,NA,NA,NA,86.3,388.3,4.5,2,33.3,257,7.7,1.3,NA,0.7,67.4
"Jacquizz Rodgers","RB","ATL",55,184,NA,NA,NA,NA,NA,NA,NA,95,415,4.4,0.7,39,318.3,8.2,1.3,NA,0.7,66.6
"Kenny Stills","WR","NO",73,184,NA,NA,NA,NA,NA,NA,NA,NA,NA,NA,NA,36.3,513.7,14.2,4,NA,0.7,66.6
"Kendall Hunter","RB","SF",56,186,NA,NA,NA,NA,NA,NA,NA,110.7,499,4.5,3,15.3,122.7,8,0.3,NA,0.7,66.4
"Brandon Gibson","WR","MIA",76,187,NA,NA,NA,NA,NA,NA,NA,NA,NA,NA,NA,43.7,544.3,12.5,3.3,NA,0.3,66.2
"Dexter McCluster","WR","KC",74,187,NA,NA,NA,NA,NA,NA,NA,NA,NA,NA,NA,48,564.3,11.8,2.3,NA,1.7,66.2
"Jarius Wright","WR","MIN",75,187,NA,NA,NA,NA,NA,NA,NA,NA,NA,NA,NA,40,533.7,13.3,3.3,NA,0.3,66.2
"Knile Davis","RB","KC",57,187,NA,NA,NA,NA,NA,NA,NA,105.3,488.7,4.6,3.3,16,122,7.6,0.3,NA,0.7,66.2
"Delanie Walker","TE","TEN",25,191,NA,NA,NA,NA,NA,NA,NA,NA,NA,NA,NA,37,483.3,13.1,4.3,NA,0.7,65.4
"Stephen Hill","WR","NYJ",77,192,NA,NA,NA,NA,NA,NA,NA,NA,NA,NA,NA,37.3,541,14.5,3.3,NA,0.3,65.2
"Mikel Leshoure","RB","DET",58,193,NA,NA,NA,NA,NA,NA,NA,99.3,427.3,4.3,5,12,87.7,7.3,0,NA,2,64
"Josh Morgan","WR","WAS",78,194,NA,NA,NA,NA,NA,NA,NA,NA,NA,NA,NA,39,512.7,13.1,3.3,NA,0,63.8
"Jermaine Gresham","TE","CIN",26,195,NA,NA,NA,NA,NA,NA,NA,NA,NA,NA,NA,40,490.3,12.3,4,NA,0.7,63.6
"Mike Tolbert","RB","CAR",59,195,NA,NA,NA,NA,NA,NA,NA,66.7,268.7,4,5.3,27,213.3,7.9,0.3,NA,1,63.6
"Chad Henne","QB","JAC",34,197,155.7,91,1094,7.3,6.7,58.4,7,10,30.7,3.1,0,NA,NA,NA,NA,NA,1,63.4
"Leonard Hankerson","WR","WAS",79,198,NA,NA,NA,NA,NA,NA,NA,NA,NA,NA,NA,35,507.3,14.5,3.3,NA,0.3,62.2
"Zac Stacy","RB","STL",60,199,NA,NA,NA,NA,NA,NA,NA,107.7,478.3,4.4,3.3,11.3,85.3,7.5,0,NA,0.7,61.4
"Johnathan Franklin","RB","GB",61,200,NA,NA,NA,NA,NA,NA,NA,92.7,395.7,4.3,2.3,23,160,7,1.3,NA,0.3,61
"Zach Sudfeld","TE","NE",27,201,NA,NA,NA,NA,NA,NA,NA,NA,NA,NA,NA,29.3,405,13.8,4.3,NA,0,58.8
"Ed Dickson","TE","BAL",28,202,NA,NA,NA,NA,NA,NA,NA,NA,NA,NA,NA,36,472.3,13.1,3.3,NA,0.3,58.2
"Riley Cooper","WR","PHI",80,202,NA,NA,NA,NA,NA,NA,NA,NA,NA,NA,NA,36.7,478.3,13,3.3,NA,0.3,58.2
"Mark Sanchez","QB","NYJ",35,204,174,103.7,1047.3,6.3,6.3,59.6,6,14.3,42,2.9,0.3,NA,NA,NA,NA,NA,2,57
"Jason Avant","WR","PHI",81,205,NA,NA,NA,NA,NA,NA,NA,NA,NA,NA,NA,44,541.3,12.3,2,NA,1,56
"LaMichael James","RB","SF",62,206,NA,NA,NA,NA,NA,NA,NA,88.7,446,5,2,16.7,129.7,7.8,0.7,NA,1.3,55.6
"Knowshon Moreno","RB","DEN",63,207,NA,NA,NA,NA,NA,NA,NA,79.7,346,4.3,2.7,19,155.3,8.2,1,NA,0.7,54.8
"Scott Chandler","TE","BUF",29,207,NA,NA,NA,NA,NA,NA,NA,NA,NA,NA,NA,36.7,429.7,11.7,3.7,NA,0.7,54.8
"Dallas Clark","TE","BAL",30,209,NA,NA,NA,NA,NA,NA,NA,NA,NA,NA,NA,35.3,436.3,12.4,3,NA,0,54
"Nick Foles","QB","PHI",36,209,128.3,80,879.7,5.3,2.7,62.4,6.9,7,28,4,0,NA,NA,NA,NA,NA,0.7,54
"Marcel Reece","RB","OAK",64,211,NA,NA,NA,NA,NA,NA,NA,53,232.3,4.4,1.3,35.7,287,8,2,NA,0.7,53.4
"Brent Celek","TE","PHI",31,212,NA,NA,NA,NA,NA,NA,NA,NA,NA,NA,NA,35.3,449,12.7,2.7,NA,0,53.2
"DuJuan Harris","RB","GB",65,213,NA,NA,NA,NA,NA,NA,NA,87.7,380,4.3,2.7,13.7,113.7,8.3,0.3,NA,0,53
"Nate Washington","WR","TEN",82,214,NA,NA,NA,NA,NA,NA,NA,NA,NA,NA,NA,31.3,449.3,14.4,2.7,NA,0.3,52.6
"LeGarrette Blount","RB","NE",66,215,NA,NA,NA,NA,NA,NA,NA,95,425,4.5,3,6.3,29.7,4.7,0,NA,0.3,52.4
"Brandon Stokley","WR","BAL",83,216,NA,NA,NA,NA,NA,NA,NA,NA,NA,NA,NA,37,444.3,12,2.7,NA,0,52.2
"Jeff Cumberland","TE","NYJ",32,216,NA,NA,NA,NA,NA,NA,NA,NA,NA,NA,NA,36.7,437,11.9,2.7,NA,0,52.2
"Rashad Jennings","RB","OAK",67,216,NA,NA,NA,NA,NA,NA,NA,97.7,421.7,4.3,2.3,16.7,121,7.2,0,NA,0.3,52.2
"Jacoby Ford","WR","OAK",84,219,NA,NA,NA,NA,NA,NA,NA,NA,NA,NA,NA,30.3,418.3,13.8,2,NA,0.7,50.8
"Domenik Hixon","WR","CAR",85,220,NA,NA,NA,NA,NA,NA,NA,NA,NA,NA,NA,29,416,14.3,2.7,NA,0,50.2
"Earl Bennett","WR","CHI",86,220,NA,NA,NA,NA,NA,NA,NA,NA,NA,NA,NA,34.7,420.7,12.1,2.7,NA,0,50.2
"Travis Kelce","TE","KC",33,220,NA,NA,NA,NA,NA,NA,NA,NA,NA,NA,NA,32.7,398.7,12.2,3.3,NA,0.3,50.2
"Andrew Hawkins","WR","CIN",87,223,NA,NA,NA,NA,NA,NA,NA,NA,NA,NA,NA,38.7,458.7,11.9,2,NA,0,50
"Damaris Johnson","WR","PHI",88,224,NA,NA,NA,NA,NA,NA,NA,NA,NA,NA,NA,31.7,441.7,13.9,2.3,NA,1,49.8
"David Ausberry","TE","OAK",34,225,NA,NA,NA,NA,NA,NA,NA,NA,NA,NA,NA,31.3,414.7,13.2,2.7,NA,0,49.2
"Kellen Winslow","TE","NYJ",35,225,NA,NA,NA,NA,NA,NA,NA,NA,NA,NA,NA,34.7,443,12.8,2.3,NA,0.3,49.2
"Denard Robinson","RB","JAC",68,227,NA,NA,NA,NA,NA,NA,NA,59,297,5,1.3,22,211,9.6,0.7,NA,1,48.6
"Justin Hunter","WR","TEN",89,228,NA,NA,NA,NA,NA,NA,NA,NA,NA,NA,NA,28.3,441.3,15.6,2.3,NA,0.7,48.4
"Harry Douglas","WR","ATL",90,229,NA,NA,NA,NA,NA,NA,NA,NA,NA,NA,NA,33.7,442,13.1,2,NA,0,48
"Michael Crabtree","WR","SF",91,230,NA,NA,NA,NA,NA,NA,NA,NA,NA,NA,NA,25.7,365.7,14.2,3.3,NA,0,47.8
"Jacob Tamme","TE","DEN",36,231,NA,NA,NA,NA,NA,NA,NA,NA,NA,NA,NA,34.3,393.3,11.5,2.7,NA,0,47.2
"Jerricho Cotchery","WR","PIT",92,231,NA,NA,NA,NA,NA,NA,NA,NA,NA,NA,NA,36.3,454.7,12.5,1.7,NA,0,47.2
"Tony Scheffler","TE","DET",37,231,NA,NA,NA,NA,NA,NA,NA,NA,NA,NA,NA,31.7,386.3,12.2,2.7,NA,0,47.2
"Joel Dreessen","TE","DEN",38,234,NA,NA,NA,NA,NA,NA,NA,NA,NA,NA,NA,27.3,315,11.5,4,NA,0,47
"Joseph Randle","RB","DAL",69,235,NA,NA,NA,NA,NA,NA,NA,78,339.7,4.4,2,13,103,7.9,0.7,NA,0.3,46.6
"T.J. Graham","WR","BUF",93,235,NA,NA,NA,NA,NA,NA,NA,NA,NA,NA,NA,31,463.7,15,1.7,NA,0.3,46.6
"Anthony Fasano","TE","KC",39,237,NA,NA,NA,NA,NA,NA,NA,NA,NA,NA,NA,34,364,10.7,3,NA,0,46
"Robert Turbin","RB","SEA",70,237,NA,NA,NA,NA,NA,NA,NA,80,360,4.5,1.3,15.7,128.7,8.2,0.7,NA,0,46
"Julius Thomas","TE","DEN",40,239,NA,NA,NA,NA,NA,NA,NA,NA,NA,NA,NA,24.7,350.3,14.2,3,NA,0,45
"Brian Quick","WR","STL",94,240,NA,NA,NA,NA,NA,NA,NA,NA,NA,NA,NA,32.7,438.7,13.4,1.7,NA,0.7,44.8
"Christine Michael","RB","SEA",71,240,NA,NA,NA,NA,NA,NA,NA,71.3,345.7,4.8,2.3,9.7,82.3,8.5,0,NA,0,44.8
"Doug Baldwin","WR","SEA",95,242,NA,NA,NA,NA,NA,NA,NA,NA,NA,NA,NA,24.3,339.3,14,2.7,NA,0,43.2
"Juron Criner","WR","OAK",96,242,NA,NA,NA,NA,NA,NA,NA,NA,NA,NA,NA,29.3,400.3,13.7,1.7,NA,0,43.2
"Toby Gerhart","RB","MIN",72,242,NA,NA,NA,NA,NA,NA,NA,73,312.3,4.3,2.3,16.3,143,8.8,0.3,NA,0.7,43.2
"Travis Benjamin","WR","CLE",97,245,NA,NA,NA,NA,NA,NA,NA,NA,NA,NA,NA,21,356.7,17,2.3,NA,1,42.8
"Jordan Shipley","WR","JAC",98,246,NA,NA,NA,NA,NA,NA,NA,NA,NA,NA,NA,35.7,378,10.6,2,NA,0,42
"Ryan Williams","RB","ARI",73,246,NA,NA,NA,NA,NA,NA,NA,82.7,383.7,4.6,2,9.3,60,6.5,0,NA,1,42
"Jon Baldwin","WR","SF",99,248,NA,NA,NA,NA,NA,NA,NA,NA,NA,NA,NA,27.3,385,14.1,1.7,NA,0,41.2
"Tony Moeaki","TE","KC",41,249,NA,NA,NA,NA,NA,NA,NA,NA,NA,NA,NA,29.3,358.3,12.2,1.7,NA,0,38.2
"Lance Dunbar","RB","DAL",74,250,NA,NA,NA,NA,NA,NA,NA,63.7,286.7,4.5,1.7,15.3,108.7,7.1,0.7,NA,0.7,37
"Garrett Graham","TE","HOU",42,251,NA,NA,NA,NA,NA,NA,NA,NA,NA,NA,NA,26.3,316.3,12,2.3,NA,0,36.8
"Isaac Redman","RB","PIT",75,252,NA,NA,NA,NA,NA,NA,NA,71,292.3,4.1,1.7,11.7,94.7,8.1,0.3,NA,0.7,35.6
"Charles Clay","TE","MIA",43,253,NA,NA,NA,NA,NA,NA,NA,NA,NA,NA,NA,24.7,296.7,12,2.3,NA,0,34.8
"Mike Gillislee","RB","MIA",76,254,NA,NA,NA,NA,NA,NA,NA,66.3,304.3,4.6,1.3,14.3,106,7.4,0,NA,0.3,34.2
"Justin Forsett","RB","JAC",77,255,NA,NA,NA,NA,NA,NA,NA,66.3,308.3,4.7,0.7,13.3,92.7,7,0.3,NA,0,33
"Donald Brown","RB","IND",78,256,NA,NA,NA,NA,NA,NA,NA,70.7,293.3,4.1,1,12.3,99,8,0.3,NA,0.3,32.2
"Tom Crabtree","TE","TB",44,257,NA,NA,NA,NA,NA,NA,NA,NA,NA,NA,NA,22,270,12.3,2.3,NA,0,31.8
"Stepfan Taylor","RB","ARI",79,258,NA,NA,NA,NA,NA,NA,NA,73,305.3,4.2,1.3,7.3,49,6.7,0,NA,0.7,31.4
"John Kuhn","RB","GB",80,259,NA,NA,NA,NA,NA,NA,NA,31.7,110.7,3.5,2,15.3,109.7,7.2,1.7,NA,0.3,29.6
"Zach Ertz","TE","PHI",45,260,NA,NA,NA,NA,NA,NA,NA,NA,NA,NA,NA,20,241.3,12.1,1.7,NA,0,27.2
"Latavius Murray","RB","OAK",81,261,NA,NA,NA,NA,NA,NA,NA,50.3,231,4.6,1.3,9,77,8.6,0.3,NA,0.3,27
"Kirk Cousins","QB","WAS",37,262,62.3,39,457.3,3,1.7,62.6,7.3,4,14.3,3.6,0,NA,NA,NA,NA,NA,0,26.6
"Matt Barkley","QB","PHI",38,263,85.3,52,535.3,3,2,61,6.3,4,13.3,3.3,0,NA,NA,NA,NA,NA,1,26
"Dion Lewis","RB","CLE",82,264,NA,NA,NA,NA,NA,NA,NA,36,165.3,4.6,0.7,16.3,131,8,1,NA,0,25.2
"Benjamin Watson","TE","NO",46,265,NA,NA,NA,NA,NA,NA,NA,NA,NA,NA,NA,19.3,246.7,12.8,1.3,NA,0,24.8
"Luke Stocker","TE","TB",47,265,NA,NA,NA,NA,NA,NA,NA,NA,NA,NA,NA,20.7,250,12.1,1.3,NA,0,24.8
"Evan Royster","RB","WAS",83,267,NA,NA,NA,NA,NA,NA,NA,45,205,4.6,0.7,11.7,85.3,7.3,0.7,NA,0,24.4
"Lance Kendricks","TE","STL",48,268,NA,NA,NA,NA,NA,NA,NA,NA,NA,NA,NA,19,212,11.2,1.7,NA,0,24.2
"Montario Hardesty","RB","CLE",84,268,NA,NA,NA,NA,NA,NA,NA,65.3,263.3,4,0.7,7.3,63.3,8.7,0,NA,0,24.2
"Mike James","RB","TB",85,270,NA,NA,NA,NA,NA,NA,NA,47.7,209.3,4.4,1,6,49.3,8.2,0.3,NA,0.3,23.2
"Delone Carter","RB","BAL",86,271,NA,NA,NA,NA,NA,NA,NA,43,176,4.1,2,2.7,14.7,5.4,0,NA,0,23
"Brian Leonard","RB","TB",88,272,NA,NA,NA,NA,NA,NA,NA,42.7,184,4.3,0.7,20,145.7,7.3,0,NA,0,22.2
"Chris Polk","RB","PHI",87,272,NA,NA,NA,NA,NA,NA,NA,49,222,4.5,1.3,7,47.7,6.8,0,NA,0.3,22.2
"Jason Snelling","RB","ATL",89,274,NA,NA,NA,NA,NA,NA,NA,28,124,4.4,0.7,19,154,8.1,1,NA,0.3,21.6
"Jeff King","TE","ARI",49,275,NA,NA,NA,NA,NA,NA,NA,NA,NA,NA,NA,17,166,9.8,2,NA,0,21
"Ryan Fitzpatrick","QB","TEN",39,275,63.3,38.7,377,3,1.7,61.1,6,2.7,8.3,3.1,0.3,NA,NA,NA,NA,NA,0.7,21
"Andre Ellington","RB","ARI",90,277,NA,NA,NA,NA,NA,NA,NA,36.7,187,5.1,0.3,12.7,101,8,0.3,NA,0,18.6
"Kenjon Barner","RB","CAR",91,277,NA,NA,NA,NA,NA,NA,NA,43.7,216,4.9,0.7,5,40.7,8.1,0,NA,0.3,18.6
"Armando Allen","RB","CHI",92,279,NA,NA,NA,NA,NA,NA,NA,38.3,160.3,4.2,0.7,8.7,80,9.2,0,NA,0,17.2
"Phillip Tanner","RB","DAL",93,279,NA,NA,NA,NA,NA,NA,NA,49.3,198.7,4,0.7,5,45.3,9.1,0,NA,0,17.2
"Shaun Draughn","RB","KC",94,281,NA,NA,NA,NA,NA,NA,NA,39.3,171,4.4,1,6.7,51.7,7.7,0,NA,0.3,16.4
"Jorvorskie Lane","RB","MIA",95,282,NA,NA,NA,NA,NA,NA,NA,19,61.7,3.2,1.7,5.7,39.3,6.9,0.7,NA,0.7,16
"Brandon Bolden","RB","NE",96,283,NA,NA,NA,NA,NA,NA,NA,37.3,165.7,4.4,1,1,7.3,7.3,0,NA,0,15
"Jed Collins","RB","NO",97,284,NA,NA,NA,NA,NA,NA,NA,2,4.3,2.1,0.7,9,49.3,5.5,1.3,NA,0,14
"Ronnie Brown","RB","SD",98,285,NA,NA,NA,NA,NA,NA,NA,36.3,148.3,4.1,0.3,16.7,129,7.7,0,NA,0.7,13.4
"Mike Goodson","RB","NYJ",99,286,NA,NA,NA,NA,NA,NA,NA,25.3,103.7,4.1,0.7,11.7,73.7,6.3,0.3,NA,0.3,12.4
"Kevin Kolb","QB","BUF",40,287,57.7,36,282.3,2,1.7,62.4,4.9,4.7,14.7,3.1,0,NA,NA,NA,NA,NA,0.3,12
"Matt Cassel","QB","MIN",41,288,48.3,30.3,298.3,2.3,2.3,62.7,6.2,6,15,2.5,0,NA,NA,NA,NA,NA,0.7,11.8
"Jason Campbell","QB","CLE",42,289,35.7,21,266,2,2,58.8,7.5,3.7,14.7,4,0,NA,NA,NA,NA,NA,0.3,11.4
"Tim Tebow","QB","NE",43,290,10,5.3,37.3,0.7,0.3,53,3.7,3.7,15,4.1,0.3,NA,NA,NA,NA,NA,0.3,5.8
"Graham Harrell","QB","GB",44,291,9.3,6,63,0.7,0,64.5,6.8,1,4,4,0,NA,NA,NA,NA,NA,0,5.2
"Drew Stanton","QB","ARI",45,292,18.7,12.7,117,0.7,0.3,67.9,6.3,0.7,2.3,3.3,0,NA,NA,NA,NA,NA,0.3,5
"Charlie Whitehurst","QB","SD",46,293,20,11,117.3,0.7,0.7,55,5.9,0,0,0,0,NA,NA,NA,NA,NA,0,4.8
"Tyrod Taylor","QB","BAL",47,293,15,9.3,105.3,0.3,0,62,7,3.7,17.3,4.7,0,NA,NA,NA,NA,NA,0,4.8
"Bruce Gradkowski","QB","PIT",48,295,36.3,22,251.3,0.7,1,60.6,6.9,2.7,6.3,2.3,0,NA,NA,NA,NA,NA,0.3,4.6
"Tyler Wilson","QB","OAK",49,296,11.3,7,70.3,0.7,0.3,61.9,6.2,0.7,2.7,3.9,0,NA,NA,NA,NA,NA,0.3,4
"Dennis Dixon","QB","PHI",50,297,7.7,5,37.3,0.3,0,64.9,4.8,3.7,21.7,5.9,0,NA,NA,NA,NA,NA,0,3.8
"Brian Hoyer","QB","CLE",51,298,5,3,38.3,0.3,0,60,7.7,1,3.7,3.7,0,NA,NA,NA,NA,NA,0,2.8
"Brock Osweiler","QB","DEN",52,298,13.7,9,95.7,0.3,0,65.7,7,2,3.7,1.9,0,NA,NA,NA,NA,NA,0,2.8
"Chase Daniel","QB","KC",53,300,11.7,8,78.3,0.3,0.3,68.4,6.7,1,3.3,3.3,0,NA,NA,NA,NA,NA,0,2.2
"Josh McCown","QB","CHI",55,301,19.3,11.3,113.7,0.3,0.7,58.5,5.9,2,8.7,4.3,0,NA,NA,NA,NA,NA,0.3,1.8
"Kyle Orton","QB","DAL",54,301,5,3.3,26,0.3,0,66,5.2,0.7,0.7,1,0,NA,NA,NA,NA,NA,0,1.8
"Ryan Mallett","QB","NE",56,301,3.7,2.3,22.7,0.3,0,62.2,6.1,0,0,0,0,NA,NA,NA,NA,NA,0,1.8
"Shaun Hill","QB","DET",57,301,5,3,25.3,0.3,0,60,5.1,0.7,0.7,1,0,NA,NA,NA,NA,NA,0,1.8
"Curtis Painter","QB","NYG",58,305,5.7,3.3,34,0,0,57.9,6,1,4.7,4.7,0,NA,NA,NA,NA,NA,0,1
"Dan Orlovsky","QB","TB",61,306,1.3,0.7,6.7,0,0,53.8,5.2,0.7,0.7,1,0,NA,NA,NA,NA,NA,0,0
"David Carr","QB","NYG",60,306,1.7,1,7.7,0,0,58.8,4.5,0,0,0,0,NA,NA,NA,NA,NA,0,0
"T.J. Yates","QB","HOU",59,306,13.7,8,74.3,0.3,0.7,58.4,5.4,2.7,9.3,3.4,0,NA,NA,NA,NA,NA,0.7,0
