"name_cbs","pos","team_cbs","positionRank_cbs","overallRank_cbs","passAtt_cbs","passComp_cbs","passYds_cbs","passTds_cbs","passInt_cbs","passCompPct_cbs","passYdsPerAtt_cbs","rushAtt_cbs","rushYds_cbs","rushYdsPerAtt_cbs","rushTds_cbs","rec_cbs","recYds_cbs","recYdsPerRec_cbs","recTds_cbs","twoPts_cbs","fumbles_cbs","pts_cbs"
"Tom Brady","QB","NE",1,1,552,377.7,4937,43,11,68.4,8.9,30.7,65,2.1,1.3,NA,NA,NA,NA,NA,1,434.8
"Drew Brees","QB","NO",2,2,589.7,405,5086.7,40,15,68.7,8.6,18.7,27.3,1.5,0.7,NA,NA,NA,NA,NA,2.3,404.6
"Matthew Stafford","QB","DET",3,3,561.7,357.3,4712.3,38,13.7,63.6,8.4,17.3,59.3,3.4,0.7,NA,NA,NA,NA,NA,2.3,381.2
"Cam Newton","QB","CAR",4,4,515.7,321,4138.3,24,14.3,62.2,8,72,507,7,9.3,NA,NA,NA,NA,NA,2.7,366.8
"Matt Ryan","QB","ATL",5,5,540,336.7,4504.3,34,13.7,62.4,8.3,30.3,87.7,2.9,0.7,NA,NA,NA,NA,NA,2,354.8
"Michael Vick","QB","PHI",6,6,432.3,257.7,3612.3,27.3,14,59.6,8.4,75.7,570.3,7.5,5,NA,NA,NA,NA,NA,4.3,343.2
"Eli Manning","QB","NYG",7,7,522.3,327.7,4418,33.3,15.3,62.7,8.5,24,41.3,1.7,1,NA,NA,NA,NA,NA,2.3,341.6
"Philip Rivers","QB","SD",8,8,535.7,341.3,4632.7,31,14.7,63.7,8.6,22.7,35.7,1.6,0.3,NA,NA,NA,NA,NA,2.3,331.8
"Tony Romo","QB","DAL",9,9,509.3,328.3,4278.7,30.3,10,64.5,8.4,21,65.3,3.1,1,NA,NA,NA,NA,NA,1.7,329.4
"Peyton Manning","QB","DEN",10,10,515.7,336,4405.7,31.3,13.7,65.2,8.5,15.3,22.3,1.5,0,NA,NA,NA,NA,NA,0.7,329
"Robert Griffin III","QB","WAS",11,11,482.3,295,3844.3,22.3,15.3,61.2,8,96.7,517,5.3,4.3,NA,NA,NA,NA,NA,3,312
"Ben Roethlisberger","QB","PIT",12,12,480.3,296.7,4043,27,11,61.8,8.4,35,120,3.4,2.3,NA,NA,NA,NA,NA,2,309.8
"Jay Cutler","QB","CHI",13,13,495.7,305,4055,28.3,15.3,61.5,8.2,37,156.3,4.2,1.7,NA,NA,NA,NA,NA,2,308.4
"Matt Schaub","QB","HOU",14,14,478.3,298.7,4056,28.3,11,62.5,8.5,19.3,31.7,1.6,1,NA,NA,NA,NA,NA,1.3,308.2
"Andrew Luck","QB","IND",15,15,509.7,320,3980.7,28,16.7,62.8,7.8,45.7,198.7,4.3,1.7,NA,NA,NA,NA,NA,2.7,301.4
"Josh Freeman","QB","TB",16,16,479.3,295.3,3848.7,24.3,14.7,61.6,8,52,278,5.3,3.3,NA,NA,NA,NA,NA,3,295.2
"Joe Flacco","QB","BAL",17,17,509.7,313.3,4031.3,25.7,12.3,61.5,7.9,33.7,73.7,2.2,1.3,NA,NA,NA,NA,NA,2,290.4
"Jake Locker","QB","TEN",18,18,455,260,3847.7,25,16.7,57.1,8.5,45.7,234.3,5.1,2.7,NA,NA,NA,NA,NA,1.7,289.4
"Carson Palmer","QB","OAK",19,19,487,304.7,3920.3,26.7,14,62.6,8,27,56,2.1,1.3,NA,NA,NA,NA,NA,1.7,286.6
"Alex Smith","QB","SF",20,20,470,296.3,3765,25,11.7,63,8,32,123.3,3.9,1.3,NA,NA,NA,NA,NA,1.7,279
"Ryan Fitzpatrick","QB","BUF",21,20,495,301,3737.7,27.3,17.3,60.8,7.6,38,169,4.4,0.7,NA,NA,NA,NA,NA,2.7,279
"Andy Dalton","QB","CIN",22,22,484,299.7,3853,25.3,14.3,61.9,8,30,134.7,4.5,0.7,NA,NA,NA,NA,NA,2.3,273.8
"Russell Wilson","QB","SEA",23,23,454.7,271.3,3376,21.3,14,59.7,7.4,54.7,296.3,5.4,2.7,NA,NA,NA,NA,NA,2,260
"Matt Cassel","QB","KC",24,24,476,285.3,3694.3,22.3,10.7,59.9,7.8,29.7,100.3,3.4,0.7,NA,NA,NA,NA,NA,1.3,259
"Sam Bradford","QB","STL",25,25,491.3,304.3,3770.7,23,13.7,61.9,7.7,28.3,80.3,2.8,0.7,NA,NA,NA,NA,NA,2,257.8
"Christian Ponder","QB","MIN",26,26,472.3,278.7,3448.7,21.7,14.7,59,7.3,40,266.7,6.7,1.7,NA,NA,NA,NA,NA,2.7,252.6
"Ray Rice","RB","BAL",1,27,NA,NA,NA,NA,NA,NA,NA,291,1331.7,4.6,9.3,66.3,594,9,3,NA,2.3,247.2
"LeSean McCoy","RB","PHI",2,28,NA,NA,NA,NA,NA,NA,NA,266,1286.3,4.8,11.3,52,418.7,8.1,3.7,NA,1,243
"Brandon Weeden","QB","CLE",27,29,495.3,298,3656.3,19.3,16,60.2,7.4,30,92,3.1,0.3,NA,NA,NA,NA,NA,3.3,223
"Blaine Gabbert","QB","JAC",28,30,466.3,274.3,3342.7,20,17,58.8,7.2,37.3,166.7,4.5,1,NA,NA,NA,NA,NA,2.3,222.4
"Chris Johnson","RB","TEN",3,31,NA,NA,NA,NA,NA,NA,NA,284.3,1341.7,4.7,8,45,374.7,8.3,1.7,NA,1.7,210.8
"Ryan Tannehill","QB","MIA",29,32,416.3,254.3,3302,18,14.3,61.1,7.9,25,103.7,4.1,1,NA,NA,NA,NA,NA,3,209.4
"Darren McFadden","RB","OAK",4,33,NA,NA,NA,NA,NA,NA,NA,248.7,1182.7,4.8,9,45,359,8,3,NA,1.3,207.4
"Mark Sanchez","QB","NYJ",30,34,405.3,247.3,3058.3,17.7,15,61,7.5,29,99,3.4,1.7,NA,NA,NA,NA,NA,3,198.4
"DeMarco Murray","RB","DAL",5,35,NA,NA,NA,NA,NA,NA,NA,264.3,1226.3,4.6,8,43.7,350,8,1.7,NA,1.3,196.6
"Marshawn Lynch","RB","SEA",6,36,NA,NA,NA,NA,NA,NA,NA,279.3,1278.3,4.6,9,27.3,230,8.4,1,NA,1.7,190.6
"Trent Richardson","RB","CLE",7,37,NA,NA,NA,NA,NA,NA,NA,266,1238.3,4.7,7.3,37.3,278.7,7.5,1,NA,1.3,183.2
"Ryan Mathews","RB","SD",8,38,NA,NA,NA,NA,NA,NA,NA,246,1136,4.6,6.7,46.3,396,8.6,1.3,NA,2,182
"Steven Jackson","RB","STL",9,39,NA,NA,NA,NA,NA,NA,NA,277,1191,4.3,7,40.7,317.3,7.8,1.3,NA,1,181.8
"Julio Jones","WR","ATL",1,40,NA,NA,NA,NA,NA,NA,NA,NA,NA,NA,NA,79,1252.3,15.9,10.7,NA,0.3,181.6
"Matt Forte","RB","CHI",10,41,NA,NA,NA,NA,NA,NA,NA,247.7,1156.3,4.7,4.3,55.3,466.3,8.4,1.7,NA,1.3,180.4
"Fred Jackson","RB","BUF",11,42,NA,NA,NA,NA,NA,NA,NA,229,1061,4.6,7.7,41.3,337,8.2,2,NA,1.7,179.8
"Maurice Jones-Drew","RB","JAC",12,43,NA,NA,NA,NA,NA,NA,NA,264.7,1169,4.4,6.7,39,296,7.6,1.7,NA,1.3,178.8
"Larry Fitzgerald","WR","ARI",2,44,NA,NA,NA,NA,NA,NA,NA,NA,NA,NA,NA,88.7,1319,14.9,8.7,NA,0,176.2
"Doug Martin","RB","TB",13,45,NA,NA,NA,NA,NA,NA,NA,243.7,1107,4.5,6.3,45.3,342.3,7.6,1.7,NA,1,176
"Greg Jennings","WR","GB",3,46,NA,NA,NA,NA,NA,NA,NA,NA,NA,NA,NA,79.3,1269.3,16,9.3,NA,0.3,174.2
"Ahmad Bradshaw","RB","NYG",14,47,NA,NA,NA,NA,NA,NA,NA,240,1117,4.7,8,39,298.7,7.7,1,NA,2,174
"Jamaal Charles","RB","KC",15,48,NA,NA,NA,NA,NA,NA,NA,227,1146.3,5,5.7,38.7,324.3,8.4,1.7,NA,2,172.4
"Adrian Peterson","RB","MIN",16,49,NA,NA,NA,NA,NA,NA,NA,241,1123.3,4.7,8.3,28.7,234.7,8.2,0.7,NA,1,172
"Michael Turner","RB","ATL",17,50,NA,NA,NA,NA,NA,NA,NA,261,1157.3,4.4,10.3,13.3,103.7,7.8,0,NA,1,171.8
"Jordy Nelson","WR","GB",4,51,NA,NA,NA,NA,NA,NA,NA,NA,NA,NA,NA,77.3,1206,15.6,9.7,NA,1,169.2
"Andre Johnson","WR","HOU",5,52,NA,NA,NA,NA,NA,NA,NA,NA,NA,NA,NA,87.3,1270.7,14.6,8.3,NA,0,168.8
"John Skelton","QB","ARI",31,53,365,218,2655.3,15.7,12.7,59.7,7.3,14.7,57,3.9,0.3,NA,NA,NA,NA,NA,1,167.6
"Rob Gronkowski","TE","NE",1,54,NA,NA,NA,NA,NA,NA,NA,NA,NA,NA,NA,71,973,13.7,13,NA,0,167
"A.J. Green","WR","CIN",6,55,NA,NA,NA,NA,NA,NA,NA,NA,NA,NA,NA,78.7,1180,15,9.3,NA,0,166.8
"Roddy White","WR","ATL",7,56,NA,NA,NA,NA,NA,NA,NA,NA,NA,NA,NA,91,1267.7,13.9,7.7,NA,0,166.2
"Darren Sproles","RB","NO",18,57,NA,NA,NA,NA,NA,NA,NA,122.7,638,5.2,3.7,75.7,691.3,9.1,4.7,NA,1.3,164.8
"Hakeem Nicks","WR","NYG",8,58,NA,NA,NA,NA,NA,NA,NA,NA,NA,NA,NA,78.7,1176,14.9,9,NA,0,164
"Wes Welker","WR","NE",9,59,NA,NA,NA,NA,NA,NA,NA,NA,NA,NA,NA,101.7,1275,12.5,7,NA,0,162
"Brandon Marshall","WR","CHI",10,60,NA,NA,NA,NA,NA,NA,NA,NA,NA,NA,NA,87.3,1220.7,14,8,NA,0.7,160.6
"Percy Harvin","WR","MIN",11,61,NA,NA,NA,NA,NA,NA,NA,NA,NA,NA,NA,81.7,1043.3,12.8,6,NA,1,160
"Victor Cruz","WR","NYG",12,62,NA,NA,NA,NA,NA,NA,NA,NA,NA,NA,NA,79,1238.3,15.7,7,NA,0.3,158.4
"Demaryius Thomas","WR","DEN",13,63,NA,NA,NA,NA,NA,NA,NA,NA,NA,NA,NA,72,1151.3,16,8.3,NA,1,154.8
"BenJarvus Green-Ellis","RB","CIN",19,64,NA,NA,NA,NA,NA,NA,NA,248.7,1061,4.3,8.7,15,97.7,6.5,0,NA,0.3,153.6
"Frank Gore","RB","SF",20,65,NA,NA,NA,NA,NA,NA,NA,226,1022,4.5,7.3,27,208.7,7.7,0.7,NA,1.3,153.4
"Dez Bryant","WR","DAL",14,66,NA,NA,NA,NA,NA,NA,NA,NA,NA,NA,NA,74,1094.7,14.8,8.7,NA,0.7,152.8
"Steve Smith","WR","CAR",15,67,NA,NA,NA,NA,NA,NA,NA,NA,NA,NA,NA,75,1165,15.5,7,NA,0.3,151.4
"Marques Colston","WR","NO",16,68,NA,NA,NA,NA,NA,NA,NA,NA,NA,NA,NA,79,1118,14.2,8,NA,0.3,150.4
"Jeremy Maclin","WR","PHI",17,69,NA,NA,NA,NA,NA,NA,NA,NA,NA,NA,NA,78,1073.3,13.8,7.7,NA,0,147.2
"Shonn Greene","RB","NYJ",21,69,NA,NA,NA,NA,NA,NA,NA,267.7,1133.7,4.2,6.3,18,133,7.4,0.3,NA,1.7,147.2
"Stevan Ridley","RB","NE",22,71,NA,NA,NA,NA,NA,NA,NA,203.7,925.7,4.5,8.3,23,172,7.5,0.7,NA,0.3,146.4
"Brandon Lloyd","WR","NE",18,72,NA,NA,NA,NA,NA,NA,NA,NA,NA,NA,NA,64,1062,16.6,7.3,NA,0,142.8
"Tim Tebow","QB","NYJ",32,73,126.3,68.3,861.7,8,4,54.1,6.8,84.7,453.7,5.4,6,NA,NA,NA,NA,NA,0,141
"Donald Brown","RB","IND",23,74,NA,NA,NA,NA,NA,NA,NA,208,896.7,4.3,5.7,37.3,249.7,6.7,1.3,NA,0.7,139.6
"Eric Decker","WR","DEN",19,75,NA,NA,NA,NA,NA,NA,NA,NA,NA,NA,NA,77.7,1000,12.9,8,NA,0.3,139.4
"Willis McGahee","RB","DEN",24,76,NA,NA,NA,NA,NA,NA,NA,212.7,959.7,4.5,8.3,18.3,103,5.6,0.3,NA,1.7,139.2
"Antonio Brown","WR","PIT",20,77,NA,NA,NA,NA,NA,NA,NA,NA,NA,NA,NA,70.3,1105,15.7,5.7,NA,0.7,138.8
"DeSean Jackson","WR","PHI",21,78,NA,NA,NA,NA,NA,NA,NA,NA,NA,NA,NA,62.3,1051.3,16.9,5.3,NA,0.7,137.4
"Reggie Bush","RB","MIA",25,79,NA,NA,NA,NA,NA,NA,NA,181.3,817.7,4.5,4.3,46.7,347.7,7.4,2,NA,1.3,137.2
"Steve Johnson","WR","BUF",22,80,NA,NA,NA,NA,NA,NA,NA,NA,NA,NA,NA,80.7,1054,13.1,7,NA,1,137
"Mike Wallace","WR","PIT",23,81,NA,NA,NA,NA,NA,NA,NA,NA,NA,NA,NA,65,1095.3,16.9,6,NA,1,136
"Torrey Smith","WR","BAL",24,82,NA,NA,NA,NA,NA,NA,NA,NA,NA,NA,NA,67.7,1029,15.2,7,NA,1.3,134.4
"Vincent Jackson","WR","TB",25,83,NA,NA,NA,NA,NA,NA,NA,NA,NA,NA,NA,67,1062.3,15.9,6.3,NA,1,133.8
"Peyton Hillis","RB","KC",26,84,NA,NA,NA,NA,NA,NA,NA,183,779.7,4.3,7.7,30,196,6.5,1.7,NA,2,133.4
"Dwayne Bowe","WR","KC",26,85,NA,NA,NA,NA,NA,NA,NA,NA,NA,NA,NA,72.3,1097.3,15.2,5.7,NA,1,133.2
"Miles Austin","WR","DAL",27,86,NA,NA,NA,NA,NA,NA,NA,NA,NA,NA,NA,71.7,1009.7,14.1,6.3,NA,0.7,130.4
"Reggie Wayne","WR","IND",28,87,NA,NA,NA,NA,NA,NA,NA,NA,NA,NA,NA,75,970,12.9,6.7,NA,0,129.2
"Antonio Gates","TE","SD",2,88,NA,NA,NA,NA,NA,NA,NA,NA,NA,NA,NA,67.7,883.3,13,8,NA,0,129
"Cedric Benson","RB","GB",27,89,NA,NA,NA,NA,NA,NA,NA,206.3,890.3,4.3,6.7,19,148.7,7.8,0.3,NA,1,128
"Pierre Garcon","WR","WAS",29,90,NA,NA,NA,NA,NA,NA,NA,NA,NA,NA,NA,64.7,997.3,15.4,6.3,NA,1,127.8
"DeAngelo Williams","RB","CAR",28,91,NA,NA,NA,NA,NA,NA,NA,184,863.7,4.7,6.3,22.3,168,7.5,0.7,NA,0.7,127.6
"Titus Young","WR","DET",30,92,NA,NA,NA,NA,NA,NA,NA,NA,NA,NA,NA,61.7,923.3,15,7,NA,0,127
"Kevin Smith","RB","DET",29,93,NA,NA,NA,NA,NA,NA,NA,168,779.7,4.6,5.7,30.3,251,8.3,1.3,NA,1.3,125.4
"Aaron Hernandez","TE","NE",3,94,NA,NA,NA,NA,NA,NA,NA,NA,NA,NA,NA,65,814,12.5,8,NA,0,124.8
"Isaac Redman","RB","PIT",30,94,NA,NA,NA,NA,NA,NA,NA,197.3,846.7,4.3,5.7,24.7,182.7,7.4,0.7,NA,0.3,124.8
"Robert Meachem","WR","SD",31,96,NA,NA,NA,NA,NA,NA,NA,NA,NA,NA,NA,57.3,948.3,16.5,6.3,NA,0.7,124.4
"Darrius Heyward-Bey","WR","OAK",32,97,NA,NA,NA,NA,NA,NA,NA,NA,NA,NA,NA,67,963.7,14.4,6,NA,1.3,123.4
"Mikel Leshoure","RB","DET",31,97,NA,NA,NA,NA,NA,NA,NA,172,791.3,4.6,7.7,15.3,113,7.4,0.3,NA,0.3,123.4
"Kenny Britt","WR","TEN",33,99,NA,NA,NA,NA,NA,NA,NA,NA,NA,NA,NA,60,918,15.3,6.7,NA,0.7,122.8
"Ryan Williams","RB","ARI",32,100,NA,NA,NA,NA,NA,NA,NA,176.3,785.7,4.5,6,26.3,189,7.2,1,NA,1.3,121.4
"Justin Blackmon","WR","JAC",34,101,NA,NA,NA,NA,NA,NA,NA,NA,NA,NA,NA,64.3,938.3,14.6,6.3,NA,1.3,120.2
"Jonathan Stewart","RB","CAR",33,102,NA,NA,NA,NA,NA,NA,NA,165.3,743,4.5,5,31.7,247,7.8,1.3,NA,1.3,118.2
"Greg Little","WR","CLE",35,103,NA,NA,NA,NA,NA,NA,NA,NA,NA,NA,NA,67,873,13,6.7,NA,0.7,117.8
"Vernon Davis","TE","SF",4,104,NA,NA,NA,NA,NA,NA,NA,NA,NA,NA,NA,62.3,803,12.9,7.3,NA,0,116.8
"Nate Washington","WR","TEN",36,105,NA,NA,NA,NA,NA,NA,NA,NA,NA,NA,NA,62.3,894.7,14.4,6,NA,0.3,116.4
"Lance Moore","WR","NO",37,106,NA,NA,NA,NA,NA,NA,NA,NA,NA,NA,NA,62.7,804.3,12.8,7.3,NA,0.3,116.2
"Anquan Boldin","WR","BAL",38,107,NA,NA,NA,NA,NA,NA,NA,NA,NA,NA,NA,66.3,905.3,13.7,5.7,NA,0.3,115.6
"Malcom Floyd","WR","SD",39,108,NA,NA,NA,NA,NA,NA,NA,NA,NA,NA,NA,56.3,883.7,15.7,5.7,NA,0.3,114.6
"Jermichael Finley","TE","GB",5,109,NA,NA,NA,NA,NA,NA,NA,NA,NA,NA,NA,58,757,13.1,7.7,NA,0.3,113.6
"Jason Witten","TE","DAL",6,110,NA,NA,NA,NA,NA,NA,NA,NA,NA,NA,NA,73.7,875.3,11.9,5.3,NA,0.7,109.4
"Denarius Moore","WR","OAK",40,111,NA,NA,NA,NA,NA,NA,NA,NA,NA,NA,NA,50,806.3,16.1,5,NA,1.3,107.6
"Beanie Wells","RB","ARI",34,112,NA,NA,NA,NA,NA,NA,NA,180.3,798.7,4.4,5.7,16.7,108,6.5,0.3,NA,2,107
"Mark Ingram","RB","NO",35,113,NA,NA,NA,NA,NA,NA,NA,148,664.3,4.5,7.3,14,95.3,6.8,0.3,NA,1,106.6
"Santonio Holmes","WR","NYJ",41,113,NA,NA,NA,NA,NA,NA,NA,NA,NA,NA,NA,60,789.3,13.2,6,NA,0.7,106.6
"Michael Bush","RB","CHI",36,115,NA,NA,NA,NA,NA,NA,NA,136,608.3,4.5,6.7,21.7,163.3,7.5,0.7,NA,1,104.4
"Rashad Jennings","RB","JAC",37,116,NA,NA,NA,NA,NA,NA,NA,142,658.3,4.6,4.3,30.7,217.3,7.1,1,NA,0.3,104.2
"Sidney Rice","WR","SEA",42,116,NA,NA,NA,NA,NA,NA,NA,NA,NA,NA,NA,59.3,800.3,13.5,5.3,NA,0.3,104.2
"Michael Crabtree","WR","SF",43,118,NA,NA,NA,NA,NA,NA,NA,NA,NA,NA,NA,66.3,853,12.9,4.3,NA,0,103.8
"Brandon Pettigrew","TE","DET",8,119,NA,NA,NA,NA,NA,NA,NA,NA,NA,NA,NA,67.3,735.3,10.9,6.3,NA,0.3,102.2
"Fred Davis","TE","WAS",7,119,NA,NA,NA,NA,NA,NA,NA,NA,NA,NA,NA,59,791.7,13.4,5.3,NA,0.3,102.2
"Kendall Wright","WR","TEN",44,121,NA,NA,NA,NA,NA,NA,NA,NA,NA,NA,NA,44,733,16.7,5.7,NA,0.3,101.6
"Randy Moss","WR","SF",45,122,NA,NA,NA,NA,NA,NA,NA,NA,NA,NA,NA,47,736.3,15.7,6,NA,0.3,101.4
"Brandon LaFell","WR","CAR",46,123,NA,NA,NA,NA,NA,NA,NA,NA,NA,NA,NA,52.3,772,14.8,5.7,NA,1,101.2
"C.J. Spiller","RB","BUF",38,124,NA,NA,NA,NA,NA,NA,NA,136,641.7,4.7,2.7,36.7,257.3,7,1.7,NA,0.3,100.8
"David Wilson","RB","NYG",39,124,NA,NA,NA,NA,NA,NA,NA,149.7,640.7,4.3,3.7,27,210.7,7.8,1.7,NA,1.3,100.8
"Toby Gerhart","RB","MIN",40,126,NA,NA,NA,NA,NA,NA,NA,146.7,640,4.4,5.3,26.3,171.7,6.5,0.7,NA,1,100
"Laurent Robinson","WR","JAC",47,127,NA,NA,NA,NA,NA,NA,NA,NA,NA,NA,NA,55,765.3,13.9,5.3,NA,0.3,99.2
"Tony Gonzalez","TE","ATL",9,127,NA,NA,NA,NA,NA,NA,NA,NA,NA,NA,NA,61.3,695,11.3,6.3,NA,0.3,99.2
"Mike Williams","WR","TB",48,129,NA,NA,NA,NA,NA,NA,NA,NA,NA,NA,NA,61.7,784,12.7,5,NA,1,99
"Jermaine Gresham","TE","CIN",10,130,NA,NA,NA,NA,NA,NA,NA,NA,NA,NA,NA,64,695,10.9,6.3,NA,0.7,98.4
"Ben Tate","RB","HOU",41,131,NA,NA,NA,NA,NA,NA,NA,148,742.3,5,4.7,11.7,99.7,8.5,0,NA,0.3,97.6
"Alfred Morris","RB","WAS",42,132,NA,NA,NA,NA,NA,NA,NA,161.7,724,4.5,4.3,18,124,6.9,0.3,NA,0.3,97
"Randall Cobb","WR","GB",49,133,NA,NA,NA,NA,NA,NA,NA,NA,NA,NA,NA,43.3,694.3,16,5.3,NA,1,93.8
"Danny Amendola","WR","STL",50,134,NA,NA,NA,NA,NA,NA,NA,NA,NA,NA,NA,66,755,11.4,4.3,NA,0.7,93.4
"Greg Olsen","TE","CAR",11,135,NA,NA,NA,NA,NA,NA,NA,NA,NA,NA,NA,56,664.7,11.9,5.7,NA,0,93.2
"Jacob Tamme","TE","DEN",12,136,NA,NA,NA,NA,NA,NA,NA,NA,NA,NA,NA,51.7,645.7,12.5,6,NA,0,93
"Jerome Simpson","WR","MIN",51,137,NA,NA,NA,NA,NA,NA,NA,NA,NA,NA,NA,48,674.3,14,5.7,NA,0.7,92.8
"Jon Baldwin","WR","KC",52,137,NA,NA,NA,NA,NA,NA,NA,NA,NA,NA,NA,47.7,707,14.8,5.3,NA,1,92.8
"LeGarrette Blount","RB","TB",43,137,NA,NA,NA,NA,NA,NA,NA,152.3,671,4.4,5.7,11.3,73.3,6.5,0,NA,1.7,92.8
"Owen Daniels","TE","HOU",13,137,NA,NA,NA,NA,NA,NA,NA,NA,NA,NA,NA,54.7,675,12.3,5.7,NA,0.7,92.8
"Brent Celek","TE","PHI",14,141,NA,NA,NA,NA,NA,NA,NA,NA,NA,NA,NA,54,671.7,12.4,5.7,NA,0.3,92.6
"Evan Royster","RB","WAS",44,142,NA,NA,NA,NA,NA,NA,NA,149.3,674.3,4.5,4.3,15.7,108.7,6.9,0.3,NA,0.7,90.2
"Mario Manningham","WR","SF",53,143,NA,NA,NA,NA,NA,NA,NA,NA,NA,NA,NA,47,695.7,14.8,4.7,NA,0.3,89.6
"Pierre Thomas","RB","NO",45,143,NA,NA,NA,NA,NA,NA,NA,124,566,4.6,3.3,32.7,234.3,7.2,1.3,NA,1,89.6
"David Nelson","WR","BUF",54,145,NA,NA,NA,NA,NA,NA,NA,NA,NA,NA,NA,58,710.7,12.3,4.3,NA,0,88.8
"Brian Quick","WR","STL",55,146,NA,NA,NA,NA,NA,NA,NA,NA,NA,NA,NA,48.3,678.3,14,4.7,NA,0,88.2
"Doug Baldwin","WR","SEA",56,147,NA,NA,NA,NA,NA,NA,NA,NA,NA,NA,NA,55,700,12.7,4.3,NA,0.3,87.2
"Dustin Keller","TE","NYJ",15,147,NA,NA,NA,NA,NA,NA,NA,NA,NA,NA,NA,58.3,669.3,11.5,4.7,NA,0,87.2
"Roy Helu","RB","WAS",46,149,NA,NA,NA,NA,NA,NA,NA,126.3,554,4.4,3.3,30,231.3,7.7,1.3,NA,1.3,87
"Alshon Jeffery","WR","CHI",57,150,NA,NA,NA,NA,NA,NA,NA,NA,NA,NA,NA,47.7,653.3,13.7,5.3,NA,1,86.8
"Davone Bess","WR","MIA",58,150,NA,NA,NA,NA,NA,NA,NA,NA,NA,NA,NA,64.7,747.3,11.6,3.7,NA,0.7,86.8
"Ronnie Hillman","RB","DEN",47,152,NA,NA,NA,NA,NA,NA,NA,119.7,554,4.6,3,32.7,266,8.1,1,NA,1.3,86.4
"Nate Burleson","WR","DET",59,153,NA,NA,NA,NA,NA,NA,NA,NA,NA,NA,NA,51,641,12.6,5,NA,1,85
"Jared Cook","TE","TEN",16,154,NA,NA,NA,NA,NA,NA,NA,NA,NA,NA,NA,46.3,619.7,13.4,5.3,NA,0,84.8
"Leonard Hankerson","WR","WAS",60,155,NA,NA,NA,NA,NA,NA,NA,NA,NA,NA,NA,44.7,621.7,13.9,5.3,NA,0.3,84.2
"Shane Vereen","RB","NE",48,156,NA,NA,NA,NA,NA,NA,NA,120.3,552.3,4.6,2.3,33.3,270,8.1,0.7,NA,0.7,81.6
"Emmanuel Sanders","WR","PIT",61,157,NA,NA,NA,NA,NA,NA,NA,NA,NA,NA,NA,44,614.7,14,4.7,NA,0.3,80.6
"Robert Turbin","RB","SEA",49,157,NA,NA,NA,NA,NA,NA,NA,113.3,503.7,4.4,4.7,14.3,98.3,6.9,1,NA,0.3,80.6
"Daniel Thomas","RB","MIA",50,159,NA,NA,NA,NA,NA,NA,NA,135.7,584.3,4.3,4.3,17.3,119,6.9,0.3,NA,1.3,80
"Josh Gordon","WR","CLE",62,160,NA,NA,NA,NA,NA,NA,NA,NA,NA,NA,NA,41.7,631.7,15.1,4,NA,0,79
"Kyle Rudolph","TE","MIN",17,161,NA,NA,NA,NA,NA,NA,NA,NA,NA,NA,NA,49.7,562,11.3,5.3,NA,1,78.8
"James Jones","WR","GB",63,162,NA,NA,NA,NA,NA,NA,NA,NA,NA,NA,NA,39.3,579,14.7,4.7,NA,0,78.2
"Coby Fleener","TE","IND",18,163,NA,NA,NA,NA,NA,NA,NA,NA,NA,NA,NA,52,605.7,11.6,4.3,NA,0,77.8
"Kevin Kolb","QB","ARI",33,164,174.7,103,1270,7.7,5.7,59,7.3,12,46.7,3.9,0.3,NA,NA,NA,NA,NA,2,77.6
"Rueben Randle","WR","NYG",64,165,NA,NA,NA,NA,NA,NA,NA,NA,NA,NA,NA,39,552.7,14.2,4.7,NA,0,75.2
"Felix Jones","RB","DAL",51,166,NA,NA,NA,NA,NA,NA,NA,109.3,528.3,4.8,2.3,25.3,187.7,7.4,1,NA,1,74.8
"Rashard Mendenhall","RB","PIT",52,167,NA,NA,NA,NA,NA,NA,NA,121.7,521,4.3,4.7,8.3,59,7.1,0.3,NA,1.3,73.4
"Braylon Edwards","WR","SEA",66,168,NA,NA,NA,NA,NA,NA,NA,NA,NA,NA,NA,37.3,562,15.1,4,NA,0,73
"Steve Smith","WR","STL",65,168,NA,NA,NA,NA,NA,NA,NA,NA,NA,NA,NA,47,567.7,12.1,4,NA,0,73
"Harry Douglas","WR","ATL",67,170,NA,NA,NA,NA,NA,NA,NA,NA,NA,NA,NA,38.3,563,14.7,4,NA,0.7,71.6
"Heath Miller","TE","PIT",19,171,NA,NA,NA,NA,NA,NA,NA,NA,NA,NA,NA,46.7,558.7,12,4.3,NA,0.7,71.4
"Jacoby Ford","WR","OAK",68,172,NA,NA,NA,NA,NA,NA,NA,NA,NA,NA,NA,38.7,619,16,2.7,NA,0.7,70.8
"Stephen Hill","WR","NYJ",69,173,NA,NA,NA,NA,NA,NA,NA,NA,NA,NA,NA,39.7,586.7,14.8,3.7,NA,1,70.2
"Ronnie Brown","RB","SD",53,174,NA,NA,NA,NA,NA,NA,NA,91.7,391.3,4.3,4,25.7,179,7,1,NA,1,70
"Michael Floyd","WR","ARI",70,175,NA,NA,NA,NA,NA,NA,NA,NA,NA,NA,NA,38,571.3,15,3.7,NA,1,69.2
"Marcedes Lewis","TE","JAC",20,176,NA,NA,NA,NA,NA,NA,NA,NA,NA,NA,NA,42.7,522.7,12.2,4.3,NA,1,67.8
"Golden Tate","WR","SEA",71,177,NA,NA,NA,NA,NA,NA,NA,NA,NA,NA,NA,41.7,555.3,13.3,3,NA,0.3,67.2
"Dallas Clark","TE","TB",21,178,NA,NA,NA,NA,NA,NA,NA,NA,NA,NA,NA,41,481.3,11.7,4.3,NA,0,66.8
"Eddie Royal","WR","SD",72,178,NA,NA,NA,NA,NA,NA,NA,NA,NA,NA,NA,47.3,551.7,11.7,3.3,NA,0,66.8
"Devin Hester","WR","CHI",73,180,NA,NA,NA,NA,NA,NA,NA,NA,NA,NA,NA,31,497.3,16,3.7,NA,0.7,66.6
"Earl Bennett","WR","CHI",74,181,NA,NA,NA,NA,NA,NA,NA,NA,NA,NA,NA,42,568,13.5,3,NA,0.3,66.4
"Rod Streater","WR","OAK",75,182,NA,NA,NA,NA,NA,NA,NA,NA,NA,NA,NA,39.3,527.7,13.4,3.7,NA,0,66.2
"Ed Dickson","TE","BAL",22,183,NA,NA,NA,NA,NA,NA,NA,NA,NA,NA,NA,42,454.3,10.8,4.7,NA,0,65.2
"Lance Kendricks","TE","STL",24,184,NA,NA,NA,NA,NA,NA,NA,NA,NA,NA,NA,37.7,474,12.6,4.3,NA,0,64.8
"Martellus Bennett","TE","NYG",23,184,NA,NA,NA,NA,NA,NA,NA,NA,NA,NA,NA,37,469.7,12.7,4.3,NA,0,64.8
"Jeremy Kerley","WR","NYJ",76,186,NA,NA,NA,NA,NA,NA,NA,NA,NA,NA,NA,42,560.7,13.4,2.3,NA,0,62.8
"Bernard Scott","RB","CIN",54,187,NA,NA,NA,NA,NA,NA,NA,112,474.3,4.2,1.3,25.7,198.7,7.7,1,NA,1.3,62.2
"Devery Henderson","WR","NO",77,188,NA,NA,NA,NA,NA,NA,NA,NA,NA,NA,NA,30.7,454.7,14.8,4,NA,0,61
"Lestar Jean","WR","HOU",79,188,NA,NA,NA,NA,NA,NA,NA,NA,NA,NA,NA,29.3,449.7,15.3,4,NA,0,61
"Scott Chandler","TE","BUF",25,188,NA,NA,NA,NA,NA,NA,NA,NA,NA,NA,NA,38,395.7,10.4,5,NA,0,61
"T.Y. Hilton","WR","IND",78,188,NA,NA,NA,NA,NA,NA,NA,NA,NA,NA,NA,36,476.7,13.2,3.3,NA,0.3,61
"Brandon Jacobs","RB","SF",55,192,NA,NA,NA,NA,NA,NA,NA,89.3,394.3,4.4,5,8.3,50.7,6.1,0,NA,1.3,60.4
"Taiwan Jones","RB","OAK",56,193,NA,NA,NA,NA,NA,NA,NA,91.7,465,5.1,2.3,21.3,145.3,6.8,0.3,NA,0.7,60.2
"Kevin Walter","WR","HOU",80,194,NA,NA,NA,NA,NA,NA,NA,NA,NA,NA,NA,41.7,516.7,12.4,2.7,NA,0.3,59.6
"Steve Breaston","WR","KC",81,195,NA,NA,NA,NA,NA,NA,NA,NA,NA,NA,NA,36.7,506.7,13.8,2.7,NA,0,59.2
"Mohamed Sanu","WR","CIN",82,196,NA,NA,NA,NA,NA,NA,NA,NA,NA,NA,NA,36,492.7,13.7,3,NA,0,59
"Brian Hartline","WR","MIA",83,197,NA,NA,NA,NA,NA,NA,NA,NA,NA,NA,NA,33,478.7,14.5,3.3,NA,0.3,58.2
"Rob Housler","TE","ARI",26,197,NA,NA,NA,NA,NA,NA,NA,NA,NA,NA,NA,38,434,11.4,3.7,NA,0,58.2
"Preston Parker","WR","TB",84,199,NA,NA,NA,NA,NA,NA,NA,NA,NA,NA,NA,39.7,512.7,12.9,2.3,NA,0,57.8
"Isaiah Pead","RB","STL",57,200,NA,NA,NA,NA,NA,NA,NA,88.3,413.3,4.7,2,22,171,7.8,0.7,NA,0.3,57.6
"Kendall Hunter","RB","SF",58,201,NA,NA,NA,NA,NA,NA,NA,83,372.7,4.5,2.7,19.7,151.7,7.7,0.7,NA,0.3,56.8
"James Starks","RB","GB",59,202,NA,NA,NA,NA,NA,NA,NA,88.7,368.7,4.2,1.7,23.3,190.7,8.2,1.3,NA,1.3,56.4
"Andre Roberts","WR","ARI",85,203,NA,NA,NA,NA,NA,NA,NA,NA,NA,NA,NA,35,453,12.9,3.3,NA,0.3,56.2
"Dwayne Allen","TE","IND",27,204,NA,NA,NA,NA,NA,NA,NA,NA,NA,NA,NA,37.7,435.7,11.6,3.3,NA,0,55.8
"Montario Hardesty","RB","CLE",60,205,NA,NA,NA,NA,NA,NA,NA,88.3,388.3,4.4,3.7,10.3,77.3,7.5,0,NA,0.3,55.6
"Austin Collie","WR","IND",86,206,NA,NA,NA,NA,NA,NA,NA,NA,NA,NA,NA,40,487.3,12.2,2.7,NA,1,55.2
"Matt Hasselbeck","QB","TEN",34,206,124.7,77,838,6,3.3,61.7,6.7,11,32.3,2.9,0.3,NA,NA,NA,NA,NA,2,55.2
"Danny Woodhead","RB","NE",61,208,NA,NA,NA,NA,NA,NA,NA,70.7,334.7,4.7,1.7,25.3,196,7.7,1.3,NA,0.3,54.4
"Zach Miller","TE","SEA",28,209,NA,NA,NA,NA,NA,NA,NA,NA,NA,NA,NA,36.7,421.7,11.5,3.3,NA,0,53.8
"Lamar Miller","RB","MIA",62,210,NA,NA,NA,NA,NA,NA,NA,82.7,377.7,4.6,2,20.3,143.7,7.1,1,NA,0.7,52.6
"Mike Goodson","RB","OAK",63,211,NA,NA,NA,NA,NA,NA,NA,86.7,392.3,4.5,2,21,162.7,7.7,0.3,NA,0.7,52.4
"Jonathan Dwyer","RB","PIT",64,212,NA,NA,NA,NA,NA,NA,NA,83.7,368,4.4,3,8,60,7.5,0.7,NA,1,52.2
"Vick Ballard","RB","IND",65,213,NA,NA,NA,NA,NA,NA,NA,85.3,382.7,4.5,3.3,5.3,29.7,5.6,0.3,NA,0.3,52
"Mike Tolbert","RB","CAR",66,214,NA,NA,NA,NA,NA,NA,NA,77.3,333,4.3,3.3,18.7,138,7.4,0.7,NA,1.7,51.6
"Dexter McCluster","WR","KC",87,215,NA,NA,NA,NA,NA,NA,NA,NA,NA,NA,NA,36.3,359.3,9.9,1.7,NA,0,51.2
"Alex Green","RB","GB",67,216,NA,NA,NA,NA,NA,NA,NA,85.7,384,4.5,2.3,16.3,115,7.1,0.7,NA,1.7,50.6
"Joel Dreessen","TE","DEN",29,217,NA,NA,NA,NA,NA,NA,NA,NA,NA,NA,NA,30.3,416.7,13.8,2.7,NA,0,50.2
"Juron Criner","WR","OAK",88,218,NA,NA,NA,NA,NA,NA,NA,NA,NA,NA,NA,26,370.7,14.3,3,NA,0,48
"Kellen Davis","TE","CHI",30,219,NA,NA,NA,NA,NA,NA,NA,NA,NA,NA,NA,29.3,356.3,12.2,3.3,NA,0,47.8
"Bernard Pierce","RB","BAL",68,220,NA,NA,NA,NA,NA,NA,NA,88.3,401,4.5,1.7,13,96,7.4,0,NA,0,47.2
"Jacoby Jones","WR","BAL",89,220,NA,NA,NA,NA,NA,NA,NA,NA,NA,NA,NA,27.3,395.7,14.5,2.7,NA,0,47.2
"Matt Flynn","QB","SEA",35,222,89.3,54.7,708.3,5.3,2,61.3,7.9,10.3,36.7,3.6,0.3,NA,NA,NA,NA,NA,1.3,47
"Anthony Fasano","TE","MIA",31,223,NA,NA,NA,NA,NA,NA,NA,NA,NA,NA,NA,33.3,390,11.7,2.7,NA,0.3,46.6
"Donnie Avery","WR","IND",90,224,NA,NA,NA,NA,NA,NA,NA,NA,NA,NA,NA,27,374.3,13.9,2.7,NA,0.3,45.6
"Bilal Powell","RB","NYJ",69,225,NA,NA,NA,NA,NA,NA,NA,74.7,331.7,4.4,2,18,111.3,6.2,0.7,NA,0,45.2
"Ryan Broyles","WR","DET",91,226,NA,NA,NA,NA,NA,NA,NA,NA,NA,NA,NA,30.3,388.7,12.8,2.3,NA,0,44.8
"Arrelious Benn","WR","TB",92,227,NA,NA,NA,NA,NA,NA,NA,NA,NA,NA,NA,29.7,416.7,14,1.7,NA,0,44.2
"Dennis Pitta","TE","BAL",32,227,NA,NA,NA,NA,NA,NA,NA,NA,NA,NA,NA,29,367,12.7,2.7,NA,0,44.2
"LaMichael James","RB","SF",70,227,NA,NA,NA,NA,NA,NA,NA,59.7,310.3,5.2,1.7,18,156,8.7,1,NA,1,44.2
"Jerricho Cotchery","WR","PIT",93,230,NA,NA,NA,NA,NA,NA,NA,NA,NA,NA,NA,30.7,379,12.3,2.3,NA,0,43.8
"Kevin Ogletree","WR","DAL",94,230,NA,NA,NA,NA,NA,NA,NA,NA,NA,NA,NA,26.7,383,14.3,2.3,NA,0,43.8
"Leon Washington","RB","SEA",71,232,NA,NA,NA,NA,NA,NA,NA,56.7,257.7,4.5,2,21,163.3,7.8,1,NA,0.7,43.6
"Early Doucet","WR","ARI",96,233,NA,NA,NA,NA,NA,NA,NA,NA,NA,NA,NA,32,392,12.2,2,NA,0,43
"Riley Cooper","WR","PHI",95,233,NA,NA,NA,NA,NA,NA,NA,NA,NA,NA,NA,26.7,394.3,14.8,2,NA,0,43
"Tony Scheffler","TE","DET",33,235,NA,NA,NA,NA,NA,NA,NA,NA,NA,NA,NA,25.3,319.7,12.6,3.3,NA,0,42.8
"Armon Binns","WR","CIN",97,236,NA,NA,NA,NA,NA,NA,NA,NA,NA,NA,NA,25.3,347.7,13.7,2.7,NA,0.3,42.6
"Dion Lewis","RB","PHI",72,236,NA,NA,NA,NA,NA,NA,NA,70.3,317.7,4.5,2,13.3,89.3,6.7,0.7,NA,0.3,42.6
"Kevin Boss","TE","KC",35,238,NA,NA,NA,NA,NA,NA,NA,NA,NA,NA,NA,31,358,11.5,2.3,NA,0,41.8
"Tony Moeaki","TE","KC",34,238,NA,NA,NA,NA,NA,NA,NA,NA,NA,NA,NA,29.7,365,12.3,2.3,NA,0,41.8
"Delone Carter","RB","IND",74,240,NA,NA,NA,NA,NA,NA,NA,82,358.3,4.4,2.3,6.3,36.3,5.8,0,NA,0.7,41.4
"Joe McKnight","RB","NYJ",73,240,NA,NA,NA,NA,NA,NA,NA,69.3,282.3,4.1,1,28,207,7.4,1,NA,1.3,41.4
"Benjamin Watson","TE","CLE",36,242,NA,NA,NA,NA,NA,NA,NA,NA,NA,NA,NA,32.7,364,11.1,2,NA,0,40
"Marcel Reece","RB","OAK",75,243,NA,NA,NA,NA,NA,NA,NA,49,214,4.4,1.3,22,165.3,7.5,1.3,NA,0,38.6
"Jordan Cameron","TE","CLE",37,244,NA,NA,NA,NA,NA,NA,NA,NA,NA,NA,NA,24.7,337.3,13.7,2,NA,0.7,37.6
"Javon Ringer","RB","TEN",76,245,NA,NA,NA,NA,NA,NA,NA,63,276,4.4,2,10,68.7,6.9,0.3,NA,0.3,36.2
"Chris Rainey","RB","PIT",77,246,NA,NA,NA,NA,NA,NA,NA,37,195.7,5.3,1,24,190.3,7.9,1.3,NA,1,34.8
"Knowshon Moreno","RB","DEN",78,247,NA,NA,NA,NA,NA,NA,NA,74.3,324,4.4,1,16,106.7,6.7,0.3,NA,1.3,34.2
"Jason Snelling","RB","ATL",79,248,NA,NA,NA,NA,NA,NA,NA,54.3,246.7,4.5,1.7,18,122,6.8,0.3,NA,0.3,33.4
"Tim Hightower","RB","WAS",80,249,NA,NA,NA,NA,NA,NA,NA,70.3,284.7,4,2.3,6,37.7,6.3,0,NA,1,32.8
"Charles Clay","TE","MIA",38,250,NA,NA,NA,NA,NA,NA,NA,NA,NA,NA,NA,24.3,290.7,12,1.7,NA,0,32.2
"Michael Egnew","TE","MIA",39,251,NA,NA,NA,NA,NA,NA,NA,NA,NA,NA,NA,21,275.7,13.1,2,NA,0,32
"Matt Moore","QB","MIA",36,252,104,61.7,571.3,4,3.7,59.3,5.5,12.3,39,3.2,0.3,NA,NA,NA,NA,NA,1.3,31.8
"Todd Heap","TE","ARI",40,253,NA,NA,NA,NA,NA,NA,NA,NA,NA,NA,NA,25.3,302.3,11.9,1.7,NA,0,31.2
"Brandon Jackson","RB","CLE",81,254,NA,NA,NA,NA,NA,NA,NA,47.7,197.3,4.1,1,24,179.7,7.5,0.3,NA,0.3,30.2
"John Kuhn","RB","GB",82,255,NA,NA,NA,NA,NA,NA,NA,31,105,3.4,3.3,12,63.7,5.3,0.7,NA,0,30
"Chris Ivory","RB","NO",83,256,NA,NA,NA,NA,NA,NA,NA,52.7,234.7,4.5,2,1,5.7,5.7,0,NA,0.3,26.4
"Brandon Saine","RB","GB",84,257,NA,NA,NA,NA,NA,NA,NA,56.7,264,4.7,1,5.3,31.7,6,0.3,NA,0.7,25.4
"John Carlson","TE","MIN",41,258,NA,NA,NA,NA,NA,NA,NA,NA,NA,NA,NA,21.3,232.7,10.9,1.7,NA,0,25.2
"D.J. Ware","RB","TB",85,259,NA,NA,NA,NA,NA,NA,NA,62,264.3,4.3,1,7.3,47.7,6.5,0,NA,0,25
"Kellen Winslow","TE","SEA",42,260,NA,NA,NA,NA,NA,NA,NA,NA,NA,NA,NA,18,212,11.8,1.7,NA,0,24.2
"Jamie Harper","RB","TEN",86,261,NA,NA,NA,NA,NA,NA,NA,59,254.7,4.3,1,4.7,45,9.6,0,NA,0.7,22.6
"Ladarius Green","TE","SD",43,262,NA,NA,NA,NA,NA,NA,NA,NA,NA,NA,NA,16,207.7,13,1.7,NA,0,22.2
"Evan Moore","TE","SEA",45,263,NA,NA,NA,NA,NA,NA,NA,NA,NA,NA,NA,18.7,218.3,11.7,1.3,NA,0,21.8
"Evan Rodriguez","TE","CHI",44,263,NA,NA,NA,NA,NA,NA,NA,NA,NA,NA,NA,16,214,13.4,1.3,NA,0,21.8
"Jahvid Best","RB","DET",87,263,NA,NA,NA,NA,NA,NA,NA,46.3,196,4.2,0.7,11.7,91,7.8,0.7,NA,1.3,21.8
"David Ausberry","TE","OAK",46,266,NA,NA,NA,NA,NA,NA,NA,NA,NA,NA,NA,13.7,180.7,13.2,1.7,NA,0,21.2
"Bear Pascoe","TE","NYG",47,267,NA,NA,NA,NA,NA,NA,NA,NA,NA,NA,NA,18,212.3,11.8,1,NA,0,20
"Daryl Richardson","RB","STL",88,268,NA,NA,NA,NA,NA,NA,NA,54.3,250,4.6,0.3,5,37,7.4,0,NA,0,19.8
"Visanthe Shiancoe","TE","NE",48,268,NA,NA,NA,NA,NA,NA,NA,NA,NA,NA,NA,16,204.3,12.8,1.3,NA,0,19.8
"Lance Ball","RB","DEN",89,270,NA,NA,NA,NA,NA,NA,NA,37,163.3,4.4,1,5,39.3,7.9,0.3,NA,0,17.8
"Chad Henne","QB","JAC",37,271,66,39.7,435.3,2,2,60.2,6.6,5.3,15.7,3,0,NA,NA,NA,NA,NA,0.7,17.6
"Keiland Williams","RB","DET",90,271,NA,NA,NA,NA,NA,NA,NA,32.7,135.7,4.1,1.3,6.7,51.3,7.7,0.3,NA,0,17.6
"Le'Ron McClain","RB","SD",91,273,NA,NA,NA,NA,NA,NA,NA,30.3,124.7,4.1,2,7.7,47.7,6.2,0,NA,0.7,16.6
"Brian Leonard","RB","CIN",92,274,NA,NA,NA,NA,NA,NA,NA,30.3,140.3,4.6,1,14,95.3,6.8,0,NA,0,16
"Colt McCoy","QB","CLE",38,275,62,37,419.7,1.7,2.7,59.7,6.8,6.3,28.3,4.5,0,NA,NA,NA,NA,NA,0,15.8
"Da'Rel Scott","RB","NYG",93,275,NA,NA,NA,NA,NA,NA,NA,43,188,4.4,0.3,7.7,69,9,0,NA,0,15.8
"James Casey","TE","HOU",94,277,NA,NA,NA,NA,NA,NA,NA,7.7,34,4.4,0,15.7,150.7,9.6,1,NA,0,14
"LaRod Stephens-Howling","RB","ARI",95,278,NA,NA,NA,NA,NA,NA,NA,27,118.3,4.4,0.3,15,127,8.5,0.3,NA,0,13.6
"Joe Webb","QB","MIN",39,279,47.3,28.3,272.7,0.7,2,59.8,5.8,11,65.7,6,1,NA,NA,NA,NA,NA,0,13.2
"Justin Forsett","RB","HOU",97,280,NA,NA,NA,NA,NA,NA,NA,34.7,159.3,4.6,0.7,6.7,44.3,6.6,0,NA,0,12.2
"Shaun Hill","QB","DET",40,280,38,23,247.7,1,1,60.5,6.5,4,16.3,4.1,0.7,NA,NA,NA,NA,NA,0,12.2
"Tashard Choice","RB","BUF",96,280,NA,NA,NA,NA,NA,NA,NA,36,153.3,4.3,0.7,5.7,43,7.5,0,NA,0,12.2
"Nick Foles","QB","PHI",41,283,51.3,32,382.3,1.3,1.3,62.4,7.5,5,11.7,2.3,0,NA,NA,NA,NA,NA,0,11.2
"Brock Osweiler","QB","DEN",42,284,19,11.7,144,1.3,0.3,61.6,7.6,1.7,5,2.9,0,NA,NA,NA,NA,NA,0,9.2
"Kyle Orton","QB","DAL",43,285,43.7,27.3,293,1,0.7,62.5,6.7,1.7,4.3,2.5,0,NA,NA,NA,NA,NA,0,8.6
"Jason Campbell","QB","CHI",44,286,32,20.7,232.7,0.7,0.3,64.7,7.3,4.3,14.7,3.4,0.3,NA,NA,NA,NA,NA,0,8.4
"Colin Kaepernick","QB","SF",45,287,15.7,8.7,110,0.3,0.3,55.4,7,4.3,29,6.7,0.3,NA,NA,NA,NA,NA,0,6
"Mike Kafka","QB","PHI",46,288,23.3,13.7,147.3,0.7,0.3,58.8,6.3,1,2.7,2.7,0,NA,NA,NA,NA,NA,0,5.6
"Brady Quinn","QB","KC",47,289,18,10.3,125,0.7,1,57.2,6.9,1,6.7,6.7,0,NA,NA,NA,NA,NA,0,4.2
"Chris Redman","QB","ATL",51,290,14,8,89,0.3,0.3,57.1,6.4,0.7,0.3,0.4,0,NA,NA,NA,NA,NA,0,2.2
"Graham Harrell","QB","GB",50,290,10,6.7,61,0.3,0.3,67,6.1,0,0,0,0,NA,NA,NA,NA,NA,0,2.2
"Rex Grossman","QB","WAS",48,290,11.7,6.3,84,0.3,0.3,53.8,7.2,0,0,0,0,NA,NA,NA,NA,NA,0,2.2
"Tyler Thigpen","QB","BUF",49,290,7.7,4,57.7,0.3,0.3,51.9,7.5,1.7,8.3,4.9,0,NA,NA,NA,NA,NA,0,2.2
"T.J. Yates","QB","HOU",52,294,17,10.3,128,0,0.3,60.6,7.5,0,0,0,0,NA,NA,NA,NA,NA,0,1.4
"Matt Leinart","QB","OAK",53,295,8.3,5,58.7,0.3,0.7,60.2,7.1,1,3.7,3.7,0,NA,NA,NA,NA,NA,0.3,0.8
"Byron Leftwich","QB","PIT",54,296,16.7,10,130.7,0,0.7,59.9,7.8,0,0,0,0,NA,NA,NA,NA,NA,0,0.6
"Brian Hoyer","QB","NE",57,297,7.3,4.7,48.3,0,0.3,64.4,6.6,0.3,1,3.3,0,NA,NA,NA,NA,NA,0,0.4
"Caleb Hanie","QB","DEN",56,297,7.3,3.3,42.7,0,0.3,45.2,5.8,0.7,3.7,5.3,0,NA,NA,NA,NA,NA,0,0.4
"Ryan Lindley","QB","ARI",58,297,11.3,6.3,50,0,0.3,55.8,4.4,0.7,2,2.9,0,NA,NA,NA,NA,NA,0,0.4
"Tyrod Taylor","QB","BAL",55,297,10.7,6.7,67,0,0.3,62.6,6.3,2.7,14.7,5.4,0,NA,NA,NA,NA,NA,0,0.4
"Ryan Mallett","QB","NE",60,301,4.7,3,29.7,0,0,63.8,6.3,0,0,0,0,NA,NA,NA,NA,NA,0,0
"Terrelle Pryor","QB","OAK",59,301,0,0,0,0,0,0,0,2,15.7,7.8,0,NA,NA,NA,NA,NA,0,0
