key,name,pos,team,pass_tds,pass_yds,pass_ints,rush_tds,rush_yds,receptions,reception_tds,reception_yds,two_pts,fumbles,kick_0_19,kick_20_29,kick_30_39,kick_40_49,kick_50,kick_extra_points,df_points_allowed_per_game,df_sacks,df_safeties,df_fumbles,df_tds,df_ints
mahomes_QB_KC,Patrick Mahomes,QB,KC,39,4930,12,2,200,,,,,1,,,,,,,,,,,,
watson_QB_HOU,Deshaun Watson,QB,HOU,25,4225,17,5,567,,,,,3,,,,,,,,,,,,
rodgers_QB_GB,Aaron Rodgers,QB,GB,28,4380,8,2,274,,,,,2,,,,,,,,,,,,
roethlisberger_QB_PIT,Ben Roethlisberger,QB,PIT,29,4888,19,2,87,,,,,1,,,,,,,,,,,,
ryan_QB_ATL,Matt Ryan,QB,ATL,27,4658,10,2,122,,,,,1,,,,,,,,,,,,
newton_QB_CAR,Cam Newton,QB,CAR,25,3780,17,4,616,,,,,1,,,,,,,,,,,,
goff_QB_LAR,Jared Goff,QB,LAR,30,4400,12,1,97,,,,,1,,,,,,,,,,,,
brady_QB_NE,Tom Brady,QB,NE,30,4444,13,1,37,,,,,1,,,,,,,,,,,,
brees_QB_NO,Drew Brees,QB,NO,30,4103,10,2,37,,,,,1,,,,,,,,,,,,
winston_QB_TB,Jameis Winston,QB,TB,27,4740,20,1,319,,,,,2,,,,,,,,,,,,
wentz_QB_PHI,Carson Wentz,QB,PHI,31,4331,15,0,167,,,,,2,,,,,,,,,,,,
wilson_QB_SEA,Russell Wilson,QB,SEA,31,3465,11,1,367,,,,,2,,,,,,,,,,,,
mayfield_QB_CLE,Baker Mayfield,QB,CLE,31,4373,16,0,154,,,,,2,,,,,,,,,,,,
jackson_QB_BAL,Lamar Jackson,QB,BAL,22,2940,11,6,838,,,,,6,,,,,,,,,,,,
rivers_QB_LAC,Philip Rivers,QB,LAC,29,4376,13,0,30,,,,,1,,,,,,,,,,,,
prescott_QB_DAL,Dak Prescott,QB,DAL,22,3722,11,6,309,,,,,2,,,,,,,,,,,,
murray_QB_ARI,Kyler Murray,QB,ARI,23,3663,15,3,568,,,,,4,,,,,,,,,,,,
garoppolo_QB_SF,Jimmy Garoppolo,QB,SF,27,4372,18,1,107,,,,,0,,,,,,,,,,,,
allen_QB_BUF,Josh Allen,QB,BUF,17,3190,18,8,722,,,,,2,,,,,,,,,,,,
cousins_QB_MIN,Kirk Cousins,QB,MIN,24,4218,14,2,139,,,,,2,,,,,,,,,,,,
carr_QB_OAK,Derek Carr,QB,OAK,24,4313,12,1,49,,,,,1,,,,,,,,,,,,
trubisky_QB_CHI,Mitchell Trubisky,QB,CHI,23,3634,14,2,362,,,,,2,,,,,,,,,,,,
stafford_QB_DET,Matthew Stafford,QB,DET,24,4020,13,0,77,,,,,1,,,,,,,,,,,,
darnold_QB_NYJ,Sam Darnold,QB,NYJ,26,3727,18,1,147,,,,,2,,,,,,,,,,,,
foles_QB_JAX,Nick Foles,QB,JAX,21,4031,14,1,36,,,,,1,,,,,,,,,,,,
dalton_QB_CIN,Andy Dalton,QB,CIN,25,3329,16,0,141,,,,,1,,,,,,,,,,,,
brissett_QB_IND,Jacoby Brissett,QB,IND,22,3510,15,2,142,,,,,2,,,,,,,,,,,,
flacco_QB_DEN,Joe Flacco,QB,DEN,21,3741,15,0,70,,,,,1,,,,,,,,,,,,
mariota_QB_TEN,Marcus Mariota,QB,TEN,19,3147,15,2,378,,,,,2,,,,,,,,,,,,
fitzpatrick_QB_MIA,Ryan Fitzpatrick,QB,MIA,20,2881,16,3,294,,,,,1,,,,,,,,,,,,
manning_QB_NYG,Eli Manning,QB,NYG,16,3233,11,1,25,,,,,3,,,,,,,,,,,,
haskins_QB_WSH,Dwayne Haskins,QB,WSH,15,2682,14,1,78,,,,,1,,,,,,,,,,,,
keenum_QB_WSH,Case Keenum,QB,WSH,5,865,4,0,35,,,,,0,,,,,,,,,,,,
jones_QB_NYG,Daniel Jones,QB,NYG,4,808,3,0,19,,,,,1,,,,,,,,,,,,
hill_QB_NO,Taysom Hill,QB,NO,1,122,0,1,177,,,,,1,,,,,,,,,,,,
schaub_QB_ATL,Matt Schaub,QB,ATL,1,150,0,0,3,,,,,0,,,,,,,,,,,,
moore_QB_KC,Matt Moore,QB,KC,2,198,0,0,17,,,,,1,,,,,,,,,,,,
daniel_QB_CHI,Chase Daniel,QB,CHI,1,142,1,0,7,,,,,0,,,,,,,,,,,,
rosen_QB_MIA,Josh Rosen,QB,MIA,2,317,2,0,19,,,,,1,,,,,,,,,,,,
kizer_QB_GB,DeShone Kizer,QB,GB,1,170,0,0,17,,,,,0,,,,,,,,,,,,
lynch_QB_SEA,Paxton Lynch,QB,SEA,1,138,0,0,24,,,,,0,,,,,,,,,,,,
bortles_QB_LAR,Blake Bortles,QB,LAR,1,179,0,0,22,,,,,0,,,,,,,,,,,,
finley_QB_CIN,Ryan Finley,QB,CIN,1,102,0,0,3,,,,,0,,,,,,,,,,,,
rush_QB_DAL,Cooper Rush,QB,DAL,1,93,0,0,16,,,,,0,,,,,,,,,,,,
griffin_QB_BAL,Robert Griffin III,QB,BAL,1,120,0,0,5,,,,,0,,,,,,,,,,,,
stidham_QB_NE,Jarrett Stidham,QB,NE,1,136,0,0,4,,,,,0,,,,,,,,,,,,
minshew_QB_JAX,Gardner Minshew,QB,JAX,1,117,0,0,3,,,,,0,,,,,,,,,,,,
bridgewater_QB_NO,Teddy Bridgewater,QB,NO,1,166,0,0,8,,,,,0,,,,,,,,,,,,
mccarron_QB_HOU,AJ McCarron,QB,HOU,1,170,0,0,5,,,,,0,,,,,,,,,,,,
tannehill_QB_TEN,Ryan Tannehill,QB,TEN,1,128,1,0,19,,,,,0,,,,,,,,,,,,
mccown_QB_PHI,Josh McCown,QB,PHI,1,171,1,0,16,,,,,0,,,,,,,,,,,,
hogan_QB_DEN,Kevin Hogan,QB,DEN,1,153,1,0,19,,,,,0,,,,,,,,,,,,
siemian_QB_NYJ,Trevor Siemian,QB,NYJ,1,146,1,0,16,,,,,0,,,,,,,,,,,,
taylor_QB_LAC,Tyrod Taylor,QB,LAC,1,176,1,0,17,,,,,0,,,,,,,,,,,,
stanton_QB_CLE,Drew Stanton,QB,CLE,1,161,1,0,19,,,,,0,,,,,,,,,,,,
barkley_QB_BUF,Matt Barkley,QB,BUF,1,130,1,0,4,,,,,0,,,,,,,,,,,,
dobbs_QB_PIT,Joshua Dobbs,QB,PIT,1,151,1,0,15,,,,,0,,,,,,,,,,,,
kelly_QB_IND,Chad Kelly,QB,IND,1,83,0,0,3,,,,,0,,,,,,,,,,,,
mullens_QB_SF,Nick Mullens,QB,SF,1,178,1,0,4,,,,,0,,,,,,,,,,,,
hoyer_QB_NE,Brian Hoyer,QB,NE,1,182,1,0,4,,,,,0,,,,,,,,,,,,
hundley_QB_ARI,Brett Hundley,QB,ARI,1,138,1,0,13,,,,,0,,,,,,,,,,,,
grier_QB_CAR,Will Grier,QB,CAR,1,146,1,0,5,,,,,0,,,,,,,,,,,,
glennon_QB_OAK,Mike Glennon,QB,OAK,1,174,1,0,5,,,,,1,,,,,,,,,,,,
savage_QB_DET,Tom Savage,QB,DET,1,155,1,0,6,,,,,1,,,,,,,,,,,,
mccoy_QB_WSH,Colt McCoy,QB,WSH,1,120,1,0,15,,,,,0,,,,,,,,,,,,
gabbert_QB_TB,Blaine Gabbert,QB,TB,1,172,1,0,1,,,,,0,,,,,,,,,,,,
mannion_QB_MIN,Sean Mannion,QB,MIN,0,153,0,0,3,,,,,0,,,,,,,,,,,,
griffin_QB_TB,Ryan Griffin,QB,TB,0,39,0,0,1,,,,,0,,,,,,,,,,,,
barkley_RB_NYG,Saquon Barkley,RB,NYG,,,,9,1223,90,4,688,,4,,,,,,,,,,,,
mccaffrey_RB_CAR,Christian McCaffrey,RB,CAR,,,,5,1011,102,5,819,,3,,,,,,,,,,,,
kamara_RB_NO,Alvin Kamara,RB,NO,,,,9,964,95,4,777,,3,,,,,,,,,,,,
conner_RB_PIT,James Conner,RB,PIT,,,,11,928,53,1,471,,3,,,,,,,,,,,,
bell_RB_NYJ,Le'Veon Bell,RB,NYJ,,,,9,930,60,2,459,,3,,,,,,,,,,,,
elliott_RB_DAL,Ezekiel Elliott,RB,DAL,,,,6,1128,57,2,446,,3,,,,,,,,,,,,
cook_RB_MIN,Dalvin Cook,RB,MIN,,,,7,932,59,2,450,,3,,,,,,,,,,,,
johnson_RB_DET,Kerryon Johnson,RB,DET,,,,7,1033,56,2,360,,3,,,,,,,,,,,,
johnson_RB_ARI,David Johnson,RB,ARI,,,,7,763,55,4,508,,3,,,,,,,,,,,,
mixon_RB_CIN,Joe Mixon,RB,CIN,,,,9,1131,43,1,307,,3,,,,,,,,,,,,
fournette_RB_JAX,Leonard Fournette,RB,JAX,,,,8,850,49,2,421,,3,,,,,,,,,,,,
williams_RB_KC,Damien Williams,RB,KC,,,,8,638,49,5,402,,2,,,,,,,,,,,,
gurley_RB_LAR,Todd Gurley,RB,LAR,,,,9,852,36,3,351,,2,,,,,,,,,,,,
johnson_RB_HOU,Duke Johnson,RB,HOU,,,,3,746,55,3,502,,2,,,,,,,,,,,,
chubb_RB_CLE,Nick Chubb,RB,CLE,,,,10,1251,14,1,103,,3,,,,,,,,,,,,
freeman_RB_ATL,Devonta Freeman,RB,ATL,,,,6,890,43,2,320,,2,,,,,,,,,,,,
jacobs_RB_OAK,Josh Jacobs,RB,OAK,,,,6,769,43,2,454,,2,,,,,,,,,,,,
carson_RB_SEA,Chris Carson,RB,SEA,,,,8,1156,28,0,183,,3,,,,,,,,,,,,
montgomery_RB_CHI,David Montgomery,RB,CHI,,,,7,851,35,2,344,,3,,,,,,,,,,,,
gordon_RB_LAC,Melvin Gordon,RB,LAC,,,,8,629,40,3,389,,2,,,,,,,,,,,,
white_RB_NE,James White,RB,NE,,,,3,314,65,5,538,,1,,,,,,,,,,,,
drake_RB_MIA,Kenyan Drake,RB,MIA,,,,5,579,46,4,408,,2,,,,,,,,,,,,
jones_RB_GB,Aaron Jones,RB,GB,,,,9,834,31,1,225,,2,,,,,,,,,,,,
cohen_RB_CHI,Tarik Cohen,RB,CHI,,,,2,404,61,3,614,,3,,,,,,,,,,,,
ingram_RB_BAL,Mark Ingram,RB,BAL,,,,6,988,28,1,198,,2,,,,,,,,,,,,
lindsay_RB_DEN,Phillip Lindsay,RB,DEN,,,,6,827,35,1,242,,2,,,,,,,,,,,,
mack_RB_IND,Marlon Mack,RB,IND,,,,7,1020,22,1,140,,3,,,,,,,,,,,,
ekeler_RB_LAC,Austin Ekeler,RB,LAC,,,,4,591,40,3,396,,2,,,,,,,,,,,,
michel_RB_NE,Sony Michel,RB,NE,,,,9,1076,8,0,58,,3,,,,,,,,,,,,
henry_RB_TEN,Derrick Henry,RB,TEN,,,,8,1023,14,0,106,,2,,,,,,,,,,,,
sanders_RB_PHI,Miles Sanders,RB,PHI,,,,5,586,37,2,347,,3,,,,,,,,,,,,
coleman_RB_SF,Tevin Coleman,RB,SF,,,,5,972,14,2,133,,2,,,,,,,,,,,,
lewis_RB_TEN,Dion Lewis,RB,TEN,,,,3,548,53,1,337,,2,,,,,,,,,,,,
thompson_RB_WSH,Chris Thompson,RB,WSH,,,,2,391,50,2,396,,1,,,,,,,,,,,,
guice_RB_WSH,Derrius Guice,RB,WSH,,,,5,701,23,1,244,,3,,,,,,,,,,,,
richard_RB_OAK,Jalen Richard,RB,OAK,,,,2,425,51,1,469,,5,,,,,,,,,,,,
breida_RB_SF,Matt Breida,RB,SF,,,,3,665,27,2,250,,2,,,,,,,,,,,,
thompson_RB_KC,Darwin Thompson,RB,KC,,,,5,452,28,2,324,,2,,,,,,,,,,,,
barber_RB_TB,Peyton Barber,RB,TB,,,,5,813,18,1,82,,2,,,,,,,,,,,,
pollard_RB_DAL,Tony Pollard,RB,DAL,,,,4,553,32,1,292,,2,,,,,,,,,,,,
henderson_RB_LAR,Darrell Henderson,RB,LAR,,,,5,610,22,1,233,,2,,,,,,,,,,,,
murray_RB_NO,Latavius Murray,RB,NO,,,,8,638,15,0,94,,2,,,,,,,,,,,,
samuels_RB_PIT,Jaylen Samuels,RB,PIT,,,,1,335,40,4,325,,1,,,,,,,,,,,,
howard_RB_PHI,Jordan Howard,RB,PHI,,,,6,644,21,0,147,,2,,,,,,,,,,,,
penny_RB_SEA,Rashaad Penny,RB,SEA,,,,4,899,10,0,79,,2,,,,,,,,,,,,
mccoy_RB_BUF,LeSean McCoy,RB,BUF,,,,4,576,25,0,184,,2,,,,,,,,,,,,
smith_RB_ATL,Ito Smith,RB,ATL,,,,5,416,31,0,183,,1,,,,,,,,,,,,
singletary_RB_BUF,Devin Singletary,RB,BUF,,,,4,513,21,1,198,,2,,,,,,,,,,,,
peterson_RB_WSH,Adrian Peterson,RB,WSH,,,,4,593,16,1,160,,2,,,,,,,,,,,,
hines_RB_IND,Nyheim Hines,RB,IND,,,,2,338,41,1,260,,1,,,,,,,,,,,,
mattison_RB_MIN,Alexander Mattison,RB,MIN,,,,4,539,19,1,165,,2,,,,,,,,,,,,
hunt_RB_CLE,Kareem Hunt,RB,CLE,,,,4,416,18,2,187,,1,,,,,,,,,,,,
freeman_RB_DEN,Royce Freeman,RB,DEN,,,,6,646,9,0,45,,2,,,,,,,,,,,,
harris_RB_NE,Damien Harris,RB,NE,,,,5,523,15,1,148,,2,,,,,,,,,,,,
jones_RB_TB,Ronald Jones,RB,TB,,,,7,477,14,0,83,,1,,,,,,,,,,,,
williams_RB_GB,Jamaal Williams,RB,GB,,,,3,486,27,0,220,,2,,,,,,,,,,,,
anderson_RB_DET,C.J. Anderson,RB,DET,,,,3,567,19,1,138,,2,,,,,,,,,,,,
ballage_RB_MIA,Kalen Ballage,RB,MIA,,,,4,687,17,0,121,,6,,,,,,,,,,,,
hill_RB_BAL,Justice Hill,RB,BAL,,,,4,539,14,1,130,,2,,,,,,,,,,,,
howell_RB_HOU,Buddy Howell,RB,HOU,,,,4,695,5,0,45,,1,,,,,,,,,,,,
mckinnon_RB_SF,Jerick McKinnon,RB,SF,,,,2,317,29,1,257,,1,,,,,,,,,,,,
jackson_RB_LAC,Justin Jackson,RB,LAC,,,,4,513,12,0,112,,1,,,,,,,,,,,,
blue_RB_JAX,Alfred Blue,RB,JAX,,,,3,440,21,0,150,,1,,,,,,,,,,,,
davis_RB_CHI,Mike Davis,RB,CHI,,,,3,372,25,0,163,,1,,,,,,,,,,,,
powell_RB_NYJ,Bilal Powell,RB,NYJ,,,,2,479,16,1,141,,1,,,,,,,,,,,,
ferguson_RB_HOU,Josh Ferguson,RB,HOU,,,,3,534,10,0,91,,1,,,,,,,,,,,,
montgomery_RB_NYJ,Ty Montgomery,RB,NYJ,,,,3,306,22,0,179,,2,,,,,,,,,,,,
hyde_RB_KC,Carlos Hyde,RB,KC,,,,4,368,13,0,82,,1,,,,,,,,,,,,
juszczyk_RB_SF,Kyle Juszczyk,RB,SF,,,,0,36,36,1,368,,2,,,,,,,,,,,,
gore_RB_BUF,Frank Gore,RB,BUF,,,,2,418,12,1,114,,1,,,,,,,,,,,,
ellington_RB_TB,Andre Ellington,RB,TB,,,,2,97,29,0,299,,1,,,,,,,,,,,,
hilliard_RB_CLE,Dontrell Hilliard,RB,CLE,,,,2,200,23,0,262,,1,,,,,,,,,,,,
gallman_RB_NYG,Wayne Gallman,RB,NYG,,,,2,313,24,0,148,,2,,,,,,,,,,,,
mcguire_RB_NYJ,Elijah McGuire,RB,NYJ,,,,2,168,19,2,206,,1,,,,,,,,,,,,
bernard_RB_CIN,Giovani Bernard,RB,CIN,,,,3,287,19,0,128,,1,,,,,,,,,,,,
brown_RB_LAR,Malcolm Brown,RB,LAR,,,,2,419,7,1,54,,1,,,,,,,,,,,,
booker_RB_DEN,Devontae Booker,RB,DEN,,,,2,346,17,0,132,,3,,,,,,,,,,,,
artispayne_RB_CAR,Cameron Artis-Payne,RB,CAR,,,,3,405,4,0,16,,1,,,,,,,,,,,,
anderson_RB_CIN,Rodney Anderson,RB,CIN,,,,2,254,15,1,128,,1,,,,,,,,,,,,
edwards_RB_BAL,Gus Edwards,RB,BAL,,,,2,499,0,0,4,,1,,,,,,,,,,,,
mckissic_RB_SEA,J.D. McKissic,RB,SEA,,,,1,213,18,2,118,,1,,,,,,,,,,,,
clement_RB_PHI,Corey Clement,RB,PHI,,,,3,266,12,0,120,,1,,,,,,,,,,,,
burkhead_RB_NE,Rex Burkhead,RB,NE,,,,2,162,17,1,151,,1,,,,,,,,,,,,
wilkins_RB_IND,Jordan Wilkins,RB,IND,,,,2,438,5,0,27,,4,,,,,,,,,,,,
bolden_RB_NE,Brandon Bolden,RB,NE,,,,6,180,0,0,1,,1,,,,,,,,,,,,
sherman_RB_KC,Anthony Sherman,RB,KC,,,,0,22,15,2,177,,0,,,,,,,,,,,,
snell_RB_PIT,Benny Snell,RB,PIT,,,,2,233,10,0,90,,1,,,,,,,,,,,,
riddick_RB_DEN,Theo Riddick,RB,DEN,,,,1,125,19,0,134,,0,,,,,,,,,,,,
edmonds_RB_ARI,Chase Edmonds,RB,ARI,,,,2,188,10,0,51,,1,,,,,,,,,,,,
develin_RB_NE,James Develin,RB,NE,,,,3,11,11,0,64,,0,,,,,,,,,,,,
bawden_RB_DET,Nick Bawden,RB,DET,,,,1,61,12,0,82,,0,,,,,,,,,,,,
logan_RB_ARI,T.J. Logan,RB,ARI,,,,1,68,12,0,72,,1,,,,,,,,,,,,
sproles_RB_PHI,Darren Sproles,RB,PHI,,,,1,105,6,1,63,,1,,,,,,,,,,,,
jackson_RB_DAL,Darius Jackson,RB,DAL,,,,1,213,3,0,25,,1,,,,,,,,,,,,
dixon_RB_BAL,Kenneth Dixon,RB,BAL,,,,1,202,2,0,25,,0,,,,,,,,,,,,
rodgers_RB_NO,Jacquizz Rodgers,RB,NO,,,,1,91,9,0,59,,0,,,,,,,,,,,,
washington_RB_OAK,DeAndre Washington,RB,OAK,,,,1,214,6,0,40,,3,,,,,,,,,,,,
line_RB_NO,Zach Line,RB,NO,,,,0,52,6,2,18,,0,,,,,,,,,,,,
hopkins_WR_HOU,DeAndre Hopkins,WR,HOU,,,,0,-5,118,10,1605,,2,,,,,,,,,,,,
jones_WR_ATL,Julio Jones,WR,ATL,,,,0,15,110,6,1683,,1,,,,,,,,,,,,
smithschuster_WR_PIT,JuJu Smith-Schuster,WR,PIT,,,,0,10,108,8,1524,,1,,,,,,,,,,,,
adams_WR_GB,Davante Adams,WR,GB,,,,0,0,108,12,1294,,1,,,,,,,,,,,,
thomas_WR_NO,Michael Thomas,WR,NO,,,,0,0,124,8,1372,,1,,,,,,,,,,,,
beckham_WR_CLE,Odell Beckham,WR,CLE,,,,0,33,94,10,1348,,1,,,,,,,,,,,,
thielen_WR_MIN,Adam Thielen,WR,MIN,,,,0,23,107,7,1371,,1,,,,,,,,,,,,
hill_WR_KC,Tyreek Hill,WR,KC,,,,1,113,81,9,1394,,1,,,,,,,,,,,,
evans_WR_TB,Mike Evans,WR,TB,,,,0,0,98,6,1499,,1,,,,,,,,,,,,
allen_WR_LAC,Keenan Allen,WR,LAC,,,,0,49,99,6,1324,,1,,,,,,,,,,,,
brown_WR_OAK,Antonio Brown,WR,OAK,,,,0,0,92,9,1155,,1,,,,,,,,,,,,
diggs_WR_MIN,Stefon Diggs,WR,MIN,,,,0,50,99,8,1085,,1,,,,,,,,,,,,
woods_WR_LAR,Robert Woods,WR,LAR,,,,1,117,89,6,1179,,1,,,,,,,,,,,,
cooks_WR_LAR,Brandin Cooks,WR,LAR,,,,1,59,81,5,1233,,1,,,,,,,,,,,,
edelman_WR_NE,Julian Edelman,WR,NE,,,,0,111,88,7,1076,,1,,,,,,,,,,,,
cooper_WR_DAL,Amari Cooper,WR,DAL,,,,0,19,77,9,1047,,1,,,,,,,,,,,,
golladay_WR_DET,Kenny Golladay,WR,DET,,,,0,9,79,6,1211,,1,,,,,,,,,,,,
kupp_WR_LAR,Cooper Kupp,WR,LAR,,,,0,30,78,9,999,,1,,,,,,,,,,,,
godwin_WR_TB,Chris Godwin,WR,TB,,,,0,0,79,6,1033,,1,,,,,,,,,,,,
lockett_WR_SEA,Tyler Lockett,WR,SEA,,,,0,56,64,8,994,,1,,,,,,,,,,,,
boyd_WR_CIN,Tyler Boyd,WR,CIN,,,,0,3,75,6,942,,1,,,,,,,,,,,,
sanders_WR_DEN,Emmanuel Sanders,WR,DEN,,,,1,42,81,4,927,,1,,,,,,,,,,,,
hilton_WR_IND,T.Y. Hilton,WR,IND,,,,0,0,71,4,1103,,1,,,,,,,,,,,,
ridley_WR_ATL,Calvin Ridley,WR,ATL,,,,0,27,68,8,850,,1,,,,,,,,,,,,
westbrook_WR_JAX,Dede Westbrook,WR,JAX,,,,0,84,75,6,895,,2,,,,,,,,,,,,
jeffery_WR_PHI,Alshon Jeffery,WR,PHI,,,,0,0,71,6,921,,1,,,,,,,,,,,,
landry_WR_CLE,Jarvis Landry,WR,CLE,,,,1,47,78,4,878,,1,,,,,,,,,,,,
shepard_WR_NYG,Sterling Shepard,WR,NYG,,,,0,27,74,4,956,,1,,,,,,,,,,,,
green_WR_CIN,A.J. Green,WR,CIN,,,,0,0,64,7,883,,1,,,,,,,,,,,,
fuller_WR_HOU,Will Fuller,WR,HOU,,,,0,6,65,6,916,,1,,,,,,,,,,,,
kirk_WR_ARI,Christian Kirk,WR,ARI,,,,0,37,67,5,918,,1,,,,,,,,,,,,
lee_WR_JAX,Marqise Lee,WR,JAX,,,,0,17,78,3,938,,1,,,,,,,,,,,,
fitzgerald_WR_ARI,Larry Fitzgerald,WR,ARI,,,,0,0,73,6,771,,1,,,,,,,,,,,,
gordon_WR_NE,Josh Gordon,WR,NE,,,,0,0,55,6,938,,1,,,,,,,,,,,,
williams_WR_LAC,Mike Williams,WR,LAC,,,,1,19,47,9,739,,1,,,,,,,,,,,,
anderson_WR_NYJ,Robby Anderson,WR,NYJ,,,,0,-2,54,8,813,,2,,,,,,,,,,,,
jones_WR_DET,Marvin Jones,WR,DET,,,,0,0,56,7,817,,1,,,,,,,,,,,,
robinson_WR_CHI,Allen Robinson,WR,CHI,,,,0,9,63,4,928,,1,,,,,,,,,,,,
moore_WR_CAR,D.J. Moore,WR,CAR,,,,0,178,62,3,940,,3,,,,,,,,,,,,
sanu_WR_ATL,Mohamed Sanu,WR,ATL,,,,0,34,69,4,854,,1,,,,,,,,,,,,
coutee_WR_HOU,Keke Coutee,WR,HOU,,,,0,2,73,4,795,,1,,,,,,,,,,,,
watkins_WR_KC,Sammy Watkins,WR,KC,,,,0,35,58,5,834,,1,,,,,,,,,,,,
moncrief_WR_PIT,Donte Moncrief,WR,PIT,,,,0,0,57,5,852,,1,,,,,,,,,,,,
davis_WR_TEN,Corey Davis,WR,TEN,,,,0,42,65,4,828,,1,,,,,,,,,,,,
williams_WR_OAK,Tyrell Williams,WR,OAK,,,,0,10,59,4,840,,1,,,,,,,,,,,,
hamilton_WR_DEN,DaeSean Hamilton,WR,DEN,,,,0,0,66,6,644,,1,,,,,,,,,,,,
samuel_WR_CAR,Curtis Samuel,WR,CAR,,,,3,177,48,5,577,,1,,,,,,,,,,,,
valdesscantling_WR_GB,Marquez Valdes-Scantling,WR,GB,,,,0,30,59,3,867,,1,,,,,,,,,,,,
amendola_WR_DET,Danny Amendola,WR,DET,,,,0,0,74,3,679,,1,,,,,,,,,,,,
washington_WR_PIT,James Washington,WR,PIT,,,,0,0,54,4,802,,1,,,,,,,,,,,,
pettis_WR_SF,Dante Pettis,WR,SF,,,,0,-3,46,6,758,,1,,,,,,,,,,,,
goodwin_WR_SF,Marquise Goodwin,WR,SF,,,,0,26,44,6,738,,0,,,,,,,,,,,,
agholor_WR_PHI,Nelson Agholor,WR,PHI,,,,0,33,61,4,709,,1,,,,,,,,,,,,
jones_WR_BUF,Zay Jones,WR,BUF,,,,0,0,53,7,620,,1,,,,,,,,,,,,
allison_WR_GB,Geronimo Allison,WR,GB,,,,0,0,54,4,770,,1,,,,,,,,,,,,
sutton_WR_DEN,Courtland Sutton,WR,DEN,,,,0,0,45,5,772,,0,,,,,,,,,,,,
jackson_WR_PHI,DeSean Jackson,WR,PHI,,,,1,39,49,4,735,,1,,,,,,,,,,,,
wilson_WR_MIA,Albert Wilson,WR,MIA,,,,0,23,52,5,689,,1,,,,,,,,,,,,
brown_WR_BUF,John Brown,WR,BUF,,,,0,5,46,5,739,,0,,,,,,,,,,,,
stills_WR_MIA,Kenny Stills,WR,MIA,,,,0,0,45,6,678,,1,,,,,,,,,,,,
crowder_WR_NYJ,Jamison Crowder,WR,NYJ,,,,0,41,53,4,684,,1,,,,,,,,,,,,
gallup_WR_DAL,Michael Gallup,WR,DAL,,,,0,0,45,4,738,,0,,,,,,,,,,,,
miller_WR_CHI,Anthony Miller,WR,CHI,,,,0,24,39,8,558,,1,,,,,,,,,,,,
callaway_WR_CLE,Antonio Callaway,WR,CLE,,,,0,7,47,5,632,,1,,,,,,,,,,,,
foster_WR_BUF,Robert Foster,WR,BUF,,,,0,0,41,4,692,,0,,,,,,,,,,,,
enunwa_WR_NYJ,Quincy Enunwa,WR,NYJ,,,,0,0,53,3,642,,1,,,,,,,,,,,,
richardson_WR_WSH,Paul Richardson,WR,WSH,,,,0,11,45,4,634,,0,,,,,,,,,,,,
higgins_WR_CLE,Rashard Higgins,WR,CLE,,,,0,1,47,4,635,,1,,,,,,,,,,,,
brown_WR_BAL,Marquise Brown,WR,BAL,,,,0,115,39,5,612,,2,,,,,,,,,,,,
boykin_WR_BAL,Miles Boykin,WR,BAL,,,,0,13,41,5,610,,1,,,,,,,,,,,,
doctson_WR_WSH,Josh Doctson,WR,WSH,,,,0,-3,49,3,626,,0,,,,,,,,,,,,
samuel_WR_SF,Deebo Samuel,WR,SF,,,,0,12,43,4,653,,1,,,,,,,,,,,,
tate_WR_NYG,Golden Tate,WR,NYG,,,,0,24,57,2,615,,1,,,,,,,,,,,,
gabriel_WR_CHI,Taylor Gabriel,WR,CHI,,,,0,59,53,3,570,,1,,,,,,,,,,,,
harry_WR_NE,N'Keal Harry,WR,NE,,,,0,11,45,4,604,,1,,,,,,,,,,,,
parker_WR_MIA,DeVante Parker,WR,MIA,,,,0,0,45,3,629,,0,,,,,,,,,,,,
funchess_WR_IND,Devin Funchess,WR,IND,,,,0,0,47,4,556,,0,,,,,,,,,,,,
hardman_WR_KC,Mecole Hardman,WR,KC,,,,0,9,36,5,597,,1,,,,,,,,,,,,
metcalf_WR_SEA,D.K. Metcalf,WR,SEA,,,,0,12,33,6,549,,1,,,,,,,,,,,,
smith_WR_NO,Tre'Quan Smith,WR,NO,,,,0,6,37,5,509,,0,,,,,,,,,,,,
cobb_WR_DAL,Randall Cobb,WR,DAL,,,,0,8,48,3,513,,1,,,,,,,,,,,,
ginn_WR_NO,Ted Ginn,WR,NO,,,,0,59,42,3,539,,1,,,,,,,,,,,,
moore_WR_SEA,David Moore,WR,SEA,,,,0,4,33,5,512,,0,,,,,,,,,,,,
perriman_WR_TB,Breshad Perriman,WR,TB,,,,0,2,33,2,657,,0,,,,,,,,,,,,
snead_WR_BAL,Willie Snead,WR,BAL,,,,0,11,46,3,486,,1,,,,,,,,,,,,
humphries_WR_TEN,Adam Humphries,WR,TEN,,,,0,13,48,2,430,,1,,,,,,,,,,,,
latimer_WR_NYG,Cody Latimer,WR,NYG,,,,0,0,32,3,526,,1,,,,,,,,,,,,
chark_WR_JAX,D.J. Chark,WR,JAX,,,,0,0,41,2,534,,4,,,,,,,,,,,,
beasley_WR_BUF,Cole Beasley,WR,BUF,,,,0,0,44,2,456,,1,,,,,,,,,,,,
brown_WR_SEA,Jaron Brown,WR,SEA,,,,0,0,26,6,308,,0,,,,,,,,,,,,
campbell_WR_IND,Parris Campbell,WR,IND,,,,0,11,33,3,441,,1,,,,,,,,,,,,
hogan_WR_CAR,Chris Hogan,WR,CAR,,,,0,6,33,3,410,,0,,,,,,,,,,,,
ross_WR_CIN,John Ross,WR,CIN,,,,0,14,22,7,210,,0,,,,,,,,,,,,
taylor_WR_TEN,Taywan Taylor,WR,TEN,,,,0,12,33,2,417,,1,,,,,,,,,,,,
dorsett_WR_NE,Phillip Dorsett,WR,NE,,,,0,26,30,3,328,,0,,,,,,,,,,,,
thomas_WR_NE,Demaryius Thomas,WR,NE,,,,0,0,29,3,338,,0,,,,,,,,,,,,
wright_WR_CAR,Jarius Wright,WR,CAR,,,,0,34,33,2,352,,1,,,,,,,,,,,,
robinson_WR_KC,Demarcus Robinson,WR,KC,,,,0,0,26,3,346,,0,,,,,,,,,,,,
rogers_WR_IND,Chester Rogers,WR,IND,,,,0,0,36,2,313,,1,,,,,,,,,,,,
reynolds_WR_LAR,Josh Reynolds,WR,LAR,,,,0,30,24,3,321,,0,,,,,,,,,,,,
kelce_TE_KC,Travis Kelce,TE,KC,,,,,,93,9,1268,,1,,,,,,,,,,,,
ertz_TE_PHI,Zach Ertz,TE,PHI,,,,,,104,8,1078,,1,,,,,,,,,,,,
kittle_TE_SF,George Kittle,TE,SF,,,,,,80,5,1201,,1,,,,,,,,,,,,
howard_TE_TB,O.J. Howard,TE,TB,,,,,,62,7,903,,1,,,,,,,,,,,,
cook_TE_NO,Jared Cook,TE,NO,,,,,,69,6,843,,1,,,,,,,,,,,,
engram_TE_NYG,Evan Engram,TE,NYG,,,,,,70,5,878,,1,,,,,,,,,,,,
henry_TE_LAC,Hunter Henry,TE,LAC,,,,,,57,5,732,,1,,,,,,,,,,,,
reed_TE_WSH,Jordan Reed,TE,WSH,,,,,,70,3,712,,1,,,,,,,,,,,,
walker_TE_TEN,Delanie Walker,TE,TEN,,,,,,62,3,695,,1,,,,,,,,,,,,
mcdonald_TE_PIT,Vance McDonald,TE,PIT,,,,,,55,4,711,,1,,,,,,,,,,,,
hooper_TE_ATL,Austin Hooper,TE,ATL,,,,,,66,3,637,,1,,,,,,,,,,,,
njoku_TE_CLE,David Njoku,TE,CLE,,,,,,57,4,638,,1,,,,,,,,,,,,
hockenson_TE_DET,T.J. Hockenson,TE,DET,,,,,,55,5,594,,2,,,,,,,,,,,,
ebron_TE_IND,Eric Ebron,TE,IND,,,,,,49,6,508,,1,,,,,,,,,,,,
graham_TE_GB,Jimmy Graham,TE,GB,,,,,,56,4,580,,1,,,,,,,,,,,,
rudolph_TE_MIN,Kyle Rudolph,TE,MIN,,,,,,53,4,527,,1,,,,,,,,,,,,
burton_TE_CHI,Trey Burton,TE,CHI,,,,,,49,4,546,,1,,,,,,,,,,,,
fant_TE_DEN,Noah Fant,TE,DEN,,,,,,48,4,538,,1,,,,,,,,,,,,
andrews_TE_BAL,Mark Andrews,TE,BAL,,,,,,40,4,607,,0,,,,,,,,,,,,
brate_TE_TB,Cameron Brate,TE,TB,,,,,,43,6,413,,1,,,,,,,,,,,,
waller_TE_OAK,Darren Waller,TE,OAK,,,,,,47,2,565,,1,,,,,,,,,,,,
olsen_TE_CAR,Greg Olsen,TE,CAR,,,,,,42,5,443,,0,,,,,,,,,,,,
swaim_TE_JAX,Geoff Swaim,TE,JAX,,,,,,52,2,508,,1,,,,,,,,,,,,
thomas_TE_CAR,Ian Thomas,TE,CAR,,,,,,46,3,433,,0,,,,,,,,,,,,
witten_TE_DAL,Jason Witten,TE,DAL,,,,,,46,3,415,,1,,,,,,,,,,,,
doyle_TE_IND,Jack Doyle,TE,IND,,,,,,51,2,435,,2,,,,,,,,,,,,
goedert_TE_PHI,Dallas Goedert,TE,PHI,,,,,,35,5,362,,0,,,,,,,,,,,,
sternberger_TE_GB,Jace Sternberger,TE,GB,,,,,,42,3,422,,1,,,,,,,,,,,,
clay_TE_ARI,Charles Clay,TE,ARI,,,,,,45,2,419,,1,,,,,,,,,,,,
moreau_TE_OAK,Foster Moreau,TE,OAK,,,,,,40,3,399,,1,,,,,,,,,,,,
stocker_TE_ATL,Luke Stocker,TE,ATL,,,,,,29,5,348,,0,,,,,,,,,,,,
eifert_TE_CIN,Tyler Eifert,TE,CIN,,,,,,40,2,420,,0,,,,,,,,,,,,
herndon_TE_NYJ,Chris Herndon,TE,NYJ,,,,,,30,4,405,,0,,,,,,,,,,,,
sealsjones_TE_ARI,Ricky Seals-Jones,TE,ARI,,,,,,37,2,398,,0,,,,,,,,,,,,
dissly_TE_SEA,Will Dissly,TE,SEA,,,,,,26,4,367,,0,,,,,,,,,,,,
gesicki_TE_MIA,Mike Gesicki,TE,MIA,,,,,,36,3,360,,2,,,,,,,,,,,,
oliver_TE_JAX,Josh Oliver,TE,JAX,,,,,,37,2,377,,1,,,,,,,,,,,,
davis_TE_WSH,Vernon Davis,TE,WSH,,,,,,29,2,435,,0,,,,,,,,,,,,
lewis_TE_GB,Marcedes Lewis,TE,GB,,,,,,27,4,328,,0,,,,,,,,,,,,
watson_TE_NE,Benjamin Watson,TE,NE,,,,,,33,2,390,,0,,,,,,,,,,,,
thomas_TE_HOU,Jordan Thomas,TE,HOU,,,,,,31,3,326,,0,,,,,,,,,,,,
uzomah_TE_CIN,C.J. Uzomah,TE,CIN,,,,,,35,2,343,,0,,,,,,,,,,,,
lacosse_TE_NE,Matt LaCosse,TE,NE,,,,,,33,2,365,,0,,,,,,,,,,,,
smith_TE_MIN,Irv Smith,TE,MIN,,,,,,35,2,332,,1,,,,,,,,,,,,
grimble_TE_PIT,Xavier Grimble,TE,PIT,,,,,,32,2,395,,3,,,,,,,,,,,,
ellison_TE_NYG,Rhett Ellison,TE,NYG,,,,,,30,2,321,,0,,,,,,,,,,,,
harris_TE_CLE,Demetrius Harris,TE,CLE,,,,,,26,3,307,,0,,,,,,,,,,,,
hurst_TE_BAL,Hayden Hurst,TE,BAL,,,,,,25,3,304,,0,,,,,,,,,,,,
everett_TE_LAR,Gerald Everett,TE,LAR,,,,,,26,3,288,,0,,,,,,,,,,,,
dwelley_TE_SF,Ross Dwelley,TE,SF,,,,,,31,2,319,,1,,,,,,,,,,,,
oleary_TE_MIA,Nick O'Leary,TE,MIA,,,,,,23,3,292,,0,,,,,,,,,,,,
heuerman_TE_DEN,Jeff Heuerman,TE,DEN,,,,,,30,2,275,,0,,,,,,,,,,,,
higbee_TE_LAR,Tyler Higbee,TE,LAR,,,,,,27,2,302,,0,,,,,,,,,,,,
griffin_TE_NYJ,Ryan Griffin,TE,NYJ,,,,,,25,2,308,,0,,,,,,,,,,,,
smith_TE_TEN,Jonnu Smith,TE,TEN,,,,,,23,3,253,,0,,,,,,,,,,,,
oshaughnessy_TE_JAX,James O'Shaughnessy,TE,JAX,,,,,,28,1,267,,0,,,,,,,,,,,,
james_TE_DET,Jesse James,TE,DET,,,,,,25,1,283,,0,,,,,,,,,,,,
akins_TE_HOU,Jordan Akins,TE,HOU,,,,,,23,1,291,,0,,,,,,,,,,,,
aliecox_TE_IND,Mo Alie-Cox,TE,IND,,,,,,18,2,271,,0,,,,,,,,,,,,
vannett_TE_SEA,Nick Vannett,TE,SEA,,,,,,24,2,205,,0,,,,,,,,,,,,
kroft_TE_BUF,Tyler Kroft,TE,BUF,,,,,,22,2,206,,0,,,,,,,,,,,,
jarwin_TE_DAL,Blake Jarwin,TE,DAL,,,,,,20,2,207,,0,,,,,,,,,,,,
sample_TE_CIN,Drew Sample,TE,CIN,,,,,,22,2,206,,1,,,,,,,,,,,,
shaheen_TE_CHI,Adam Shaheen,TE,CHI,,,,,,18,2,176,,0,,,,,,,,,,,,
celek_TE_SF,Garrett Celek,TE,SF,,,,,,11,3,176,,0,,,,,,,,,,,,
williams_TE_ARI,Maxx Williams,TE,ARI,,,,,,23,1,183,,0,,,,,,,,,,,,
green_TE_LAC,Virgil Green,TE,LAC,,,,,,17,2,204,,1,,,,,,,,,,,,
hollister_TE_SEA,Jacob Hollister,TE,SEA,,,,,,19,1,217,,0,,,,,,,,,,,,
dickson_TE_SEA,Ed Dickson,TE,SEA,,,,,,16,2,186,,0,,,,,,,,,,,,
willson_TE_OAK,Luke Willson,TE,OAK,,,,,,21,1,175,,0,,,,,,,,,,,,
sweeney_TE_BUF,Tommy Sweeney,TE,BUF,,,,,,20,1,204,,1,,,,,,,,,,,,
hill_TE_NO,Josh Hill,TE,NO,,,,,,20,1,184,,1,,,,,,,,,,,,
anderson_TE_NE,Stephen Anderson,TE,NE,,,,,,16,1,200,,0,,,,,,,,,,,,
conklin_TE_MIN,Tyler Conklin,TE,MIN,,,,,,16,1,185,,0,,,,,,,,,,,,
griffin_TE_NO,Garrett Griffin,TE,NO,,,,,,12,2,97,,0,,,,,,,,,,,,
carrier_TE_OAK,Derek Carrier,TE,OAK,,,,,,12,2,110,,0,,,,,,,,,,,,
tonyan_TE_GB,Robert Tonyan,TE,GB,,,,,,11,1,187,,0,,,,,,,,,,,,
knox_TE_BUF,Dawson Knox,TE,BUF,,,,,,14,1,136,,0,,,,,,,,,,,,
boyle_TE_BAL,Nick Boyle,TE,BAL,,,,,,14,1,128,,0,,,,,,,,,,,,
gentry_TE_PIT,Zach Gentry,TE,PIT,,,,,,14,1,138,,0,,,,,,,,,,,,
hudson_TE_TB,Tanner Hudson,TE,TB,,,,,,12,1,140,,0,,,,,,,,,,,,
devalve_TE_CLE,Seth DeValve,TE,CLE,,,,,,11,1,149,,0,,,,,,,,,,,,
paulsen_TE_ATL,Logan Paulsen,TE,ATL,,,,,,13,1,126,,0,,,,,,,,,,,,
rodgers_TE_PHI,Richard Rodgers,TE,PHI,,,,,,12,1,139,,0,,,,,,,,,,,,
arnold_TE_NO,Dan Arnold,TE,NO,,,,,,12,1,142,,0,,,,,,,,,,,,
toilolo_TE_SF,Levine Toilolo,TE,SF,,,,,,11,1,152,,0,,,,,,,,,,,,
auclair_TE_TB,Antony Auclair,TE,TB,,,,,,12,1,117,,0,,,,,,,,,,,,
mack_TE_NO,Alize Mack,TE,NO,,,,,,12,1,114,,0,,,,,,,,,,,,
yelder_TE_KC,Deon Yelder,TE,KC,,,,,,11,1,136,,0,,,,,,,,,,,,
manhertz_TE_CAR,Chris Manhertz,TE,CAR,,,,,,10,1,156,,0,,,,,,,,,,,,
nauta_TE_DET,Isaac Nauta,TE,DET,,,,,,12,1,112,,0,,,,,,,,,,,,
smith_TE_SF,Kaden Smith,TE,SF,,,,,,11,1,123,,0,,,,,,,,,,,,
koyack_TE_JAX,Ben Koyack,TE,JAX,,,,,,12,1,95,,0,,,,,,,,,,,,
bell_TE_KC,Blake Bell,TE,KC,,,,,,11,1,123,,0,,,,,,,,,,,,
morgan_TE_MIN,David Morgan,TE,MIN,,,,,,12,1,98,,0,,,,,,,,,,,,
hemingway_TE_CAR,Temarrick Hemingway,TE,CAR,,,,,,11,1,109,,0,,,,,,,,,,,,
franks_TE_CIN,Jordan Franks,TE,CIN,,,,,,10,1,121,,0,,,,,,,,,,,,
simonson_TE_NYG,Scott Simonson,TE,NYG,,,,,,11,1,99,,0,,,,,,,,,,,,
kendricks_TE_NE,Lance Kendricks,TE,NE,,,,,,11,1,108,,0,,,,,,,,,,,,
tomlinson_TE_NYJ,Eric Tomlinson,TE,NYJ,,,,,,10,1,102,,0,,,,,,,,,,,,
vikings_DST_MIN,Vikings,DST,MIN,,,,,,,,,,,,,,,,,20.5,54.6,0,11,2.69,14
bills_DST_BUF,Bills,DST,BUF,,,,,,,,,,,,,,,,,22.3,40.8,0,13,3.192,17
saints_DST_NO,Saints,DST,NO,,,,,,,,,,,,,,,,,19.5,40.2,0,15,3.285,15
colts_DST_IND,Colts,DST,IND,,,,,,,,,,,,,,,,,20.8,45.0,0,14,2.915,14
bears_DST_CHI,Bears,DST,CHI,,,,,,,,,,,,,,,,,19.2,42.8,0,12,3.165,16
jaguars_DST_JAX,Jaguars,DST,JAX,,,,,,,,,,,,,,,,,19.3,41.3,0,11,3.198,17
steelers_DST_PIT,Steelers,DST,PIT,,,,,,,,,,,,,,,,,20.5,47.3,0,11,2.664,14
chargers_DST_LAC,Chargers,DST,LAC,,,,,,,,,,,,,,,,,19.7,41.7,0,13,3.212,13
texans_DST_HOU,Texans,DST,HOU,,,,,,,,,,,,,,,,,19.4,33.5,0,16,3.07,14
cowboys_DST_DAL,Cowboys,DST,DAL,,,,,,,,,,,,,,,,,20.5,39.4,0,13,2.849,14
patriots_DST_NE,Patriots,DST,NE,,,,,,,,,,,,,,,,,18.9,32.5,0,12,3.305,17
titans_DST_TEN,Titans,DST,TEN,,,,,,,,,,,,,,,,,19.9,39.8,0,11,2.829,14
eagles_DST_PHI,Eagles,DST,PHI,,,,,,,,,,,,,,,,,19.4,41.3,0,10,2.517,14
broncos_DST_DEN,Broncos,DST,DEN,,,,,,,,,,,,,,,,,21.9,44.6,0,15,3.033,15
chiefs_DST_KC,Chiefs,DST,KC,,,,,,,,,,,,,,,,,21.4,42.9,0,15,3.433,14
packers_DST_GB,Packers,DST,GB,,,,,,,,,,,,,,,,,22.4,49.3,0,12,2.836,15
redskins_DST_WSH,Redskins,DST,WSH,,,,,,,,,,,,,,,,,22.7,46.4,0,14,2.914,14
rams_DST_LAR,Rams,DST,LAR,,,,,,,,,,,,,,,,,22.3,38.8,0,14,3.348,16
cardinals_DST_ARI,Cardinals,DST,ARI,,,,,,,,,,,,,,,,,25.4,51.8,1,11,2.433,13
panthers_DST_CAR,Panthers,DST,CAR,,,,,,,,,,,,,,,,,24.7,37.6,0,15,3.167,14
browns_DST_CLE,Browns,DST,CLE,,,,,,,,,,,,,,,,,21.4,31.1,0,14,3.253,17
seahawks_DST_SEA,Seahawks,DST,SEA,,,,,,,,,,,,,,,,,22.0,35.0,0,16,3.091,13
jets_DST_NYJ,Jets,DST,NYJ,,,,,,,,,,,,,,,,,25.4,37.8,0,11,3.431,15
ravens_DST_BAL,Ravens,DST,BAL,,,,,,,,,,,,,,,,,21.0,33.6,0,10,3.321,18
ers_DST_SF,49ers,DST,SF,,,,,,,,,,,,,,,,,24.4,46.7,0,9,2.695,13
lions_DST_DET,Lions,DST,DET,,,,,,,,,,,,,,,,,21.3,45.7,0,11,2.453,11
falcons_DST_ATL,Falcons,DST,ATL,,,,,,,,,,,,,,,,,22.4,35.2,0,9,2.752,16
buccaneers_DST_TB,Buccaneers,DST,TB,,,,,,,,,,,,,,,,,26.3,39.2,0,12,2.532,11
giants_DST_NYG,Giants,DST,NYG,,,,,,,,,,,,,,,,,22.3,30.4,0,9,2.645,17
dolphins_DST_MIA,Dolphins,DST,MIA,,,,,,,,,,,,,,,,,27.1,29.7,0,10,3.024,15
bengals_DST_CIN,Bengals,DST,CIN,,,,,,,,,,,,,,,,,25.4,31.5,0,11,2.645,14
raiders_DST_OAK,Raiders,DST,OAK,,,,,,,,,,,,,,,,,27.8,21.4,0,8,2.942,17
zuerlein_K_LAR,Greg Zuerlein,K,LAR,,,,,,,,,,,0.254,9.8,9.8,7.3,5.3,34,,,,,,
tucker_K_BAL,Justin Tucker,K,BAL,,,,,,,,,,,0.253,9.6,9.1,8.5,4.46,34,,,,,,
gould_K_SF,Robbie Gould,K,SF,,,,,,,,,,,0.251,7.7,11.4,10,2.27,32,,,,,,
gostkowski_K_NE,Stephen Gostkowski,K,NE,,,,,,,,,,,0.246,9.8,9.7,7.1,2.26,31,,,,,,
lutz_K_NO,Wil Lutz,K,NO,,,,,,,,,,,0.431,6.3,8.7,9.8,2.39,29,,,,,,
fairbairn_K_HOU,Ka'imi Fairbairn,K,HOU,,,,,,,,,,,0.429,6.6,9,9.2,3.28,29,,,,,,
butker_K_KC,Harrison Butker,K,KC,,,,,,,,,,,0.224,8.5,10.4,6.8,2.42,29,,,,,,
prater_K_DET,Matt Prater,K,DET,,,,,,,,,,,0.398,6.5,10.1,6.1,3.72,29,,,,,,
badgley_K_LAC,Mike Badgley,K,LAC,,,,,,,,,,,0.214,6.7,8,9.1,2.67,28,,,,,,
elliott_K_PHI,Jake Elliott,K,PHI,,,,,,,,,,,0.218,6.7,8.6,9.1,2.86,28,,,,,,
myers_K_SEA,Jason Myers,K,SEA,,,,,,,,,,,0.175,4.82,8.2,7,3.59,35,,,,,,
seibert_K_CLE,Austin Seibert,K,CLE,,,,,,,,,,,0.233,6.5,7.5,6.5,2.57,37,,,,,,
crosby_K_GB,Mason Crosby,K,GB,,,,,,,,,,,0.206,5.7,7.8,8.8,3.92,27,,,,,,
maher_K_DAL,Brett Maher,K,DAL,,,,,,,,,,,0.21,8.4,6.8,6.1,4.47,27,,,,,,
boswell_K_PIT,Chris Boswell,K,PIT,,,,,,,,,,,0.183,5.9,7.4,7.4,2.16,35,,,,,,
vedvik_P_MIN,Kaare Vedvik,P,MIN,,,,,,,,,,,0.227,6.4,7.3,6.4,2.5,30,,,,,,
rosas_K_NYG,Aldrick Rosas,K,NYG,,,,,,,,,,,0.184,7.1,8.5,5.3,3.03,25,,,,,,
bertolet_K_NYJ,Taylor Bertolet,K,NYJ,,,,,,,,,,,0.221,6.2,7.1,6.2,2.43,31,,,,,,
succop_K_TEN,Ryan Succop,K,TEN,,,,,,,,,,,0.184,5.1,8.7,6.5,2.22,26,,,,,,
gano_K_CAR,Graham Gano,K,CAR,,,,,,,,,,,0.159,5,6.4,5.8,2.65,33,,,,,,
carlson_K_OAK,Daniel Carlson,K,OAK,,,,,,,,,,,0.181,4.98,5.9,7.7,3.85,24,,,,,,
lambo_K_JAX,Josh Lambo,K,JAX,,,,,,,,,,,0.183,5,8.7,5.3,3.89,24,,,,,,
hopkins_K_WSH,Dustin Hopkins,K,WSH,,,,,,,,,,,0.259,5.7,6.2,8.1,3.11,24,,,,,,
pineiro_K_CHI,Eddy Pineiro,K,CHI,,,,,,,,,,,0.208,5.8,6.7,5.8,2.29,30,,,,,,
mcmanus_K_DEN,Brandon McManus,K,DEN,,,,,,,,,,,0.174,5.4,7.5,6.5,2.33,24,,,,,,
hauschka_K_BUF,Stephen Hauschka,K,BUF,,,,,,,,,,,0.169,4.65,7.5,6.2,3.6,23,,,,,,
santos_K_TB,Cairo Santos,K,TB,,,,,,,,,,,0.345,6,8.8,5.3,0.921,22,,,,,,
bullock_K_CIN,Randy Bullock,K,CIN,,,,,,,,,,,0.17,5.1,7.9,6.2,1.98,22,,,,,,
vinatieri_K_IND,Adam Vinatieri,K,IND,,,,,,,,,,,0.168,6.7,5.5,4.84,3.58,21,,,,,,
tavecchio_K_ATL,Giorgio Tavecchio,K,ATL,,,,,,,,,,,0.126,4.08,4.11,4.59,2.68,32,,,,,,
gonzalez_K_ARI,Zane Gonzalez,K,ARI,,,,,,,,,,,0.136,3.75,6.5,4.05,2.89,26,,,,,,
sanders_K_MIA,Jason Sanders,K,MIA,,,,,,,,,,,0.153,6.1,4.97,6.5,1.06,20,,,,,,
walsh_K_ATL,Blair Walsh,K,ATL,,,,,,,,,,,0.11,3.01,3.56,3.15,0.548,32,,,,,,
vizcaino_K_CIN,Tristan Vizcaino,K,CIN,,,,,,,,,,,,,,,,0,,,,,,
murphy_K_ARI,Cole Murphy,K,ARI,,,,,,,,,,,,,,,,0,,,,,,
