"name","name_cbs","pos","team_cbs","positionRank_cbs","overallRank_cbs","passAtt_cbs","passComp_cbs","passYds_cbs","passTds_cbs","passInt_cbs","passCompPct_cbs","passYdsPerAtt_cbs","rushAtt_cbs","rushYds_cbs","rushYdsPerAtt_cbs","rushTds_cbs","rec_cbs","recYds_cbs","recYdsPerRec_cbs","recTds_cbs","twoPts_cbs","fumbles_cbs","pts_cbs"
"PEYTONMANNING","Peyton Manning","QB","DEN",1,1,638.5,433,5355.5,44.5,12,67.8,8.4,19.5,4,0.2,0,NA,NA,NA,NA,NA,3,444
"DREWBREES","Drew Brees","QB","NO",2,2,648,428,5156.5,40,14.5,66,8,30.5,50.5,1.7,0.5,NA,NA,NA,NA,NA,2,409
"AARONRODGERS","Aaron Rodgers","QB","GB",3,3,549.5,363.5,4634,37,7.5,66.2,8.4,50,210,4.2,2,NA,NA,NA,NA,NA,2,406
"MATTHEWSTAFFORD","Matthew Stafford","QB","DET",4,4,644,392,4995,36.5,16.5,60.9,7.8,33.5,85.5,2.6,1,NA,NA,NA,NA,NA,2.5,383
"COLINKAEPERNICK","Colin Kaepernick","QB","SF",5,5,485,303.5,4036,28.5,9.5,62.6,8.3,87.5,503,5.7,4.5,NA,NA,NA,NA,NA,2,373
"TOMBRADY","Tom Brady","QB","NE",6,6,639.5,398.5,4655,33,12.5,62.3,7.3,31,31.5,1,1.5,NA,NA,NA,NA,NA,3,354
"NICKFOLES","Nick Foles","QB","PHI",7,7,554,359,4563,31,13,64.8,8.2,55,205,3.7,1.5,NA,NA,NA,NA,NA,3,350
"MATTRYAN","Matt Ryan","QB","ATL",7,7,633.5,419,4801.5,31.5,14,66.1,7.6,28,59.5,2.1,1,NA,NA,NA,NA,NA,2,350
"ANDREWLUCK","Andrew Luck","QB","IND",9,9,581.5,358,4293,27,10.5,61.6,7.4,60.5,306.5,5.1,3.5,NA,NA,NA,NA,NA,3,341
"TONYROMO","Tony Romo","QB","DAL",10,10,616.5,396,4516.5,33,15.5,64.2,7.3,24,43.5,1.8,0.5,NA,NA,NA,NA,NA,2.5,340
"ROBERTGRIFFIN","Robert Griffin III","QB","WAS",11,11,501,312,3895,25,11.5,62.3,7.8,91.5,486,5.3,4,NA,NA,NA,NA,NA,2,334
"JAYCUTLER","Jay Cutler","QB","CHI",12,12,564.5,357,4202,31.5,13.5,63.2,7.4,28.5,143.5,5,1,NA,NA,NA,NA,NA,3,328
"BENROETHLISBERGER","Ben Roethlisberger","QB","PIT",13,13,608.5,390.5,4426,30.5,14.5,64.2,7.3,29,89.5,3.1,1,NA,NA,NA,NA,NA,3.5,327
"CAMNEWTON","Cam Newton","QB","CAR",14,14,505.5,305.5,3810.5,22,15,60.4,7.5,105,539,5.1,5.5,NA,NA,NA,NA,NA,2.5,321
"PHILIPRIVERS","Philip Rivers","QB","SD",15,15,560.5,376,4576.5,29.5,15,67.1,8.2,28.5,56.5,2,0,NA,NA,NA,NA,NA,3.5,317
"RUSSELLWILSON","Russell Wilson","QB","SEA",16,16,449,283,3688,26.5,13,63,8.2,88,430.5,4.9,2.5,NA,NA,NA,NA,NA,3.5,316
"CARSONPALMER","Carson Palmer","QB","ARI",17,17,564,354,4366.5,32,21.5,62.8,7.7,22.5,8,0.4,0,NA,NA,NA,NA,NA,3.5,307
"ANDYDALTON","Andy Dalton","QB","CIN",18,18,529.5,328.5,3855.5,29,15.5,62,7.3,50.5,147,2.9,1.5,NA,NA,NA,NA,NA,3,298
"SAMBRADFORD","Sam Bradford","QB","STL",19,19,570,347.5,3882.5,28,13,61,6.8,31,106,3.4,1,NA,NA,NA,NA,NA,2.5,293
"RYANTANNEHILL","Ryan Tannehill","QB","MIA",20,20,591.5,360.5,4259.5,23,16.5,60.9,7.2,50.5,252.5,5,1.5,NA,NA,NA,NA,NA,3.5,286
"ALEXSMITH","Alex Smith","QB","KC",21,21,541.5,325,3599,22.5,9,60,6.6,60.5,284.5,4.7,1.5,NA,NA,NA,NA,NA,3,275
"JOEFLACCO","Joe Flacco","QB","BAL",22,22,566.5,346,4006,25.5,16.5,61.1,7.1,31,87.5,2.8,0.5,NA,NA,NA,NA,NA,3,274
"ELIMANNING","Eli Manning","QB","NYG",23,23,533.5,328,3966.5,25.5,14.5,61.5,7.4,24,23,1,0,NA,NA,NA,NA,NA,2,270
"JOSHMCCOWN","Josh McCown","QB","TB",24,24,491.5,299,3580.5,25,13,60.8,7.3,30,109.5,3.6,1.5,NA,NA,NA,NA,NA,2,267
"JAMAALCHARLES","Jamaal Charles","RB","KC",1,25,NA,NA,NA,NA,NA,NA,NA,262,1339,5.1,10,66.5,606.5,9.1,4,NA,2,258
"JOHNNYMANZIEL","Johnny Manziel","QB","CLE",25,26,466,279,3413,19.5,15.5,59.9,7.3,81.5,384,4.7,3,NA,NA,NA,NA,NA,4,256
"TEDDYBRIDGEWATER","Teddy Bridgewater","QB","MIN",26,27,435.5,266,3246.5,21,11,61.1,7.5,45,190,4.2,2,NA,NA,NA,NA,NA,2,246
"LESEANMCCOY","LeSean McCoy","RB","PHI",2,28,NA,NA,NA,NA,NA,NA,NA,287.5,1475.5,5.1,10.5,40.5,379.5,9.4,2.5,NA,2,244
"MATTFORTE","Matt Forte","RB","CHI",3,29,NA,NA,NA,NA,NA,NA,NA,279,1304,4.7,8.5,65,532,8.2,3.5,NA,2,237
"JAKELOCKER","Jake Locker","QB","TEN",27,30,430,266,3211,18.5,11.5,61.9,7.5,47.5,272.5,5.7,2,NA,NA,NA,NA,NA,2.5,236
"EJMANUEL","EJ Manuel","QB","BUF",28,31,471.5,284,3146.5,18,14.5,60.2,6.7,84,338.5,4,1.5,NA,NA,NA,NA,NA,3.5,224
"CALVINJOHNSON","Calvin Johnson","WR","DET",1,31,NA,NA,NA,NA,NA,NA,NA,NA,NA,NA,NA,94,1584,16.9,12.5,NA,1,224
"ADRIANPETERSON","Adrian Peterson","RB","MIN",4,33,NA,NA,NA,NA,NA,NA,NA,295,1367.5,4.6,10.5,42.5,288.5,6.8,1.5,NA,2.5,217
"DEMARYIUSTHOMAS","Demaryius Thomas","WR","DEN",2,34,NA,NA,NA,NA,NA,NA,NA,NA,NA,NA,NA,95,1453,15.3,12.5,NA,0.5,211
"EDDIELACY","Eddie Lacy","RB","GB",5,35,NA,NA,NA,NA,NA,NA,NA,277,1295,4.7,11,34.5,254,7.4,1,NA,1,208
"MONTEEBALL","Montee Ball","RB","DEN",6,36,NA,NA,NA,NA,NA,NA,NA,256.5,1190.5,4.6,10,40.5,319,7.9,1.5,NA,2.5,198
"ARIANFOSTER","Arian Foster","RB","HOU",6,36,NA,NA,NA,NA,NA,NA,NA,278.5,1226.5,4.4,8,44.5,362.5,8.1,2,NA,2,198
"DEMARCOMURRAY","DeMarco Murray","RB","DAL",8,38,NA,NA,NA,NA,NA,NA,NA,233.5,1153,4.9,9,55,412,7.5,1,NA,2,197
"GIOVANIBERNARD","Giovani Bernard","RB","CIN",9,39,NA,NA,NA,NA,NA,NA,NA,246.5,1174.5,4.8,5.5,55,497,9,2.5,NA,2.5,196
"JIMMYGRAHAM","Jimmy Graham","TE","NO",1,40,NA,NA,NA,NA,NA,NA,NA,NA,NA,NA,NA,87.5,1213.5,13.9,13.5,NA,0,194
"LEVEONBELL","Le'Veon Bell","RB","PIT",10,41,NA,NA,NA,NA,NA,NA,NA,267,1176.5,4.4,9,46,365,7.9,0.5,NA,1,193
"JULIOJONES","Julio Jones","WR","ATL",3,41,NA,NA,NA,NA,NA,NA,NA,NA,NA,NA,NA,91,1382.5,15.2,10.5,NA,0.5,193
"DEZBRYANT","Dez Bryant","WR","DAL",4,43,NA,NA,NA,NA,NA,NA,NA,NA,NA,NA,NA,94.5,1339,14.2,11,NA,1,190
"MATTSCHAUB","Matt Schaub","QB","OAK",29,44,473.5,279,3148,17.5,14,58.9,6.6,24,24.5,1,0,NA,NA,NA,NA,NA,2.5,189
"BRANDONMARSHALL","Brandon Marshall","WR","CHI",5,45,NA,NA,NA,NA,NA,NA,NA,NA,NA,NA,NA,107,1305.5,12.2,10.5,NA,0,186
"AJGREEN","A.J. Green","WR","CIN",5,45,NA,NA,NA,NA,NA,NA,NA,NA,NA,NA,NA,91,1311,14.4,10.5,NA,0,186
"ALFREDMORRIS","Alfred Morris","RB","WAS",11,47,NA,NA,NA,NA,NA,NA,NA,279,1312.5,4.7,9.5,17,130,7.6,0.5,NA,2.5,185
"MARSHAWNLYNCH","Marshawn Lynch","RB","SEA",12,48,NA,NA,NA,NA,NA,NA,NA,267.5,1216,4.5,9.5,24,190.5,7.9,1,NA,2,184
"DOUGMARTIN","Doug Martin","RB","TB",13,49,NA,NA,NA,NA,NA,NA,NA,278,1204,4.3,8,31,235.5,7.6,1.5,NA,2,181
"JORDYNELSON","Jordy Nelson","WR","GB",7,49,NA,NA,NA,NA,NA,NA,NA,NA,NA,NA,NA,80,1276,15.9,10.5,NA,0.5,181
"ZACSTACY","Zac Stacy","RB","STL",14,51,NA,NA,NA,NA,NA,NA,NA,299,1252.5,4.2,8,30,192.5,6.4,1,NA,1.5,180
"ALSHONJEFFERY","Alshon Jeffery","WR","CHI",8,52,NA,NA,NA,NA,NA,NA,NA,NA,NA,NA,NA,82,1300.5,15.9,8,NA,1,171
"ANTONIOBROWN","Antonio Brown","WR","PIT",8,52,NA,NA,NA,NA,NA,NA,NA,NA,NA,NA,NA,102.5,1334.5,13,7.5,NA,0.5,171
"BISHOPSANKEY","Bishop Sankey","RB","TEN",15,54,NA,NA,NA,NA,NA,NA,NA,267.5,1179.5,4.4,5.5,38,307,8.1,1,NA,2,168
"ANDREELLINGTON","Andre Ellington","RB","ARI",15,54,NA,NA,NA,NA,NA,NA,NA,199,985,4.9,4.5,54.5,485,8.9,2,NA,1.5,168
"RANDALLCOBB","Randall Cobb","WR","GB",10,56,NA,NA,NA,NA,NA,NA,NA,NA,NA,NA,NA,86.5,1167.5,13.5,8,NA,1,166
"MICHAELVICK","Michael Vick","QB","NYJ",30,57,278.5,165.5,2030,13,9.5,59.4,7.3,48.5,310,6.4,2.5,NA,NA,NA,NA,NA,3.5,164
"BLAKEBORTLES","Blake Bortles","QB","JAC",30,57,357,207.5,2491,13.5,9.5,58.1,7,28,86,3.1,1.5,NA,NA,NA,NA,NA,2,164
"RYANMATHEWS","Ryan Mathews","RB","SD",17,59,NA,NA,NA,NA,NA,NA,NA,263.5,1176,4.5,7,24,162,6.8,1,NA,2,163
"RYANFITZPATRICK","Ryan Fitzpatrick","QB","HOU",32,60,402,246.5,2649.5,15.5,15.5,61.3,6.6,28.5,122,4.3,0.5,NA,NA,NA,NA,NA,2.5,162
"LARRYFITZGERALD","Larry Fitzgerald","WR","ARI",11,61,NA,NA,NA,NA,NA,NA,NA,NA,NA,NA,NA,86,1096,12.7,10,NA,0,161
"TOBYGERHART","Toby Gerhart","RB","JAC",18,62,NA,NA,NA,NA,NA,NA,NA,257,1108.5,4.3,6.5,33,227,6.9,1,NA,1.5,160
"MICHAELCRABTREE","Michael Crabtree","WR","SF",12,62,NA,NA,NA,NA,NA,NA,NA,NA,NA,NA,NA,83.5,1185.5,14.2,8.5,NA,1,160
"VINCENTJACKSON","Vincent Jackson","WR","TB",13,64,NA,NA,NA,NA,NA,NA,NA,NA,NA,NA,NA,73.5,1176.5,16,8,NA,0,158
"CJSPILLER","C.J. Spiller","RB","BUF",19,65,NA,NA,NA,NA,NA,NA,NA,214.5,1057.5,4.9,5.5,39.5,288.5,7.3,1.5,NA,2.5,156
"ANDREJOHNSON","Andre Johnson","WR","HOU",14,65,NA,NA,NA,NA,NA,NA,NA,NA,NA,NA,NA,97,1306.5,13.5,5.5,NA,0,156
"REGGIEBUSH","Reggie Bush","RB","DET",20,67,NA,NA,NA,NA,NA,NA,NA,200,955.5,4.8,3.5,47,425,9,3,NA,2.5,155
"PIERREGARCON","Pierre Garcon","WR","WAS",15,67,NA,NA,NA,NA,NA,NA,NA,NA,NA,NA,NA,89.5,1240,13.9,6.5,NA,0.5,155
"JULIUSTHOMAS","Julius Thomas","TE","DEN",2,69,NA,NA,NA,NA,NA,NA,NA,NA,NA,NA,NA,77,957,12.4,11,NA,0.5,152
"ROBGRONKOWSKI","Rob Gronkowski","TE","NE",3,70,NA,NA,NA,NA,NA,NA,NA,NA,NA,NA,NA,73.5,988.5,13.4,10,NA,0,151
"SHANEVEREEN","Shane Vereen","RB","NE",21,71,NA,NA,NA,NA,NA,NA,NA,128,589.5,4.6,3.5,64.5,598,9.3,4.5,NA,1,148
"RAYRICE","Ray Rice","RB","BAL",22,72,NA,NA,NA,NA,NA,NA,NA,195,847.5,4.3,6,47,371,7.9,1.5,NA,2,147
"KEENANALLEN","Keenan Allen","WR","SD",16,72,NA,NA,NA,NA,NA,NA,NA,NA,NA,NA,NA,69.5,1071,15.4,8.5,NA,1,147
"JOIQUEBELL","Joique Bell","RB","DET",23,74,NA,NA,NA,NA,NA,NA,NA,202.5,879.5,4.3,6.5,44,351.5,8,1,NA,2.5,146
"CORDARRELLEPATTERSON","Cordarrelle Patterson","WR","MIN",17,74,NA,NA,NA,NA,NA,NA,NA,NA,NA,NA,NA,64,947,14.8,6.5,NA,0,146
"WESWELKER","Wes Welker","WR","DEN",17,74,NA,NA,NA,NA,NA,NA,NA,NA,NA,NA,NA,81,990.5,12.2,9.5,NA,1,146
"MICHAELFLOYD","Michael Floyd","WR","ARI",19,77,NA,NA,NA,NA,NA,NA,NA,NA,NA,NA,NA,79,1108,14,7,NA,0,145
"FRANKGORE","Frank Gore","RB","SF",24,78,NA,NA,NA,NA,NA,NA,NA,239.5,1040,4.3,7.5,16,127.5,8,0,NA,1.5,144
"STEVANRIDLEY","Stevan Ridley","RB","NE",24,78,NA,NA,NA,NA,NA,NA,NA,235,1028.5,4.4,8.5,8,56.5,7.1,0,NA,2,144
"VICTORCRUZ","Victor Cruz","WR","NYG",20,80,NA,NA,NA,NA,NA,NA,NA,NA,NA,NA,NA,82,1097,13.4,7,NA,1,141
"RODDYWHITE","Roddy White","WR","ATL",21,81,NA,NA,NA,NA,NA,NA,NA,NA,NA,NA,NA,86,1093.5,12.7,6.5,NA,0.5,139
"CHRISJOHNSON","Chris Johnson","RB","NYJ",26,82,NA,NA,NA,NA,NA,NA,NA,243.5,1004.5,4.1,4.5,36,271,7.5,1,NA,2.5,138
"TRENTRICHARDSON","Trent Richardson","RB","IND",26,82,NA,NA,NA,NA,NA,NA,NA,241.5,914.5,3.8,6,38,287,7.6,0.5,NA,2.5,138
"VERNONDAVIS","Vernon Davis","TE","SF",4,82,NA,NA,NA,NA,NA,NA,NA,NA,NA,NA,NA,58,845,14.6,10.5,NA,0.5,138
"RASHADJENNINGS","Rashad Jennings","RB","NYG",28,85,NA,NA,NA,NA,NA,NA,NA,212.5,916,4.3,5.5,36,262,7.3,1,NA,2,137
"BENTATE","Ben Tate","RB","CLE",28,85,NA,NA,NA,NA,NA,NA,NA,230.5,1028.5,4.5,7,23.5,139.5,5.9,0,NA,3,137
"EMMANUELSANDERS","Emmanuel Sanders","WR","DEN",22,87,NA,NA,NA,NA,NA,NA,NA,NA,NA,NA,NA,71.5,1021,14.3,7,NA,0.5,135
"GOLDENTATE","Golden Tate","WR","DET",22,87,NA,NA,NA,NA,NA,NA,NA,NA,NA,NA,NA,70.5,1015.5,14.4,7,NA,1,135
"JULIANEDELMAN","Julian Edelman","WR","NE",24,89,NA,NA,NA,NA,NA,NA,NA,NA,NA,NA,NA,94,1068.5,11.4,6,NA,0.5,134
"TORREYSMITH","Torrey Smith","WR","BAL",25,90,NA,NA,NA,NA,NA,NA,NA,NA,NA,NA,NA,64,1049,16.4,6,NA,0.5,132
"STEVENJACKSON","Steven Jackson","RB","ATL",30,91,NA,NA,NA,NA,NA,NA,NA,197.5,835,4.2,6.5,28.5,179.5,6.3,1,NA,0.5,131
"DESEANJACKSON","DeSean Jackson","WR","WAS",26,91,NA,NA,NA,NA,NA,NA,NA,NA,NA,NA,NA,57.5,939.5,16.3,7.5,NA,0,131
"MAURICEJONESDREW","Maurice Jones-Drew","RB","OAK",31,93,NA,NA,NA,NA,NA,NA,NA,219.5,858.5,3.9,5.5,33.5,252,7.5,0.5,NA,1,129
"GENOSMITH","Geno Smith","QB","NYJ",33,94,275,169,1957,9.5,8,61.5,7.1,33,144,4.4,2.5,NA,NA,NA,NA,NA,2,128
"PERCYHARVIN","Percy Harvin","WR","SEA",27,94,NA,NA,NA,NA,NA,NA,NA,NA,NA,NA,NA,67.5,820,12.1,6.5,NA,0.5,128
"MIKEWALLACE","Mike Wallace","WR","MIA",28,96,NA,NA,NA,NA,NA,NA,NA,NA,NA,NA,NA,70,1015.5,14.5,5.5,NA,0.5,127
"JEREMYMACLIN","Jeremy Maclin","WR","PHI",29,97,NA,NA,NA,NA,NA,NA,NA,NA,NA,NA,NA,72,986.5,13.7,6,NA,0.5,126
"KENDALLWRIGHT","Kendall Wright","WR","TEN",30,98,NA,NA,NA,NA,NA,NA,NA,NA,NA,NA,NA,88.5,1046.5,11.8,5,NA,1,125
"MARQUESCOLSTON","Marques Colston","WR","NO",31,99,NA,NA,NA,NA,NA,NA,NA,NA,NA,NA,NA,75.5,961.5,12.7,6,NA,0.5,124
"PIERRETHOMAS","Pierre Thomas","RB","NO",32,100,NA,NA,NA,NA,NA,NA,NA,158.5,635.5,4,4,56.5,393.5,7,2.5,NA,1,123
"KNOWSHONMORENO","Knowshon Moreno","RB","MIA",33,101,NA,NA,NA,NA,NA,NA,NA,205,823,4,4.5,36.5,270,7.4,1,NA,2,122
"FREDJACKSON","Fred Jackson","RB","BUF",34,102,NA,NA,NA,NA,NA,NA,NA,162.5,695.5,4.3,6,36.5,306,8.4,0.5,NA,1.5,121
"ERICDECKER","Eric Decker","WR","NYJ",32,103,NA,NA,NA,NA,NA,NA,NA,NA,NA,NA,NA,66.5,941.5,14.2,6,NA,1,119
"TYHILTON","T.Y. Hilton","WR","IND",33,104,NA,NA,NA,NA,NA,NA,NA,NA,NA,NA,NA,64,897,14,6,NA,0.5,118
"JASONWITTEN","Jason Witten","TE","DAL",5,104,NA,NA,NA,NA,NA,NA,NA,NA,NA,NA,NA,80.5,897.5,11.1,6,NA,0,118
"TERRANCEWILLIAMS","Terrance Williams","WR","DAL",34,106,NA,NA,NA,NA,NA,NA,NA,NA,NA,NA,NA,58.5,864,14.8,6.5,NA,1,117
"SAMMYWATKINS","Sammy Watkins","WR","BUF",35,107,NA,NA,NA,NA,NA,NA,NA,NA,NA,NA,NA,57.5,881,15.3,6,NA,1,116
"MIKEEVANS","Mike Evans","WR","TB",36,108,NA,NA,NA,NA,NA,NA,NA,NA,NA,NA,NA,56,815,14.6,7,NA,0.5,114
"RUEBENRANDLE","Rueben Randle","WR","NYG",37,109,NA,NA,NA,NA,NA,NA,NA,NA,NA,NA,NA,62,821,13.2,6.5,NA,0.5,113
"BRANDINCOOKS","Brandin Cooks","WR","NO",37,109,NA,NA,NA,NA,NA,NA,NA,NA,NA,NA,NA,60.5,865,14.3,6,NA,1.5,113
"DENNISPITTA","Dennis Pitta","TE","BAL",6,109,NA,NA,NA,NA,NA,NA,NA,NA,NA,NA,NA,65.5,790.5,12.1,7,NA,0,113
"TERRANCEWEST","Terrance West","RB","CLE",35,112,NA,NA,NA,NA,NA,NA,NA,157.5,729.5,4.6,5.5,23,189,8.2,0.5,NA,0,112
"DEANGELOWILLIAMS","DeAngelo Williams","RB","CAR",35,112,NA,NA,NA,NA,NA,NA,NA,181.5,803.5,4.4,4,25,203.5,8.1,1,NA,1.5,112
"RILEYCOOPER","Riley Cooper","WR","PHI",39,114,NA,NA,NA,NA,NA,NA,NA,NA,NA,NA,NA,54,844.5,15.6,6,NA,0.5,111
"JORDANCAMERON","Jordan Cameron","TE","CLE",7,114,NA,NA,NA,NA,NA,NA,NA,NA,NA,NA,NA,74.5,874.5,11.7,5.5,NA,0.5,111
"KHIRYROBINSON","Khiry Robinson","RB","NO",37,116,NA,NA,NA,NA,NA,NA,NA,164.5,724.5,4.4,6.5,9,68,7.6,0.5,NA,0,110
"REGGIEWAYNE","Reggie Wayne","WR","IND",40,117,NA,NA,NA,NA,NA,NA,NA,NA,NA,NA,NA,67,865.5,12.9,5,NA,0,109
"JOSHGORDON","Josh Gordon","WR","CLE",40,117,NA,NA,NA,NA,NA,NA,NA,NA,NA,NA,NA,49,812,16.6,6.5,NA,1.5,109
"GREGOLSEN","Greg Olsen","TE","CAR",8,119,NA,NA,NA,NA,NA,NA,NA,NA,NA,NA,NA,74.5,847.5,11.4,5.5,NA,0.5,108
"JORDANREED","Jordan Reed","TE","WAS",8,119,NA,NA,NA,NA,NA,NA,NA,NA,NA,NA,NA,65,780,12,6.5,NA,0,108
"HAKEEMNICKS","Hakeem Nicks","WR","IND",42,121,NA,NA,NA,NA,NA,NA,NA,NA,NA,NA,NA,56,834.5,14.9,5,NA,0,106
"TAVONAUSTIN","Tavon Austin","WR","STL",42,121,NA,NA,NA,NA,NA,NA,NA,NA,NA,NA,NA,54.5,724.5,13.3,4.5,NA,1.5,106
"MARVINJONES","Marvin Jones","WR","CIN",42,121,NA,NA,NA,NA,NA,NA,NA,NA,NA,NA,NA,63,818.5,13,5.5,NA,1.5,106
"DWAYNEBOWE","Dwayne Bowe","WR","KC",45,124,NA,NA,NA,NA,NA,NA,NA,NA,NA,NA,NA,68.5,849.5,12.4,4.5,NA,0,105
"KYLERUDOLPH","Kyle Rudolph","TE","MIN",10,124,NA,NA,NA,NA,NA,NA,NA,NA,NA,NA,NA,60.5,707.5,11.7,7,NA,0,105
"DEVONTAFREEMAN","Devonta Freeman","RB","ATL",38,126,NA,NA,NA,NA,NA,NA,NA,117,581.5,5,3,41.5,355.5,8.6,1.5,NA,0.5,104
"KENNYSTILLS","Kenny Stills","WR","NO",46,127,NA,NA,NA,NA,NA,NA,NA,NA,NA,NA,NA,46,769,16.7,5.5,NA,0.5,101
"ZACHERTZ","Zach Ertz","TE","PHI",11,127,NA,NA,NA,NA,NA,NA,NA,NA,NA,NA,NA,53,739,13.9,6,NA,0.5,101
"STEPFANTAYLOR","Stepfan Taylor","RB","ARI",39,129,NA,NA,NA,NA,NA,NA,NA,162.5,673.5,4.1,6,11,88.5,8,0,NA,0.5,99
"DANNYWOODHEAD","Danny Woodhead","RB","SD",39,129,NA,NA,NA,NA,NA,NA,NA,84.5,349.5,4.1,1.5,57.5,513.5,8.9,3.5,NA,1,99
"KELVINBENJAMIN","Kelvin Benjamin","WR","CAR",47,129,NA,NA,NA,NA,NA,NA,NA,NA,NA,NA,NA,47,740,15.7,5.5,NA,0.5,99
"ERICEBRON","Eric Ebron","TE","DET",12,129,NA,NA,NA,NA,NA,NA,NA,NA,NA,NA,NA,49.5,654.5,13.2,7,NA,0,99
"TOMSAVAGE","Tom Savage","QB","HOU",34,133,240,138.5,1649,9.5,9,57.7,6.9,13,26.5,2,0,NA,NA,NA,NA,NA,1.5,97
"CHRISIVORY","Chris Ivory","RB","NYJ",41,133,NA,NA,NA,NA,NA,NA,NA,161.5,711,4.4,6,3,16,5.3,0,NA,1.5,97
"LAMARMILLER","Lamar Miller","RB","MIA",41,133,NA,NA,NA,NA,NA,NA,NA,157,724,4.6,3.5,25.5,187.5,7.4,0.5,NA,1.5,97
"DOUGBALDWIN","Doug Baldwin","WR","SEA",48,133,NA,NA,NA,NA,NA,NA,NA,NA,NA,NA,NA,56,784.5,14,4.5,NA,0.5,97
"DARRENSPROLES","Darren Sproles","RB","PHI",43,137,NA,NA,NA,NA,NA,NA,NA,69,296.5,4.3,2,64.5,522,8.1,3.5,NA,1,96
"RODSTREATER","Rod Streater","WR","OAK",49,137,NA,NA,NA,NA,NA,NA,NA,NA,NA,NA,NA,58,812,14,4.5,NA,2,96
"CHRISTINEMICHAEL","Christine Michael","RB","SEA",44,139,NA,NA,NA,NA,NA,NA,NA,137.5,659.5,4.8,5,9.5,78,8.2,0.5,NA,0,95
"LADARIUSGREEN","Ladarius Green","TE","SD",13,139,NA,NA,NA,NA,NA,NA,NA,NA,NA,NA,NA,47.5,703,14.8,5.5,NA,0,95
"TREMASON","Tre Mason","RB","STL",45,141,NA,NA,NA,NA,NA,NA,NA,124,595.5,4.8,3.5,31.5,250.5,8,1,NA,1,94
"BRIANHARTLINE","Brian Hartline","WR","MIA",50,141,NA,NA,NA,NA,NA,NA,NA,NA,NA,NA,NA,71,946,13.3,1.5,NA,1,94
"MARTELLUSBENNETT","Martellus Bennett","TE","CHI",14,141,NA,NA,NA,NA,NA,NA,NA,NA,NA,NA,NA,61.5,722.5,11.7,5,NA,0.5,94
"HEATHMILLER","Heath Miller","TE","PIT",14,141,NA,NA,NA,NA,NA,NA,NA,NA,NA,NA,NA,63,699,11.1,5.5,NA,0.5,94
"HARRYDOUGLAS","Harry Douglas","WR","ATL",51,145,NA,NA,NA,NA,NA,NA,NA,NA,NA,NA,NA,64,809,12.6,3.5,NA,0.5,93
"CHADHENNE","Chad Henne","QB","JAC",35,146,215,129,1456,10,8.5,60,6.8,12,29,2.4,0,NA,NA,NA,NA,NA,1.5,91
"JEREMYHILL","Jeremy Hill","RB","CIN",46,146,NA,NA,NA,NA,NA,NA,NA,137,608,4.4,6,8,67,8.4,0,NA,0.5,91
"JARRETTBOYKIN","Jarrett Boykin","WR","GB",52,146,NA,NA,NA,NA,NA,NA,NA,NA,NA,NA,NA,57.5,756.5,13.2,4,NA,0.5,91
"ANTONIOGATES","Antonio Gates","TE","SD",16,146,NA,NA,NA,NA,NA,NA,NA,NA,NA,NA,NA,66,732.5,11.1,4.5,NA,0.5,91
"CECILSHORTS","Cecil Shorts","WR","JAC",53,150,NA,NA,NA,NA,NA,NA,NA,NA,NA,NA,NA,59.5,780,13.1,3.5,NA,0,90
"JUSTINHUNTER","Justin Hunter","WR","TEN",53,150,NA,NA,NA,NA,NA,NA,NA,NA,NA,NA,NA,40.5,673.5,16.6,5,NA,0,90
"DANNYAMENDOLA","Danny Amendola","WR","NE",53,150,NA,NA,NA,NA,NA,NA,NA,NA,NA,NA,NA,61.5,700.5,11.4,5,NA,1,90
"ODELLBECKHAM","Odell Beckham","WR","NYG",53,150,NA,NA,NA,NA,NA,NA,NA,NA,NA,NA,NA,45,704.5,15.7,4.5,NA,0.5,90
"DEANDREHOPKINS","DeAndre Hopkins","WR","HOU",57,154,NA,NA,NA,NA,NA,NA,NA,NA,NA,NA,NA,59,747,12.7,4,NA,0.5,89
"JORDANMATTHEWS","Jordan Matthews","WR","PHI",57,154,NA,NA,NA,NA,NA,NA,NA,NA,NA,NA,NA,48.5,714,14.7,4.5,NA,0.5,89
"LEGARRETTEBLOUNT","LeGarrette Blount","RB","PIT",47,156,NA,NA,NA,NA,NA,NA,NA,141,635,4.5,5.5,9.5,70.5,7.4,0,NA,1.5,88
"STEVESMITH","Steve Smith","WR","BAL",59,157,NA,NA,NA,NA,NA,NA,NA,NA,NA,NA,NA,54,690.5,12.8,4.5,NA,1,87
"JAMESJONES","James Jones","WR","OAK",59,157,NA,NA,NA,NA,NA,NA,NA,NA,NA,NA,NA,56.5,718.5,12.7,4,NA,0,87
"DELANIEWALKER","Delanie Walker","TE","TEN",17,157,NA,NA,NA,NA,NA,NA,NA,NA,NA,NA,NA,58,605.5,10.4,6,NA,0.5,87
"GREGJENNINGS","Greg Jennings","WR","MIN",61,160,NA,NA,NA,NA,NA,NA,NA,NA,NA,NA,NA,55.5,668,12,4.5,NA,0.5,85
"ALLENROBINSON","Allen Robinson","WR","JAC",62,161,NA,NA,NA,NA,NA,NA,NA,NA,NA,NA,NA,45,667,14.8,4.5,NA,1,84
"MARKUSWHEATON","Markus Wheaton","WR","PIT",63,162,NA,NA,NA,NA,NA,NA,NA,NA,NA,NA,NA,45,674.5,15,4,NA,0.5,83
"CHARLESCLAY","Charles Clay","TE","MIA",18,162,NA,NA,NA,NA,NA,NA,NA,NA,NA,NA,NA,52.5,629.5,12,4.5,NA,1,83
"ROBERTWOODS","Robert Woods","WR","BUF",64,164,NA,NA,NA,NA,NA,NA,NA,NA,NA,NA,NA,53,695,13.1,3.5,NA,0.5,82
"JERRICHOCOTCHERY","Jerricho Cotchery","WR","CAR",65,165,NA,NA,NA,NA,NA,NA,NA,NA,NA,NA,NA,48.5,659.5,13.6,4,NA,1.5,80
"CHRISGIVENS","Chris Givens","WR","STL",65,165,NA,NA,NA,NA,NA,NA,NA,NA,NA,NA,NA,48,679,14.1,3.5,NA,0.5,80
"MARQISELEE","Marqise Lee","WR","JAC",65,165,NA,NA,NA,NA,NA,NA,NA,NA,NA,NA,NA,42.5,650.5,15.3,4,NA,1,80
"DARRENMCFADDEN","Darren McFadden","RB","OAK",48,168,NA,NA,NA,NA,NA,NA,NA,126,526,4.2,3.5,26.5,195,7.4,1,NA,2,79
"ANDREWHAWKINS","Andrew Hawkins","WR","CLE",68,168,NA,NA,NA,NA,NA,NA,NA,NA,NA,NA,NA,51.5,647,12.6,3.5,NA,0,79
"DWAYNEALLEN","Dwayne Allen","TE","IND",19,168,NA,NA,NA,NA,NA,NA,NA,NA,NA,NA,NA,42.5,542.5,12.8,5.5,NA,0,79
"JAREDCOOK","Jared Cook","TE","STL",20,171,NA,NA,NA,NA,NA,NA,NA,NA,NA,NA,NA,47.5,576.5,12.1,5,NA,1,78
"BRANDONLAFELL","Brandon LaFell","WR","NE",69,172,NA,NA,NA,NA,NA,NA,NA,NA,NA,NA,NA,40,585,14.6,4.5,NA,0.5,76
"JACEAMARO","Jace Amaro","TE","NYJ",21,172,NA,NA,NA,NA,NA,NA,NA,NA,NA,NA,NA,42,572,13.6,4.5,NA,0,76
"NATEWASHINGTON","Nate Washington","WR","TEN",70,174,NA,NA,NA,NA,NA,NA,NA,NA,NA,NA,NA,46,628.5,13.7,3.5,NA,0.5,75
"ANDREWILLIAMS","Andre Williams","RB","NYG",49,175,NA,NA,NA,NA,NA,NA,NA,100,461,4.6,6,9.5,75,7.9,0,NA,1,74
"DAVANTEADAMS","Davante Adams","WR","GB",71,175,NA,NA,NA,NA,NA,NA,NA,NA,NA,NA,NA,35.5,536.5,15.1,5,NA,1,74
"GARRETTGRAHAM","Garrett Graham","TE","HOU",22,175,NA,NA,NA,NA,NA,NA,NA,NA,NA,NA,NA,47.5,544.5,11.5,4.5,NA,0,74
"DENARIUSMOORE","Denarius Moore","WR","OAK",72,178,NA,NA,NA,NA,NA,NA,NA,NA,NA,NA,NA,37.5,589,15.7,4,NA,1.5,72
"CHARLESSIMS","Charles Sims","RB","TB",50,179,NA,NA,NA,NA,NA,NA,NA,97.5,424.5,4.4,2,32,255,8,1.5,NA,1,70
"DAVIDWILSON","David Wilson","RB","NYG",50,179,NA,NA,NA,NA,NA,NA,NA,114.5,520,4.5,3,18.5,151,8.2,0.5,NA,1,70
"KENNYBRITT","Kenny Britt","WR","STL",73,179,NA,NA,NA,NA,NA,NA,NA,NA,NA,NA,NA,42,616.5,14.7,3,NA,0.5,70
"SHONNGREENE","Shonn Greene","RB","TEN",52,182,NA,NA,NA,NA,NA,NA,NA,114.5,476.5,4.2,4.5,11,81.5,7.4,0,NA,0.5,69
"JEREMYKERLEY","Jeremy Kerley","WR","NYJ",74,182,NA,NA,NA,NA,NA,NA,NA,NA,NA,NA,NA,45.5,601,13.2,3,NA,1,69
"MALCOMFLOYD","Malcom Floyd","WR","SD",74,182,NA,NA,NA,NA,NA,NA,NA,NA,NA,NA,NA,39.5,564,14.3,3.5,NA,0.5,69
"JONATHANSTEWART","Jonathan Stewart","RB","CAR",53,185,NA,NA,NA,NA,NA,NA,NA,107.5,465.5,4.3,3,18,135,7.5,1,NA,1,67
"AHMADBRADSHAW","Ahmad Bradshaw","RB","IND",53,185,NA,NA,NA,NA,NA,NA,NA,107.5,470,4.4,3.5,19.5,158.5,8.1,0.5,NA,1.5,67
"DONNIEAVERY","Donnie Avery","WR","KC",76,185,NA,NA,NA,NA,NA,NA,NA,NA,NA,NA,NA,44.5,603.5,13.6,2.5,NA,0,67
"TYLEREIFERT","Tyler Eifert","TE","CIN",23,185,NA,NA,NA,NA,NA,NA,NA,NA,NA,NA,NA,37.5,502.5,13.4,4,NA,0,67
"JAMESWHITE","James White","RB","NE",55,189,NA,NA,NA,NA,NA,NA,NA,83,375,4.5,3.5,20.5,165.5,8.1,1,NA,0,66
"TEDGINN","Ted Ginn","WR","ARI",77,189,NA,NA,NA,NA,NA,NA,NA,NA,NA,NA,NA,36,524.5,14.6,3.5,NA,0,66
"BERNARDPIERCE","Bernard Pierce","RB","BAL",56,191,NA,NA,NA,NA,NA,NA,NA,129,531,4.1,2.5,14,92.5,6.6,0,NA,0,65
"MYCHALRIVERA","Mychal Rivera","TE","OAK",24,191,NA,NA,NA,NA,NA,NA,NA,NA,NA,NA,NA,44,493.5,11.2,4,NA,0,65
"SCOTTCHANDLER","Scott Chandler","TE","BUF",24,191,NA,NA,NA,NA,NA,NA,NA,NA,NA,NA,NA,42.5,503.5,11.8,4,NA,1,65
"DEXTERMCCLUSTER","Dexter McCluster","RB","TEN",57,194,NA,NA,NA,NA,NA,NA,NA,69,295.5,4.3,0.5,44,418,9.5,1.5,NA,1.5,64
"ANDREROBERTS","Andre Roberts","WR","WAS",78,194,NA,NA,NA,NA,NA,NA,NA,NA,NA,NA,NA,52,578.5,11.1,2.5,NA,0.5,64
"MIKEWILLIAMS","Mike Williams","WR","BUF",78,194,NA,NA,NA,NA,NA,NA,NA,NA,NA,NA,NA,41,553.5,13.5,3,NA,0.5,64
"MARCEDESLEWIS","Marcedes Lewis","TE","JAC",26,194,NA,NA,NA,NA,NA,NA,NA,NA,NA,NA,NA,37.5,460,12.3,4.5,NA,0,64
"ANDREBROWN","Andre Brown","RB","HOU",58,198,NA,NA,NA,NA,NA,NA,NA,103,426,4.1,4.5,14.5,99,6.8,0,NA,1,63
"JEROMESIMPSON","Jerome Simpson","WR","MIN",80,199,NA,NA,NA,NA,NA,NA,NA,NA,NA,NA,NA,38.5,569.5,14.8,2.5,NA,1,62
"AARONDOBSON","Aaron Dobson","WR","NE",80,199,NA,NA,NA,NA,NA,NA,NA,NA,NA,NA,NA,36.5,495,13.6,3.5,NA,0,62
"TIMOTHYWRIGHT","Timothy Wright","TE","TB",27,201,NA,NA,NA,NA,NA,NA,NA,NA,NA,NA,NA,36,419.5,11.7,4.5,NA,0,61
"KNILEDAVIS","Knile Davis","RB","KC",59,202,NA,NA,NA,NA,NA,NA,NA,95.5,467.5,4.9,3,12.5,94,7.5,0,NA,0.5,60
"MARQUESSWILSON","Marquess Wilson","WR","CHI",82,202,NA,NA,NA,NA,NA,NA,NA,NA,NA,NA,NA,31.5,446.5,14.2,4,NA,0,60
"STEVEJOHNSON","Steve Johnson","WR","SF",82,202,NA,NA,NA,NA,NA,NA,NA,NA,NA,NA,NA,43.5,558,12.8,2.5,NA,1,60
"MILESAUSTIN","Miles Austin","WR","CLE",82,202,NA,NA,NA,NA,NA,NA,NA,NA,NA,NA,NA,39,501,12.8,3,NA,0.5,60
"MARTAVISBRYANT","Martavis Bryant","WR","PIT",82,202,NA,NA,NA,NA,NA,NA,NA,NA,NA,NA,NA,27.5,466.5,17,3.5,NA,0,60
"BRANDONGIBSON","Brandon Gibson","WR","MIA",86,207,NA,NA,NA,NA,NA,NA,NA,NA,NA,NA,NA,44,513.5,11.7,2.5,NA,0,59
"LANCEMOORE","Lance Moore","WR","PIT",86,207,NA,NA,NA,NA,NA,NA,NA,NA,NA,NA,NA,44,555.5,12.6,2,NA,0,59
"BRENTCELEK","Brent Celek","TE","PHI",28,207,NA,NA,NA,NA,NA,NA,NA,NA,NA,NA,NA,38,464.5,12.2,3.5,NA,0.5,59
"NATEBURLESON","Nate Burleson","WR","CLE",88,210,NA,NA,NA,NA,NA,NA,NA,NA,NA,NA,NA,41.5,498,12,2.5,NA,0,58
"LEVINETOILOLO","Levine Toilolo","TE","ATL",29,210,NA,NA,NA,NA,NA,NA,NA,NA,NA,NA,NA,32.5,422.5,13,4,NA,0,58
"MIKETOLBERT","Mike Tolbert","RB","CAR",60,212,NA,NA,NA,NA,NA,NA,NA,83.5,312,3.7,3.5,22.5,151,6.7,1,NA,0,57
"COBYFLEENER","Coby Fleener","TE","IND",30,212,NA,NA,NA,NA,NA,NA,NA,NA,NA,NA,NA,35.5,447.5,12.6,3.5,NA,0,57
"TRAVARISCADET","Travaris Cadet","RB","NO",61,214,NA,NA,NA,NA,NA,NA,NA,46,224.5,4.9,1,36,281,7.8,2.5,NA,0,56
"DEREKCARR","Derek Carr","QB","OAK",36,215,158,100,1085,5.5,5,63.3,6.9,8,19.5,2.4,0,NA,NA,NA,NA,NA,2,54
"ROYHELU","Roy Helu","RB","WAS",62,215,NA,NA,NA,NA,NA,NA,NA,73.5,307,4.2,1.5,37,296.5,8,0.5,NA,1,54
"JAMESSTARKS","James Starks","RB","GB",62,215,NA,NA,NA,NA,NA,NA,NA,100.5,457,4.5,2.5,13,111,8.5,0,NA,1,54
"BRIANQUICK","Brian Quick","WR","STL",89,215,NA,NA,NA,NA,NA,NA,NA,NA,NA,NA,NA,30,432,14.4,3,NA,0,54
"JERMAINEGRESHAM","Jermaine Gresham","TE","CIN",31,215,NA,NA,NA,NA,NA,NA,NA,NA,NA,NA,NA,38,432.5,11.4,3.5,NA,1.5,54
"ZACHMILLER","Zach Miller","TE","SEA",31,215,NA,NA,NA,NA,NA,NA,NA,NA,NA,NA,NA,31.5,371.5,11.8,4,NA,0,54
"MARQUISEGOODWIN","Marquise Goodwin","WR","BUF",90,221,NA,NA,NA,NA,NA,NA,NA,NA,NA,NA,NA,26,413.5,15.9,3,NA,0.5,51
"GREGLITTLE","Greg Little","WR","OAK",91,222,NA,NA,NA,NA,NA,NA,NA,NA,NA,NA,NA,34.5,483.5,14,1.5,NA,0,50
"CJANDERSON","C.J. Anderson","RB","DEN",64,223,NA,NA,NA,NA,NA,NA,NA,91,397,4.4,2,12.5,100,8,0.5,NA,0.5,49
"DONALDBROWN","Donald Brown","RB","SD",64,223,NA,NA,NA,NA,NA,NA,NA,80,357.5,4.5,2,16.5,140.5,8.5,0.5,NA,0,49
"LANCEDUNBAR","Lance Dunbar","RB","DAL",64,223,NA,NA,NA,NA,NA,NA,NA,73.5,322,4.4,2,19.5,163.5,8.4,0.5,NA,0,49
"JUNIORHEMINGWAY","Junior Hemingway","WR","KC",92,223,NA,NA,NA,NA,NA,NA,NA,NA,NA,NA,NA,30,389,13,3,NA,0,49
"SIDNEYRICE","Sidney Rice","WR","SEA",92,223,NA,NA,NA,NA,NA,NA,NA,NA,NA,NA,NA,28,395.5,14.1,3,NA,0,49
"ADRIENROBINSON","Adrien Robinson","TE","NYG",33,223,NA,NA,NA,NA,NA,NA,NA,NA,NA,NA,NA,32,424.5,13.3,2.5,NA,0,49
"AUSTINSEFERIANJENKINS","Austin Seferian-Jenkins","TE","TB",33,223,NA,NA,NA,NA,NA,NA,NA,NA,NA,NA,NA,30,354,11.8,3.5,NA,0,49
"ANTHONYFASANO","Anthony Fasano","TE","KC",33,223,NA,NA,NA,NA,NA,NA,NA,NA,NA,NA,NA,33.5,353,10.5,3.5,NA,0,49
"MARKINGRAM","Mark Ingram","RB","NO",67,231,NA,NA,NA,NA,NA,NA,NA,91.5,388,4.2,3,6,41.5,6.9,0,NA,1,48
"JERICKMCKINNON","Jerick McKinnon","RB","MIN",67,231,NA,NA,NA,NA,NA,NA,NA,61.5,276,4.5,1.5,25.5,217.5,8.5,1,NA,0.5,48
"COLEBEASLEY","Cole Beasley","WR","DAL",94,231,NA,NA,NA,NA,NA,NA,NA,NA,NA,NA,NA,37,407,11,2.5,NA,0,48
"MOHAMEDSANU","Mohamed Sanu","WR","CIN",94,231,NA,NA,NA,NA,NA,NA,NA,NA,NA,NA,NA,37,369,10,3,NA,0,48
"MARLONBROWN","Marlon Brown","WR","BAL",94,231,NA,NA,NA,NA,NA,NA,NA,NA,NA,NA,NA,34,437.5,12.9,2,NA,0,48
"JASONAVANT","Jason Avant","WR","CAR",97,236,NA,NA,NA,NA,NA,NA,NA,NA,NA,NA,NA,33,406.5,12.3,2.5,NA,0.5,47
"EDDIEROYAL","Eddie Royal","WR","SD",97,236,NA,NA,NA,NA,NA,NA,NA,NA,NA,NA,NA,38.5,491,12.8,1,NA,0.5,47
"JEFFCUMBERLAND","Jeff Cumberland","TE","NYJ",36,238,NA,NA,NA,NA,NA,NA,NA,NA,NA,NA,NA,31.5,386.5,12.3,2.5,NA,0,46
"OWENDANIELS","Owen Daniels","TE","BAL",36,238,NA,NA,NA,NA,NA,NA,NA,NA,NA,NA,NA,33.5,391.5,11.7,2.5,NA,0,46
"TRAVISKELCE","Travis Kelce","TE","KC",38,240,NA,NA,NA,NA,NA,NA,NA,NA,NA,NA,NA,32,390.5,12.2,2.5,NA,0.5,45
"BRANDONBOSTICK","Brandon Bostick","TE","GB",39,241,NA,NA,NA,NA,NA,NA,NA,NA,NA,NA,NA,22.5,337,15,3,NA,0.5,44
"ANDREWQUARLESS","Andrew Quarless","TE","GB",40,242,NA,NA,NA,NA,NA,NA,NA,NA,NA,NA,NA,27,335.5,12.4,3,NA,0,43
"JACQUIZZRODGERS","Jacquizz Rodgers","RB","ATL",69,243,NA,NA,NA,NA,NA,NA,NA,70.5,279.5,4,0.5,28.5,207.5,7.3,1.5,NA,1,42
"MARCUSLATTIMORE","Marcus Lattimore","RB","SF",70,244,NA,NA,NA,NA,NA,NA,NA,68.5,317,4.6,2.5,7.5,64.5,8.6,0,NA,0,41
"MARCELREECE","Marcel Reece","RB","OAK",70,244,NA,NA,NA,NA,NA,NA,NA,39.5,179.5,4.5,2,26.5,236.5,8.9,0.5,NA,0,41
"EDDICKSON","Ed Dickson","TE","CAR",41,246,NA,NA,NA,NA,NA,NA,NA,NA,NA,NA,NA,34,363.5,10.7,2,NA,0,40
"CHRISPOLK","Chris Polk","RB","PHI",72,247,NA,NA,NA,NA,NA,NA,NA,64.5,298,4.6,2.5,10.5,82,7.8,0,NA,0.5,39
"LATAVIUSMURRAY","Latavius Murray","RB","OAK",72,247,NA,NA,NA,NA,NA,NA,NA,60.5,256,4.2,3,10,74.5,7.5,0,NA,0,39
"KADEEMCAREY","Ka'Deem Carey","RB","CHI",72,247,NA,NA,NA,NA,NA,NA,NA,60.5,274.5,4.5,2,16,127.5,8,0.5,NA,0.5,39
"BRANDONBOLDEN","Brandon Bolden","RB","NE",72,247,NA,NA,NA,NA,NA,NA,NA,67,304,4.5,2,11,80.5,7.3,0,NA,0,39
"MATTCASSEL","Matt Cassel","QB","MIN",37,251,116,71.5,755,4,3,61.6,6.5,8,31.5,3.9,0,NA,NA,NA,NA,NA,1,38
"JORDANTODMAN","Jordan Todman","RB","JAC",76,251,NA,NA,NA,NA,NA,NA,NA,75.5,330,4.4,1,18.5,150,8.1,0.5,NA,1.5,38
"LUKEWILLSON","Luke Willson","TE","SEA",42,251,NA,NA,NA,NA,NA,NA,NA,NA,NA,NA,NA,22.5,304.5,13.5,2.5,NA,0,38
"BRIANHOYER","Brian Hoyer","QB","CLE",38,254,89.5,52.5,555.5,5.5,4.5,58.7,6.2,5.5,19,3.5,0,NA,NA,NA,NA,NA,1.5,37
"BENJARVUSGREENELLIS","BenJarvus Green-Ellis","RB","CIN",77,255,NA,NA,NA,NA,NA,NA,NA,79.5,301,3.8,2.5,4,26.5,6.6,0,NA,0.5,36
"CJFIEDOROWICZ","C.J. Fiedorowicz","TE","HOU",43,255,NA,NA,NA,NA,NA,NA,NA,NA,NA,NA,NA,23,293,12.7,2.5,NA,0,36
"VICKBALLARD","Vick Ballard","RB","IND",78,257,NA,NA,NA,NA,NA,NA,NA,67.5,284.5,4.2,2,11,82,7.5,0,NA,0.5,35
"BILALPOWELL","Bilal Powell","RB","NYJ",78,257,NA,NA,NA,NA,NA,NA,NA,60,252,4.2,1,20.5,162.5,7.9,0.5,NA,0,35
"KENDALLHUNTER","Kendall Hunter","RB","SF",78,257,NA,NA,NA,NA,NA,NA,NA,75,341,4.5,1.5,7,61,8.7,0,NA,1.5,35
"JOHNCARLSON","John Carlson","TE","ARI",44,257,NA,NA,NA,NA,NA,NA,NA,NA,NA,NA,NA,28,286.5,10.2,2.5,NA,0,35
"LANCEKENDRICKS","Lance Kendricks","TE","STL",44,257,NA,NA,NA,NA,NA,NA,NA,NA,NA,NA,NA,27.5,305.5,11.1,2,NA,0,35
"DRIARCHER","Dri Archer","RB","PIT",81,262,NA,NA,NA,NA,NA,NA,NA,27.5,142.5,5.2,1,26,216,8.3,1.5,NA,0.5,34
"DANIELTHOMAS","Daniel Thomas","RB","MIA",82,263,NA,NA,NA,NA,NA,NA,NA,70,274,3.9,2,8,55.5,6.9,0,NA,0.5,33
"BRANDONPETTIGREW","Brandon Pettigrew","TE","DET",46,263,NA,NA,NA,NA,NA,NA,NA,NA,NA,NA,NA,27,274.5,10.2,2.5,NA,1,33
"ROBHOUSLER","Rob Housler","TE","ARI",46,263,NA,NA,NA,NA,NA,NA,NA,NA,NA,NA,NA,25.5,294,11.5,2,NA,0,33
"DENARDROBINSON","Denard Robinson","RB","JAC",83,266,NA,NA,NA,NA,NA,NA,NA,56,263,4.7,1.5,13.5,122,9,0.5,NA,1.5,32
"BRANDONMYERS","Brandon Myers","TE","TB",48,266,NA,NA,NA,NA,NA,NA,NA,NA,NA,NA,NA,25.5,278,10.9,2,NA,0,32
"JOSEPHFAURIA","Joseph Fauria","TE","DET",48,266,NA,NA,NA,NA,NA,NA,NA,NA,NA,NA,NA,19,231.5,12.2,3,NA,0.5,32
"LORENZOTALIAFERRO","Lorenzo Taliaferro","RB","BAL",84,269,NA,NA,NA,NA,NA,NA,NA,65.5,308.5,4.7,1,6,36.5,6.1,0,NA,0,30
"THADLEWIS","Thad Lewis","QB","BUF",39,270,109.5,64,682.5,2.5,1.5,58.4,6.2,8,18,2.2,0,NA,NA,NA,NA,NA,1,29
"KIRKCOUSINS","Kirk Cousins","QB","WAS",40,271,98.5,54.5,595,3,2.5,55.3,6,2.5,10,4,0,NA,NA,NA,NA,NA,0.5,28
"MIKEJAMES","Mike James","RB","TB",85,271,NA,NA,NA,NA,NA,NA,NA,63.5,281.5,4.4,1,10,72,7.2,0,NA,0.5,28
"ROBERTTURBIN","Robert Turbin","RB","SEA",85,271,NA,NA,NA,NA,NA,NA,NA,60.5,271.5,4.5,1,13,118.5,9.1,0,NA,0.5,28
"RONNIEHILLMAN","Ronnie Hillman","RB","DEN",85,271,NA,NA,NA,NA,NA,NA,NA,60,264.5,4.4,1,13,110.5,8.5,0.5,NA,1.5,28
"MIKEGLENNON","Mike Glennon","QB","TB",41,275,78,46.5,556.5,3,2.5,59.6,7.1,8,23,2.9,0,NA,NA,NA,NA,NA,1,27
"BRYCEBROWN","Bryce Brown","RB","BUF",88,275,NA,NA,NA,NA,NA,NA,NA,71.5,317.5,4.4,1,7.5,56,7.5,0,NA,2,27
"MATTASIATA","Matt Asiata","RB","MIN",88,275,NA,NA,NA,NA,NA,NA,NA,53.5,209.5,3.9,2,5.5,36.5,6.6,0,NA,0,27
"ISAIAHCROWELL","Isaiah Crowell","RB","CLE",88,275,NA,NA,NA,NA,NA,NA,NA,64.5,293.5,4.6,0.5,10,67.5,6.8,0,NA,0,27
"LACHESEASTRUNK","Lache Seastrunk","RB","WAS",88,275,NA,NA,NA,NA,NA,NA,NA,53,234.5,4.4,1.5,6.5,67,10.3,0,NA,0,27
"SHAUNHILL","Shaun Hill","QB","STL",42,280,60,36.5,407,3.5,1.5,60.8,6.8,3,9.5,3.2,0,NA,NA,NA,NA,NA,0.5,26
"DUJUANHARRIS","DuJuan Harris","RB","GB",92,281,NA,NA,NA,NA,NA,NA,NA,59,250,4.2,1,8,54.5,6.8,0,NA,0,25
"JUSTINFORSETT","Justin Forsett","RB","BAL",93,282,NA,NA,NA,NA,NA,NA,NA,65.5,283.5,4.3,0.5,6.5,40,6.2,0,NA,0,24
"DARRELYOUNG","Darrel Young","RB","WAS",94,283,NA,NA,NA,NA,NA,NA,NA,13.5,53,3.9,2,8.5,92,10.8,0.5,NA,0,21
"JONATHANDWYER","Jonathan Dwyer","RB","ARI",94,283,NA,NA,NA,NA,NA,NA,NA,62.5,254.5,4.1,0.5,6.5,48.5,7.5,0,NA,0.5,21
"ANTHONYDIXON","Anthony Dixon","RB","BUF",96,285,NA,NA,NA,NA,NA,NA,NA,21,86,4.1,2.5,2,16.5,8.2,0,NA,0,20
"JACKIEBATTLE","Jackie Battle","RB","TEN",97,286,NA,NA,NA,NA,NA,NA,NA,45.5,182.5,4,1,2.5,19.5,7.8,0,NA,0,18
"ALFREDBLUE","Alfred Blue","RB","HOU",98,287,NA,NA,NA,NA,NA,NA,NA,38.5,174.5,4.5,1,8.5,60.5,7.1,0,NA,0,17
"JORDANPALMER","Jordan Palmer","QB","CHI",43,288,79.5,46.5,539.5,1,1.5,58.5,6.8,3,7.5,2.5,0,NA,NA,NA,NA,NA,0.5,16
"ZACHMETTENBERGER","Zach Mettenberger","QB","TEN",44,289,39,23.5,283,2.5,2,60.3,7.3,2,1.5,0.8,0,NA,NA,NA,NA,NA,0.5,14
"CHARLIEWHITEHURST","Charlie Whitehurst","QB","TEN",45,290,52.5,30,300.5,2,2,57.1,5.7,7.5,17.5,2.3,0,NA,NA,NA,NA,NA,1,11
"MARKSANCHEZ","Mark Sanchez","QB","PHI",45,290,27,17,184,1.5,0,63,6.8,3.5,5,1.4,0,NA,NA,NA,NA,NA,0,11
"DEREKANDERSON","Derek Anderson","QB","CAR",47,292,17,11,122,1.5,0.5,64.7,7.2,1.5,5.5,3.7,0,NA,NA,NA,NA,NA,0,10
"JOSHFREEMAN","Josh Freeman","QB","NYG",48,293,18.5,11,138.5,1,0,59.5,7.5,2,11,5.5,0,NA,NA,NA,NA,NA,0,8
"MATTFLYNN","Matt Flynn","QB","GB",48,293,19,12,143.5,1,0,63.2,7.6,2.5,10,4,0,NA,NA,NA,NA,NA,0,8
"BLAINEGABBERT","Blaine Gabbert","QB","SF",48,293,16.5,10.5,122,1,0,63.6,7.4,1.5,5.5,3.7,0,NA,NA,NA,NA,NA,0,8
"BRANDONWEEDEN","Brandon Weeden","QB","DAL",51,296,46.5,28,315,1,1.5,60.2,6.8,1,1,1,0,NA,NA,NA,NA,NA,0.5,6
"MATTMOORE","Matt Moore","QB","MIA",52,297,38.5,22.5,238.5,1,1,58.4,6.2,2,4.5,2.2,0,NA,NA,NA,NA,NA,1,5
"JASONCAMPBELL","Jason Campbell","QB","CIN",53,298,16.5,8.5,123,0,0.5,51.5,7.5,0.5,1,2,0,NA,NA,NA,NA,NA,0,1
"BROCKOSWEILER","Brock Osweiler","QB","DEN",54,299,3,2,27,0,0,66.7,9,1,0,0,0,NA,NA,NA,NA,NA,0,0
