key,name,pos,team,pass_tds,pass_yds,pass_ints,rush_tds,rush_yds,receptions,reception_tds,reception_yds,two_pts,fumbles,kick_0_19,kick_20_29,kick_30_39,kick_40_49,kick_50,kick_extra_points,df_points_allowed_per_game,df_sacks,df_safeties,df_fumbles,df_tds,df_ints
mccaffrey_RB_CAR,Christian McCaffrey,RB,CAR,,,,10.0,1056.0,86.0,3.0,681.0,,,,,,,,,,,,,,
cook_RB_MIN,Dalvin Cook,RB,MIN,,,,12.0,1380.0,51.0,2.0,401.0,,,,,,,,,,,,,,
kamara_RB_NO,Alvin Kamara,RB,NO,,,,7.0,861.0,77.0,4.0,684.0,,,,,,,,,,,,,,
barkley_RB_NYG,Saquon Barkley,RB,NYG,,,,9.0,1172.0,55.0,2.0,420.0,,,,,,,,,,,,,,
henry_RB_TEN,Derrick Henry,RB,TEN,,,,13.0,1551.0,27.0,1.0,201.0,,,,,,,,,,,,,,
kelce_TE_KC,Travis Kelce,TE,KC,,,,0.0,0.0,108.0,11.0,1328.0,,,,,,,,,,,,,,
adams_WR_GB,Davante Adams,WR,GB,,,,0.0,0.0,113.0,13.0,1339.0,,,,,,,,,,,,,,
elliott_RB_DAL,Ezekiel Elliott,RB,DAL,,,,10.0,1102.0,54.0,2.0,400.0,,,,,,,,,,,,,,
taylor_RB_IND,Jonathan Taylor,RB,IND,,,,10.0,1220.0,42.0,1.0,313.0,,,,,,,,,,,,,,
ekeler_RB_LAC,Austin Ekeler,RB,LAC,,,,5.0,863.0,74.0,3.0,600.0,,,,,,,,,,,,,,
jones_RB_GB,Aaron Jones,RB,GB,,,,9.0,977.0,56.0,3.0,432.0,,,,,,,,,,,,,,
chubb_RB_CLE,Nick Chubb,RB,CLE,,,,11.0,1200.0,37.0,1.0,293.0,,,,,,,,,,,,,,
hill_WR_KC,Tyreek Hill,WR,KC,,,,1.0,96.0,95.0,10.0,1376.0,,,,,,,,,,,,,,
gibson_RB_WSH,Antonio Gibson,RB,WSH,,,,9.0,1090.0,50.0,2.0,378.0,,,,,,,,,,,,,,
harris_RB_PIT,Najee Harris,RB,PIT,,,,8.0,1116.0,49.0,2.0,372.0,,,,,,,,,,,,,,
diggs_WR_BUF,Stefon Diggs,WR,BUF,,,,0.0,11.0,109.0,9.0,1395.0,,,,,,,,,,,,,,
hopkins_WR_ARI,DeAndre Hopkins,WR,ARI,,,,0.0,0.0,112.0,7.0,1368.0,,,,,,,,,,,,,,
ridley_WR_ATL,Calvin Ridley,WR,ATL,,,,0.0,24.0,94.0,8.0,1336.0,,,,,,,,,,,,,,
metcalf_WR_SEA,DK Metcalf,WR,SEA,,,,0.0,0.0,88.0,10.0,1318.0,,,,,,,,,,,,,,
brown_WR_TEN,A.J. Brown,WR,TEN,,,,0.0,0.0,87.0,9.0,1282.0,,,,,,,,,,,,,,
jefferson_WR_MIN,Justin Jefferson,WR,MIN,,,,0.0,0.0,89.0,8.0,1257.0,,,,,,,,,,,,,,
mixon_RB_CIN,Joe Mixon,RB,CIN,,,,7.0,1048.0,48.0,2.0,349.0,,,,,,,,,,,,,,
edwardshelaire_RB_KC,Clyde Edwards-Helaire,RB,KC,,,,7.0,896.0,52.0,2.0,407.0,,,,,,,,,,,,,,
waller_TE_LV,Darren Waller,TE,LV,,,,0.0,0.0,94.0,7.0,1065.0,,,,,,,,,,,,,,
mclaurin_WR_WSH,Terry McLaurin,WR,WSH,,,,0.0,12.0,91.0,6.0,1256.0,,,,,,,,,,,,,,
allen_WR_LAC,Keenan Allen,WR,LAC,,,,0.0,13.0,104.0,7.0,1101.0,,,,,,,,,,,,,,
robinson_WR_CHI,Allen Robinson II,WR,CHI,,,,0.0,0.0,94.0,6.0,1169.0,,,,,,,,,,,,,,
lamb_WR_DAL,CeeDee Lamb,WR,DAL,,,,1.0,79.0,85.0,7.0,1067.0,,,,,,,,,,,,,,
kittle_TE_SF,George Kittle,TE,SF,,,,0.0,20.0,82.0,6.0,1034.0,,,,,,,,,,,,,,
montgomery_RB_CHI,David Montgomery,RB,CHI,,,,6.0,1071.0,45.0,1.0,356.0,,,,,,,,,,,,,,
robinson_RB_JAX,James Robinson,RB,JAX,,,,7.0,987.0,54.0,2.0,398.0,,,,,,,,,,,,,,
sanders_RB_PHI,Miles Sanders,RB,PHI,,,,8.0,1113.0,42.0,1.0,339.0,,,,,,,,,,,,,,
woods_WR_LAR,Robert Woods,WR,LAR,,,,1.0,102.0,92.0,6.0,1042.0,,,,,,,,,,,,,,
evans_WR_TB,Mike Evans,WR,TB,,,,0.0,0.0,76.0,9.0,1107.0,,,,,,,,,,,,,,
cooper_WR_DAL,Amari Cooper,WR,DAL,,,,0.0,24.0,84.0,6.0,1057.0,,,,,,,,,,,,,,
swift_RB_DET,D'Andre Swift,RB,DET,,,,6.0,741.0,65.0,2.0,492.0,,,,,,,,,,,,,,
carson_RB_SEA,Chris Carson,RB,SEA,,,,8.0,1013.0,40.0,2.0,290.0,,,,,,,,,,,,,,
thielen_WR_MIN,Adam Thielen,WR,MIN,,,,0.0,28.0,80.0,9.0,1035.0,,,,,,,,,,,,,,
lockett_WR_SEA,Tyler Lockett,WR,SEA,,,,0.0,12.0,90.0,8.0,1071.0,,,,,,,,,,,,,,
godwin_WR_TB,Chris Godwin,WR,TB,,,,0.0,0.0,80.0,7.0,1044.0,,,,,,,,,,,,,,
kupp_WR_LAR,Cooper Kupp,WR,LAR,,,,0.0,25.0,92.0,6.0,1068.0,,,,,,,,,,,,,,
johnson_WR_PIT,Diontae Johnson,WR,PIT,,,,0.0,25.0,92.0,6.0,997.0,,,,,,,,,,,,,,
jones_WR_TEN,Julio Jones,WR,TEN,,,,0.0,0.0,74.0,7.0,1044.0,,,,,,,,,,,,,,
moore_WR_CAR,DJ Moore,WR,CAR,,,,0.0,27.0,78.0,5.0,1171.0,,,,,,,,,,,,,,
aiyuk_WR_SF,Brandon Aiyuk,WR,SF,,,,0.0,59.0,73.0,7.0,926.0,,,,,,,,,,,,,,
higgins_WR_CIN,Tee Higgins,WR,CIN,,,,0.0,21.0,78.0,6.0,1000.0,,,,,,,,,,,,,,
jacobs_RB_LV,Josh Jacobs,RB,LV,,,,9.0,1063.0,34.0,1.0,259.0,,,,,,,,,,,,,,
edmonds_RB_ARI,Chase Edmonds,RB,ARI,,,,5.0,743.0,54.0,3.0,404.0,,,,,,,,,,,,,,
mahomes_QB_KC,Patrick Mahomes,QB,KC,36.0,4922.0,10.0,4.0,327.0,,,,,,,,,,,,,,,,,
allen_QB_BUF,Josh Allen,QB,BUF,32.0,4545.0,12.0,7.0,528.0,,,,,,,,,,,,,,,,,
edwards_RB_BAL,Gus Edwards,RB,BAL,,,,8.0,1043.0,25.0,1.0,202.0,,,,,,,,,,,,,,
williams_RB_DEN,Javonte Williams,RB,DEN,,,,5.0,904.0,29.0,1.0,217.0,,,,,,,,,,,,,,
hunt_RB_CLE,Kareem Hunt,RB,CLE,,,,6.0,569.0,41.0,3.0,355.0,,,,,,,,,,,,,,
gaskin_RB_MIA,Myles Gaskin,RB,MIA,,,,5.0,708.0,47.0,2.0,351.0,,,,,,,,,,,,,,
golladay_WR_NYG,Kenny Golladay,WR,NYG,,,,0.0,0.0,71.0,6.0,1071.0,,,,,,,,,,,,,,
beckham_WR_CLE,Odell Beckham Jr.,WR,CLE,,,,0.0,32.0,64.0,7.0,890.0,,,,,,,,,,,,,,
anderson_WR_CAR,Robby Anderson,WR,CAR,,,,0.0,20.0,85.0,5.0,1023.0,,,,,,,,,,,,,,
smithschuster_WR_PIT,JuJu Smith-Schuster,WR,PIT,,,,0.0,0.0,87.0,6.0,895.0,,,,,,,,,,,,,,
sutton_WR_DEN,Courtland Sutton,WR,DEN,,,,0.0,14.0,67.0,7.0,968.0,,,,,,,,,,,,,,
andrews_TE_BAL,Mark Andrews,TE,BAL,,,,0.0,0.0,70.0,8.0,829.0,,,,,,,,,,,,,,
hockenson_TE_DET,T.J. Hockenson,TE,DET,,,,0.0,0.0,81.0,6.0,854.0,,,,,,,,,,,,,,
pitts_TE_ATL,Kyle Pitts,TE,ATL,,,,0.0,0.0,72.0,6.0,839.0,,,,,,,,,,,,,,
murray_QB_ARI,Kyler Murray,QB,ARI,25.0,4084.0,12.0,9.0,726.0,,,,,,,,,,,,,,,,,
jeudy_WR_DEN,Jerry Jeudy,WR,DEN,,,,0.0,0.0,76.0,6.0,1037.0,,,,,,,,,,,,,,
claypool_WR_PIT,Chase Claypool,WR,PIT,,,,0.0,41.0,72.0,6.0,946.0,,,,,,,,,,,,,,
cooks_WR_HOU,Brandin Cooks,WR,HOU,,,,0.0,0.0,79.0,4.0,1089.0,,,,,,,,,,,,,,
prescott_QB_DAL,Dak Prescott,QB,DAL,30.0,4802.0,12.0,6.0,258.0,,,,,,,,,,,,,,,,,
jackson_QB_BAL,Lamar Jackson,QB,BAL,26.0,3334.0,11.0,7.0,869.0,,,,,,,,,,,,,,,,,
davis_RB_ATL,Mike Davis,RB,ATL,,,,7.0,913.0,39.0,1.0,263.0,,,,,,,,,,,,,,
henderson_RB_LAR,Darrell Henderson Jr.,RB,LAR,,,,9.0,774.0,33.0,1.0,269.0,,,,,,,,,,,,,,
chase_WR_CIN,Ja'Marr Chase,WR,CIN,,,,0.0,24.0,73.0,6.0,945.0,,,,,,,,,,,,,,
fuller_WR_MIA,William Fuller V,WR,MIA,,,,0.0,0.0,69.0,5.0,935.0,,,,,,,,,,,,,,
boyd_WR_CIN,Tyler Boyd,WR,CIN,,,,0.0,25.0,86.0,5.0,936.0,,,,,,,,,,,,,,
shenault_WR_JAX,Laviska Shenault Jr.,WR,JAX,,,,0.0,70.0,80.0,5.0,885.0,,,,,,,,,,,,,,
gallup_WR_DAL,Michael Gallup,WR,DAL,,,,0.0,0.0,68.0,6.0,978.0,,,,,,,,,,,,,,
thomas_TE_WSH,Logan Thomas,TE,WSH,,,,0.0,18.0,67.0,6.0,708.0,,,,,,,,,,,,,,
smith_WR_PHI,DeVonta Smith,WR,PHI,,,,0.0,13.0,71.0,5.0,945.0,,,,,,,,,,,,,,
samuel_WR_SF,Deebo Samuel,WR,SF,,,,1.0,97.0,70.0,5.0,827.0,,,,,,,,,,,,,,
rodgers_QB_GB,Aaron Rodgers,QB,GB,35.0,4302.0,9.0,2.0,179.0,,,,,,,,,,,,,,,,,
wilson_QB_SEA,Russell Wilson,QB,SEA,31.0,4149.0,11.0,2.0,425.0,,,,,,,,,,,,,,,,,
herbert_QB_LAC,Justin Herbert,QB,LAC,28.0,4368.0,12.0,4.0,248.0,,,,,,,,,,,,,,,,,
fant_TE_DEN,Noah Fant,TE,DEN,,,,0.0,0.0,64.0,4.0,666.0,,,,,,,,,,,,,,
davis_WR_NYJ,Corey Davis,WR,NYJ,,,,0.0,0.0,74.0,4.0,1013.0,,,,,,,,,,,,,,
jones_WR_JAX,Marvin Jones Jr.,WR,JAX,,,,0.0,0.0,69.0,6.0,952.0,,,,,,,,,,,,,,
chark_WR_JAX,DJ Chark Jr.,WR,JAX,,,,0.0,0.0,68.0,6.0,924.0,,,,,,,,,,,,,,
thomas_WR_NO,Michael Thomas,WR,NO,,,,0.0,0.0,65.0,4.0,811.0,,,,,,,,,,,,,,
harris_RB_NE,Damien Harris,RB,NE,,,,6.0,983.0,21.0,1.0,166.0,,,,,,,,,,,,,,
mostert_RB_SF,Raheem Mostert,RB,SF,,,,5.0,783.0,23.0,1.0,193.0,,,,,,,,,,,,,,
landry_WR_CLE,Jarvis Landry,WR,CLE,,,,0.0,28.0,73.0,5.0,839.0,,,,,,,,,,,,,,
brown_WR_BAL,Marquise Brown,WR,BAL,,,,0.0,13.0,64.0,7.0,872.0,,,,,,,,,,,,,,
samuel_WR_WSH,Curtis Samuel,WR,WSH,,,,1.0,119.0,69.0,4.0,823.0,,,,,,,,,,,,,,
williams_WR_LAC,Mike Williams,WR,LAC,,,,0.0,0.0,60.0,6.0,908.0,,,,,,,,,,,,,,
brown_WR_TB,Antonio Brown,WR,TB,,,,0.0,13.0,63.0,6.0,750.0,,,,,,,,,,,,,,
michel_RB_LAR,Sony Michel,RB,LAR,,,,6.0,714.0,23.0,1.0,189.0,,,,,,,,,,,,,,
waddle_WR_MIA,Jaylen Waddle,WR,MIA,,,,0.0,25.0,64.0,5.0,853.0,,,,,,,,,,,,,,
ruggs_WR_LV,Henry Ruggs III,WR,LV,,,,0.0,74.0,54.0,5.0,816.0,,,,,,,,,,,,,,
drake_RB_LV,Kenyan Drake,RB,LV,,,,4.0,480.0,51.0,2.0,379.0,,,,,,,,,,,,,,
fournette_RB_TB,Leonard Fournette,RB,TB,,,,6.0,677.0,24.0,1.0,175.0,,,,,,,,,,,,,,
conner_RB_ARI,James Conner,RB,ARI,,,,6.0,633.0,28.0,1.0,204.0,,,,,,,,,,,,,,
gordon_RB_DEN,Melvin Gordon III,RB,DEN,,,,5.0,735.0,25.0,1.0,176.0,,,,,,,,,,,,,,
dillon_RB_GB,AJ Dillon,RB,GB,,,,5.0,683.0,26.0,1.0,205.0,,,,,,,,,,,,,,
williams_RB_DET,Jamaal Williams,RB,DET,,,,3.0,647.0,34.0,1.0,252.0,,,,,,,,,,,,,,
moss_RB_BUF,Zack Moss,RB,BUF,,,,4.0,565.0,32.0,2.0,244.0,,,,,,,,,,,,,,
singletary_RB_BUF,Devin Singletary,RB,BUF,,,,2.0,513.0,33.0,1.0,247.0,,,,,,,,,,,,,,
smith_TE_NE,Jonnu Smith,TE,NE,,,,0.0,9.0,60.0,5.0,632.0,,,,,,,,,,,,,,
goedert_TE_PHI,Dallas Goedert,TE,PHI,,,,0.0,0.0,63.0,4.0,701.0,,,,,,,,,,,,,,
tonyan_TE_GB,Robert Tonyan,TE,GB,,,,0.0,0.0,54.0,6.0,626.0,,,,,,,,,,,,,,
gesicki_TE_MIA,Mike Gesicki,TE,MIA,,,,0.0,0.0,53.0,5.0,611.0,,,,,,,,,,,,,,
brady_QB_TB,Tom Brady,QB,TB,36.0,4652.0,11.0,2.0,22.0,,,,,,,,,,,,,,,,,
hines_RB_IND,Nyheim Hines,RB,IND,,,,2.0,322.0,53.0,2.0,408.0,,,,,,,,,,,,,,
carter_RB_NYJ,Michael Carter,RB,NYJ,,,,4.0,576.0,29.0,1.0,220.0,,,,,,,,,,,,,,
jones_RB_TB,Ronald Jones II,RB,TB,,,,6.0,792.0,14.0,1.0,103.0,,,,,,,,,,,,,,
sermon_RB_SF,Trey Sermon,RB,SF,,,,4.0,591.0,19.0,1.0,150.0,,,,,,,,,,,,,,
hurts_QB_PHI,Jalen Hurts,QB,PHI,20.0,3701.0,12.0,6.0,655.0,,,,,,,,,,,,,,,,,
tannehill_QB_TEN,Ryan Tannehill,QB,TEN,29.0,3970.0,10.0,4.0,210.0,,,,,,,,,,,,,,,,,
stafford_QB_LAR,Matthew Stafford,QB,LAR,26.0,4638.0,12.0,1.0,130.0,,,,,,,,,,,,,,,,,
pittman_WR_IND,Michael Pittman Jr.,WR,IND,,,,0.0,26.0,66.0,4.0,835.0,,,,,,,,,,,,,,
meyers_WR_NE,Jakobi Meyers,WR,NE,,,,0.0,11.0,70.0,4.0,887.0,,,,,,,,,,,,,,
beasley_WR_BUF,Cole Beasley,WR,BUF,,,,0.0,0.0,68.0,4.0,780.0,,,,,,,,,,,,,,
parker_WR_MIA,DeVante Parker,WR,MIA,,,,0.0,0.0,61.0,4.0,744.0,,,,,,,,,,,,,,
callaway_WR_NO,Marquez Callaway,WR,NO,,,,0.0,0.0,62.0,5.0,784.0,,,,,,,,,,,,,,
reagor_WR_PHI,Jalen Reagor,WR,PHI,,,,0.0,35.0,58.0,4.0,802.0,,,,,,,,,,,,,,
johnson_RB_HOU,David Johnson,RB,HOU,,,,4.0,458.0,34.0,2.0,295.0,,,,,,,,,,,,,,
white_RB_NE,James White,RB,NE,,,,2.0,216.0,55.0,2.0,433.0,,,,,,,,,,,,,,
williams_WR_DET,Tyrell Williams,WR,DET,,,,0.0,0.0,58.0,4.0,832.0,,,,,,,,,,,,,,
hardman_WR_KC,Mecole Hardman,WR,KC,,,,0.0,49.0,54.0,5.0,704.0,,,,,,,,,,,,,,
mooney_WR_CHI,Darnell Mooney,WR,CHI,,,,0.0,22.0,60.0,4.0,732.0,,,,,,,,,,,,,,
campbell_WR_IND,Parris Campbell,WR,IND,,,,0.0,86.0,52.0,4.0,629.0,,,,,,,,,,,,,,
moore_WR_NYJ,Elijah Moore,WR,NYJ,,,,0.0,13.0,60.0,4.0,734.0,,,,,,,,,,,,,,
higbee_TE_LAR,Tyler Higbee,TE,LAR,,,,0.0,0.0,52.0,5.0,592.0,,,,,,,,,,,,,,
hooper_TE_CLE,Austin Hooper,TE,CLE,,,,0.0,0.0,53.0,5.0,529.0,,,,,,,,,,,,,,
henry_TE_NE,Hunter Henry,TE,NE,,,,0.0,0.0,48.0,4.0,539.0,,,,,,,,,,,,,,
burrow_QB_CIN,Joe Burrow,QB,CIN,25.0,4195.0,11.0,4.0,246.0,,,,,,,,,,,,,,,,,
mayfield_QB_CLE,Baker Mayfield,QB,CLE,28.0,3899.0,12.0,2.0,189.0,,,,,,,,,,,,,,,,,
tagovailoa_QB_MIA,Tua Tagovailoa,QB,MIA,24.0,4084.0,11.0,3.0,224.0,,,,,,,,,,,,,,,,,
lindsay_RB_HOU,Phillip Lindsay,RB,HOU,,,,3.0,585.0,21.0,1.0,157.0,,,,,,,,,,,,,,
mckissic_RB_WSH,J.D. McKissic,RB,WSH,,,,2.0,295.0,52.0,2.0,414.0,,,,,,,,,,,,,,
pollard_RB_DAL,Tony Pollard,RB,DAL,,,,3.0,428.0,25.0,1.0,182.0,,,,,,,,,,,,,,
mattison_RB_MIN,Alexander Mattison,RB,MIN,,,,4.0,575.0,17.0,1.0,135.0,,,,,,,,,,,,,,
brown_RB_MIA,Malcolm Brown,RB,MIA,,,,4.0,436.0,27.0,1.0,191.0,,,,,,,,,,,,,,
bernard_RB_TB,Giovani Bernard,RB,TB,,,,1.0,129.0,49.0,2.0,361.0,,,,,,,,,,,,,,
stevenson_RB_NE,Rhamondre Stevenson,RB,NE,,,,4.0,352.0,8.0,0.0,65.0,,,,,,,,,,,,,,
gronkowski_TE_TB,Rob Gronkowski,TE,TB,,,,0.0,0.0,39.0,6.0,518.0,,,,,,,,,,,,,,
engram_TE_NYG,Evan Engram,TE,NYG,,,,0.0,14.0,44.0,3.0,448.0,,,,,,,,,,,,,,
kmet_TE_CHI,Cole Kmet,TE,CHI,,,,0.0,0.0,49.0,3.0,495.0,,,,,,,,,,,,,,
lawrence_QB_JAX,Trevor Lawrence,QB,JAX,23.0,4131.0,13.0,3.0,292.0,,,,,,,,,,,,,,,,,
ryan_QB_ATL,Matt Ryan,QB,ATL,25.0,4360.0,11.0,1.0,114.0,,,,,,,,,,,,,,,,,
roethlisberger_QB_PIT,Ben Roethlisberger,QB,PIT,27.0,4160.0,13.0,1.0,65.0,,,,,,,,,,,,,,,,,
fields_QB_CHI,Justin Fields,QB,CHI,18.0,3398.0,12.0,4.0,496.0,,,,,,,,,,,,,,,,,
gage_WR_ATL,Russell Gage,WR,ATL,,,,0.0,13.0,63.0,4.0,685.0,,,,,,,,,,,,,,
shepard_WR_NYG,Sterling Shepard,WR,NYG,,,,0.0,27.0,62.0,3.0,651.0,,,,,,,,,,,,,,
crowder_WR_NYJ,Jamison Crowder,WR,NYJ,,,,0.0,0.0,61.0,4.0,698.0,,,,,,,,,,,,,,
agholor_WR_NE,Nelson Agholor,WR,NE,,,,0.0,0.0,50.0,5.0,760.0,,,,,,,,,,,,,,
moore_WR_ARI,Rondale Moore,WR,ARI,,,,0.0,0.0,57.0,3.0,681.0,,,,,,,,,,,,,,
marshall_WR_CAR,Terrace Marshall Jr.,WR,CAR,,,,0.0,0.0,55.0,3.0,671.0,,,,,,,,,,,,,,
coleman_RB_NYJ,Tevin Coleman,RB,NYJ,,,,3.0,472.0,16.0,1.0,138.0,,,,,,,,,,,,,,
hyde_RB_JAX,Carlos Hyde,RB,JAX,,,,3.0,469.0,17.0,0.0,130.0,,,,,,,,,,,,,,
williams_RB_BAL,Ty'Son Williams,RB,BAL,,,,4.0,465.0,14.0,1.0,109.0,,,,,,,,,,,,,,
edwards_WR_LV,Bryan Edwards,WR,LV,,,,0.0,0.0,51.0,4.0,665.0,,,,,,,,,,,,,,
green_WR_ARI,A.J. Green,WR,ARI,,,,0.0,0.0,49.0,4.0,606.0,,,,,,,,,,,,,,
cobb_WR_GB,Randall Cobb,WR,GB,,,,0.0,23.0,52.0,4.0,601.0,,,,,,,,,,,,,,
davis_WR_BUF,Gabriel Davis,WR,BUF,,,,0.0,0.0,43.0,5.0,636.0,,,,,,,,,,,,,,
sanders_WR_BUF,Emmanuel Sanders,WR,BUF,,,,0.0,0.0,46.0,4.0,545.0,,,,,,,,,,,,,,
brown_WR_DET,Amon-Ra St. Brown,WR,DET,,,,0.0,0.0,52.0,3.0,625.0,,,,,,,,,,,,,,
ebron_TE_PIT,Eric Ebron,TE,PIT,,,,0.0,0.0,46.0,4.0,465.0,,,,,,,,,,,,,,
cook_TE_LAC,Jared Cook,TE,LAC,,,,0.0,0.0,40.0,4.0,491.0,,,,,,,,,,,,,,
ertz_TE_PHI,Zach Ertz,TE,PHI,,,,0.0,0.0,46.0,3.0,489.0,,,,,,,,,,,,,,
lance_QB_SF,Trey Lance,QB,SF,17.0,2601.0,9.0,5.0,494.0,,,,,,,,,,,,,,,,,
buccaneers_DST_TB,Buccaneers,DST,TB,,,,,,,,,,,,,,,,,21.375,48.0,,10.0,2.0,15.0
steelers_DST_PIT,Steelers,DST,PIT,,,,,,,,,,,,,,,,,23.0,41.0,,9.0,2.0,13.0
ravens_DST_BAL,Ravens,DST,BAL,,,,,,,,,,,,,,,,,22.6875,41.0,,10.0,2.0,12.0
washington_DST_WSH,Washington,DST,WSH,,,,,,,,,,,,,,,,,22.375,43.0,,10.0,2.0,13.0
ers_DST_SF,49ers,DST,SF,,,,,,,,,,,,,,,,,23.1875,43.0,,10.0,2.0,13.0
bills_DST_BUF,Bills,DST,BUF,,,,,,,,,,,,,,,,,22.625,42.0,,8.0,2.0,14.0
broncos_DST_DEN,Broncos,DST,DEN,,,,,,,,,,,,,,,,,22.125,40.0,,8.0,2.0,13.0
rams_DST_LAR,Rams,DST,LAR,,,,,,,,,,,,,,,,,24.0625,41.0,,8.0,2.0,13.0
browns_DST_CLE,Browns,DST,CLE,,,,,,,,,,,,,,,,,22.375,41.0,,9.0,2.0,14.0
colts_DST_IND,Colts,DST,IND,,,,,,,,,,,,,,,,,23.5,41.0,,10.0,3.0,13.0
patriots_DST_NE,Patriots,DST,NE,,,,,,,,,,,,,,,,,22.6875,39.0,,7.0,2.0,13.0
vikings_DST_MIN,Vikings,DST,MIN,,,,,,,,,,,,,,,,,22.1875,40.0,,7.0,2.0,13.0
butker_K_KC,Harrison Butker,K,KC,,,,,,,,,,,,,,10.0,5.0,51.0,,,,,,
tucker_K_BAL,Justin Tucker,K,BAL,,,,,,,,,,,,,,11.0,5.0,46.0,,,,,,
gano_K_NYG,Graham Gano,K,NYG,,,,,,,,,,,,,,11.0,5.0,35.0,,,,,,
myers_K_SEA,Jason Myers,K,SEA,,,,,,,,,,,,,,10.0,5.0,47.0,,,,,,
mcmanus_K_DEN,Brandon McManus,K,DEN,,,,,,,,,,,,,,11.0,5.0,37.0,,,,,,
sanders_K_MIA,Jason Sanders,K,MIA,,,,,,,,,,,,,,11.0,5.0,38.0,,,,,,
koo_K_ATL,Younghoe Koo,K,ATL,,,,,,,,,,,,,,10.0,5.0,38.0,,,,,,
gay_K_LAR,Matt Gay,K,LAR,,,,,,,,,,,,,,11.0,5.0,42.0,,,,,,
zuerlein_K_DAL,Greg Zuerlein,K,DAL,,,,,,,,,,,,,,10.0,5.0,46.0,,,,,,
bass_K_BUF,Tyler Bass,K,BUF,,,,,,,,,,,,,,10.0,5.0,44.0,,,,,,
lambo_K_JAX,Josh Lambo,K,JAX,,,,,,,,,,,,,,10.0,5.0,36.0,,,,,,
prater_K_ARI,Matt Prater,K,ARI,,,,,,,,,,,,,,10.0,5.0,42.0,,,,,,
collins_WR_HOU,Nico Collins,WR,HOU,,,,0.0,0.0,51.0,4.0,664.0,,,,,,,,,,,,,,
ingram_RB_HOU,Mark Ingram II,RB,HOU,,,,3.0,345.0,14.0,0.0,106.0,,,,,,,,,,,,,,
gallman_RB_ATL,Wayne Gallman II,RB,ATL,,,,4.0,506.0,9.0,0.0,66.0,,,,,,,,,,,,,,
booker_RB_NYG,Devontae Booker,RB,NYG,,,,2.0,265.0,18.0,1.0,132.0,,,,,,,,,,,,,,
penny_RB_SEA,Rashaad Penny,RB,SEA,,,,3.0,350.0,15.0,1.0,114.0,,,,,,,,,,,,,,
jackson_RB_LAC,Justin Jackson,RB,LAC,,,,2.0,370.0,19.0,1.0,138.0,,,,,,,,,,,,,,
williams_RB_CHI,Damien Williams,RB,CHI,,,,2.0,203.0,17.0,1.0,133.0,,,,,,,,,,,,,,
hubbard_RB_CAR,Chuba Hubbard,RB,CAR,,,,2.0,240.0,13.0,0.0,96.0,,,,,,,,,,,,,,
murray_RB_NO,Latavius Murray,RB,NO,,,,2.0,388.0,18.0,1.0,131.0,,,,,,,,,,,,,,
williams_RB_KC,Darrel Williams,RB,KC,,,,3.0,287.0,17.0,1.0,125.0,,,,,,,,,,,,,,
johnson_RB_NYJ,Ty Johnson,RB,NYJ,,,,3.0,385.0,12.0,0.0,90.0,,,,,,,,,,,,,,
ahmed_RB_MIA,Salvon Ahmed,RB,MIA,,,,3.0,329.0,18.0,1.0,129.0,,,,,,,,,,,,,,
mack_RB_IND,Marlon Mack,RB,IND,,,,2.0,222.0,4.0,0.0,30.0,,,,,,,,,,,,,,
scott_RB_PHI,Boston Scott,RB,PHI,,,,2.0,260.0,16.0,1.0,130.0,,,,,,,,,,,,,,
gainwell_RB_PHI,Kenneth Gainwell,RB,PHI,,,,1.0,199.0,8.0,0.0,63.0,,,,,,,,,,,,,,
patterson_RB_WSH,Jaret Patterson,RB,WSH,,,,2.0,229.0,7.0,0.0,54.0,,,,,,,,,,,,,,
patterson_RB_ATL,Cordarrelle Patterson,RB,ATL,,,,2.0,256.0,22.0,1.0,195.0,,,,,,,,,,,,,,
perine_RB_CIN,Samaje Perine,RB,CIN,,,,1.0,222.0,14.0,0.0,102.0,,,,,,,,,,,,,,
firkser_TE_TEN,Anthony Firkser,TE,TEN,,,,0.0,0.0,47.0,4.0,515.0,,,,,,,,,,,,,,
jones_QB_NYG,Daniel Jones,QB,NYG,21.0,3957.0,13.0,2.0,387.0,,,,,,,,,,,,,,,,,
bateman_WR_BAL,Rashod Bateman,WR,BAL,,,,0.0,0.0,37.0,4.0,476.0,,,,,,,,,,,,,,
watkins_WR_BAL,Sammy Watkins,WR,BAL,,,,0.0,0.0,35.0,3.0,444.0,,,,,,,,,,,,,,
smith_WR_NO,Tre'Quan Smith,WR,NO,,,,0.0,0.0,37.0,4.0,516.0,,,,,,,,,,,,,,
jefferson_WR_LAR,Van Jefferson,WR,LAR,,,,0.0,0.0,38.0,3.0,484.0,,,,,,,,,,,,,,
toney_WR_NYG,Kadarius Toney,WR,NYG,,,,0.0,49.0,38.0,2.0,445.0,,,,,,,,,,,,,,
eskridge_WR_SEA,Dee Eskridge,WR,SEA,,,,0.0,13.0,34.0,3.0,469.0,,,,,,,,,,,,,,
cousins_QB_MIN,Kirk Cousins,QB,MIN,26.0,3782.0,11.0,1.0,107.0,,,,,,,,,,,,,,,,,
fitzpatrick_QB_WSH,Ryan Fitzpatrick,QB,WSH,22.0,3821.0,14.0,3.0,239.0,,,,,,,,,,,,,,,,,
saints_DST_NO,Saints,DST,NO,,,,,,,,,,,,,,,,,23.75,41.0,,7.0,2.0,14.0
packers_DST_GB,Packers,DST,GB,,,,,,,,,,,,,,,,,23.25,40.0,,8.0,2.0,14.0
carlson_K_LV,Daniel Carlson,K,LV,,,,,,,,,,,,,,10.0,5.0,39.0,,,,,,
mclaughlin_K_CLE,Chase McLaughlin,K,CLE,,,,,,,,,,,,,,10.0,5.0,46.0,,,,,,
hilton_WR_IND,T.Y. Hilton,WR,IND,,,,0.0,0.0,31.0,3.0,445.0,,,,,,,,,,,,,,
kirk_WR_ARI,Christian Kirk,WR,ARI,,,,0.0,14.0,34.0,3.0,420.0,,,,,,,,,,,,,,
lazard_WR_GB,Allen Lazard,WR,GB,,,,0.0,13.0,30.0,3.0,414.0,,,,,,,,,,,,,,
valdesscantling_WR_GB,Marquez Valdes-Scantling,WR,GB,,,,0.0,24.0,22.0,3.0,377.0,,,,,,,,,,,,,,
slayton_WR_NYG,Darius Slayton,WR,NYG,,,,0.0,10.0,34.0,3.0,478.0,,,,,,,,,,,,,,
hamler_WR_DEN,KJ Hamler,WR,DEN,,,,0.0,77.0,31.0,2.0,372.0,,,,,,,,,,,,,,
jackson_WR_LAR,DeSean Jackson,WR,LAR,,,,0.0,0.0,33.0,2.0,531.0,,,,,,,,,,,,,,
miller_WR_HOU,Anthony Miller,WR,HOU,,,,0.0,0.0,48.0,3.0,538.0,,,,,,,,,,,,,,
conley_WR_HOU,Chris Conley,WR,HOU,,,,0.0,0.0,42.0,3.0,540.0,,,,,,,,,,,,,,
robinson_WR_KC,Demarcus Robinson,WR,KC,,,,0.0,0.0,38.0,3.0,453.0,,,,,,,,,,,,,,
collins_RB_SEA,Alex Collins,RB,SEA,,,,2.0,197.0,12.0,1.0,92.0,,,,,,,,,,,,,,
mitchell_RB_SF,Elijah Mitchell,RB,SF,,,,2.0,198.0,13.0,1.0,105.0,,,,,,,,,,,,,,
mckinnon_RB_KC,Jerick McKinnon,RB,KC,,,,1.0,101.0,19.0,1.0,150.0,,,,,,,,,,,,,,
kelley_RB_LAC,Joshua Kelley,RB,LAC,,,,2.0,237.0,10.0,0.0,69.0,,,,,,,,,,,,,,
cohen_RB_CHI,Tarik Cohen,RB,CHI,,,,1.0,168.0,33.0,1.0,253.0,,,,,,,,,,,,,,
evans_RB_TEN,Darrynton Evans,RB,TEN,,,,3.0,341.0,13.0,1.0,97.0,,,,,,,,,,,,,,
jones_RB_NO,Tony Jones Jr.,RB,NO,,,,1.0,200.0,12.0,0.0,101.0,,,,,,,,,,,,,,
evans_RB_CIN,Chris Evans,RB,CIN,,,,1.0,111.0,18.0,1.0,134.0,,,,,,,,,,,,,,
winston_QB_NO,Jameis Winston,QB,NO,20.0,3433.0,13.0,1.0,229.0,,,,,,,,,,,,,,,,,
wilson_QB_NYJ,Zach Wilson,QB,NYJ,20.0,3829.0,13.0,3.0,260.0,,,,,,,,,,,,,,,,,
carr_QB_LV,Derek Carr,QB,LV,25.0,4149.0,11.0,2.0,114.0,,,,,,,,,,,,,,,,,
everett_TE_SEA,Gerald Everett,TE,SEA,,,,0.0,0.0,44.0,4.0,454.0,,,,,,,,,,,,,,
jarwin_TE_DAL,Blake Jarwin,TE,DAL,,,,0.0,0.0,46.0,3.0,516.0,,,,,,,,,,,,,,
conklin_TE_MIN,Tyler Conklin,TE,MIN,,,,0.0,0.0,45.0,4.0,470.0,,,,,,,,,,,,,,
knox_TE_BUF,Dawson Knox,TE,BUF,,,,0.0,0.0,40.0,5.0,440.0,,,,,,,,,,,,,,
mcfarland_RB_PIT,Anthony McFarland Jr.,RB,PIT,,,,1.0,166.0,8.0,0.0,62.0,,,,,,,,,,,,,,
brown_WR_WSH,Dyami Brown,WR,WSH,,,,0.0,0.0,29.0,2.0,411.0,,,,,,,,,,,,,,
pringle_WR_KC,Byron Pringle,WR,KC,,,,0.0,0.0,29.0,3.0,366.0,,,,,,,,,,,,,,
dolphins_DST_MIA,Dolphins,DST,MIA,,,,,,,,,,,,,,,,,24.125,41.0,,9.0,2.0,13.0
giants_DST_NYG,Giants,DST,NYG,,,,,,,,,,,,,,,,,23.25,39.0,,9.0,2.0,14.0
succop_K_TB,Ryan Succop,K,TB,,,,,,,,,,,,,,10.0,5.0,49.0,,,,,,
vizcaino_K_LAC,Tristan Vizcaino,K,LAC,,,,,,,,,,,,,,10.0,5.0,40.0,,,,,,
johnson_TE_NO,Juwan Johnson,TE,NO,,,,0.0,0.0,23.0,2.0,267.0,,,,,,,,,,,,,,
trautman_TE_NO,Adam Trautman,TE,NO,,,,0.0,0.0,31.0,3.0,335.0,,,,,,,,,,,,,,
uzomah_TE_CIN,C.J. Uzomah,TE,CIN,,,,0.0,0.0,37.0,3.0,361.0,,,,,,,,,,,,,,
cephus_WR_DET,Quintez Cephus,WR,DET,,,,0.0,0.0,33.0,2.0,465.0,,,,,,,,,,,,,,
palmer_WR_LAC,Joshua Palmer,WR,LAC,,,,0.0,0.0,30.0,3.0,406.0,,,,,,,,,,,,,,
zaccheaus_WR_ATL,Olamide Zaccheaus,WR,ATL,,,,0.0,0.0,30.0,2.0,410.0,,,,,,,,,,,,,,
cole_WR_NYJ,Keelan Cole,WR,NYJ,,,,0.0,0.0,30.0,2.0,391.0,,,,,,,,,,,,,,
ogunbowale_RB_JAX,Dare Ogunbowale,RB,JAX,,,,1.0,70.0,17.0,1.0,134.0,,,,,,,,,,,,,,
hill_RB_BAL,Justice Hill,RB,BAL,,,,1.0,145.0,11.0,1.0,81.0,,,,,,,,,,,,,,
wentz_QB_IND,Carson Wentz,QB,IND,21.0,3545.0,13.0,3.0,251.0,,,,,,,,,,,,,,,,,
jones_QB_NE,Mac Jones,QB,NE,23.0,3967.0,14.0,2.0,161.0,,,,,,,,,,,,,,,,,
goff_QB_DET,Jared Goff,QB,DET,22.0,4384.0,12.0,2.0,100.0,,,,,,,,,,,,,,,,,
bridgewater_QB_DEN,Teddy Bridgewater,QB,DEN,18.0,3038.0,9.0,2.0,197.0,,,,,,,,,,,,,,,,,
darnold_QB_CAR,Sam Darnold,QB,CAR,17.0,3853.0,14.0,3.0,187.0,,,,,,,,,,,,,,,,,
peoplesjones_WR_CLE,Donovan Peoples-Jones,WR,CLE,,,,0.0,0.0,27.0,2.0,391.0,,,,,,,,,,,,,,
patrick_WR_DEN,Tim Patrick,WR,DEN,,,,0.0,0.0,28.0,2.0,362.0,,,,,,,,,,,,,,
raymond_WR_DET,Kalif Raymond,WR,DET,,,,0.0,0.0,38.0,2.0,546.0,,,,,,,,,,,,,,
renfrow_WR_LV,Hunter Renfrow,WR,LV,,,,0.0,0.0,40.0,3.0,456.0,,,,,,,,,,,,,,
pascal_WR_IND,Zach Pascal,WR,IND,,,,0.0,0.0,32.0,3.0,424.0,,,,,,,,,,,,,,
dallas_RB_SEA,DeeJay Dallas,RB,SEA,,,,1.0,144.0,9.0,0.0,63.0,,,,,,,,,,,,,,
snell_RB_PIT,Benny Snell Jr.,RB,PIT,,,,1.0,137.0,11.0,0.0,78.0,,,,,,,,,,,,,,
funk_RB_LAR,Jake Funk,RB,LAR,,,,1.0,119.0,9.0,0.0,75.0,,,,,,,,,,,,,,
burkhead_RB_HOU,Rex Burkhead,RB,HOU,,,,1.0,77.0,13.0,1.0,109.0,,,,,,,,,,,,,,
taylor_RB_NE,J.J. Taylor,RB,NE,,,,1.0,136.0,8.0,0.0,65.0,,,,,,,,,,,,,,
perine_RB_NYJ,La'Mical Perine,RB,NYJ,,,,2.0,212.0,4.0,0.0,31.0,,,,,,,,,,,,,,
rountree_RB_LAC,Larry Rountree III,RB,LAC,,,,2.0,173.0,5.0,0.0,35.0,,,,,,,,,,,,,,
juszczyk_RB_SF,Kyle Juszczyk,RB,SF,,,,0.0,61.0,18.0,1.0,178.0,,,,,,,,,,,,,,
reynolds_WR_TEN,Josh Reynolds,WR,TEN,,,,0.0,0.0,28.0,3.0,352.0,,,,,,,,,,,,,,
bears_DST_CHI,Bears,DST,CHI,,,,,,,,,,,,,,,,,24.625,39.0,,10.0,2.0,12.0
titans_DST_TEN,Titans,DST,TEN,,,,,,,,,,,,,,,,,24.1875,43.0,,9.0,2.0,15.0
gould_K_SF,Robbie Gould,K,SF,,,,,,,,,,,,,,10.0,5.0,40.0,,,,,,
hopkins_K_WSH,Dustin Hopkins,K,WSH,,,,,,,,,,,,,,10.0,5.0,38.0,,,,,,
howard_TE_TB,O.J. Howard,TE,TB,,,,0.0,0.0,33.0,4.0,440.0,,,,,,,,,,,,,,
kroft_TE_NYJ,Tyler Kroft,TE,NYJ,,,,0.0,0.0,33.0,3.0,337.0,,,,,,,,,,,,,,
akins_TE_HOU,Jordan Akins,TE,HOU,,,,0.0,0.0,40.0,2.0,428.0,,,,,,,,,,,,,,
hurst_TE_ATL,Hayden Hurst,TE,ATL,,,,0.0,0.0,35.0,3.0,377.0,,,,,,,,,,,,,,
arnold_TE_CAR,Dan Arnold,TE,CAR,,,,0.0,0.0,30.0,2.0,371.0,,,,,,,,,,,,,,
bourne_WR_NE,Kendrick Bourne,WR,NE,,,,0.0,0.0,29.0,2.0,371.0,,,,,,,,,,,,,,
washington_WR_PIT,James Washington,WR,PIT,,,,0.0,0.0,26.0,2.0,369.0,,,,,,,,,,,,,,
taylor_QB_HOU,Tyrod Taylor,QB,HOU,14.0,2976.0,8.0,2.0,181.0,,,,,,,,,,,,,,,,,
cardinals_DST_ARI,Cardinals,DST,ARI,,,,,,,,,,,,,,,,,24.5625,45.0,,9.0,2.0,13.0
panthers_DST_CAR,Panthers,DST,CAR,,,,,,,,,,,,,,,,,25.375,41.0,,11.0,2.0,13.0
chiefs_DST_KC,Chiefs,DST,KC,,,,,,,,,,,,,,,,,25.875,40.0,,8.0,2.0,13.0
falcons_DST_ATL,Falcons,DST,ATL,,,,,,,,,,,,,,,,,25.375,41.0,,10.0,2.0,14.0
garoppolo_QB_SF,Jimmy Garoppolo,QB,SF,8.0,1364.0,5.0,0.0,19.0,,,,,,,,,,,,,,,,,
watson_QB_HOU,Deshaun Watson,QB,HOU,,,,,,,,,,,,,,,,,,,,,,
richard_RB_LV,Jalen Richard,RB,LV,,,,1.0,96.0,7.0,0.0,64.0,,,,,,,,,,,,,,
mcnichols_RB_TEN,Jeremy McNichols,RB,TEN,,,,1.0,192.0,8.0,0.0,56.0,,,,,,,,,,,,,,
mccrary_RB_DEN,Nate McCrary,RB,DEN,,,,1.0,155.0,6.0,0.0,46.0,,,,,,,,,,,,,,
jefferson_RB_DET,Jermar Jefferson,RB,DET,,,,1.0,94.0,9.0,0.0,72.0,,,,,,,,,,,,,,
nwangwu_RB_MIN,Kene Nwangwu,RB,MIN,,,,1.0,83.0,6.0,0.0,51.0,,,,,,,,,,,,,,
ward_RB_ARI,Jonathan Ward,RB,ARI,,,,1.0,110.0,7.0,0.0,51.0,,,,,,,,,,,,,,
barber_RB_WSH,Peyton Barber,RB,WSH,,,,0.0,16.0,1.0,0.0,11.0,,,,,,,,,,,,,,
hill_QB_NO,Taysom Hill,QB,NO,6.0,893.0,3.0,4.0,346.0,,,,,,,,,,,,,,,,,
schultz_TE_DAL,Dalton Schultz,TE,DAL,,,,0.0,0.0,36.0,3.0,375.0,,,,,,,,,,,,,,
doyle_TE_IND,Jack Doyle,TE,IND,,,,0.0,0.0,29.0,2.0,300.0,,,,,,,,,,,,,,
graham_TE_CHI,Jimmy Graham,TE,CHI,,,,0.0,0.0,27.0,3.0,277.0,,,,,,,,,,,,,,
rudolph_TE_NYG,Kyle Rudolph,TE,NYG,,,,0.0,0.0,28.0,2.0,276.0,,,,,,,,,,,,,,
dalton_QB_CHI,Andy Dalton,QB,CHI,4.0,630.0,2.0,0.0,26.0,,,,,,,,,,,,,,,,,
lock_QB_DEN,Drew Lock,QB,DEN,7.0,1066.0,4.0,1.0,59.0,,,,,,,,,,,,,,,,,
eason_QB_IND,Jacob Eason,QB,IND,2.0,406.0,2.0,0.0,5.0,,,,,,,,,,,,,,,,,
mills_QB_HOU,Davis Mills,QB,HOU,7.0,1395.0,5.0,1.0,56.0,,,,,,,,,,,,,,,,,
minshew_QB_PHI,Gardner Minshew II,QB,PHI,2.0,316.0,1.0,0.0,40.0,,,,,,,,,,,,,,,,,
hasty_RB_SF,JaMycal Hasty,RB,SF,,,,1.0,80.0,8.0,0.0,57.0,,,,,,,,,,,,,,
breida_RB_BUF,Matt Breida,RB,BUF,,,,0.0,132.0,5.0,0.0,37.0,,,,,,,,,,,,,,
johnson_RB_CLE,D'Ernest Johnson,RB,CLE,,,,1.0,140.0,2.0,0.0,16.0,,,,,,,,,,,,,,
parham_TE_LAC,Donald Parham Jr.,TE,LAC,,,,0.0,0.0,28.0,3.0,314.0,,,,,,,,,,,,,,
dissly_TE_SEA,Will Dissly,TE,SEA,,,,0.0,0.0,24.0,2.0,255.0,,,,,,,,,,,,,,
herndon_TE_MIN,Chris Herndon,TE,MIN,,,,0.0,0.0,20.0,2.0,222.0,,,,,,,,,,,,,,
aliecox_TE_IND,Mo Alie-Cox,TE,IND,,,,0.0,0.0,22.0,2.0,260.0,,,,,,,,,,,,,,
freiermuth_TE_PIT,Pat Freiermuth,TE,PIT,,,,0.0,0.0,18.0,1.0,187.0,,,,,,,,,,,,,,
granson_TE_IND,Kylen Granson,TE,IND,,,,0.0,0.0,19.0,1.0,197.0,,,,,,,,,,,,,,
williams_TE_ARI,Maxx Williams,TE,ARI,,,,0.0,0.0,30.0,2.0,291.0,,,,,,,,,,,,,,
njoku_TE_CLE,David Njoku,TE,CLE,,,,0.0,0.0,17.0,2.0,197.0,,,,,,,,,,,,,,
bryant_TE_CLE,Harrison Bryant,TE,CLE,,,,0.0,0.0,18.0,2.0,199.0,,,,,,,,,,,,,,
oshaughnessy_TE_JAX,James O'Shaughnessy,TE,JAX,,,,0.0,0.0,24.0,1.0,242.0,,,,,,,,,,,,,,
swaim_TE_TEN,Geoff Swaim,TE,TEN,,,,0.0,0.0,22.0,2.0,208.0,,,,,,,,,,,,,,
manhertz_TE_JAX,Chris Manhertz,TE,JAX,,,,0.0,0.0,16.0,1.0,171.0,,,,,,,,,,,,,,
brissett_QB_MIA,Jacoby Brissett,QB,MIA,2.0,334.0,1.0,0.0,23.0,,,,,,,,,,,,,,,,,
mariota_QB_LV,Marcus Mariota,QB,LV,1.0,193.0,1.0,0.0,40.0,,,,,,,,,,,,,,,,,
trubisky_QB_BUF,Mitchell Trubisky,QB,BUF,2.0,226.0,1.0,0.0,29.0,,,,,,,,,,,,,,,,,
heinicke_QB_WSH,Taylor Heinicke,QB,WSH,4.0,661.0,2.0,0.0,38.0,,,,,,,,,,,,,,,,,
love_QB_GB,Jordan Love,QB,GB,2.0,194.0,1.0,0.0,5.0,,,,,,,,,,,,,,,,,
rudolph_QB_PIT,Mason Rudolph,QB,PIT,3.0,444.0,2.0,0.0,21.0,,,,,,,,,,,,,,,,,
mond_QB_MIN,Kellen Mond,QB,MIN,3.0,361.0,1.0,0.0,26.0,,,,,,,,,,,,,,,,,
walker_QB_CAR,P.J. Walker,QB,CAR,2.0,506.0,2.0,0.0,10.0,,,,,,,,,,,,,,,,,
huntley_QB_BAL,Tyler Huntley,QB,BAL,2.0,249.0,1.0,0.0,26.0,,,,,,,,,,,,,,,,,
wolford_QB_LAR,John Wolford,QB,LAR,1.0,228.0,1.0,0.0,5.0,,,,,,,,,,,,,,,,,
blankenship_K_IND,Rodrigo Blankenship,K,IND,,,,,,,,,,,,,,10.0,5.0,38.0,,,,,,
mcpherson_K_CIN,Evan McPherson,K,CIN,,,,,,,,,,,,,,11.0,5.0,35.0,,,,,,
fairbairn_K_HOU,Ka'imi Fairbairn,K,HOU,,,,,,,,,,,,,,11.0,5.0,31.0,,,,,,
crosby_K_GB,Mason Crosby,K,GB,,,,,,,,,,,,,,8.0,4.0,50.0,,,,,,
boswell_K_PIT,Chris Boswell,K,PIT,,,,,,,,,,,,,,9.0,4.0,40.0,,,,,,
joseph_K_MIN,Greg Joseph,K,MIN,,,,,,,,,,,,,,9.0,5.0,41.0,,,,,,
seibert_K_DET,Austin Seibert,K,DET,,,,,,,,,,,,,,11.0,5.0,31.0,,,,,,
santos_K_CHI,Cairo Santos,K,CHI,,,,,,,,,,,,,,10.0,5.0,33.0,,,,,,
elliott_K_PHI,Jake Elliott,K,PHI,,,,,,,,,,,,,,10.0,5.0,34.0,,,,,,
ammendola_K_NYJ,Matt Ammendola,K,NYJ,,,,,,,,,,,,,,11.0,5.0,32.0,,,,,,
nordin_K_NE,Quinn Nordin,K,NE,,,,,,,,,,,,,,10.0,5.0,36.0,,,,,,
ficken_K_TEN,Sam Ficken,K,TEN,,,,,,,,,,,,,,9.0,4.0,46.0,,,,,,
santoso_K_CAR,Ryan Santoso,K,CAR,,,,,,,,,,,,,,10.0,5.0,31.0,,,,,,
lutz_K_NO,Wil Lutz,K,NO,,,,,,,,,,,,,,7.0,4.0,28.0,,,,,,
eagles_DST_PHI,Eagles,DST,PHI,,,,,,,,,,,,,,,,,24.1875,41.0,,8.0,2.0,13.0
jets_DST_NYJ,Jets,DST,NYJ,,,,,,,,,,,,,,,,,25.6875,43.0,,10.0,2.0,13.0
seahawks_DST_SEA,Seahawks,DST,SEA,,,,,,,,,,,,,,,,,24.8125,43.0,,9.0,2.0,15.0
chargers_DST_LAC,Chargers,DST,LAC,,,,,,,,,,,,,,,,,25.5,38.0,,6.0,2.0,13.0
bengals_DST_CIN,Bengals,DST,CIN,,,,,,,,,,,,,,,,,25.875,37.0,,9.0,2.0,13.0
cowboys_DST_DAL,Cowboys,DST,DAL,,,,,,,,,,,,,,,,,25.5625,39.0,,11.0,2.0,13.0
jaguars_DST_JAX,Jaguars,DST,JAX,,,,,,,,,,,,,,,,,26.25,40.0,,7.0,3.0,12.0
raiders_DST_LV,Raiders,DST,LV,,,,,,,,,,,,,,,,,26.3125,39.0,,9.0,2.0,13.0
lions_DST_DET,Lions,DST,DET,,,,,,,,,,,,,,,,,28.25,38.0,,9.0,2.0,12.0
texans_DST_HOU,Texans,DST,HOU,,,,,,,,,,,,,,,,,27.625,39.0,,8.0,2.0,12.0
watkins_WR_PHI,Quez Watkins,WR,PHI,,,,0.0,0.0,27.0,2.0,353.0,,,,,,,,,,,,,,
harris_WR_NO,Deonte Harris,WR,NO,,,,0.0,53.0,24.0,2.0,284.0,,,,,,,,,,,,,,
guyton_WR_LAC,Jalen Guyton,WR,LAC,,,,0.0,21.0,21.0,2.0,312.0,,,,,,,,,,,,,,
atwell_WR_LAR,Tutu Atwell,WR,LAR,,,,0.0,0.0,23.0,1.0,314.0,,,,,,,,,,,,,,
mckenzie_WR_BUF,Isaiah McKenzie,WR,BUF,,,,0.0,63.0,21.0,2.0,212.0,,,,,,,,,,,,,,
tate_WR_CIN,Auden Tate,WR,CIN,,,,0.0,0.0,24.0,2.0,297.0,,,,,,,,,,,,,,
humphries_WR_WSH,Adam Humphries,WR,WSH,,,,0.0,0.0,25.0,1.0,282.0,,,,,,,,,,,,,,
snead_WR_LV,Willie Snead IV,WR,LV,,,,0.0,0.0,23.0,1.0,261.0,,,,,,,,,,,,,,
rodgers_WR_GB,Amari Rodgers,WR,GB,,,,0.0,37.0,19.0,1.0,211.0,,,,,,,,,,,,,,
fells_TE_DET,Darren Fells,TE,DET,,,,0.0,0.0,22.0,2.0,227.0,,,,,,,,,,,,,,
mims_WR_NYJ,Denzel Mims,WR,NYJ,,,,0.0,0.0,19.0,1.0,272.0,,,,,,,,,,,,,,
westbrook_WR_MIN,Dede Westbrook,WR,MIN,,,,0.0,0.0,20.0,2.0,223.0,,,,,,,,,,,,,,
johnson_WR_JAX,Tyron Johnson,WR,JAX,,,,0.0,0.0,18.0,1.0,268.0,,,,,,,,,,,,,,
higgins_WR_CLE,Rashard Higgins,WR,CLE,,,,0.0,0.0,17.0,2.0,247.0,,,,,,,,,,,,,,
byrd_WR_CHI,Damiere Byrd,WR,CHI,,,,0.0,0.0,18.0,1.0,235.0,,,,,,,,,,,,,,
miller_WR_TB,Scotty Miller,WR,TB,,,,0.0,12.0,15.0,2.0,220.0,,,,,,,,,,,,,,
sweeney_TE_BUF,Tommy Sweeney,TE,BUF,,,,0.0,0.0,17.0,2.0,183.0,,,,,,,,,,,,,,
brown_WR_DAL,Noah Brown,WR,DAL,,,,0.0,0.0,16.0,1.0,201.0,,,,,,,,,,,,,,
jordan_TE_HOU,Brevin Jordan,TE,HOU,,,,0.0,0.0,19.0,1.0,188.0,,,,,,,,,,,,,,
moreau_TE_LV,Foster Moreau,TE,LV,,,,0.0,0.0,16.0,1.0,172.0,,,,,,,,,,,,,,
hopkins_TE_LAR,Brycen Hopkins,TE,LAR,,,,0.0,0.0,16.0,1.0,171.0,,,,,,,,,,,,,,
sample_TE_CIN,Drew Sample,TE,CIN,,,,0.0,0.0,17.0,1.0,162.0,,,,,,,,,,,,,,
wilson_WR_MIA,Albert Wilson,WR,MIA,,,,0.0,46.0,13.0,1.0,152.0,,,,,,,,,,,,,,
blake_WR_ATL,Christian Blake,WR,ATL,,,,0.0,0.0,15.0,1.0,181.0,,,,,,,,,,,,,,
okwuegbunam_TE_DEN,Albert Okwuegbunam,TE,DEN,,,,0.0,0.0,15.0,1.0,158.0,,,,,,,,,,,,,,
mccloud_WR_PIT,Ray-Ray McCloud,WR,PIT,,,,0.0,28.0,14.0,1.0,143.0,,,,,,,,,,,,,,
agnew_WR_JAX,Jamal Agnew,WR,JAX,,,,0.0,25.0,11.0,1.0,134.0,,,,,,,,,,,,,,
montgomery_WR_NO,Ty Montgomery,WR,NO,,,,0.0,39.0,13.0,1.0,138.0,,,,,,,,,,,,,,
smithmarsette_WR_MIN,Ihmir Smith-Marsette,WR,MIN,,,,0.0,0.0,13.0,1.0,162.0,,,,,,,,,,,,,,
duvernay_WR_BAL,Devin Duvernay,WR,BAL,,,,0.0,15.0,11.0,1.0,129.0,,,,,,,,,,,,,,
boyle_TE_BAL,Nick Boyle,TE,BAL,,,,0.0,0.0,14.0,1.0,124.0,,,,,,,,,,,,,,
wilson_WR_DAL,Cedrick Wilson,WR,DAL,,,,0.0,0.0,12.0,1.0,154.0,,,,,,,,,,,,,,
williams_WR_MIA,Preston Williams,WR,MIA,,,,0.0,0.0,12.0,1.0,159.0,,,,,,,,,,,,,,
swain_WR_SEA,Freddie Swain,WR,SEA,,,,0.0,0.0,11.0,1.0,134.0,,,,,,,,,,,,,,
goodwin_WR_CHI,Marquise Goodwin,WR,CHI,,,,0.0,0.0,11.0,1.0,161.0,,,,,,,,,,,,,,
roberts_WR_HOU,Andre Roberts,WR,HOU,,,,0.0,0.0,11.0,1.0,129.0,,,,,,,,,,,,,,
sanu_WR_SF,Mohamed Sanu Sr.,WR,SF,,,,0.0,0.0,12.0,1.0,138.0,,,,,,,,,,,,,,
brown_TE_HOU,Pharaoh Brown,TE,HOU,,,,0.0,0.0,12.0,1.0,129.0,,,,,,,,,,,,,,
daniels_TE_ARI,Darrell Daniels,TE,ARI,,,,0.0,0.0,12.0,1.0,123.0,,,,,,,,,,,,,,
smythe_TE_MIA,Durham Smythe,TE,MIA,,,,0.0,0.0,13.0,1.0,117.0,,,,,,,,,,,,,,
batson_WR_TEN,Cameron Batson,WR,TEN,,,,0.0,30.0,9.0,1.0,102.0,,,,,,,,,,,,,,
brate_TE_TB,Cameron Brate,TE,TB,,,,0.0,0.0,11.0,1.0,115.0,,,,,,,,,,,,,,
benson_WR_DET,Trinity Benson,WR,DET,,,,0.0,0.0,11.0,1.0,137.0,,,,,,,,,,,,,,
bell_TE_KC,Blake Bell,TE,KC,,,,0.0,0.0,11.0,1.0,111.0,,,,,,,,,,,,,,
griffin_TE_NYJ,Ryan Griffin,TE,NYJ,,,,0.0,0.0,11.0,1.0,114.0,,,,,,,,,,,,,,
ward_WR_PHI,Greg Ward,WR,PHI,,,,0.0,0.0,11.0,1.0,113.0,,,,,,,,,,,,,,
sherfield_WR_SF,Trent Sherfield,WR,SF,,,,0.0,0.0,9.0,1.0,124.0,,,,,,,,,,,,,,
hurd_WR_SF,Jalen Hurd,WR,SF,,,,0.0,58.0,6.0,0.0,78.0,,,,,,,,,,,,,,
ballage_RB_PIT,Kalen Ballage,RB,PIT,,,,1.0,87.0,6.0,0.0,41.0,,,,,,,,,,,,,,
harry_WR_NE,N'Keal Harry,WR,NE,,,,0.0,10.0,8.0,1.0,95.0,,,,,,,,,,,,,,
smith_WR_CAR,Shi Smith,WR,CAR,,,,0.0,11.0,8.0,0.0,104.0,,,,,,,,,,,,,,
gabbert_QB_TB,Blaine Gabbert,QB,TB,3.0,347.0,1.0,0.0,6.0,,,,,,,,,,,,,,,,,
freeman_RB_CAR,Royce Freeman,RB,CAR,,,,1.0,103.0,4.0,0.0,30.0,,,,,,,,,,,,,,
johnson_WR_NYG,Collin Johnson,WR,NYG,,,,0.0,12.0,8.0,1.0,99.0,,,,,,,,,,,,,,
johnson_WR_TB,Tyler Johnson,WR,TB,,,,0.0,0.0,8.0,1.0,99.0,,,,,,,,,,,,,,
hill_WR_LAC,KJ Hill Jr.,WR,LAC,,,,0.0,0.0,8.0,1.0,96.0,,,,,,,,,,,,,,
perriman_WR_CHI,Breshad Perriman,WR,CHI,,,,0.0,0.0,7.0,1.0,112.0,,,,,,,,,,,,,,
lewis_TE_GB,Marcedes Lewis,TE,GB,,,,0.0,0.0,8.0,1.0,82.0,,,,,,,,,,,,,,
hill_RB_GB,Kylin Hill,RB,GB,,,,1.0,85.0,4.0,0.0,34.0,,,,,,,,,,,,,,
ricard_RB_BAL,Patrick Ricard,RB,BAL,,,,0.0,0.0,11.0,0.0,84.0,,,,,,,,,,,,,,
parkinson_TE_SEA,Colby Parkinson,TE,SEA,,,,0.0,0.0,8.0,1.0,81.0,,,,,,,,,,,,,,
deguara_TE_GB,Josiah Deguara,TE,GB,,,,0.0,0.0,8.0,1.0,86.0,,,,,,,,,,,,,,
ingold_RB_LV,Alec Ingold,RB,LV,,,,0.0,18.0,8.0,0.0,74.0,,,,,,,,,,,,,,
harris_TE_LAR,Jacob Harris,TE,LAR,,,,0.0,0.0,8.0,1.0,85.0,,,,,,,,,,,,,,
ham_RB_MIN,C.J. Ham,RB,MIN,,,,0.0,20.0,8.0,0.0,67.0,,,,,,,,,,,,,,
long_TE_MIA,Hunter Long,TE,MIA,,,,0.0,0.0,8.0,1.0,84.0,,,,,,,,,,,,,,
schwartz_WR_CLE,Anthony Schwartz,WR,CLE,,,,0.0,0.0,7.0,1.0,87.0,,,,,,,,,,,,,,
osborn_WR_MIN,K.J. Osborn,WR,MIN,,,,0.0,0.0,6.0,1.0,81.0,,,,,,,,,,,,,,
darby_WR_ATL,Frank Darby,WR,ATL,,,,0.0,0.0,7.0,0.0,90.0,,,,,,,,,,,,,,
smith_TE_NYG,Kaden Smith,TE,NYG,,,,0.0,0.0,8.0,0.0,76.0,,,,,,,,,,,,,,
jones_WR_LV,Zay Jones,WR,LV,,,,0.0,0.0,7.0,1.0,79.0,,,,,,,,,,,,,,
humphrey_WR_NO,Lil'Jordan Humphrey,WR,NO,,,,0.0,0.0,7.0,1.0,89.0,,,,,,,,,,,,,,
sargent_RB_TEN,Mekhi Sargent,RB,TEN,,,,1.0,81.0,3.0,0.0,23.0,,,,,,,,,,,,,,
spencer_WR_DEN,Diontae Spencer,WR,DEN,,,,0.0,14.0,5.0,0.0,62.0,,,,,,,,,,,,,,
dwelley_TE_SF,Ross Dwelley,TE,SF,,,,0.0,0.0,7.0,1.0,76.0,,,,,,,,,,,,,,
oliver_TE_BAL,Josh Oliver,TE,BAL,,,,0.0,0.0,7.0,1.0,72.0,,,,,,,,,,,,,,
white_QB_NYJ,Mike White,QB,NYJ,2.0,326.0,1.0,0.0,8.0,,,,,,,,,,,,,,,,,
farrell_TE_JAX,Luke Farrell,TE,JAX,,,,0.0,0.0,8.0,0.0,78.0,,,,,,,,,,,,,,
thomas_TE_CAR,Ian Thomas,TE,CAR,,,,0.0,0.0,8.0,0.0,71.0,,,,,,,,,,,,,,
wallace_WR_BAL,Tylan Wallace,WR,BAL,,,,0.0,0.0,6.0,1.0,75.0,,,,,,,,,,,,,,
olszewski_WR_NE,Gunner Olszewski,WR,NE,,,,0.0,13.0,4.0,0.0,54.0,,,,,,,,,,,,,,
clement_RB_DAL,Corey Clement,RB,DAL,,,,0.0,36.0,5.0,0.0,42.0,,,,,,,,,,,,,,
benjamin_RB_ARI,Eno Benjamin,RB,ARI,,,,1.0,73.0,2.0,0.0,17.0,,,,,,,,,,,,,,
henne_QB_KC,Chad Henne,QB,KC,2.0,233.0,1.0,0.0,4.0,,,,,,,,,,,,,,,,,
zylstra_WR_CAR,Brandon Zylstra,WR,CAR,,,,0.0,0.0,5.0,0.0,69.0,,,,,,,,,,,,,,
hodge_WR_DET,KhaDarel Hodge,WR,DET,,,,0.0,0.0,6.0,0.0,76.0,,,,,,,,,,,,,,
isabella_WR_ARI,Andy Isabella,WR,ARI,,,,0.0,0.0,6.0,0.0,70.0,,,,,,,,,,,,,,
thomas_WR_CIN,Mike Thomas,WR,CIN,,,,0.0,0.0,6.0,0.0,71.0,,,,,,,,,,,,,,
brightwell_RB_NYG,Gary Brightwell,RB,NYG,,,,1.0,69.0,2.0,0.0,16.0,,,,,,,,,,,,,,
mckitty_TE_LAC,Tre' McKitty,TE,LAC,,,,0.0,0.0,6.0,0.0,59.0,,,,,,,,,,,,,,
asiasi_TE_NE,Devin Asiasi,TE,NE,,,,0.0,0.0,6.0,0.0,62.0,,,,,,,,,,,,,,
grier_QB_DAL,Will Grier,QB,DAL,2.0,223.0,1.0,0.0,5.0,,,,,,,,,,,,,,,,,
westbrookikhine_WR_TEN,Nick Westbrook-Ikhine,WR,TEN,,,,0.0,0.0,5.0,0.0,61.0,,,,,,,,,,,,,,
streveler_QB_ARI,Chris Streveler,QB,ARI,1.0,212.0,1.0,0.0,13.0,,,,,,,,,,,,,,,,,
daniel_QB_LAC,Chase Daniel,QB,LAC,1.0,220.0,1.0,0.0,4.0,,,,,,,,,,,,,,,,,
grant_WR_MIA,Jakeem Grant Sr.,WR,MIA,,,,0.0,24.0,3.0,0.0,29.0,,,,,,,,,,,,,,
darden_WR_TB,Jaelon Darden,WR,TB,,,,0.0,0.0,4.0,0.0,48.0,,,,,,,,,,,,,,
smith_QB_SEA,Geno Smith,QB,SEA,2.0,207.0,1.0,0.0,3.0,,,,,,,,,,,,,,,,,
allen_QB_CIN,Brandon Allen,QB,CIN,1.0,223.0,1.0,0.0,4.0,,,,,,,,,,,,,,,,,
vannett_TE_NO,Nick Vannett,TE,NO,,,,0.0,0.0,5.0,0.0,51.0,,,,,,,,,,,,,,
homer_RB_SEA,Travis Homer,RB,SEA,,,,0.0,54.0,2.0,0.0,16.0,,,,,,,,,,,,,,
beathard_QB_JAX,C.J. Beathard,QB,JAX,1.0,222.0,1.0,0.0,3.0,,,,,,,,,,,,,,,,,
hoyer_QB_NE,Brian Hoyer,QB,NE,1.0,208.0,1.0,0.0,3.0,,,,,,,,,,,,,,,,,
glennon_QB_NYG,Mike Glennon,QB,NYG,1.0,215.0,1.0,0.0,3.0,,,,,,,,,,,,,,,,,
taylor_WR_GB,Malik Taylor,WR,GB,,,,0.0,0.0,4.0,0.0,47.0,,,,,,,,,,,,,,
blough_QB_DET,David Blough,QB,DET,1.0,211.0,1.0,0.0,5.0,,,,,,,,,,,,,,,,,
franks_QB_ATL,Feleipe Franks,QB,ATL,1.0,205.0,1.0,0.0,5.0,,,,,,,,,,,,,,,,,
woodside_QB_TEN,Logan Woodside,QB,TEN,1.0,179.0,1.0,0.0,3.0,,,,,,,,,,,,,,,,,
gentry_TE_PIT,Zach Gentry,TE,PIT,,,,0.0,0.0,4.0,0.0,47.0,,,,,,,,,,,,,,
kumerow_WR_BUF,Jake Kumerow,WR,BUF,,,,0.0,0.0,4.0,0.0,53.0,,,,,,,,,,,,,,
herbert_RB_CHI,Khalil Herbert,RB,CHI,,,,0.0,40.0,3.0,0.0,22.0,,,,,,,,,,,,,,
nabers_RB_LAC,Gabe Nabers,RB,LAC,,,,0.0,9.0,4.0,0.0,37.0,,,,,,,,,,,,,,
mundt_TE_LAR,Johnny Mundt,TE,LAR,,,,0.0,0.0,4.0,0.0,47.0,,,,,,,,,,,,,,
strachan_WR_IND,Mike Strachan,WR,IND,,,,0.0,0.0,4.0,0.0,51.0,,,,,,,,,,,,,,
fehoko_WR_DAL,Simi Fehoko,WR,DAL,,,,0.0,0.0,4.0,0.0,50.0,,,,,,,,,,,,,,
keenum_QB_CLE,Case Keenum,QB,CLE,1.0,161.0,1.0,0.0,2.0,,,,,,,,,,,,,,,,,
smith_TE_ATL,Lee Smith,TE,ATL,,,,0.0,0.0,4.0,0.0,42.0,,,,,,,,,,,,,,
gray_TE_KC,Noah Gray,TE,KC,,,,0.0,0.0,4.0,0.0,42.0,,,,,,,,,,,,,,
dafney_TE_GB,Dominique Dafney,TE,GB,,,,0.0,0.0,4.0,0.0,43.0,,,,,,,,,,,,,,
sharpe_WR_ATL,Tajae Sharpe,WR,ATL,,,,0.0,0.0,4.0,0.0,47.0,,,,,,,,,,,,,,
smith_RB_ATL,Keith Smith,RB,ATL,,,,0.0,9.0,4.0,0.0,36.0,,,,,,,,,,,,,,
webster_WR_CHI,Nsimba Webster,WR,CHI,,,,0.0,0.0,3.0,0.0,43.0,,,,,,,,,,,,,,
felton_RB_CLE,Demetric Felton,RB,CLE,,,,0.0,38.0,2.0,0.0,16.0,,,,,,,,,,,,,,
harris_TE_ARI,Demetrius Harris,TE,ARI,,,,0.0,0.0,4.0,0.0,39.0,,,,,,,,,,,,,,
vaughn_RB_TB,Ke'Shawn Vaughn,RB,TB,,,,0.0,35.0,2.0,0.0,18.0,,,,,,,,,,,,,,
bates_TE_WSH,John Bates,TE,WSH,,,,0.0,0.0,4.0,0.0,41.0,,,,,,,,,,,,,,
board_WR_NYG,C.J. Board,WR,NYG,,,,0.0,0.0,4.0,0.0,44.0,,,,,,,,,,,,,,
arcegawhiteside_WR_PHI,J.J. Arcega-Whiteside,WR,PHI,,,,0.0,0.0,3.0,0.0,47.0,,,,,,,,,,,,,,
saubert_TE_DEN,Eric Saubert,TE,DEN,,,,0.0,0.0,4.0,0.0,38.0,,,,,,,,,,,,,,
dulin_WR_IND,Ashton Dulin,WR,IND,,,,0.0,0.0,3.0,0.0,44.0,,,,,,,,,,,,,,
brown_TE_NYJ,Daniel Brown,TE,NYJ,,,,0.0,0.0,4.0,0.0,40.0,,,,,,,,,,,,,,
hollister_TE_JAX,Jacob Hollister,TE,JAX,,,,0.0,0.0,4.0,0.0,38.0,,,,,,,,,,,,,,
woerner_TE_SF,Charlie Woerner,TE,SF,,,,0.0,0.0,3.0,0.0,38.0,,,,,,,,,,,,,,
rogers_WR_TEN,Chester Rogers,WR,TEN,,,,0.0,0.0,3.0,0.0,37.0,,,,,,,,,,,,,,
mcmath_WR_TEN,Racey McMath,WR,TEN,,,,0.0,0.0,3.0,0.0,38.0,,,,,,,,,,,,,,
janovich_RB_CLE,Andy Janovich,RB,CLE,,,,0.0,0.0,4.0,0.0,36.0,,,,,,,,,,,,,,
tremble_TE_CAR,Tommy Tremble,TE,CAR,,,,0.0,0.0,4.0,0.0,36.0,,,,,,,,,,,,,,
johnson_RB_NE,Jakob Johnson,RB,NE,,,,0.0,0.0,4.0,0.0,35.0,,,,,,,,,,,,,,
jennings_WR_SF,Jauan Jennings,WR,SF,,,,0.0,0.0,3.0,0.0,39.0,,,,,,,,,,,,,,
blasingame_RB_TEN,Khari Blasingame,RB,TEN,,,,0.0,0.0,4.0,0.0,33.0,,,,,,,,,,,,,,
wesco_RB_NYJ,Trevon Wesco,RB,NYJ,,,,0.0,0.0,4.0,0.0,35.0,,,,,,,,,,,,,,
perry_WR_NE,Malcolm Perry,WR,NE,,,,0.0,11.0,2.0,0.0,30.0,,,,,,,,,,,,,,
berrios_WR_NYJ,Braxton Berrios,WR,NYJ,,,,0.0,12.0,2.0,0.0,21.0,,,,,,,,,,,,,,
burton_RB_KC,Michael Burton,RB,KC,,,,0.0,15.0,2.0,0.0,20.0,,,,,,,,,,,,,,
boykin_WR_BAL,Miles Boykin,WR,BAL,,,,0.0,0.0,2.0,0.0,31.0,,,,,,,,,,,,,,
proche_WR_BAL,James Proche II,WR,BAL,,,,0.0,0.0,2.0,0.0,29.0,,,,,,,,,,,,,,
sims_WR_WSH,Cam Sims,WR,WSH,,,,0.0,11.0,2.0,0.0,26.0,,,,,,,,,,,,,,
wilkins_RB_IND,Jordan Wilkins,RB,IND,,,,0.0,20.0,2.0,0.0,15.0,,,,,,,,,,,,,,
penny_RB_NYG,Elijhaa Penny,RB,NYG,,,,0.0,17.0,2.0,0.0,17.0,,,,,,,,,,,,,,
tomlinson_TE_BAL,Eric Tomlinson,TE,BAL,,,,0.0,0.0,2.0,0.0,26.0,,,,,,,,,,,,,,
carter_WR_WSH,DeAndre Carter,WR,WSH,,,,0.0,0.0,2.0,0.0,24.0,,,,,,,,,,,,,,
fountain_WR_KC,Daurice Fountain,WR,KC,,,,0.0,0.0,2.0,0.0,26.0,,,,,,,,,,,,,,
kemp_WR_KC,Marcus Kemp,WR,KC,,,,0.0,0.0,2.0,0.0,26.0,,,,,,,,,,,,,,
fortson_TE_KC,Jody Fortson,TE,KC,,,,0.0,0.0,2.0,0.0,21.0,,,,,,,,,,,,,,
shaheen_TE_MIA,Adam Shaheen,TE,MIA,,,,0.0,0.0,2.0,0.0,20.0,,,,,,,,,,,,,,
anderson_TE_LAC,Stephen Anderson,TE,LAC,,,,0.0,0.0,2.0,0.0,23.0,,,,,,,,,,,,,,
griffin_TE_NO,Garrett Griffin,TE,NO,,,,0.0,0.0,2.0,0.0,21.0,,,,,,,,,,,,,,
sealsjones_TE_WSH,Ricky Seals-Jones,TE,WSH,,,,0.0,0.0,2.0,0.0,22.0,,,,,,,,,,,,,,
morgan_WR_CIN,Stanley Morgan,WR,CIN,,,,0.0,0.0,2.0,0.0,23.0,,,,,,,,,,,,,,
carrier_TE_LV,Derek Carrier,TE,LV,,,,0.0,0.0,2.0,0.0,20.0,,,,,,,,,,,,,,
hollins_WR_MIA,Mack Hollins,WR,MIA,,,,0.0,0.0,2.0,0.0,23.0,,,,,,,,,,,,,,
milne_WR_WSH,Dax Milne,WR,WSH,,,,0.0,0.0,2.0,0.0,23.0,,,,,,,,,,,,,,
carter_TE_MIA,Cethan Carter,TE,MIA,,,,0.0,0.0,2.0,0.0,21.0,,,,,,,,,,,,,,
dillon_TE_MIN,Brandon Dillon,TE,MIN,,,,0.0,0.0,2.0,0.0,20.0,,,,,,,,,,,,,,
reyes_TE_WSH,Sammis Reyes,TE,WSH,,,,0.0,0.0,2.0,0.0,20.0,,,,,,,,,,,,,,
horsted_TE_CHI,Jesper Horsted,TE,CHI,,,,0.0,0.0,2.0,0.0,21.0,,,,,,,,,,,,,,
wesley_WR_ARI,Antoine Wesley,WR,ARI,,,,0.0,0.0,2.0,0.0,22.0,,,,,,,,,,,,,,
thompson_TE_CAR,Colin Thompson,TE,CAR,,,,0.0,0.0,2.0,0.0,20.0,,,,,,,,,,,,,,
ellefson_TE_MIN,Ben Ellefson,TE,MIN,,,,0.0,0.0,2.0,0.0,20.0,,,,,,,,,,,,,,
james_TE_CHI,Jesse James,TE,CHI,,,,0.0,0.0,2.0,0.0,20.0,,,,,,,,,,,,,,
cabinda_RB_DET,Jason Cabinda,RB,DET,,,,0.0,0.0,2.0,0.0,19.0,,,,,,,,,,,,,,
smith_WR_NYJ,Jeff Smith,WR,NYJ,,,,0.0,0.0,2.0,0.0,21.0,,,,,,,,,,,,,,
watt_RB_PIT,Derek Watt,RB,PIT,,,,0.0,17.0,0.0,0.0,0.0,,,,,,,,,,,,,,
jones_RB_BUF,Taiwan Jones,RB,BUF,,,,0.0,16.0,0.0,0.0,0.0,,,,,,,,,,,,,,
phillips_RB_HOU,Scottie Phillips,RB,HOU,,,,0.0,16.0,0.0,0.0,0.0,,,,,,,,,,,,,,
igwebuike_RB_DET,Godwin Igwebuike,RB,DET,,,,0.0,16.0,0.0,0.0,0.0,,,,,,,,,,,,,,
washington_RB_NO,Dwayne Washington,RB,NO,,,,0.0,9.0,0.0,0.0,0.0,,,,,,,,,,,,,,
mccoy_QB_ARI,Colt McCoy,QB,ARI,,,,,,,,,,,,,,,,,,,,,,
mccarron_QB_ATL,AJ McCarron,QB,ATL,,,,,,,,,,,,,,,,,,,,,,
slater_WR_NE,Matthew Slater,WR,NE,,,,,,,,,,,,,,,,,,,,,,
hurns_WR_MIA,Allen Hurns,WR,MIA,,,,,,,,,,,,,,,,,,,,,,
beebe_WR_MIN,Chad Beebe,WR,MIN,,,,,,,,,,,,,,,,,,,,,,
switzer_WR_CLE,Ryan Switzer,WR,CLE,,,,,,,,,,,,,,,,,,,,,,
thomas_TE_IND,Jordan Thomas,TE,IND,,,,,,,,,,,,,,,,,,,,,,
fumagalli_TE_NE,Troy Fumagalli,TE,NE,,,,,,,,,,,,,,,,,,,,,,
james_WR_SF,Richie James,WR,SF,,,,,,,,,,,,,,,,,,,,,,
watson_WR_TB,Justin Watson,WR,TB,,,,,,,,,,,,,,,,,,,,,,
cantrell_TE_WSH,Dylan Cantrell,TE,WSH,,,,,,,,,,,,,,,,,,,,,,
johnson_WR_TEN,Marcus Johnson,WR,TEN,,,,,,,,,,,,,,,,,,,,,,
turner_WR_DAL,Malik Turner,WR,DAL,,,,,,,,,,,,,,,,,,,,,,
dobbs_QB_PIT,Joshua Dobbs,QB,PIT,,,,,,,,,,,,,,,,,,,,,,
allen_QB_WSH,Kyle Allen,QB,WSH,,,,,,,,,,,,,,,,,,,,,,
rush_QB_DAL,Cooper Rush,QB,DAL,,,,,,,,,,,,,,,,,,,,,,
peterman_QB_LV,Nathan Peterman,QB,LV,,,,,,,,,,,,,,,,,,,,,,
swoopes_TE_WSH,Tyrone Swoopes,TE,WSH,,,,,,,,,,,,,,,,,,,,,,
ellis_TE_LV,Alex Ellis,TE,LV,,,,,,,,,,,,,,,,,,,,,,
nelson_WR_IND,J.J. Nelson,WR,IND,,,,,,,,,,,,,,,,,,,,,,
austin_WR_JAX,Tavon Austin,WR,JAX,,,,,,,,,,,,,,,,,,,,,,
cain_WR_BAL,Deon Cain,WR,BAL,,,,,,,,,,,,,,,,,,,,,,
taylor_WR_WSH,Taywan Taylor,WR,WSH,,,,,,,,,,,,,,,,,,,,,,
croom_TE_PHI,Jason Croom,TE,PHI,,,,,,,,,,,,,,,,,,,,,,
stidham_QB_NE,Jarrett Stidham,QB,NE,,,,,,,,,,,,,,,,,,,,,,
godwin_WR_JAX,Terry Godwin,WR,JAX,,,,,,,,,,,,,,,,,,,,,,
ursua_WR_SEA,John Ursua,WR,SEA,,,,,,,,,,,,,,,,,,,,,,
stick_QB_LAC,Easton Stick,QB,LAC,,,,,,,,,,,,,,,,,,,,,,
gillaspia_RB_NYG,Cullen Gillaspia,RB,NYG,,,,,,,,,,,,,,,,,,,,,,
johnson_WR_MIN,Bisi Johnson,WR,MIN,,,,,,,,,,,,,,,,,,,,,,
wilson_RB_SF,Jeff Wilson Jr.,RB,SF,,,,,,,,,,,,,,,,,,,,,,
boyle_QB_DET,Tim Boyle,QB,DET,,,,,,,,,,,,,,,,,,,,,,
bolden_RB_NE,Brandon Bolden,RB,NE,,,,,,,,,,,,,,,,,,,,,,
bellore_RB_SEA,Nick Bellore,RB,SEA,,,,,,,,,,,,,,,,,,,,,,
haskins_QB_PIT,Dwayne Haskins,QB,PIT,,,,,,,,,,,,,,,,,,,,,,
smith_TE_MIN,Irv Smith Jr.,TE,MIN,,,,,,,,,,,,,,,,,,,,,,
sternberger_TE_GB,Jace Sternberger,TE,GB,,,,,,,,,,,,,,,,,,,,,,
rosen_QB_ATL,Josh Rosen,QB,ATL,,,,,,,,,,,,,,,,,,,,,,
ross_WR_NYG,John Ross,WR,NYG,,,,,,,,,,,,,,,,,,,,,,
hamilton_WR_DEN,DaeSean Hamilton,WR,DEN,,,,,,,,,,,,,,,,,,,,,,
boone_RB_DEN,Mike Boone,RB,DEN,,,,,,,,,,,,,,,,,,,,,,
toilolo_TE_NYG,Levine Toilolo,TE,NYG,,,,,,,,,,,,,,,,,,,,,,
foles_QB_CHI,Nick Foles,QB,CHI,,,,,,,,,,,,,,,,,,,,,,
flacco_QB_PHI,Joe Flacco,QB,PHI,,,,,,,,,,,,,,,,,,,,,,
jackson_TE_PHI,Tyree Jackson,TE,PHI,,,,,,,,,,,,,,,,,,,,,,
graham_TE_ATL,Jaeden Graham,TE,ATL,,,,,,,,,,,,,,,,,,,,,,
beck_RB_DEN,Andrew Beck,RB,DEN,,,,,,,,,,,,,,,,,,,,,,
carlson_TE_CLE,Stephen Carlson,TE,CLE,,,,,,,,,,,,,,,,,,,,,,
holtz_RB_CHI,J.P. Holtz,RB,CHI,,,,,,,,,,,,,,,,,,,,,,
walker_WR_PHI,Michael Walker,WR,PHI,,,,,,,,,,,,,,,,,,,,,,
davis_WR_CLE,Davion Davis,WR,CLE,,,,,,,,,,,,,,,,,,,,,,
kennedy_WR_DET,Tom Kennedy,WR,DET,,,,,,,,,,,,,,,,,,,,,,
akers_RB_LAR,Cam Akers,RB,LAR,,,,,,,,,,,,,,,,,,,,,,
dobbins_RB_BAL,J.K. Dobbins,RB,BAL,,,,,,,,,,,,,,,,,,,,,,
bowden_WR_MIA,Lynn Bowden Jr.,WR,MIA,,,,,,,,,,,,,,,,,,,,,,
keene_TE_NE,Dalton Keene,TE,NE,,,,,,,,,,,,,,,,,,,,,,
calais_RB_LAR,Raymond Calais,RB,LAR,,,,,,,,,,,,,,,,,,,,,,
patmon_WR_IND,Dezmon Patmon,WR,IND,,,,,,,,,,,,,,,,,,,,,,
stanley_QB_MIN,Nate Stanley,QB,MIN,,,,,,,,,,,,,,,,,,,,,,
luton_QB_SEA,Jake Luton,QB,SEA,,,,,,,,,,,,,,,,,,,,,,
bellamy_RB_DEN,LeVante Bellamy,RB,DEN,,,,,,,,,,,,,,,,,,,,,,
killins_RB_DEN,Adrian Killins,RB,DEN,,,,,,,,,,,,,,,,,,,,,,
bryant_TE_DET,Hunter Bryant,TE,DET,,,,,,,,,,,,,,,,,,,,,,
gilliam_RB_BUF,Reggie Gilliam,RB,BUF,,,,,,,,,,,,,,,,,,,,,,
dowdle_RB_DAL,Rico Dowdle,RB,DAL,,,,,,,,,,,,,,,,,,,,,,
mckeon_TE_DAL,Sean McKeon,TE,DAL,,,,,,,,,,,,,,,,,,,,,,
jones_RB_LAR,Xavier Jones,RB,LAR,,,,,,,,,,,,,,,,,,,,,,
chisena_WR_MIN,Dan Chisena,WR,MIN,,,,,,,,,,,,,,,,,,,,,,
mack_WR_NYG,Austin Mack,WR,NYG,,,,,,,,,,,,,,,,,,,,,,
olonilua_RB_DAL,Sewo Olonilua,RB,DAL,,,,,,,,,,,,,,,,,,,,,,
etienne_RB_JAX,Travis Etienne Jr.,RB,JAX,,,,,,,,,,,,,,,,,,,,,,
trask_QB_TB,Kyle Trask,QB,TB,,,,,,,,,,,,,,,,,,,,,,
book_QB_NO,Ian Book,QB,NO,,,,,,,,,,,,,,,,,,,,,,
ehlinger_QB_IND,Sam Ehlinger,QB,IND,,,,,,,,,,,,,,,,,,,,,,
stevenson_WR_BUF,Marquez Stevenson,WR,BUF,,,,,,,,,,,,,,,,,,,,,,
skowronek_WR_LAR,Ben Skowronek,WR,LAR,,,,,,,,,,,,,,,,,,,,,,
hill_TE_DET,Josh Hill,TE,DET,,,,,,,,,,,,,,,,,,,,,,
ellison_TE_NYG,Rhett Ellison,TE,NYG,,,,,,,,,,,,,,,,,,,,,,
green_TE_WSH,Virgil Green,TE,WSH,,,,,,,,,,,,,,,,,,,,,,
celek_TE_SF,Garrett Celek,TE,SF,,,,,,,,,,,,,,,,,,,,,,
dimarco_RB_WSH,Patrick DiMarco,RB,WSH,,,,,,,,,,,,,,,,,,,,,,
grimble_TE_WSH,Xavier Grimble,TE,WSH,,,,,,,,,,,,,,,,,,,,,,
wright_WR_WSH,Jarius Wright,WR,WSH,,,,,,,,,,,,,,,,,,,,,,
develin_RB_NE,James Develin,RB,NE,,,,,,,,,,,,,,,,,,,,,,
schaub_QB_ATL,Matt Schaub,QB,ATL,,,,,,,,,,,,,,,,,,,,,,
nix_RB_WSH,Roosevelt Nix,RB,WSH,,,,,,,,,,,,,,,,,,,,,,
tanney_QB_NYG,Alex Tanney,QB,NYG,,,,,,,,,,,,,,,,,,,,,,
simonson_TE_NYG,Scott Simonson,TE,NYG,,,,,,,,,,,,,,,,,,,,,,
barkley_QB_TEN,Matt Barkley,QB,TEN,,,,,,,,,,,,,,,,,,,,,,
gordon_WR_WSH,Josh Gordon,WR,WSH,,,,,,,,,,,,,,,,,,,,,,
line_RB_NO,Zach Line,RB,NO,,,,,,,,,,,,,,,,,,,,,,
clay_TE_WSH,Charles Clay,TE,WSH,,,,,,,,,,,,,,,,,,,,,,
witten_TE_LV,Jason Witten,TE,LV,,,,,,,,,,,,,,,,,,,,,,
davis_TE_WSH,Vernon Davis,TE,WSH,,,,,,,,,,,,,,,,,,,,,,
kaufusi_TE_GB,Bronson Kaufusi,TE,GB,,,,,,,,,,,,,,,,,,,,,,
roberts_WR_WSH,Seth Roberts,WR,WSH,,,,,,,,,,,,,,,,,,,,,,
washington_RB_WSH,DeAndre Washington,RB,WSH,,,,,,,,,,,,,,,,,,,,,,
ateman_WR_WSH,Marcell Ateman,WR,WSH,,,,,,,,,,,,,,,,,,,,,,
williams_WR_WSH,Chad Williams,WR,WSH,,,,,,,,,,,,,,,,,,,,,,
moore_WR_HOU,Chris Moore,WR,HOU,,,,,,,,,,,,,,,,,,,,,,
burnett_WR_WSH,Deontay Burnett,WR,WSH,,,,,,,,,,,,,,,,,,,,,,
lasley_WR_WSH,Jordan Lasley,WR,WSH,,,,,,,,,,,,,,,,,,,,,,
koyack_TE_WSH,Ben Koyack,TE,WSH,,,,,,,,,,,,,,,,,,,,,,
scott_WR_WSH,Jaleel Scott,WR,WSH,,,,,,,,,,,,,,,,,,,,,,
schreck_TE_CIN,Mason Schreck,TE,CIN,,,,,,,,,,,,,,,,,,,,,,
powell_WR_MIA,Brandon Powell,WR,MIA,,,,,,,,,,,,,,,,,,,,,,
lengel_TE_IND,Matt Lengel,TE,IND,,,,,,,,,,,,,,,,,,,,,,
wilson_WR_TB,Bobo Wilson,WR,TB,,,,,,,,,,,,,,,,,,,,,,
gibson_WR_WSH,Shelton Gibson,WR,WSH,,,,,,,,,,,,,,,,,,,,,,
ervin_RB_WSH,Tyler Ervin,RB,WSH,,,,,,,,,,,,,,,,,,,,,,
treadwell_WR_JAX,Laquon Treadwell,WR,JAX,,,,,,,,,,,,,,,,,,,,,,
cunningham_TE_WSH,Jerome Cunningham,TE,WSH,,,,,,,,,,,,,,,,,,,,,,
wilson_RB_WSH,Shaun Wilson,RB,WSH,,,,,,,,,,,,,,,,,,,,,,
hall_WR_WSH,Marvin Hall,WR,WSH,,,,,,,,,,,,,,,,,,,,,,
thomas_RB_JAX,Roc Thomas,RB,JAX,,,,,,,,,,,,,,,,,,,,,,
ratley_WR_WSH,Damion Ratley,WR,WSH,,,,,,,,,,,,,,,,,,,,,,
dieter_WR_KC,Gehrig Dieter,WR,KC,,,,,,,,,,,,,,,,,,,,,,
oleary_TE_WSH,Nick O'Leary,TE,WSH,,,,,,,,,,,,,,,,,,,,,,
core_WR_WSH,Cody Core,WR,WSH,,,,,,,,,,,,,,,,,,,,,,
cracraft_WR_SF,River Cracraft,WR,SF,,,,,,,,,,,,,,,,,,,,,,
henderson_WR_PIT,Quadree Henderson,WR,PIT,,,,,,,,,,,,,,,,,,,,,,
taylor_WR_CIN,Trent Taylor,WR,CIN,,,,,,,,,,,,,,,,,,,,,,
kirkwood_WR_CAR,Keith Kirkwood,WR,CAR,,,,,,,,,,,,,,,,,,,,,,
sprinkle_TE_WSH,Jeremy Sprinkle,TE,WSH,,,,,,,,,,,,,,,,,,,,,,
jennings_WR_WSH,Darius Jennings,WR,WSH,,,,,,,,,,,,,,,,,,,,,,
franks_TE_CLE,Jordan Franks,TE,CLE,,,,,,,,,,,,,,,,,,,,,,
wims_WR_WSH,Javon Wims,WR,WSH,,,,,,,,,,,,,,,,,,,,,,
hill_RB_WSH,Brian Hill,RB,WSH,,,,,,,,,,,,,,,,,,,,,,
logan_RB_WSH,T.J. Logan,RB,WSH,,,,,,,,,,,,,,,,,,,,,,
lewis_WR_WSH,Tommylee Lewis,WR,WSH,,,,,,,,,,,,,,,,,,,,,,
erickson_WR_WSH,Alex Erickson,WR,WSH,,,,,,,,,,,,,,,,,,,,,,
hilliard_RB_WSH,Dontrell Hilliard,RB,WSH,,,,,,,,,,,,,,,,,,,,,,
devalve_TE_WSH,Seth DeValve,TE,WSH,,,,,,,,,,,,,,,,,,,,,,
izzo_TE_NYG,Ryan Izzo,TE,NYG,,,,,,,,,,,,,,,,,,,,,,
perkins_TE_WSH,Joshua Perkins,TE,WSH,,,,,,,,,,,,,,,,,,,,,,
walton_RB_MIA,Mark Walton,RB,MIA,,,,,,,,,,,,,,,,,,,,,,
tolliver_WR_KC,Jalen Tolliver,WR,KC,,,,,,,,,,,,,,,,,,,,,,
lacy_WR_WSH,Chris Lacy,WR,WSH,,,,,,,,,,,,,,,,,,,,,,
armah_RB_NO,Alex Armah,RB,NO,,,,,,,,,,,,,,,,,,,,,,
howell_RB_WSH,Buddy Howell,RB,WSH,,,,,,,,,,,,,,,,,,,,,,
sudfeld_QB_WSH,Nate Sudfeld,QB,WSH,,,,,,,,,,,,,,,,,,,,,,
kizer_QB_WSH,DeShone Kizer,QB,WSH,,,,,,,,,,,,,,,,,,,,,,
fluellen_RB_WSH,David Fluellen,RB,WSH,,,,,,,,,,,,,,,,,,,,,,
driskel_QB_HOU,Jeff Driskel,QB,HOU,,,,,,,,,,,,,,,,,,,,,,
webb_QB_BUF,Davis Webb,QB,BUF,,,,,,,,,,,,,,,,,,,,,,
lauletta_QB_WSH,Kyle Lauletta,QB,WSH,,,,,,,,,,,,,,,,,,,,,,
falk_QB_NYJ,Luke Falk,QB,NYJ,,,,,,,,,,,,,,,,,,,,,,
natson_WR_CLE,JoJo Natson,WR,CLE,,,,,,,,,,,,,,,,,,,,,,
cooper_WR_WSH,Pharoh Cooper,WR,WSH,,,,,,,,,,,,,,,,,,,,,,
hemingway_TE_WSH,Temarrick Hemingway,TE,WSH,,,,,,,,,,,,,,,,,,,,,,
smith_WR_JAX,Devin Smith,WR,JAX,,,,,,,,,,,,,,,,,,,,,,
pope_RB_WSH,Troymaine Pope,RB,WSH,,,,,,,,,,,,,,,,,,,,,,
mickens_WR_TB,Jaydon Mickens,WR,TB,,,,,,,,,,,,,,,,,,,,,,
pruitt_TE_WSH,MyCole Pruitt,TE,WSH,,,,,,,,,,,,,,,,,,,,,,
looney_TE_WSH,James Looney,TE,WSH,,,,,,,,,,,,,,,,,,,,,,
willies_WR_CLE,Derrick Willies,WR,CLE,,,,,,,,,,,,,,,,,,,,,,
auclair_TE_HOU,Antony Auclair,TE,HOU,,,,,,,,,,,,,,,,,,,,,,
davis_WR_GB,Jawill Davis,WR,GB,,,,,,,,,,,,,,,,,,,,,,
lee_QB_WSH,Tanner Lee,QB,WSH,,,,,,,,,,,,,,,,,,,,,,
dickerson_TE_WSH,Garrett Dickerson,TE,WSH,,,,,,,,,,,,,,,,,,,,,,
davis_WR_WSH,Robert Davis,WR,WSH,,,,,,,,,,,,,,,,,,,,,,
foster_RB_WSH,D.J. Foster,RB,WSH,,,,,,,,,,,,,,,,,,,,,,
ford_WR_WSH,Isaiah Ford,WR,WSH,,,,,,,,,,,,,,,,,,,,,,
bawden_RB_WSH,Nick Bawden,RB,WSH,,,,,,,,,,,,,,,,,,,,,,
ferguson_RB_WSH,Josh Ferguson,RB,WSH,,,,,,,,,,,,,,,,,,,,,,
walford_TE_WSH,Clive Walford,TE,WSH,,,,,,,,,,,,,,,,,,,,,,
carr_WR_WSH,Austin Carr,WR,WSH,,,,,,,,,,,,,,,,,,,,,,
culkin_TE_WSH,Sean Culkin,TE,WSH,,,,,,,,,,,,,,,,,,,,,,
vitale_RB_WSH,Danny Vitale,RB,WSH,,,,,,,,,,,,,,,,,,,,,,
jones_WR_WSH,J.J. Jones,WR,WSH,,,,,,,,,,,,,,,,,,,,,,
holton_WR_WSH,Johnny Holton,WR,WSH,,,,,,,,,,,,,,,,,,,,,,
hansen_WR_WSH,Chad Hansen,WR,WSH,,,,,,,,,,,,,,,,,,,,,,
white_WR_WSH,DeAndrew White,WR,WSH,,,,,,,,,,,,,,,,,,,,,,
malone_WR_WSH,Josh Malone,WR,WSH,,,,,,,,,,,,,,,,,,,,,,
proehl_WR_LAC,Austin Proehl,WR,LAC,,,,,,,,,,,,,,,,,,,,,,
newsome_RB_WSH,Detrez Newsome,RB,WSH,,,,,,,,,,,,,,,,,,,,,,
ortiz_RB_NO,Ricky Ortiz,RB,NO,,,,,,,,,,,,,,,,,,,,,,
hikutini_TE_WSH,Cole Hikutini,TE,WSH,,,,,,,,,,,,,,,,,,,,,,
braunecker_TE_WSH,Ben Braunecker,TE,WSH,,,,,,,,,,,,,,,,,,,,,,
phillips_WR_CAR,Cam Phillips,WR,CAR,,,,,,,,,,,,,,,,,,,,,,
kidsy_WR_WSH,Darvin Kidsy,WR,WSH,,,,,,,,,,,,,,,,,,,,,,
scarbrough_RB_WSH,Bo Scarbrough,RB,WSH,,,,,,,,,,,,,,,,,,,,,,
cobbs_WR_WSH,Simmie Cobbs Jr.,WR,WSH,,,,,,,,,,,,,,,,,,,,,,
baylis_TE_WSH,Evan Baylis,TE,WSH,,,,,,,,,,,,,,,,,,,,,,
mcgough_QB_WSH,Alex McGough,QB,WSH,,,,,,,,,,,,,,,,,,,,,,
ernsberger_TE_TEN,Donnie Ernsberger,TE,TEN,,,,,,,,,,,,,,,,,,,,,,
williams_RB_WSH,Jonathan Williams,RB,WSH,,,,,,,,,,,,,,,,,,,,,,
smith_WR_WSH,Vyncint Smith,WR,WSH,,,,,,,,,,,,,,,,,,,,,,
muhammad_RB_WSH,Khalfani Muhammad,RB,WSH,,,,,,,,,,,,,,,,,,,,,,
whitney_WR_WSH,Isaac Whitney,WR,WSH,,,,,,,,,,,,,,,,,,,,,,
prosise_RB_WSH,C.J. Prosise,RB,WSH,,,,,,,,,,,,,,,,,,,,,,
etling_QB_WSH,Danny Etling,QB,WSH,,,,,,,,,,,,,,,,,,,,,,
turner_RB_WSH,De'Lance Turner,RB,WSH,,,,,,,,,,,,,,,,,,,,,,
carson_RB_WSH,Tra Carson,RB,WSH,,,,,,,,,,,,,,,,,,,,,,
travis_TE_ARI,Ross Travis,TE,ARI,,,,,,,,,,,,,,,,,,,,,,
hogan_WR_WSH,Krishawn Hogan,WR,WSH,,,,,,,,,,,,,,,,,,,,,,
perkins_RB_WSH,Paul Perkins,RB,WSH,,,,,,,,,,,,,,,,,,,,,,
edmunds_RB_WSH,Trey Edmunds,RB,WSH,,,,,,,,,,,,,,,,,,,,,,
bolden_WR_WSH,Victor Bolden,WR,WSH,,,,,,,,,,,,,,,,,,,,,,
flanagan_TE_WSH,Matt Flanagan,TE,WSH,,,,,,,,,,,,,,,,,,,,,,
dorsett_WR_JAX,Phillip Dorsett II,WR,JAX,,,,,,,,,,,,,,,,,,,,,,
latimer_WR_WSH,Cody Latimer,WR,WSH,,,,,,,,,,,,,,,,,,,,,,
harmon_WR_WSH,Kelvin Harmon,WR,WSH,,,,,,,,,,,,,,,,,,,,,,
hardy_WR_WSH,Justin Hardy,WR,WSH,,,,,,,,,,,,,,,,,,,,,,
willson_TE_SEA,Luke Willson,TE,SEA,,,,,,,,,,,,,,,,,,,,,,
butt_TE_CHI,Jake Butt,TE,CHI,,,,,,,,,,,,,,,,,,,,,,
heuerman_TE_WSH,Jeff Heuerman,TE,WSH,,,,,,,,,,,,,,,,,,,,,,
johnson_WR_PHI,KeeSean Johnson,WR,PHI,,,,,,,,,,,,,,,,,,,,,,
fulgham_WR_PHI,Travis Fulgham,WR,PHI,,,,,,,,,,,,,,,,,,,,,,
lacosse_TE_NE,Matt LaCosse,TE,NE,,,,,,,,,,,,,,,,,,,,,,
warring_TE_BUF,Kahale Warring,TE,BUF,,,,,,,,,,,,,,,,,,,,,,
grant_WR_WSH,Ryan Grant,WR,WSH,,,,,,,,,,,,,,,,,,,,,,
bellamy_WR_WSH,Josh Bellamy,WR,WSH,,,,,,,,,,,,,,,,,,,,,,
weber_RB_WSH,Mike Weber,RB,WSH,,,,,,,,,,,,,,,,,,,,,,
ware_RB_WSH,Spencer Ware,RB,WSH,,,,,,,,,,,,,,,,,,,,,,
stocker_TE_WSH,Luke Stocker,TE,WSH,,,,,,,,,,,,,,,,,,,,,,
yelder_TE_WSH,Deon Yelder,TE,WSH,,,,,,,,,,,,,,,,,,,,,,
sherman_RB_KC,Anthony Sherman,RB,KC,,,,,,,,,,,,,,,,,,,,,,
fowler_WR_WSH,Bennie Fowler,WR,WSH,,,,,,,,,,,,,,,,,,,,,,
olawale_RB_WSH,Jamize Olawale,RB,WSH,,,,,,,,,,,,,,,,,,,,,,
williams_RB_CIN,Trayveon Williams,RB,CIN,,,,,,,,,,,,,,,,,,,,,,
hundley_QB_IND,Brett Hundley,QB,IND,,,,,,,,,,,,,,,,,,,,,,
harris_WR_WSH,Dwayne Harris,WR,WSH,,,,,,,,,,,,,,,,,,,,,,
mullens_QB_CLE,Nick Mullens,QB,CLE,,,,,,,,,,,,,,,,,,,,,,
bortles_QB_GB,Blake Bortles,QB,GB,,,,,,,,,,,,,,,,,,,,,,
ozigbo_RB_JAX,Devine Ozigbo,RB,JAX,,,,,,,,,,,,,,,,,,,,,,
rodgers_TE_WSH,Richard Rodgers,TE,WSH,,,,,,,,,,,,,,,,,,,,,,
siemian_QB_WSH,Trevor Siemian,QB,WSH,,,,,,,,,,,,,,,,,,,,,,
griffin_QB_TB,Ryan Griffin,QB,TB,,,,,,,,,,,,,,,,,,,,,,
mannion_QB_SEA,Sean Mannion,QB,SEA,,,,,,,,,,,,,,,,,,,,,,
higdon_RB_WSH,Karan Higdon,RB,WSH,,,,,,,,,,,,,,,,,,,,,,
finley_QB_HOU,Ryan Finley,QB,HOU,,,,,,,,,,,,,,,,,,,,,,
barner_RB_WSH,Kenjon Barner,RB,WSH,,,,,,,,,,,,,,,,,,,,,,
abdullah_RB_MIN,Ameer Abdullah,RB,MIN,,,,,,,,,,,,,,,,,,,,,,
whyte_RB_WSH,Kerrith Whyte,RB,WSH,,,,,,,,,,,,,,,,,,,,,,
winfree_WR_GB,Juwann Winfree,WR,GB,,,,,,,,,,,,,,,,,,,,,,
roberts_TE_WSH,Austin Roberts,TE,WSH,,,,,,,,,,,,,,,,,,,,,,
mack_TE_WSH,Alize Mack,TE,WSH,,,,,,,,,,,,,,,,,,,,,,
nauta_TE_WSH,Isaac Nauta,TE,WSH,,,,,,,,,,,,,,,,,,,,,,
flowers_RB_WSH,Quinton Flowers,RB,WSH,,,,,,,,,,,,,,,,,,,,,,
rypien_QB_WSH,Brett Rypien,QB,WSH,,,,,,,,,,,,,,,,,,,,,,
smith_RB_WSH,Sutton Smith,RB,WSH,,,,,,,,,,,,,,,,,,,,,,
kelly_RB_CLE,John Kelly,RB,CLE,,,,,,,,,,,,,,,,,,,,,,
mitchell_WR_WSH,Dillon Mitchell,WR,WSH,,,,,,,,,,,,,,,,,,,,,,
warren_RB_WSH,Chris Warren,RB,WSH,,,,,,,,,,,,,,,,,,,,,,
green_WR_WSH,Marcus Green,WR,WSH,,,,,,,,,,,,,,,,,,,,,,
adams_RB_WSH,Josh Adams,RB,WSH,,,,,,,,,,,,,,,,,,,,,,
anderson_RB_WSH,Rodney Anderson,RB,WSH,,,,,,,,,,,,,,,,,,,,,,
wilson_TE_WSH,Caleb Wilson,TE,WSH,,,,,,,,,,,,,,,,,,,,,,
holyfield_RB_WSH,Elijah Holyfield,RB,WSH,,,,,,,,,,,,,,,,,,,,,,
thorson_QB_WSH,Clayton Thorson,QB,WSH,,,,,,,,,,,,,,,,,,,,,,
mcsorley_QB_BAL,Trace McSorley,QB,BAL,,,,,,,,,,,,,,,,,,,,,,
dortch_WR_ARI,Greg Dortch,WR,ARI,,,,,,,,,,,,,,,,,,,,,,
mizzell_RB_WSH,Taquan Mizzell,RB,WSH,,,,,,,,,,,,,,,,,,,,,,
ford_RB_GB,Keith Ford,RB,GB,,,,,,,,,,,,,,,,,,,,,,
white_WR_NO,Kevin White,WR,NO,,,,,,,,,,,,,,,,,,,,,,
moore_WR_WSH,J'Mon Moore,WR,WSH,,,,,,,,,,,,,,,,,,,,,,
weah_WR_WSH,Jester Weah,WR,WSH,,,,,,,,,,,,,,,,,,,,,,
sloter_QB_WSH,Kyle Sloter,QB,WSH,,,,,,,,,,,,,,,,,,,,,,
webb_QB_WSH,Joe Webb,QB,WSH,,,,,,,,,,,,,,,,,,,,,,
perry_RB_WSH,Senorise Perry,RB,WSH,,,,,,,,,,,,,,,,,,,,,,
gilbert_QB_NE,Garrett Gilbert,QB,NE,,,,,,,,,,,,,,,,,,,,,,
smith_QB_WSH,Alex Smith,QB,WSH,,,,,,,,,,,,,,,,,,,,,,
shepard_WR_WSH,Russell Shepard,WR,WSH,,,,,,,,,,,,,,,,,,,,,,
bray_QB_WSH,Tyler Bray,QB,WSH,,,,,,,,,,,,,,,,,,,,,,
zenner_RB_MIA,Zach Zenner,RB,MIA,,,,,,,,,,,,,,,,,,,,,,
matthews_TE_WSH,Jordan Matthews,TE,WSH,,,,,,,,,,,,,,,,,,,,,,
michel_WR_WSH,Marken Michel,WR,WSH,,,,,,,,,,,,,,,,,,,,,,
cox_RB_WSH,Chandler Cox,RB,WSH,,,,,,,,,,,,,,,,,,,,,,
brown_WR_GB,Equanimeous St. Brown,WR,GB,,,,,,,,,,,,,,,,,,,,,,
johnson_RB_WSH,Kerryon Johnson,RB,WSH,,,,,,,,,,,,,,,,,,,,,,
pineiro_K_WSH,Eddy Pineiro,K,WSH,,,,,,,,,,,,,,,,,,,,,,
love_RB_WSH,Bryce Love,RB,WSH,,,,,,,,,,,,,,,,,,,,,,
cannon_RB_WSH,Trenton Cannon,RB,WSH,,,,,,,,,,,,,,,,,,,,,,
scarlett_RB_MIA,Jordan Scarlett,RB,MIA,,,,,,,,,,,,,,,,,,,,,,
ridley_WR_WSH,Riley Ridley,WR,WSH,,,,,,,,,,,,,,,,,,,,,,
ollison_RB_WSH,Qadree Ollison,RB,WSH,,,,,,,,,,,,,,,,,,,,,,
callaway_WR_WSH,Antonio Callaway,WR,WSH,,,,,,,,,,,,,,,,,,,,,,
butler_TE_WSH,Hakeem Butler,TE,WSH,,,,,,,,,,,,,,,,,,,,,,
thompson_RB_TB,Darwin Thompson,RB,TB,,,,,,,,,,,,,,,,,,,,,,
armstead_RB_WSH,Ryquell Armstead,RB,WSH,,,,,,,,,,,,,,,,,,,,,,
coutee_WR_IND,Keke Coutee,WR,IND,,,,,,,,,,,,,,,,,,,,,,
pettis_WR_NYG,Dante Pettis,WR,NYG,,,,,,,,,,,,,,,,,,,,,,
allison_WR_WSH,Geronimo Allison,WR,WSH,,,,,,,,,,,,,,,,,,,,,,
samuels_RB_PIT,Jaylen Samuels,RB,PIT,,,,,,,,,,,,,,,,,,,,,,
mccrane_K_CLE,Matthew McCrane,K,CLE,,,,,,,,,,,,,,,,,,,,,,
foreman_RB_WSH,D'Onta Foreman,RB,WSH,,,,,,,,,,,,,,,,,,,,,,
adams_WR_WSH,Rodney Adams,WR,WSH,,,,,,,,,,,,,,,,,,,,,,
foster_WR_WSH,Robert Foster,WR,WSH,,,,,,,,,,,,,,,,,,,,,,
howard_RB_PHI,Jordan Howard,RB,PHI,,,,,,,,,,,,,,,,,,,,,,
quinn_WR_LV,Trey Quinn,WR,LV,,,,,,,,,,,,,,,,,,,,,,
badgley_K_WSH,Michael Badgley,K,WSH,,,,,,,,,,,,,,,,,,,,,,
guice_RB_WSH,Derrius Guice,RB,WSH,,,,,,,,,,,,,,,,,,,,,,
rosas_K_WSH,Aldrick Rosas,K,WSH,,,,,,,,,,,,,,,,,,,,,,
smallwood_RB_WSH,Wendell Smallwood,RB,WSH,,,,,,,,,,,,,,,,,,,,,,
gonzalez_K_DET,Zane Gonzalez,K,DET,,,,,,,,,,,,,,,,,,,,,,
mcguire_RB_KC,Elijah McGuire,RB,KC,,,,,,,,,,,,,,,,,,,,,,
wadley_RB_WSH,Akrum Wadley,RB,WSH,,,,,,,,,,,,,,,,,,,,,,
allen_RB_WSH,Javorius Allen,RB,WSH,,,,,,,,,,,,,,,,,,,,,,
grinnage_TE_WSH,David Grinnage,TE,WSH,,,,,,,,,,,,,,,,,,,,,,
gurley_RB_WSH,Todd Gurley II,RB,WSH,,,,,,,,,,,,,,,,,,,,,,
yeldon_RB_WSH,T.J. Yeldon,RB,WSH,,,,,,,,,,,,,,,,,,,,,,
funchess_WR_WSH,Devin Funchess,WR,WSH,,,,,,,,,,,,,,,,,,,,,,
thomas_WR_WSH,De'Anthony Thomas,WR,WSH,,,,,,,,,,,,,,,,,,,,,,
gabriel_WR_CHI,Taylor Gabriel,WR,CHI,,,,,,,,,,,,,,,,,,,,,,
fales_QB_WSH,David Fales,QB,WSH,,,,,,,,,,,,,,,,,,,,,,
parkey_K_WSH,Cody Parkey,K,WSH,,,,,,,,,,,,,,,,,,,,,,
jones_WR_NYG,TJ Jones,WR,NYG,,,,,,,,,,,,,,,,,,,,,,
freeman_RB_WSH,Devonta Freeman,RB,WSH,,,,,,,,,,,,,,,,,,,,,,
burton_TE_WSH,Trey Burton,TE,WSH,,,,,,,,,,,,,,,,,,,,,,
ajayi_RB_WSH,Jay Ajayi,RB,WSH,,,,,,,,,,,,,,,,,,,,,,
enunwa_WR_WSH,Quincy Enunwa,WR,WSH,,,,,,,,,,,,,,,,,,,,,,
doctson_WR_WSH,Josh Doctson,WR,WSH,,,,,,,,,,,,,,,,,,,,,,
bell_RB_WSH,Le'Veon Bell,RB,WSH,,,,,,,,,,,,,,,,,,,,,,
mcdonald_TE_PIT,Vance McDonald,TE,PIT,,,,,,,,,,,,,,,,,,,,,,
reed_TE_SF,Jordan Reed,TE,SF,,,,,,,,,,,,,,,,,,,,,,
anderson_RB_DET,C.J. Anderson,RB,DET,,,,,,,,,,,,,,,,,,,,,,
maher_K_WSH,Brett Maher,K,WSH,,,,,,,,,,,,,,,,,,,,,,
benjamin_TE_WSH,Kelvin Benjamin,TE,WSH,,,,,,,,,,,,,,,,,,,,,,
eifert_TE_WSH,Tyler Eifert,TE,WSH,,,,,,,,,,,,,,,,,,,,,,
riddick_RB_LV,Theo Riddick,RB,LV,,,,,,,,,,,,,,,,,,,,,,
richardson_WR_WSH,Paul Richardson Jr.,WR,WSH,,,,,,,,,,,,,,,,,,,,,,
lee_WR_SF,Marqise Lee,WR,SF,,,,,,,,,,,,,,,,,,,,,,
moncrief_WR_WSH,Donte Moncrief,WR,WSH,,,,,,,,,,,,,,,,,,,,,,
stills_WR_WSH,Kenny Stills,WR,WSH,,,,,,,,,,,,,,,,,,,,,,
thompson_RB_WSH,Chris Thompson,RB,WSH,,,,,,,,,,,,,,,,,,,,,,
griffin_QB_WSH,Robert Griffin III,QB,WSH,,,,,,,,,,,,,,,,,,,,,,
miller_RB_WSH,Lamar Miller,RB,WSH,,,,,,,,,,,,,,,,,,,,,,
lewis_RB_WSH,Dion Lewis,RB,WSH,,,,,,,,,,,,,,,,,,,,,,
bailey_K_WSH,Dan Bailey,K,WSH,,,,,,,,,,,,,,,,,,,,,,
turbin_RB_WSH,Robert Turbin,RB,WSH,,,,,,,,,,,,,,,,,,,,,,
thomas_WR_NYJ,Demaryius Thomas,WR,NYJ,,,,,,,,,,,,,,,,,,,,,,
inman_WR_WSH,Dontrelle Inman,WR,WSH,,,,,,,,,,,,,,,,,,,,,,
newton_QB_WSH,Cam Newton,QB,WSH,,,,,,,,,,,,,,,,,,,,,,
forbath_K_WSH,Kai Forbath,K,WSH,,,,,,,,,,,,,,,,,,,,,,
kendricks_TE_WSH,Lance Kendricks,TE,WSH,,,,,,,,,,,,,,,,,,,,,,
jeffery_WR_WSH,Alshon Jeffery,WR,WSH,,,,,,,,,,,,,,,,,,,,,,
powell_RB_WSH,Bilal Powell,RB,WSH,,,,,,,,,,,,,,,,,,,,,,
morris_RB_WSH,Alfred Morris,RB,WSH,,,,,,,,,,,,,,,,,,,,,,
benjamin_WR_SF,Travis Benjamin,WR,SF,,,,,,,,,,,,,,,,,,,,,,
tate_WR_WSH,Golden Tate,WR,WSH,,,,,,,,,,,,,,,,,,,,,,
bryant_WR_WSH,Dez Bryant,WR,WSH,,,,,,,,,,,,,,,,,,,,,,
bullock_K_WSH,Randy Bullock,K,WSH,,,,,,,,,,,,,,,,,,,,,,
ginn_WR_WSH,Ted Ginn Jr.,WR,WSH,,,,,,,,,,,,,,,,,,,,,,
crabtree_WR_ARI,Michael Crabtree,WR,ARI,,,,,,,,,,,,,,,,,,,,,,
peterson_RB_WSH,Adrian Peterson,RB,WSH,,,,,,,,,,,,,,,,,,,,,,
lynch_RB_WSH,Marshawn Lynch,RB,WSH,,,,,,,,,,,,,,,,,,,,,,
vinatieri_K_WSH,Adam Vinatieri,K,WSH,,,,,,,,,,,,,,,,,,,,,,
olsen_TE_SEA,Greg Olsen,TE,SEA,,,,,,,,,,,,,,,,,,,,,,
brees_QB_NO,Drew Brees,QB,NO,,,,,,,,,,,,,,,,,,,,,,
mccown_QB_WSH,Josh McCown,QB,WSH,,,,,,,,,,,,,,,,,,,,,,
folk_K_NE,Nick Folk,K,NE,,,,,,,,,,,,,,,,,,,,,,
bryant_K_WSH,Matt Bryant,K,WSH,,,,,,,,,,,,,,,,,,,,,,
moore_QB_WSH,Matt Moore,QB,WSH,,,,,,,,,,,,,,,,,,,,,,
manning_QB_NYG,Eli Manning,QB,NYG,,,,,,,,,,,,,,,,,,,,,,
fitzgerald_WR_WSH,Larry Fitzgerald,WR,WSH,,,,,,,,,,,,,,,,,,,,,,
rivers_QB_IND,Philip Rivers,QB,IND,,,,,,,,,,,,,,,,,,,,,,
watson_TE_NE,Ben Watson,TE,NE,,,,,,,,,,,,,,,,,,,,,,
johnson_QB_NYJ,Josh Johnson,QB,NYJ,,,,,,,,,,,,,,,,,,,,,,
amendola_WR_WSH,Danny Amendola,WR,WSH,,,,,,,,,,,,,,,,,,,,,,
nugent_K_WSH,Mike Nugent,K,WSH,,,,,,,,,,,,,,,,,,,,,,
hauschka_K_WSH,Stephen Hauschka,K,WSH,,,,,,,,,,,,,,,,,,,,,,
gore_RB_WSH,Frank Gore,RB,WSH,,,,,,,,,,,,,,,,,,,,,,
sproles_RB_PHI,Darren Sproles,RB,PHI,,,,,,,,,,,,,,,,,,,,,,
mccoy_RB_WSH,LeSean McCoy,RB,WSH,,,,,,,,,,,,,,,,,,,,,,
edelman_WR_NE,Julian Edelman,WR,NE,,,,,,,,,,,,,,,,,,,,,,
gostkowski_K_WSH,Stephen Gostkowski,K,WSH,,,,,,,,,,,,,,,,,,,,,,
walker_TE_TEN,Delanie Walker,TE,TEN,,,,,,,,,,,,,,,,,,,,,,
fitzgerald_QB_WSH,Nick Fitzgerald,QB,WSH,,,,,,,,,,,,,,,,,,,,,,
hart_WR_SEA,Penny Hart,WR,SEA,,,,,,,,,,,,,,,,,,,,,,
brady_WR_JAX,Tyre Brady,WR,JAX,,,,,,,,,,,,,,,,,,,,,,
mcknight_WR_WSH,Kelvin McKnight,WR,WSH,,,,,,,,,,,,,,,,,,,,,,
barnes_RB_TEN,Alex Barnes,RB,TEN,,,,,,,,,,,,,,,,,,,,,,
johnson_WR_WSH,Anthony Johnson,WR,WSH,,,,,,,,,,,,,,,,,,,,,,
conrad_TE_WSH,C.J. Conrad,TE,WSH,,,,,,,,,,,,,,,,,,,,,,
butler_WR_WSH,Emmanuel Butler,WR,WSH,,,,,,,,,,,,,,,,,,,,,,
crockett_RB_WSH,Damarea Crockett,RB,WSH,,,,,,,,,,,,,,,,,,,,,,
willis_WR_NYG,Damion Willis,WR,NYG,,,,,,,,,,,,,,,,,,,,,,
bonnafon_RB_WSH,Reggie Bonnafon,RB,WSH,,,,,,,,,,,,,,,,,,,,,,
doss_WR_WSH,Keelan Doss,WR,WSH,,,,,,,,,,,,,,,,,,,,,,
wade_RB_BUF,Christian Wade,RB,BUF,,,,,,,,,,,,,,,,,,,,,,
ferguson_WR_WSH,Jazz Ferguson,WR,WSH,,,,,,,,,,,,,,,,,,,,,,
dawkins_RB_WSH,Dalyn Dawkins,RB,WSH,,,,,,,,,,,,,,,,,,,,,,
shepherd_WR_WSH,Darrius Shepherd,WR,WSH,,,,,,,,,,,,,,,,,,,,,,
laird_RB_MIA,Patrick Laird,RB,MIA,,,,,,,,,,,,,,,,,,,,,,
hodges_QB_LAR,Devlin Hodges,QB,LAR,,,,,,,,,,,,,,,,,,,,,,
hollins_WR_CLE,Alexander Hollins,WR,CLE,,,,,,,,,,,,,,,,,,,,,,
hentges_TE_MIN,Hale Hentges,TE,MIN,,,,,,,,,,,,,,,,,,,,,,
patton_WR_WSH,Andre Patton,WR,WSH,,,,,,,,,,,,,,,,,,,,,,
hyman_WR_WSH,Ishmael Hyman,WR,WSH,,,,,,,,,,,,,,,,,,,,,,
hudson_TE_SF,Tanner Hudson,TE,SF,,,,,,,,,,,,,,,,,,,,,,
gafford_WR_WSH,Rico Gafford,WR,WSH,,,,,,,,,,,,,,,,,,,,,,
blanton_TE_LAR,Kendall Blanton,TE,LAR,,,,,,,,,,,,,,,,,,,,,,
schnell_WR_WSH,Spencer Schnell,WR,WSH,,,,,,,,,,,,,,,,,,,,,,
mcelroy_TE_TB,Codey McElroy,TE,TB,,,,,,,,,,,,,,,,,,,,,,
moore_WR_LAC,Jason Moore,WR,LAC,,,,,,,,,,,,,,,,,,,,,,
grayson_WR_TB,Cyril Grayson,WR,TB,,,,,,,,,,,,,,,,,,,,,,
hills_RB_WSH,Wes Hills,RB,WSH,,,,,,,,,,,,,,,,,,,,,,
jones_TE_WSH,Charles Jones,TE,WSH,,,,,,,,,,,,,,,,,,,,,,
vander_TE_WSH,Jason Vander Laan,TE,WSH,,,,,,,,,,,,,,,,,,,,,,
nall_RB_CHI,Ryan Nall,RB,CHI,,,,,,,,,,,,,,,,,,,,,,
hollister_WR_WSH,Cody Hollister,WR,WSH,,,,,,,,,,,,,,,,,,,,,,
sowell_TE_WSH,Bradley Sowell,TE,WSH,,,,,,,,,,,,,,,,,,,,,,
meier_TE_WSH,Carson Meier,TE,WSH,,,,,,,,,,,,,,,,,,,,,,
reynolds_RB_DET,Craig Reynolds,RB,DET,,,,,,,,,,,,,,,,,,,,,,
walter_RB_WSH,Austin Walter,RB,WSH,,,,,,,,,,,,,,,,,,,,,,
chunn_RB_WSH,Jordan Chunn,RB,WSH,,,,,,,,,,,,,,,,,,,,,,
brooksjames_RB_WSH,Tony Brooks-James,RB,WSH,,,,,,,,,,,,,,,,,,,,,,
hilliman_RB_WSH,Jonathan Hilliman,RB,WSH,,,,,,,,,,,,,,,,,,,,,,
franklin_WR_WSH,John Franklin,WR,WSH,,,,,,,,,,,,,,,,,,,,,,
irwin_WR_CIN,Trenton Irwin,WR,CIN,,,,,,,,,,,,,,,,,,,,,,
slye_K_WSH,Joey Slye,K,WSH,,,,,,,,,,,,,,,,,,,,,,
gandygolden_WR_WSH,Antonio Gandy-Golden,WR,WSH,,,,,,,,,,,,,,,,,,,,,,
huntley_RB_PHI,Jason Huntley,RB,PHI,,,,,,,,,,,,,,,,,,,,,,
sloman_K_WSH,Sam Sloman,K,WSH,,,,,,,,,,,,,,,,,,,,,,
rohrwasser_K_WSH,Justin Rohrwasser,K,WSH,,,,,,,,,,,,,,,,,,,,,,
reed_WR_WSH,Joe Reed,WR,WSH,,,,,,,,,,,,,,,,,,,,,,
morgan_QB_CAR,James Morgan,QB,CAR,,,,,,,,,,,,,,,,,,,,,,
mcdonald_QB_WSH,Cole McDonald,QB,WSH,,,,,,,,,,,,,,,,,,,,,,
hightower_WR_PHI,John Hightower,WR,PHI,,,,,,,,,,,,,,,,,,,,,,
cleveland_WR_WSH,Tyrie Cleveland,WR,WSH,,,,,,,,,,,,,,,,,,,,,,
sullivan_TE_CAR,Stephen Sullivan,TE,CAR,,,,,,,,,,,,,,,,,,,,,,
stevens_TE_WSH,Tommy Stevens,TE,WSH,,,,,,,,,,,,,,,,,,,,,,
coulter_WR_CHI,Isaiah Coulter,WR,CHI,,,,,,,,,,,,,,,,,,,,,,
dinucci_QB_WSH,Ben DiNucci,QB,WSH,,,,,,,,,,,,,,,,,,,,,,
fromm_QB_BUF,Jake Fromm,QB,BUF,,,,,,,,,,,,,,,,,,,,,,
hodgins_WR_BUF,Isaiah Hodgins,WR,BUF,,,,,,,,,,,,,,,,,,,,,,
moss_TE_CIN,Thaddeus Moss,TE,CIN,,,,,,,,,,,,,,,,,,,,,,
hastings_WR_WSH,Will Hastings,WR,WSH,,,,,,,,,,,,,,,,,,,,,,
begelton_WR_WSH,Reggie Begelton,WR,WSH,,,,,,,,,,,,,,,,,,,,,,
merritt_WR_MIA,Kirk Merritt,WR,MIA,,,,,,,,,,,,,,,,,,,,,,
gordon_QB_WSH,Anthony Gordon,QB,WSH,,,,,,,,,,,,,,,,,,,,,,
pinkney_TE_DET,Jared Pinkney,TE,DET,,,,,,,,,,,,,,,,,,,,,,
bayless_WR_CAR,Omar Bayless,WR,CAR,,,,,,,,,,,,,,,,,,,,,,
leake_RB_WSH,Javon Leake,RB,WSH,,,,,,,,,,,,,,,,,,,,,,
togiai_TE_WSH,Noah Togiai,TE,WSH,,,,,,,,,,,,,,,,,,,,,,
jackson_WR_MIN,Trishton Jackson,WR,MIN,,,,,,,,,,,,,,,,,,,,,,
keizer_TE_KC,Nick Keizer,TE,KC,,,,,,,,,,,,,,,,,,,,,,
baugh_TE_WSH,Marcus Baugh,TE,WSH,,,,,,,,,,,,,,,,,,,,,,
cottrell_RB_JAX,Nathan Cottrell,RB,JAX,,,,,,,,,,,,,,,,,,,,,,
lovett_RB_WSH,John Lovett,RB,WSH,,,,,,,,,,,,,,,,,,,,,,
becker_TE_WSH,Nate Becker,TE,WSH,,,,,,,,,,,,,,,,,,,,,,
smith_RB_CAR,Rodney Smith,RB,CAR,,,,,,,,,,,,,,,,,,,,,,
harris_WR_IND,DeMichael Harris,WR,IND,,,,,,,,,,,,,,,,,,,,,,
williams_RB_BUF,Antonio Williams,RB,BUF,,,,,,,,,,,,,,,,,,,,,,
pierce_RB_CHI,Artavis Pierce,RB,CHI,,,,,,,,,,,,,,,,,,,,,,
rowland_WR_WSH,Chris Rowland,WR,WSH,,,,,,,,,,,,,,,,,,,,,,
cager_WR_WSH,Lawrence Cager,WR,WSH,,,,,,,,,,,,,,,,,,,,,,
rader_TE_PIT,Kevin Rader,TE,PIT,,,,,,,,,,,,,,,,,,,,,,
sokol_TE_JAX,Matt Sokol,TE,JAX,,,,,,,,,,,,,,,,,,,,,,
wright_K_WSH,Brandon Wright,K,WSH,,,,,,,,,,,,,,,,,,,,,,
bradley_WR_CLE,Ja'Marcus Bradley,WR,CLE,,,,,,,,,,,,,,,,,,,,,,
hinton_WR_WSH,Kendall Hinton,WR,WSH,,,,,,,,,,,,,,,,,,,,,,
myarick_TE_NYG,Chris Myarick,TE,NYG,,,,,,,,,,,,,,,,,,,,,,
castillo_K_WSH,Sergio Castillo,K,WSH,,,,,,,,,,,,,,,,,,,,,,
cole_WR_NYG,Matt Cole,WR,NYG,,,,,,,,,,,,,,,,,,,,,,
fry_K_WSH,Elliott Fry,K,WSH,,,,,,,,,,,,,,,,,,,,,,
wilkerson_WR_NE,Kristian Wilkerson,WR,NE,,,,,,,,,,,,,,,,,,,,,,
bargas_RB_MIN,Jake Bargas,RB,MIN,,,,,,,,,,,,,,,,,,,,,,
green_TE_IND,Farrod Green,TE,IND,,,,,,,,,,,,,,,,,,,,,,
zuber_WR_WSH,Isaiah Zuber,WR,WSH,,,,,,,,,,,,,,,,,,,,,,
bradwell_RB_LAC,Darius Bradwell,RB,LAC,,,,,,,,,,,,,,,,,,,,,,
russolino_K_WSH,Taylor Russolino,K,WSH,,,,,,,,,,,,,,,,,,,,,,
helm_TE_WSH,Daniel Helm,TE,WSH,,,,,,,,,,,,,,,,,,,,,,
cox_RB_DEN,Jeremy Cox,RB,DEN,,,,,,,,,,,,,,,,,,,,,,
bachman_WR_WSH,Alex Bachman,WR,WSH,,,,,,,,,,,,,,,,,,,,,,
brown_K_WSH,Jon Brown,K,WSH,,,,,,,,,,,,,,,,,,,,,,
badet_WR_WSH,Jeff Badet,WR,WSH,,,,,,,,,,,,,,,,,,,,,,
stanton_RB_CLE,Johnny Stanton,RB,CLE,,,,,,,,,,,,,,,,,,,,,,
mccann_K_TEN,Tucker McCann,K,TEN,,,,,,,,,,,,,,,,,,,,,,
hawkins_RB_WSH,Javian Hawkins,RB,WSH,,,,,,,,,,,,,,,,,,,,,,
fitzpatrick_WR_TEN,Dez Fitzpatrick,WR,TEN,,,,,,,,,,,,,,,,,,,,,,
powell_WR_KC,Cornell Powell,WR,KC,,,,,,,,,,,,,,,,,,,,,,
newsome_WR_CHI,Dazz Newsome,WR,CHI,,,,,,,,,,,,,,,,,,,,,,
mason_RB_NE,Ben Mason,RB,NE,,,,,,,,,,,,,,,,,,,,,,
williams_WR_DEN,Seth Williams,WR,DEN,,,,,,,,,,,,,,,,,,,,,,
baker_WR_NO,Kawaan Baker,WR,NO,,,,,,,,,,,,,,,,,,,,,,
nixon_WR_NE,Tre Nixon,WR,NE,,,,,,,,,,,,,,,,,,,,,,
surratt_WR_DET,Sage Surratt,WR,DET,,,,,,,,,,,,,,,,,,,,,,
davidson_TE_MIN,Zach Davidson,TE,MIN,,,,,,,,,,,,,,,,,,,,,,
camp_WR_HOU,Jalen Camp,WR,HOU,,,,,,,,,,,,,,,,,,,,,,
doaks_RB_MIA,Gerrid Doaks,RB,MIA,,,,,,,,,,,,,,,,,,,,,,
tebow_TE_WSH,Tim Tebow,TE,WSH,,,,,,,,,,,,,,,,,,,,,,
johnson_WR_SEA,Cade Johnson,WR,SEA,,,,,,,,,,,,,,,,,,,,,,
yeboah_TE_WSH,Kenny Yeboah,TE,WSH,,,,,,,,,,,,,,,,,,,,,,
