key,name,pos,team,pass_tds,pass_yds,pass_ints,rush_tds,rush_yds,receptions,reception_tds,reception_yds,two_pts,fumbles,kick_0_19,kick_20_29,kick_30_39,kick_40_49,kick_50,kick_extra_points,df_points_allowed_per_game,df_sacks,df_safeties,df_fumbles,df_tds,df_ints
taylor_RB_IND,Jonathan Taylor,RB,IND,,,,14.0,1552.0,42.0,1.0,340.0,,,,,,,,,,,,,,
kupp_WR_LAR,Cooper Kupp,WR,LAR,,,,0.0,25.0,114.0,10.0,1349.0,,,,,,,,,,,,,,
mccaffrey_RB_CAR,Christian McCaffrey,RB,CAR,,,,7.0,944.0,90.0,2.0,681.0,,,,,,,,,,,,,,
ekeler_RB_LAC,Austin Ekeler,RB,LAC,,,,9.0,971.0,66.0,3.0,612.0,,,,,,,,,,,,,,
jefferson_WR_MIN,Justin Jefferson,WR,MIN,,,,0.0,24.0,98.0,8.0,1370.0,,,,,,,,,,,,,,
chase_WR_CIN,Ja'Marr Chase,WR,CIN,,,,1.0,82.0,84.0,9.0,1256.0,,,,,,,,,,,,,,
henry_RB_TEN,Derrick Henry,RB,TEN,,,,11.0,1464.0,29.0,1.0,217.0,,,,,,,,,,,,,,
harris_RB_PIT,Najee Harris,RB,PIT,,,,7.0,1142.0,59.0,2.0,388.0,,,,,,,,,,,,,,
adams_WR_LV,Davante Adams,WR,LV,,,,0.0,0.0,96.0,7.0,1157.0,,,,,,,,,,,,,,
cook_RB_MIN,Dalvin Cook,RB,MIN,,,,10.0,1138.0,45.0,1.0,360.0,,,,,,,,,,,,,,
diggs_WR_BUF,Stefon Diggs,WR,BUF,,,,0.0,0.0,93.0,8.0,1149.0,,,,,,,,,,,,,,
samuel_WR_SF,Deebo Samuel,WR,SF,,,,4.0,368.0,69.0,5.0,996.0,,,,,,,,,,,,,,
lamb_WR_DAL,CeeDee Lamb,WR,DAL,,,,0.0,59.0,87.0,7.0,1126.0,,,,,,,,,,,,,,
mixon_RB_CIN,Joe Mixon,RB,CIN,,,,10.0,1128.0,42.0,2.0,280.0,,,,,,,,,,,,,,
swift_RB_DET,D'Andre Swift,RB,DET,,,,7.0,856.0,66.0,3.0,502.0,,,,,,,,,,,,,,
fournette_RB_TB,Leonard Fournette,RB,TB,,,,9.0,926.0,59.0,2.0,391.0,,,,,,,,,,,,,,
hill_WR_MIA,Tyreek Hill,WR,MIA,,,,0.0,59.0,88.0,7.0,1091.0,,,,,,,,,,,,,,
kamara_RB_NO,Alvin Kamara,RB,NO,,,,6.0,839.0,57.0,4.0,553.0,,,,,,,,,,,,,,
williams_RB_DEN,Javonte Williams,RB,DEN,,,,7.0,974.0,50.0,2.0,357.0,,,,,,,,,,,,,,
conner_RB_ARI,James Conner,RB,ARI,,,,11.0,909.0,44.0,2.0,334.0,,,,,,,,,,,,,,
jones_RB_GB,Aaron Jones,RB,GB,,,,5.0,832.0,58.0,3.0,496.0,,,,,,,,,,,,,,
akers_RB_LAR,Cam Akers,RB,LAR,,,,8.0,1102.0,36.0,2.0,280.0,,,,,,,,,,,,,,
evans_WR_TB,Mike Evans,WR,TB,,,,0.0,0.0,73.0,8.0,1015.0,,,,,,,,,,,,,,
allen_WR_LAC,Keenan Allen,WR,LAC,,,,0.0,0.0,93.0,7.0,1029.0,,,,,,,,,,,,,,
higgins_WR_CIN,Tee Higgins,WR,CIN,,,,0.0,0.0,80.0,8.0,1088.0,,,,,,,,,,,,,,
barkley_RB_NYG,Saquon Barkley,RB,NYG,,,,6.0,885.0,52.0,2.0,419.0,,,,,,,,,,,,,,
montgomery_RB_CHI,David Montgomery,RB,CHI,,,,8.0,963.0,46.0,2.0,332.0,,,,,,,,,,,,,,
moore_WR_CAR,DJ Moore,WR,CAR,,,,0.0,54.0,80.0,5.0,1166.0,,,,,,,,,,,,,,
andrews_TE_BAL,Mark Andrews,TE,BAL,,,,0.0,0.0,81.0,8.0,1003.0,,,,,,,,,,,,,,
kelce_TE_KC,Travis Kelce,TE,KC,,,,0.0,7.0,91.0,7.0,1027.0,,,,,,,,,,,,,,
waddle_WR_MIA,Jaylen Waddle,WR,MIA,,,,0.0,48.0,90.0,6.0,963.0,,,,,,,,,,,,,,
brown_WR_PHI,A.J. Brown,WR,PHI,,,,0.0,0.0,74.0,7.0,1060.0,,,,,,,,,,,,,,
chubb_RB_CLE,Nick Chubb,RB,CLE,,,,7.0,1188.0,26.0,1.0,223.0,,,,,,,,,,,,,,
dobbins_RB_BAL,J.K. Dobbins,RB,BAL,,,,9.0,940.0,34.0,1.0,258.0,,,,,,,,,,,,,,
hall_RB_NYJ,Breece Hall,RB,NYJ,,,,6.0,1059.0,35.0,1.0,257.0,,,,,,,,,,,,,,
elliott_RB_DAL,Ezekiel Elliott,RB,DAL,,,,8.0,896.0,41.0,2.0,286.0,,,,,,,,,,,,,,
pittman_WR_IND,Michael Pittman Jr.,WR,IND,,,,0.0,31.0,85.0,6.0,1050.0,,,,,,,,,,,,,,
mclaurin_WR_WSH,Terry McLaurin,WR,WSH,,,,0.0,0.0,77.0,6.0,1073.0,,,,,,,,,,,,,,
johnson_WR_PIT,Diontae Johnson,WR,PIT,,,,0.0,26.0,86.0,4.0,1058.0,,,,,,,,,,,,,,
jacobs_RB_LV,Josh Jacobs,RB,LV,,,,9.0,917.0,37.0,1.0,265.0,,,,,,,,,,,,,,
gibson_RB_WSH,Antonio Gibson,RB,WSH,,,,9.0,986.0,30.0,1.0,212.0,,,,,,,,,,,,,,
allen_QB_BUF,Josh Allen,QB,BUF,33.0,4122.0,13.0,7.0,681.0,,,,,,,,,,,,,,,,,
williams_WR_LAC,Mike Williams,WR,LAC,,,,0.0,0.0,63.0,9.0,955.0,,,,,,,,,,,,,,
cooks_WR_HOU,Brandin Cooks,WR,HOU,,,,0.0,24.0,85.0,4.0,1030.0,,,,,,,,,,,,,,
brown_WR_ARI,Marquise Brown,WR,ARI,,,,0.0,0.0,75.0,6.0,1021.0,,,,,,,,,,,,,,
metcalf_WR_SEA,DK Metcalf,WR,SEA,,,,0.0,0.0,74.0,5.0,1080.0,,,,,,,,,,,,,,
brown_WR_DET,Amon-Ra St. Brown,WR,DET,,,,1.0,79.0,80.0,5.0,873.0,,,,,,,,,,,,,,
mahomes_QB_KC,Patrick Mahomes,QB,KC,36.0,4615.0,12.0,3.0,365.0,,,,,,,,,,,,,,,,,
mooney_WR_CHI,Darnell Mooney,WR,CHI,,,,0.0,25.0,76.0,4.0,1087.0,,,,,,,,,,,,,,
pitts_TE_ATL,Kyle Pitts,TE,ATL,,,,0.0,0.0,75.0,4.0,959.0,,,,,,,,,,,,,,
murray_QB_ARI,Kyler Murray,QB,ARI,26.0,4097.0,13.0,5.0,491.0,,,,,,,,,,,,,,,,,
schultz_TE_DAL,Dalton Schultz,TE,DAL,,,,0.0,0.0,75.0,5.0,701.0,,,,,,,,,,,,,,
brady_QB_TB,Tom Brady,QB,TB,34.0,4557.0,12.0,2.0,44.0,,,,,,,,,,,,,,,,,
hurts_QB_PHI,Jalen Hurts,QB,PHI,24.0,3313.0,12.0,9.0,733.0,,,,,,,,,,,,,,,,,
packers_DST_GB,Packers,DST,GB,,,,,,,,,,,,,,,,,21.1875,42.0,,8.0,2.0,15.0
cooper_WR_CLE,Amari Cooper,WR,CLE,,,,0.0,0.0,78.0,6.0,893.0,,,,,,,,,,,,,,
rodgers_QB_GB,Aaron Rodgers,QB,GB,35.0,4116.0,7.0,2.0,142.0,,,,,,,,,,,,,,,,,
godwin_WR_TB,Chris Godwin,WR,TB,,,,0.0,24.0,81.0,6.0,940.0,,,,,,,,,,,,,,
prescott_QB_DAL,Dak Prescott,QB,DAL,32.0,4414.0,11.0,3.0,202.0,,,,,,,,,,,,,,,,,
hockenson_TE_DET,T.J. Hockenson,TE,DET,,,,0.0,0.0,68.0,5.0,701.0,,,,,,,,,,,,,,
jeudy_WR_DEN,Jerry Jeudy,WR,DEN,,,,0.0,24.0,71.0,5.0,1045.0,,,,,,,,,,,,,,
burrow_QB_CIN,Joe Burrow,QB,CIN,30.0,4206.0,12.0,3.0,176.0,,,,,,,,,,,,,,,,,
buccaneers_DST_TB,Buccaneers,DST,TB,,,,,,,,,,,,,,,,,22.6875,45.0,,10.0,2.0,14.0
etienne_RB_JAX,Travis Etienne Jr.,RB,JAX,,,,4.0,599.0,54.0,2.0,422.0,,,,,,,,,,,,,,
ers_DST_SF,49ers,DST,SF,,,,,,,,,,,,,,,,,23.4375,42.0,,9.0,2.0,14.0
carlson_K_LV,Daniel Carlson,K,LV,,,,,,,,,,,,,,10.0,6.0,42.0,,,,,,
thomas_WR_NO,Michael Thomas,WR,NO,,,,0.0,0.0,76.0,5.0,820.0,,,,,,,,,,,,,,
wilson_QB_DEN,Russell Wilson,QB,DEN,30.0,4111.0,10.0,2.0,312.0,,,,,,,,,,,,,,,,,
lockett_WR_SEA,Tyler Lockett,WR,SEA,,,,0.0,11.0,83.0,4.0,999.0,,,,,,,,,,,,,,
renfrow_WR_LV,Hunter Renfrow,WR,LV,,,,0.0,23.0,79.0,6.0,805.0,,,,,,,,,,,,,,
sutton_WR_DEN,Courtland Sutton,WR,DEN,,,,0.0,0.0,65.0,8.0,961.0,,,,,,,,,,,,,,
smithschuster_WR_KC,JuJu Smith-Schuster,WR,KC,,,,0.0,0.0,75.0,7.0,837.0,,,,,,,,,,,,,,
mitchell_RB_SF,Elijah Mitchell,RB,SF,,,,8.0,1039.0,26.0,1.0,183.0,,,,,,,,,,,,,,
patterson_RB_ATL,Cordarrelle Patterson,RB,ATL,,,,3.0,574.0,48.0,2.0,430.0,,,,,,,,,,,,,,
goedert_TE_PHI,Dallas Goedert,TE,PHI,,,,0.0,0.0,58.0,4.0,689.0,,,,,,,,,,,,,,
sanders_RB_PHI,Miles Sanders,RB,PHI,,,,5.0,1038.0,32.0,1.0,260.0,,,,,,,,,,,,,,
ertz_TE_ARI,Zach Ertz,TE,ARI,,,,0.0,0.0,58.0,5.0,615.0,,,,,,,,,,,,,,
davis_WR_BUF,Gabriel Davis,WR,BUF,,,,0.0,0.0,63.0,9.0,920.0,,,,,,,,,,,,,,
singletary_RB_BUF,Devin Singletary,RB,BUF,,,,7.0,900.0,31.0,1.0,207.0,,,,,,,,,,,,,,
thielen_WR_MIN,Adam Thielen,WR,MIN,,,,0.0,0.0,73.0,7.0,799.0,,,,,,,,,,,,,,
hopkins_WR_ARI,DeAndre Hopkins,WR,ARI,,,,0.0,0.0,57.0,5.0,660.0,,,,,,,,,,,,,,
edwardshelaire_RB_KC,Clyde Edwards-Helaire,RB,KC,,,,5.0,659.0,37.0,2.0,284.0,,,,,,,,,,,,,,
hunt_RB_CLE,Kareem Hunt,RB,CLE,,,,4.0,556.0,47.0,2.0,402.0,,,,,,,,,,,,,,
stafford_QB_LAR,Matthew Stafford,QB,LAR,32.0,4338.0,14.0,2.0,85.0,,,,,,,,,,,,,,,,,
smith_WR_PHI,DeVonta Smith,WR,PHI,,,,0.0,0.0,65.0,7.0,874.0,,,,,,,,,,,,,,
ravens_DST_BAL,Ravens,DST,BAL,,,,,,,,,,,,,,,,,21.8125,43.0,,10.0,2.0,15.0
robinson_WR_LAR,Allen Robinson II,WR,LAR,,,,0.0,0.0,71.0,6.0,920.0,,,,,,,,,,,,,,
harris_RB_NE,Damien Harris,RB,NE,,,,10.0,817.0,17.0,1.0,122.0,,,,,,,,,,,,,,
gesicki_TE_MIA,Mike Gesicki,TE,MIA,,,,0.0,0.0,57.0,5.0,622.0,,,,,,,,,,,,,,
mcmanus_K_DEN,Brandon McManus,K,DEN,,,,,,,,,,,,,,10.0,5.0,43.0,,,,,,
pollard_RB_DAL,Tony Pollard,RB,DAL,,,,4.0,768.0,36.0,1.0,270.0,,,,,,,,,,,,,,
folk_K_NE,Nick Folk,K,NE,,,,,,,,,,,,,,10.0,5.0,42.0,,,,,,
dillon_RB_GB,AJ Dillon,RB,GB,,,,5.0,760.0,27.0,1.0,204.0,,,,,,,,,,,,,,
london_WR_ATL,Drake London,WR,ATL,,,,0.0,0.0,74.0,4.0,929.0,,,,,,,,,,,,,,
bateman_WR_BAL,Rashod Bateman,WR,BAL,,,,0.0,0.0,72.0,4.0,880.0,,,,,,,,,,,,,,
moore_WR_NYJ,Elijah Moore,WR,NYJ,,,,0.0,38.0,64.0,5.0,884.0,,,,,,,,,,,,,,
freiermuth_TE_PIT,Pat Freiermuth,TE,PIT,,,,0.0,0.0,63.0,4.0,560.0,,,,,,,,,,,,,,
claypool_WR_PIT,Chase Claypool,WR,PIT,,,,1.0,72.0,59.0,4.0,858.0,,,,,,,,,,,,,,
kirk_WR_JAX,Christian Kirk,WR,JAX,,,,0.0,0.0,77.0,4.0,866.0,,,,,,,,,,,,,,
carr_QB_LV,Derek Carr,QB,LV,27.0,4210.0,12.0,1.0,106.0,,,,,,,,,,,,,,,,,
penny_RB_SEA,Rashaad Penny,RB,SEA,,,,5.0,811.0,26.0,1.0,195.0,,,,,,,,,,,,,,
bass_K_BUF,Tyler Bass,K,BUF,,,,,,,,,,,,,,10.0,5.0,46.0,,,,,,
edmonds_RB_MIA,Chase Edmonds,RB,MIA,,,,3.0,467.0,48.0,2.0,335.0,,,,,,,,,,,,,,
knox_TE_BUF,Dawson Knox,TE,BUF,,,,0.0,0.0,46.0,6.0,558.0,,,,,,,,,,,,,,
lance_QB_SF,Trey Lance,QB,SF,23.0,3539.0,12.0,4.0,518.0,,,,,,,,,,,,,,,,,
gage_WR_TB,Russell Gage,WR,TB,,,,0.0,0.0,65.0,5.0,720.0,,,,,,,,,,,,,,
carter_RB_NYJ,Michael Carter,RB,NYJ,,,,2.0,423.0,43.0,2.0,368.0,,,,,,,,,,,,,,
aiyuk_WR_SF,Brandon Aiyuk,WR,SF,,,,0.0,15.0,60.0,6.0,775.0,,,,,,,,,,,,,,
cowboys_DST_DAL,Cowboys,DST,DAL,,,,,,,,,,,,,,,,,24.3125,43.0,,10.0,2.0,14.0
gordon_RB_DEN,Melvin Gordon III,RB,DEN,,,,6.0,603.0,25.0,1.0,186.0,,,,,,,,,,,,,,
colts_DST_IND,Colts,DST,IND,,,,,,,,,,,,,,,,,23.375,40.0,,9.0,3.0,14.0
toney_WR_NYG,Kadarius Toney,WR,NYG,,,,0.0,23.0,71.0,4.0,816.0,,,,,,,,,,,,,,
wilson_WR_NYJ,Garrett Wilson,WR,NYJ,,,,0.0,12.0,67.0,5.0,870.0,,,,,,,,,,,,,,
henry_TE_NE,Hunter Henry,TE,NE,,,,0.0,0.0,52.0,6.0,564.0,,,,,,,,,,,,,,
olave_WR_NO,Chris Olave,WR,NO,,,,0.0,0.0,60.0,6.0,853.0,,,,,,,,,,,,,,
burks_WR_TEN,Treylon Burks,WR,TEN,,,,0.0,44.0,62.0,5.0,839.0,,,,,,,,,,,,,,
prater_K_ARI,Matt Prater,K,ARI,,,,,,,,,,,,,,10.0,5.0,43.0,,,,,,
lazard_WR_GB,Allen Lazard,WR,GB,,,,0.0,27.0,52.0,6.0,673.0,,,,,,,,,,,,,,
woods_WR_TEN,Robert Woods,WR,TEN,,,,0.0,15.0,65.0,4.0,791.0,,,,,,,,,,,,,,
robinson_RB_JAX,James Robinson,RB,JAX,,,,6.0,789.0,26.0,1.0,197.0,,,,,,,,,,,,,,
cook_RB_BUF,James Cook,RB,BUF,,,,3.0,374.0,43.0,2.0,324.0,,,,,,,,,,,,,,
stevenson_RB_NE,Rhamondre Stevenson,RB,NE,,,,6.0,632.0,30.0,1.0,229.0,,,,,,,,,,,,,,
fant_TE_SEA,Noah Fant,TE,SEA,,,,0.0,0.0,60.0,3.0,615.0,,,,,,,,,,,,,,
walker_RB_SEA,Kenneth Walker III,RB,SEA,,,,4.0,685.0,21.0,1.0,155.0,,,,,,,,,,,,,,
meyers_WR_NE,Jakobi Meyers,WR,NE,,,,0.0,0.0,71.0,4.0,781.0,,,,,,,,,,,,,,
commanders_DST_WSH,Commanders,DST,WSH,,,,,,,,,,,,,,,,,23.25,41.0,,9.0,2.0,13.0
watson_WR_GB,Christian Watson,WR,GB,,,,0.0,25.0,53.0,6.0,708.0,,,,,,,,,,,,,,
golladay_WR_NYG,Kenny Golladay,WR,NYG,,,,0.0,0.0,51.0,5.0,806.0,,,,,,,,,,,,,,
cousins_QB_MIN,Kirk Cousins,QB,MIN,29.0,4132.0,10.0,1.0,100.0,,,,,,,,,,,,,,,,,
moore_WR_KC,Skyy Moore,WR,KC,,,,0.0,0.0,55.0,6.0,706.0,,,,,,,,,,,,,,
hardman_WR_KC,Mecole Hardman,WR,KC,,,,1.0,71.0,48.0,5.0,623.0,,,,,,,,,,,,,,
williams_WR_DET,Jameson Williams,WR,DET,,,,0.0,0.0,43.0,4.0,602.0,,,,,,,,,,,,,,
steelers_DST_PIT,Steelers,DST,PIT,,,,,,,,,,,,,,,,,24.0625,43.0,,10.0,2.0,13.0
landry_WR_NO,Jarvis Landry,WR,NO,,,,0.0,1.0,61.0,4.0,791.0,,,,,,,,,,,,,,
boyd_WR_CIN,Tyler Boyd,WR,CIN,,,,0.0,13.0,67.0,4.0,740.0,,,,,,,,,,,,,,
jones_RB_KC,Ronald Jones,RB,KC,,,,5.0,533.0,14.0,0.0,98.0,,,,,,,,,,,,,,
gano_K_NYG,Graham Gano,K,NYG,,,,,,,,,,,,,,10.0,5.0,33.0,,,,,,
hines_RB_IND,Nyheim Hines,RB,IND,,,,2.0,267.0,52.0,2.0,407.0,,,,,,,,,,,,,,
watson_QB_CLE,Deshaun Watson,QB,CLE,14.0,1985.0,6.0,3.0,269.0,,,,,,,,,,,,,,,,,
kmet_TE_CHI,Cole Kmet,TE,CHI,,,,0.0,0.0,56.0,4.0,602.0,,,,,,,,,,,,,,
browns_DST_CLE,Browns,DST,CLE,,,,,,,,,,,,,,,,,22.5625,44.0,,8.0,3.0,14.0
dotson_WR_WSH,Jahan Dotson,WR,WSH,,,,0.0,0.0,57.0,5.0,738.0,,,,,,,,,,,,,,
smith_TE_MIN,Irv Smith Jr.,TE,MIN,,,,0.0,0.0,53.0,5.0,525.0,,,,,,,,,,,,,,
valdesscantling_WR_KC,Marquez Valdes-Scantling,WR,KC,,,,0.0,11.0,39.0,5.0,748.0,,,,,,,,,,,,,,
tagovailoa_QB_MIA,Tua Tagovailoa,QB,MIA,25.0,3771.0,13.0,3.0,170.0,,,,,,,,,,,,,,,,,
gallup_WR_DAL,Michael Gallup,WR,DAL,,,,0.0,0.0,43.0,5.0,635.0,,,,,,,,,,,,,,
mckissic_RB_WSH,J.D. McKissic,RB,WSH,,,,2.0,278.0,50.0,1.0,390.0,,,,,,,,,,,,,,
mack_RB_HOU,Marlon Mack,RB,HOU,,,,4.0,659.0,18.0,0.0,121.0,,,,,,,,,,,,,,
njoku_TE_CLE,David Njoku,TE,CLE,,,,0.0,0.0,47.0,5.0,577.0,,,,,,,,,,,,,,
lawrence_QB_JAX,Trevor Lawrence,QB,JAX,23.0,3892.0,15.0,2.0,317.0,,,,,,,,,,,,,,,,,
mostert_RB_MIA,Raheem Mostert,RB,MIA,,,,4.0,648.0,13.0,1.0,101.0,,,,,,,,,,,,,,
chargers_DST_LAC,Chargers,DST,LAC,,,,,,,,,,,,,,,,,22.5625,42.0,,11.0,2.0,14.0
rams_DST_LAR,Rams,DST,LAR,,,,,,,,,,,,,,,,,22.9375,43.0,,8.0,2.0,13.0
mattison_RB_MIN,Alexander Mattison,RB,MIN,,,,4.0,474.0,22.0,1.0,159.0,,,,,,,,,,,,,,
bengals_DST_CIN,Bengals,DST,CIN,,,,,,,,,,,,,,,,,23.125,43.0,,9.0,2.0,15.0
anderson_WR_CAR,Robbie Anderson,WR,CAR,,,,0.0,24.0,56.0,4.0,825.0,,,,,,,,,,,,,,
jones_WR_JAX,Marvin Jones Jr.,WR,JAX,,,,0.0,0.0,58.0,6.0,683.0,,,,,,,,,,,,,,
elliott_K_PHI,Jake Elliott,K,PHI,,,,,,,,,,,,,,10.0,5.0,41.0,,,,,,
moore_WR_ARI,Rondale Moore,WR,ARI,,,,1.0,118.0,54.0,3.0,540.0,,,,,,,,,,,,,,
dolphins_DST_MIA,Dolphins,DST,MIA,,,,,,,,,,,,,,,,,24.3125,43.0,,9.0,2.0,13.0
patriots_DST_NE,Patriots,DST,NE,,,,,,,,,,,,,,,,,23.9375,39.0,,8.0,2.0,14.0
higbee_TE_LAR,Tyler Higbee,TE,LAR,,,,0.0,0.0,52.0,5.0,502.0,,,,,,,,,,,,,,
thomas_TE_WSH,Logan Thomas,TE,WSH,,,,0.0,0.0,43.0,5.0,467.0,,,,,,,,,,,,,,
jones_WR_TB,Julio Jones,WR,TB,,,,0.0,0.0,43.0,4.0,520.0,,,,,,,,,,,,,,
pierce_RB_HOU,Dameon Pierce,RB,HOU,,,,3.0,578.0,18.0,1.0,134.0,,,,,,,,,,,,,,
eagles_DST_PHI,Eagles,DST,PHI,,,,,,,,,,,,,,,,,22.375,44.0,,9.0,2.0,13.0
ingram_RB_NO,Mark Ingram II,RB,NO,,,,4.0,463.0,16.0,0.0,112.0,,,,,,,,,,,,,,
fields_QB_CHI,Justin Fields,QB,CHI,18.0,3633.0,16.0,3.0,598.0,,,,,,,,,,,,,,,,,
spiller_RB_LAC,Isaiah Spiller,RB,LAC,,,,4.0,550.0,18.0,1.0,131.0,,,,,,,,,,,,,,
parker_WR_NE,DeVante Parker,WR,NE,,,,0.0,0.0,51.0,4.0,694.0,,,,,,,,,,,,,,
henderson_RB_LAR,Darrell Henderson Jr.,RB,LAR,,,,3.0,399.0,22.0,1.0,166.0,,,,,,,,,,,,,,
succop_K_TB,Ryan Succop,K,TB,,,,,,,,,,,,,,10.0,5.0,47.0,,,,,,
tolbert_WR_DAL,Jalen Tolbert,WR,DAL,,,,0.0,0.0,52.0,5.0,689.0,,,,,,,,,,,,,,
tonyan_TE_GB,Robert Tonyan,TE,GB,,,,0.0,0.0,46.0,5.0,488.0,,,,,,,,,,,,,,
chark_WR_DET,DJ Chark,WR,DET,,,,0.0,0.0,43.0,4.0,640.0,,,,,,,,,,,,,,
jones_QB_NE,Mac Jones,QB,NE,24.0,3803.0,13.0,0.0,154.0,,,,,,,,,,,,,,,,,
ryan_QB_IND,Matt Ryan,QB,IND,23.0,3763.0,11.0,2.0,119.0,,,,,,,,,,,,,,,,,
allgeier_RB_ATL,Tyler Allgeier,RB,ATL,,,,2.0,414.0,16.0,1.0,116.0,,,,,,,,,,,,,,
crowder_WR_BUF,Jamison Crowder,WR,BUF,,,,0.0,0.0,52.0,4.0,526.0,,,,,,,,,,,,,,
joseph_K_MIN,Greg Joseph,K,MIN,,,,,,,,,,,,,,10.0,5.0,41.0,,,,,,
patrick_WR_DEN,Tim Patrick,WR,DEN,,,,0.0,0.0,52.0,6.0,683.0,,,,,,,,,,,,,,
winston_QB_NO,Jameis Winston,QB,NO,23.0,3502.0,13.0,2.0,331.0,,,,,,,,,,,,,,,,,
koo_K_ATL,Younghoe Koo,K,ATL,,,,,,,,,,,,,,10.0,5.0,28.0,,,,,,
okwuegbunam_TE_DEN,Albert Okwuegbunam,TE,DEN,,,,0.0,0.0,46.0,4.0,468.0,,,,,,,,,,,,,,
pierce_WR_IND,Alec Pierce,WR,IND,,,,0.0,0.0,49.0,4.0,657.0,,,,,,,,,,,,,,
jefferson_WR_LAR,Van Jefferson,WR,LAR,,,,0.0,27.0,48.0,5.0,701.0,,,,,,,,,,,,,,
wilson_QB_NYJ,Zach Wilson,QB,NYJ,21.0,3617.0,14.0,3.0,215.0,,,,,,,,,,,,,,,,,
pickens_WR_PIT,George Pickens,WR,PIT,,,,0.0,0.0,52.0,3.0,677.0,,,,,,,,,,,,,,
engram_TE_JAX,Evan Engram,TE,JAX,,,,0.0,0.0,50.0,3.0,571.0,,,,,,,,,,,,,,
edwards_RB_BAL,Gus Edwards,RB,BAL,,,,4.0,661.0,15.0,1.0,117.0,,,,,,,,,,,,,,
york_K_CLE,Cade York,K,CLE,,,,,,,,,,,,,,10.0,5.0,38.0,,,,,,
williams_RB_DET,Jamaal Williams,RB,DET,,,,4.0,582.0,21.0,1.0,126.0,,,,,,,,,,,,,,
broncos_DST_DEN,Broncos,DST,DEN,,,,,,,,,,,,,,,,,24.4375,39.0,,9.0,2.0,14.0
wentz_QB_WSH,Carson Wentz,QB,WSH,24.0,3758.0,10.0,2.0,224.0,,,,,,,,,,,,,,,,,
tannehill_QB_TEN,Ryan Tannehill,QB,TEN,22.0,3559.0,13.0,4.0,243.0,,,,,,,,,,,,,,,,,
gould_K_SF,Robbie Gould,K,SF,,,,,,,,,,,,,,10.0,5.0,40.0,,,,,,
boswell_K_PIT,Chris Boswell,K,PIT,,,,,,,,,,,,,,10.0,5.0,30.0,,,,,,
metchie_WR_HOU,John Metchie III,WR,HOU,,,,,,,,,,,,,,,,,,,,,,
hopkins_K_LAC,Dustin Hopkins,K,LAC,,,,,,,,,,,,,,9.0,5.0,45.0,,,,,,
davis_WR_NYJ,Corey Davis,WR,NYJ,,,,0.0,0.0,45.0,3.0,578.0,,,,,,,,,,,,,,
white_RB_NE,James White,RB,NE,,,,1.0,136.0,44.0,2.0,360.0,,,,,,,,,,,,,,
jones_QB_NYG,Daniel Jones,QB,NYG,20.0,3747.0,12.0,3.0,412.0,,,,,,,,,,,,,,,,,
hurst_TE_CIN,Hayden Hurst,TE,CIN,,,,0.0,0.0,52.0,4.0,532.0,,,,,,,,,,,,,,
hooper_TE_TEN,Austin Hooper,TE,TEN,,,,0.0,0.0,50.0,4.0,493.0,,,,,,,,,,,,,,
everett_TE_LAC,Gerald Everett,TE,LAC,,,,0.0,0.0,50.0,4.0,510.0,,,,,,,,,,,,,,
crosby_K_GB,Mason Crosby,K,GB,,,,,,,,,,,,,,10.0,5.0,44.0,,,,,,
pickett_QB_PIT,Kenny Pickett,QB,PIT,12.0,2305.0,9.0,1.0,124.0,,,,,,,,,,,,,,,,,
titans_DST_TEN,Titans,DST,TEN,,,,,,,,,,,,,,,,,24.875,42.0,,8.0,2.0,14.0
white_RB_TB,Rachaad White,RB,TB,,,,3.0,324.0,24.0,1.0,185.0,,,,,,,,,,,,,,
palmer_WR_LAC,Joshua Palmer,WR,LAC,,,,0.0,0.0,54.0,5.0,631.0,,,,,,,,,,,,,,
williams_RB_ARI,Darrel Williams,RB,ARI,,,,3.0,312.0,27.0,1.0,223.0,,,,,,,,,,,,,,
vikings_DST_MIN,Vikings,DST,MIN,,,,,,,,,,,,,,,,,24.4375,42.0,,8.0,3.0,13.0
drake_RB_LV,Kenyan Drake,RB,LV,,,,3.0,325.0,30.0,1.0,252.0,,,,,,,,,,,,,,
mayfield_QB_CAR,Baker Mayfield,QB,CAR,17.0,3826.0,15.0,1.0,157.0,,,,,,,,,,,,,,,,,
samuel_WR_WSH,Curtis Samuel,WR,WSH,,,,1.0,76.0,44.0,4.0,521.0,,,,,,,,,,,,,,
green_WR_ARI,A.J. Green,WR,ARI,,,,0.0,0.0,39.0,4.0,541.0,,,,,,,,,,,,,,
burkhead_RB_HOU,Rex Burkhead,RB,HOU,,,,2.0,231.0,37.0,2.0,285.0,,,,,,,,,,,,,,
hubbard_RB_CAR,Chuba Hubbard,RB,CAR,,,,2.0,241.0,13.0,0.0,91.0,,,,,,,,,,,,,,
watkins_WR_GB,Sammy Watkins,WR,GB,,,,0.0,13.0,32.0,3.0,419.0,,,,,,,,,,,,,,
bourne_WR_NE,Kendrick Bourne,WR,NE,,,,1.0,93.0,37.0,2.0,387.0,,,,,,,,,,,,,,
gainwell_RB_PHI,Kenneth Gainwell,RB,PHI,,,,3.0,324.0,25.0,1.0,192.0,,,,,,,,,,,,,,
herbert_RB_CHI,Khalil Herbert,RB,CHI,,,,3.0,387.0,17.0,1.0,120.0,,,,,,,,,,,,,,
brate_TE_TB,Cameron Brate,TE,TB,,,,0.0,0.0,24.0,3.0,241.0,,,,,,,,,,,,,,
cobb_WR_GB,Randall Cobb,WR,GB,,,,0.0,12.0,39.0,5.0,454.0,,,,,,,,,,,,,,
berrios_WR_NYJ,Braxton Berrios,WR,NYJ,,,,0.0,48.0,38.0,2.0,392.0,,,,,,,,,,,,,,
robinson_RB_WSH,Brian Robinson,RB,WSH,,,,4.0,413.0,12.0,0.0,89.0,,,,,,,,,,,,,,
michel_RB_MIA,Sony Michel,RB,MIA,,,,3.0,476.0,8.0,0.0,60.0,,,,,,,,,,,,,,
chiefs_DST_KC,Chiefs,DST,KC,,,,,,,,,,,,,,,,,26.0625,43.0,,9.0,2.0,14.0
goff_QB_DET,Jared Goff,QB,DET,24.0,3805.0,11.0,1.0,78.0,,,,,,,,,,,,,,,,,
mckinnon_RB_KC,Jerick McKinnon,RB,KC,,,,1.0,139.0,30.0,2.0,254.0,,,,,,,,,,,,,,
garibay_K_DAL,Jonathan Garibay,K,DAL,,,,,,,,,,,,,,10.0,5.0,43.0,,,,,,
jones_WR_CHI,Velus Jones Jr.,WR,CHI,,,,0.0,25.0,50.0,3.0,611.0,,,,,,,,,,,,,,
blankenship_K_IND,Rodrigo Blankenship,K,IND,,,,,,,,,,,,,,10.0,5.0,38.0,,,,,,
lutz_K_NO,Wil Lutz,K,NO,,,,,,,,,,,,,,10.0,5.0,36.0,,,,,,
uzomah_TE_NYJ,C.J. Uzomah,TE,NYJ,,,,0.0,0.0,47.0,3.0,424.0,,,,,,,,,,,,,,
collins_WR_HOU,Nico Collins,WR,HOU,,,,0.0,0.0,57.0,4.0,746.0,,,,,,,,,,,,,,
white_RB_LV,Zamir White,RB,LV,,,,3.0,294.0,11.0,0.0,82.0,,,,,,,,,,,,,,
trubisky_QB_PIT,Mitch Trubisky,QB,PIT,9.0,1795.0,6.0,1.0,111.0,,,,,,,,,,,,,,,,,
raiders_DST_LV,Raiders,DST,LV,,,,,,,,,,,,,,,,,25.3125,39.0,,9.0,2.0,13.0
osborn_WR_MIN,K.J. Osborn,WR,MIN,,,,0.0,0.0,45.0,4.0,566.0,,,,,,,,,,,,,,
davisprice_RB_SF,Tyrion Davis-Price,RB,SF,,,,2.0,245.0,7.0,0.0,51.0,,,,,,,,,,,,,,
mariota_QB_ATL,Marcus Mariota,QB,ATL,10.0,2122.0,7.0,1.0,252.0,,,,,,,,,,,,,,,,,
panthers_DST_CAR,Panthers,DST,CAR,,,,,,,,,,,,,,,,,25.25,40.0,,8.0,2.0,13.0
robinson_WR_NYG,Wan'Dale Robinson,WR,NYG,,,,0.0,48.0,51.0,3.0,580.0,,,,,,,,,,,,,,
mills_QB_HOU,Davis Mills,QB,HOU,17.0,3618.0,12.0,1.0,110.0,,,,,,,,,,,,,,,,,
wilson_WR_MIA,Cedrick Wilson Jr.,WR,MIA,,,,0.0,0.0,54.0,4.0,656.0,,,,,,,,,,,,,,
williams_RB_ATL,Damien Williams,RB,ATL,,,,2.0,353.0,24.0,1.0,190.0,,,,,,,,,,,,,,
rudolph_TE_TB,Kyle Rudolph,TE,TB,,,,0.0,0.0,33.0,4.0,315.0,,,,,,,,,,,,,,
foreman_RB_CAR,D'Onta Foreman,RB,CAR,,,,2.0,293.0,9.0,0.0,64.0,,,,,,,,,,,,,,
peoplesjones_WR_CLE,Donovan Peoples-Jones,WR,CLE,,,,0.0,0.0,30.0,2.0,414.0,,,,,,,,,,,,,,
ridder_QB_ATL,Desmond Ridder,QB,ATL,9.0,1804.0,7.0,1.0,179.0,,,,,,,,,,,,,,,,,
westbrookikhine_WR_TEN,Nick Westbrook-Ikhine,WR,TEN,,,,0.0,0.0,52.0,4.0,658.0,,,,,,,,,,,,,,
bell_WR_CLE,David Bell,WR,CLE,,,,0.0,0.0,29.0,2.0,337.0,,,,,,,,,,,,,,
aliecox_TE_IND,Mo Alie-Cox,TE,IND,,,,0.0,0.0,34.0,4.0,436.0,,,,,,,,,,,,,,
mcbride_TE_ARI,Trey McBride,TE,ARI,,,,0.0,0.0,13.0,1.0,134.0,,,,,,,,,,,,,,
willis_QB_TEN,Malik Willis,QB,TEN,2.0,254.0,1.0,0.0,35.0,,,,,,,,,,,,,,,,,
perine_RB_CIN,Samaje Perine,RB,CIN,,,,2.0,276.0,22.0,1.0,155.0,,,,,,,,,,,,,,
vaughn_RB_TB,Ke'Shawn Vaughn,RB,TB,,,,3.0,289.0,5.0,0.0,33.0,,,,,,,,,,,,,,
cardinals_DST_ARI,Cardinals,DST,ARI,,,,,,,,,,,,,,,,,24.9375,39.0,,10.0,2.0,14.0
ridley_WR_ATL,Calvin Ridley,WR,ATL,,,,,,,,,,,,,,,,,,,,,,
haskins_RB_TEN,Hassan Haskins,RB,TEN,,,,1.0,220.0,12.0,0.0,88.0,,,,,,,,,,,,,,
duvernay_WR_BAL,Devin Duvernay,WR,BAL,,,,0.0,66.0,40.0,3.0,442.0,,,,,,,,,,,,,,
shepard_WR_NYG,Sterling Shepard,WR,NYG,,,,0.0,0.0,35.0,2.0,358.0,,,,,,,,,,,,,,
hill_TE_NO,Taysom Hill,TE,NO,,,,1.0,91.0,7.0,1.0,77.0,,,,,,,,,,,,,,
lock_QB_SEA,Drew Lock,QB,SEA,12.0,2479.0,9.0,2.0,140.0,,,,,,,,,,,,,,,,,
ross_WR_KC,Justyn Ross,WR,KC,,,,,,,,,,,,,,,,,,,,,,
marshall_WR_CAR,Terrace Marshall Jr.,WR,CAR,,,,0.0,0.0,39.0,2.0,466.0,,,,,,,,,,,,,,
jordan_TE_HOU,Brevin Jordan,TE,HOU,,,,0.0,0.0,45.0,3.0,470.0,,,,,,,,,,,,,,
campbell_WR_IND,Parris Campbell,WR,IND,,,,0.0,0.0,36.0,2.0,458.0,,,,,,,,,,,,,,
hilliard_RB_TEN,Dontrell Hilliard,RB,TEN,,,,1.0,171.0,29.0,1.0,197.0,,,,,,,,,,,,,,
sanders_K_MIA,Jason Sanders,K,MIA,,,,,,,,,,,,,,8.0,4.0,37.0,,,,,,
garoppolo_QB_SF,Jimmy Garoppolo,QB,SF,,,,,,,,,,,,,,,,,,,,,,
scott_RB_PHI,Boston Scott,RB,PHI,,,,3.0,307.0,7.0,0.0,55.0,,,,,,,,,,,,,,
washington_WR_DAL,James Washington,WR,DAL,,,,0.0,0.0,32.0,4.0,490.0,,,,,,,,,,,,,,
gaskin_RB_MIA,Myles Gaskin,RB,MIA,,,,0.0,45.0,2.0,0.0,13.0,,,,,,,,,,,,,,
woods_TE_IND,Jelani Woods,TE,IND,,,,0.0,0.0,13.0,1.0,132.0,,,,,,,,,,,,,,
shenault_WR_JAX,Laviska Shenault Jr.,WR,JAX,,,,0.0,42.0,17.0,1.0,184.0,,,,,,,,,,,,,,
johnson_RB_CLE,D'Ernest Johnson,RB,CLE,,,,1.0,117.0,4.0,0.0,26.0,,,,,,,,,,,,,,
giants_DST_NYG,Giants,DST,NYG,,,,,,,,,,,,,,,,,25.375,39.0,,8.0,2.0,13.0
breida_RB_NYG,Matt Breida,RB,NYG,,,,1.0,297.0,14.0,1.0,99.0,,,,,,,,,,,,,,
evans_RB_CIN,Chris Evans,RB,CIN,,,,1.0,138.0,17.0,1.0,129.0,,,,,,,,,,,,,,
edwards_WR_ATL,Bryan Edwards,WR,ATL,,,,0.0,0.0,35.0,2.0,488.0,,,,,,,,,,,,,,
davis_RB_BAL,Mike Davis,RB,BAL,,,,1.0,114.0,6.0,0.0,35.0,,,,,,,,,,,,,,
sermon_RB_SF,Trey Sermon,RB,SF,,,,0.0,39.0,2.0,0.0,12.0,,,,,,,,,,,,,,
thornton_WR_NE,Tyquan Thornton,WR,NE,,,,0.0,0.0,17.0,1.0,205.0,,,,,,,,,,,,,,
bears_DST_CHI,Bears,DST,CHI,,,,,,,,,,,,,,,,,26.6875,38.0,,9.0,2.0,12.0
smith_TE_NE,Jonnu Smith,TE,NE,,,,1.0,43.0,22.0,2.0,271.0,,,,,,,,,,,,,,
jets_DST_NYJ,Jets,DST,NYJ,,,,,,,,,,,,,,,,,25.8125,40.0,,10.0,2.0,12.0
pringle_WR_CHI,Byron Pringle,WR,CHI,,,,0.0,0.0,36.0,2.0,393.0,,,,,,,,,,,,,,
corral_QB_CAR,Matt Corral,QB,CAR,1.0,141.0,1.0,0.0,5.0,,,,,,,,,,,,,,,,,
rodgers_WR_GB,Amari Rodgers,WR,GB,,,,0.0,0.0,21.0,2.0,259.0,,,,,,,,,,,,,,
trautman_TE_NO,Adam Trautman,TE,NO,,,,0.0,0.0,31.0,3.0,326.0,,,,,,,,,,,,,,
wilson_RB_SF,Jeff Wilson Jr.,RB,SF,,,,1.0,98.0,8.0,1.0,64.0,,,,,,,,,,,,,,
eskridge_WR_SEA,Dee Eskridge,WR,SEA,,,,0.0,52.0,38.0,3.0,464.0,,,,,,,,,,,,,,
zuerlein_K_NYJ,Greg Zuerlein,K,NYJ,,,,,,,,,,,,,,10.0,5.0,31.0,,,,,,
dulcich_TE_DEN,Greg Dulcich,TE,DEN,,,,0.0,0.0,16.0,1.0,159.0,,,,,,,,,,,,,,
brissett_QB_CLE,Jacoby Brissett,QB,CLE,12.0,1712.0,5.0,1.0,89.0,,,,,,,,,,,,,,,,,
conner_RB_JAX,Snoop Conner,RB,JAX,,,,1.0,94.0,6.0,0.0,47.0,,,,,,,,,,,,,,
doubs_WR_GB,Romeo Doubs,WR,GB,,,,0.0,0.0,18.0,2.0,213.0,,,,,,,,,,,,,,
mckenzie_WR_BUF,Isaiah McKenzie,WR,BUF,,,,1.0,58.0,30.0,2.0,286.0,,,,,,,,,,,,,,
hamler_WR_DEN,KJ Hamler,WR,DEN,,,,0.0,0.0,26.0,2.0,345.0,,,,,,,,,,,,,,
moss_RB_BUF,Zack Moss,RB,BUF,,,,0.0,30.0,0.0,0.0,0.0,,,,,,,,,,,,,,
darnold_QB_CAR,Sam Darnold,QB,CAR,1.0,319.0,1.0,0.0,10.0,,,,,,,,,,,,,,,,,
strong_RB_NE,Pierre Strong Jr.,RB,NE,,,,0.0,52.0,4.0,0.0,29.0,,,,,,,,,,,,,,
tremble_TE_CAR,Tommy Tremble,TE,CAR,,,,0.0,12.0,34.0,2.0,371.0,,,,,,,,,,,,,,
benjamin_RB_ARI,Eno Benjamin,RB,ARI,,,,1.0,139.0,6.0,0.0,45.0,,,,,,,,,,,,,,
seahawks_DST_SEA,Seahawks,DST,SEA,,,,,,,,,,,,,,,,,26.1875,38.0,,8.0,2.0,13.0
austin_WR_PIT,Calvin Austin III,WR,PIT,,,,0.0,0.0,22.0,1.0,243.0,,,,,,,,,,,,,,
lions_DST_DET,Lions,DST,DET,,,,,,,,,,,,,,,,,27.0625,38.0,,8.0,2.0,13.0
shakir_WR_BUF,Khalil Shakir,WR,BUF,,,,0.0,12.0,4.0,0.0,43.0,,,,,,,,,,,,,,
schwartz_WR_CLE,Anthony Schwartz,WR,CLE,,,,0.0,27.0,30.0,2.0,376.0,,,,,,,,,,,,,,
snell_RB_PIT,Benny Snell Jr.,RB,PIT,,,,1.0,196.0,4.0,0.0,30.0,,,,,,,,,,,,,,
howard_TE_BUF,O.J. Howard,TE,BUF,,,,0.0,0.0,19.0,2.0,229.0,,,,,,,,,,,,,,
patterson_K_DET,Riley Patterson,K,DET,,,,,,,,,,,,,,,,,,,,,,
agholor_WR_NE,Nelson Agholor,WR,NE,,,,0.0,27.0,23.0,2.0,314.0,,,,,,,,,,,,,,
love_QB_GB,Jordan Love,QB,GB,2.0,233.0,1.0,0.0,7.0,,,,,,,,,,,,,,,,,
callaway_WR_NO,Marquez Callaway,WR,NO,,,,0.0,53.0,9.0,1.0,114.0,,,,,,,,,,,,,,
reagor_WR_PHI,Jalen Reagor,WR,PHI,,,,0.0,51.0,5.0,1.0,68.0,,,,,,,,,,,,,,
ingram_RB_ARI,Keaontay Ingram,RB,ARI,,,,0.0,50.0,2.0,0.0,16.0,,,,,,,,,,,,,,
slye_K_WSH,Joey Slye,K,WSH,,,,,,,,,,,,,,10.0,5.0,37.0,,,,,,
slayton_WR_NYG,Darius Slayton,WR,NYG,,,,0.0,0.0,18.0,1.0,260.0,,,,,,,,,,,,,,
jennings_WR_SF,Jauan Jennings,WR,SF,,,,0.0,0.0,32.0,3.0,378.0,,,,,,,,,,,,,,
otton_TE_TB,Cade Otton,TE,TB,,,,0.0,0.0,13.0,1.0,141.0,,,,,,,,,,,,,,
myers_K_SEA,Jason Myers,K,SEA,,,,,,,,,,,,,,10.0,5.0,30.0,,,,,,
bridgewater_QB_MIA,Teddy Bridgewater,QB,MIA,3.0,490.0,1.0,0.0,25.0,,,,,,,,,,,,,,,,,
bullock_K_TEN,Randy Bullock,K,TEN,,,,,,,,,,,,,,10.0,5.0,38.0,,,,,,
bernard_RB_TB,Giovani Bernard,RB,TB,,,,1.0,79.0,10.0,0.0,65.0,,,,,,,,,,,,,,
conklin_TE_NYJ,Tyler Conklin,TE,NYJ,,,,0.0,0.0,16.0,1.0,150.0,,,,,,,,,,,,,,
arnold_TE_JAX,Dan Arnold,TE,JAX,,,,0.0,0.0,35.0,2.0,411.0,,,,,,,,,,,,,,
santos_K_CHI,Cairo Santos,K,CHI,,,,,,,,,,,,,,10.0,5.0,30.0,,,,,,
badie_RB_BAL,Tyler Badie,RB,BAL,,,,0.0,19.0,2.0,0.0,13.0,,,,,,,,,,,,,,
gray_WR_SF,Danny Gray,WR,SF,,,,0.0,0.0,12.0,1.0,135.0,,,,,,,,,,,,,,
jaguars_DST_JAX,Jaguars,DST,JAX,,,,,,,,,,,,,,,,,25.3125,40.0,,7.0,3.0,12.0
watkins_WR_PHI,Quez Watkins,WR,PHI,,,,0.0,0.0,16.0,1.0,196.0,,,,,,,,,,,,,,
atwell_WR_LAR,Tutu Atwell,WR,LAR,,,,0.0,0.0,26.0,2.0,319.0,,,,,,,,,,,,,,
williams_RB_LAR,Kyren Williams,RB,LAR,,,,1.0,67.0,2.0,0.0,15.0,,,,,,,,,,,,,,
huntley_QB_BAL,Tyler Huntley,QB,BAL,2.0,332.0,1.0,1.0,102.0,,,,,,,,,,,,,,,,,
nwangwu_RB_MIN,Kene Nwangwu,RB,MIN,,,,1.0,81.0,4.0,0.0,31.0,,,,,,,,,,,,,,
dallas_RB_SEA,DeeJay Dallas,RB,SEA,,,,1.0,79.0,15.0,0.0,99.0,,,,,,,,,,,,,,
johnson_RB_BUF,Duke Johnson,RB,BUF,,,,1.0,86.0,2.0,0.0,18.0,,,,,,,,,,,,,,
bellinger_TE_NYG,Daniel Bellinger,TE,NYG,,,,0.0,0.0,24.0,2.0,246.0,,,,,,,,,,,,,,
bryant_TE_CLE,Harrison Bryant,TE,CLE,,,,0.0,0.0,24.0,3.0,247.0,,,,,,,,,,,,,,
harry_WR_CHI,N'Keal Harry,WR,CHI,,,,0.0,0.0,9.0,1.0,107.0,,,,,,,,,,,,,,
moreau_TE_LV,Foster Moreau,TE,LV,,,,0.0,0.0,19.0,2.0,215.0,,,,,,,,,,,,,,
minshew_QB_PHI,Gardner Minshew,QB,PHI,3.0,424.0,1.0,0.0,46.0,,,,,,,,,,,,,,,,,
brown_WR_WSH,Dyami Brown,WR,WSH,,,,0.0,0.0,10.0,1.0,117.0,,,,,,,,,,,,,,
pacheco_RB_KC,Isiah Pacheco,RB,KC,,,,0.0,42.0,2.0,0.0,16.0,,,,,,,,,,,,,,
lindsay_RB_IND,Phillip Lindsay,RB,IND,,,,1.0,154.0,2.0,0.0,13.0,,,,,,,,,,,,,,
parham_TE_LAC,Donald Parham Jr.,TE,LAC,,,,0.0,0.0,20.0,3.0,213.0,,,,,,,,,,,,,,
texans_DST_HOU,Texans,DST,HOU,,,,,,,,,,,,,,,,,26.5625,39.0,,8.0,2.0,13.0
guyton_WR_LAC,Jalen Guyton,WR,LAC,,,,0.0,51.0,14.0,2.0,193.0,,,,,,,,,,,,,,
reynolds_WR_DET,Josh Reynolds,WR,DET,,,,0.0,0.0,16.0,2.0,221.0,,,,,,,,,,,,,,
pascal_WR_PHI,Zach Pascal,WR,PHI,,,,0.0,0.0,12.0,2.0,145.0,,,,,,,,,,,,,,
kelley_RB_LAC,Joshua Kelley,RB,LAC,,,,1.0,138.0,2.0,0.0,16.0,,,,,,,,,,,,,,
howell_QB_WSH,Sam Howell,QB,WSH,0.0,52.0,0.0,0.0,2.0,,,,,,,,,,,,,,,,,
robinson_WR_LV,Demarcus Robinson,WR,LV,,,,0.0,0.0,29.0,2.0,345.0,,,,,,,,,,,,,,
reynolds_RB_DET,Craig Reynolds,RB,DET,,,,1.0,137.0,10.0,0.0,75.0,,,,,,,,,,,,,,
juszczyk_RB_SF,Kyle Juszczyk,RB,SF,,,,0.0,41.0,22.0,1.0,162.0,,,,,,,,,,,,,,
smith_QB_SEA,Geno Smith,QB,SEA,8.0,1782.0,5.0,1.0,73.0,,,,,,,,,,,,,,,,,
smith_WR_NO,Tre'Quan Smith,WR,NO,,,,0.0,0.0,7.0,1.0,74.0,,,,,,,,,,,,,,
gonzalez_K_CAR,Zane Gonzalez,K,CAR,,,,,,,,,,,,,,10.0,5.0,30.0,,,,,,
zaccheaus_WR_ATL,Olamide Zaccheaus,WR,ATL,,,,0.0,0.0,25.0,1.0,303.0,,,,,,,,,,,,,,
abdullah_RB_LV,Ameer Abdullah,RB,LV,,,,0.0,32.0,6.0,0.0,48.0,,,,,,,,,,,,,,
gordon_WR_KC,Josh Gordon,WR,KC,,,,,,,,,,,,,,,,,,,,,,
conley_WR_HOU,Chris Conley,WR,HOU,,,,0.0,0.0,43.0,2.0,579.0,,,,,,,,,,,,,,
heinicke_QB_WSH,Taylor Heinicke,QB,WSH,1.0,165.0,1.0,0.0,9.0,,,,,,,,,,,,,,,,,
johnson_RB_NYJ,Ty Johnson,RB,NYJ,,,,0.0,32.0,4.0,0.0,33.0,,,,,,,,,,,,,,
jones_RB_NO,Tony Jones Jr.,RB,NO,,,,,,,,,,,,,,,,,,,,,,
falcons_DST_ATL,Falcons,DST,ATL,,,,,,,,,,,,,,,,,26.3125,37.0,,8.0,2.0,14.0
coleman_RB_NYJ,Tevin Coleman,RB,NYJ,,,,0.0,47.0,2.0,0.0,15.0,,,,,,,,,,,,,,
newton_QB_CAR,Cam Newton,QB,CAR,,,,,,,,,,,,,,,,,,,,,,
trask_QB_TB,Kyle Trask,QB,TB,,,,,,,,,,,,,,,,,,,,,,
ford_RB_CLE,Jerome Ford,RB,CLE,,,,0.0,9.0,0.0,0.0,0.0,,,,,,,,,,,,,,
johnson_WR_TB,Tyler Johnson,WR,TB,,,,0.0,0.0,6.0,0.0,63.0,,,,,,,,,,,,,,
proche_WR_BAL,James Proche II,WR,BAL,,,,0.0,0.0,26.0,2.0,304.0,,,,,,,,,,,,,,
mims_WR_NYJ,Denzel Mims,WR,NYJ,,,,0.0,0.0,1.0,0.0,20.0,,,,,,,,,,,,,,
sealsjones_TE_NYG,Ricky Seals-Jones,TE,NYG,,,,0.0,0.0,11.0,1.0,121.0,,,,,,,,,,,,,,
taylor_QB_NYG,Tyrod Taylor,QB,NYG,2.0,447.0,2.0,1.0,50.0,,,,,,,,,,,,,,,,,
cephus_WR_DET,Quintez Cephus,WR,DET,,,,0.0,0.0,5.0,0.0,65.0,,,,,,,,,,,,,,
patterson_RB_WSH,Jaret Patterson,RB,WSH,,,,0.0,36.0,4.0,0.0,28.0,,,,,,,,,,,,,,
harty_WR_NO,Deonte Harty,WR,NO,,,,0.0,0.0,5.0,0.0,60.0,,,,,,,,,,,,,,
ruckert_TE_NYJ,Jeremy Ruckert,TE,NYJ,,,,0.0,0.0,4.0,0.0,37.0,,,,,,,,,,,,,,
wallace_WR_BAL,Tylan Wallace,WR,BAL,,,,0.0,0.0,22.0,2.0,268.0,,,,,,,,,,,,,,
ogunbowale_RB_HOU,Dare Ogunbowale,RB,HOU,,,,0.0,43.0,12.0,0.0,93.0,,,,,,,,,,,,,,
raymond_WR_DET,Kalif Raymond,WR,DET,,,,0.0,13.0,8.0,1.0,92.0,,,,,,,,,,,,,,
dalton_QB_NO,Andy Dalton,QB,NO,3.0,438.0,2.0,0.0,20.0,,,,,,,,,,,,,,,,,
granson_TE_IND,Kylen Granson,TE,IND,,,,0.0,0.0,22.0,2.0,230.0,,,,,,,,,,,,,,
chandler_RB_MIN,Ty Chandler,RB,MIN,,,,0.0,16.0,0.0,0.0,0.0,,,,,,,,,,,,,,
mcsorley_QB_ARI,Trace McSorley,QB,ARI,,,,,,,,,,,,,,,,,,,,,,
philips_WR_TEN,Kyle Philips,WR,TEN,,,,0.0,0.0,6.0,1.0,76.0,,,,,,,,,,,,,,
gore_RB_KC,Derrick Gore,RB,KC,,,,,,,,,,,,,,,,,,,,,,
evans_RB_CHI,Darrynton Evans,RB,CHI,,,,0.0,50.0,2.0,0.0,13.0,,,,,,,,,,,,,,
mond_QB_MIN,Kellen Mond,QB,MIN,,,,,,,,,,,,,,,,,,,,,,
boone_RB_DEN,Mike Boone,RB,DEN,,,,0.0,51.0,4.0,0.0,29.0,,,,,,,,,,,,,,
seibert_K_DET,Austin Seibert,K,DET,,,,,,,,,,,,,,10.0,6.0,34.0,,,,,,
rountree_RB_LAC,Larry Rountree III,RB,LAC,,,,0.0,52.0,2.0,0.0,15.0,,,,,,,,,,,,,,
likely_TE_BAL,Isaiah Likely,TE,BAL,,,,0.0,0.0,7.0,1.0,70.0,,,,,,,,,,,,,,
hill_RB_GB,Kylin Hill,RB,GB,,,,0.0,16.0,2.0,0.0,15.0,,,,,,,,,,,,,,
brightwell_RB_NYG,Gary Brightwell,RB,NYG,,,,1.0,100.0,7.0,0.0,47.0,,,,,,,,,,,,,,
hasty_RB_SF,JaMycal Hasty,RB,SF,,,,,,,,,,,,,,,,,,,,,,
jefferson_RB_DET,Jermar Jefferson,RB,DET,,,,,,,,,,,,,,,,,,,,,,
dissly_TE_SEA,Will Dissly,TE,SEA,,,,0.0,0.0,21.0,1.0,203.0,,,,,,,,,,,,,,
brees_QB_NO,Drew Brees,QB,NO,,,,,,,,,,,,,,,,,,,,,,
gray_TE_KC,Noah Gray,TE,KC,,,,0.0,0.0,11.0,1.0,102.0,,,,,,,,,,,,,,
funk_RB_LAR,Jake Funk,RB,LAR,,,,1.0,86.0,2.0,0.0,15.0,,,,,,,,,,,,,,
fairbairn_K_HOU,Ka'imi Fairbairn,K,HOU,,,,,,,,,,,,,,10.0,5.0,28.0,,,,,,
perriman_WR_TB,Breshad Perriman,WR,TB,,,,0.0,0.0,7.0,1.0,112.0,,,,,,,,,,,,,,
agnew_WR_JAX,Jamal Agnew,WR,JAX,,,,0.0,30.0,5.0,0.0,61.0,,,,,,,,,,,,,,
ebner_RB_CHI,Trestan Ebner,RB,CHI,,,,1.0,65.0,6.0,0.0,42.0,,,,,,,,,,,,,,
treadwell_WR_JAX,Laquon Treadwell,WR,JAX,,,,0.0,0.0,11.0,1.0,120.0,,,,,,,,,,,,,,
higgins_WR_CAR,Rashard Higgins,WR,CAR,,,,0.0,0.0,10.0,0.0,116.0,,,,,,,,,,,,,,
roethlisberger_QB_PIT,Ben Roethlisberger,QB,PIT,,,,,,,,,,,,,,,,,,,,,,
cole_WR_LV,Keelan Cole,WR,LV,,,,0.0,0.0,13.0,1.0,170.0,,,,,,,,,,,,,,
smithmarsette_WR_MIN,Ihmir Smith-Marsette,WR,MIN,,,,0.0,0.0,18.0,2.0,215.0,,,,,,,,,,,,,,
mcfarland_RB_PIT,Anthony McFarland Jr.,RB,PIT,,,,1.0,80.0,2.0,0.0,14.0,,,,,,,,,,,,,,
bolden_RB_LV,Brandon Bolden,RB,LV,,,,,,,,,,,,,,,,,,,,,,
smith_RB_NO,Abram Smith,RB,NO,,,,,,,,,,,,,,,,,,,,,,
deguara_TE_GB,Josiah Deguara,TE,GB,,,,0.0,0.0,19.0,2.0,206.0,,,,,,,,,,,,,,
dowdle_RB_DAL,Rico Dowdle,RB,DAL,,,,1.0,72.0,7.0,0.0,49.0,,,,,,,,,,,,,,
ezukanma_WR_MIA,Erik Ezukanma,WR,MIA,,,,0.0,0.0,11.0,1.0,122.0,,,,,,,,,,,,,,
hajrullahu_K_DAL,Lirim Hajrullahu,K,DAL,,,,,,,,,,,,,,,,,,,,,,
akins_TE_NYG,Jordan Akins,TE,NYG,,,,0.0,0.0,16.0,1.0,163.0,,,,,,,,,,,,,,
santoso_K_JAX,Ryan Santoso,K,JAX,,,,,,,,,,,,,,10.0,5.0,32.0,,,,,,
ferguson_TE_DAL,Jake Ferguson,TE,DAL,,,,0.0,0.0,6.0,1.0,65.0,,,,,,,,,,,,,,
bates_TE_WSH,John Bates,TE,WSH,,,,0.0,0.0,18.0,1.0,193.0,,,,,,,,,,,,,,
darden_WR_TB,Jaelon Darden,WR,TB,,,,0.0,0.0,0.0,0.0,0.0,,,,,,,,,,,,,,
keenum_QB_BUF,Case Keenum,QB,BUF,2.0,246.0,1.0,0.0,3.0,,,,,,,,,,,,,,,,,
firkser_TE_ATL,Anthony Firkser,TE,ATL,,,,0.0,0.0,16.0,1.0,136.0,,,,,,,,,,,,,,
oshaughnessy_TE_CHI,James O'Shaughnessy,TE,CHI,,,,0.0,0.0,25.0,1.0,256.0,,,,,,,,,,,,,,
sample_TE_CIN,Drew Sample,TE,CIN,,,,0.0,0.0,8.0,1.0,73.0,,,,,,,,,,,,,,
kolar_TE_BAL,Charlie Kolar,TE,BAL,,,,0.0,0.0,7.0,1.0,71.0,,,,,,,,,,,,,,
freeman_RB_HOU,Royce Freeman,RB,HOU,,,,,,,,,,,,,,,,,,,,,,
carter_WR_LAC,DeAndre Carter,WR,LAC,,,,0.0,0.0,5.0,0.0,60.0,,,,,,,,,,,,,,
felton_RB_CLE,Demetric Felton Jr.,RB,CLE,,,,0.0,28.0,4.0,0.0,28.0,,,,,,,,,,,,,,
grant_WR_CLE,Jakeem Grant Sr.,WR,CLE,,,,0.0,13.0,5.0,0.0,56.0,,,,,,,,,,,,,,
mccloud_WR_SF,Ray-Ray McCloud III,WR,SF,,,,0.0,0.0,6.0,0.0,55.0,,,,,,,,,,,,,,
allen_QB_CIN,Brandon Allen,QB,CIN,2.0,228.0,1.0,0.0,5.0,,,,,,,,,,,,,,,,,
rudolph_QB_PIT,Mason Rudolph,QB,PIT,,,,,,,,,,,,,,,,,,,,,,
homer_RB_SEA,Travis Homer,RB,SEA,,,,0.0,66.0,6.0,0.0,46.0,,,,,,,,,,,,,,
okonkwo_TE_TEN,Chigoziem Okonkwo,TE,TEN,,,,0.0,0.0,5.0,0.0,56.0,,,,,,,,,,,,,,
foles_QB_IND,Nick Foles,QB,IND,1.0,222.0,1.0,0.0,2.0,,,,,,,,,,,,,,,,,
mckitty_TE_LAC,Tre' McKitty,TE,LAC,,,,0.0,0.0,8.0,1.0,83.0,,,,,,,,,,,,,,
hyde_RB_JAX,Carlos Hyde,RB,JAX,,,,,,,,,,,,,,,,,,,,,,
miller_WR_TB,Scotty Miller,WR,TB,,,,0.0,0.0,2.0,0.0,23.0,,,,,,,,,,,,,,
taylor_RB_NE,J.J. Taylor,RB,NE,,,,,,,,,,,,,,,,,,,,,,
tate_WR_ATL,Auden Tate,WR,ATL,,,,0.0,0.0,3.0,0.0,34.0,,,,,,,,,,,,,,
brown_WR_DAL,Noah Brown,WR,DAL,,,,0.0,0.0,15.0,1.0,181.0,,,,,,,,,,,,,,
williams_RB_NYG,Antonio Williams,RB,NYG,,,,1.0,65.0,4.0,0.0,30.0,,,,,,,,,,,,,,
brown_WR_CHI,Equanimeous St. Brown,WR,CHI,,,,0.0,0.0,12.0,1.0,169.0,,,,,,,,,,,,,,
boykin_WR_PIT,Miles Boykin,WR,PIT,,,,0.0,0.0,5.0,0.0,55.0,,,,,,,,,,,,,,
rush_QB_DAL,Cooper Rush,QB,DAL,2.0,261.0,1.0,0.0,5.0,,,,,,,,,,,,,,,,,
long_TE_MIA,Hunter Long,TE,MIA,,,,0.0,0.0,4.0,0.0,40.0,,,,,,,,,,,,,,
flacco_QB_NYJ,Joe Flacco,QB,NYJ,3.0,497.0,1.0,0.0,11.0,,,,,,,,,,,,,,,,,
swain_WR_SEA,Freddie Swain,WR,SEA,,,,0.0,12.0,17.0,1.0,217.0,,,,,,,,,,,,,,
wesley_WR_ARI,Antoine Wesley,WR,ARI,,,,0.0,0.0,7.0,1.0,88.0,,,,,,,,,,,,,,
ahmed_RB_MIA,Salvon Ahmed,RB,MIA,,,,,,,,,,,,,,,,,,,,,,
williams_TE_ARI,Maxx Williams,TE,ARI,,,,0.0,0.0,9.0,1.0,83.0,,,,,,,,,,,,,,
jarwin_TE_DAL,Blake Jarwin,TE,DAL,,,,,,,,,,,,,,,,,,,,,,
thomas_TE_CAR,Ian Thomas,TE,CAR,,,,0.0,0.0,19.0,1.0,189.0,,,,,,,,,,,,,,
watt_RB_PIT,Derek Watt,RB,PIT,,,,0.0,0.0,4.0,0.0,31.0,,,,,,,,,,,,,,
williams_WR_MIA,Preston Williams,WR,MIA,,,,,,,,,,,,,,,,,,,,,,
mccoy_QB_ARI,Colt McCoy,QB,ARI,1.0,230.0,1.0,0.0,7.0,,,,,,,,,,,,,,,,,
edelman_WR_NE,Julian Edelman,WR,NE,,,,,,,,,,,,,,,,,,,,,,
mcnichols_RB_PIT,Jeremy McNichols,RB,PIT,,,,0.0,31.0,2.0,0.0,14.0,,,,,,,,,,,,,,
armstead_RB_JAX,Ryquell Armstead,RB,JAX,,,,0.0,31.0,2.0,0.0,15.0,,,,,,,,,,,,,,
fitzpatrick_WR_TEN,Dez Fitzpatrick,WR,TEN,,,,0.0,0.0,3.0,0.0,36.0,,,,,,,,,,,,,,
heyward_TE_PIT,Connor Heyward,TE,PIT,,,,0.0,0.0,12.0,1.0,116.0,,,,,,,,,,,,,,
taylor_WR_CIN,Trent Taylor,WR,CIN,,,,0.0,0.0,5.0,0.0,57.0,,,,,,,,,,,,,,
harris_WR_LAR,Jacob Harris,WR,LAR,,,,0.0,0.0,4.0,0.0,42.0,,,,,,,,,,,,,,
igwebuike_RB_DET,Godwin Igwebuike,RB,DET,,,,0.0,52.0,4.0,0.0,29.0,,,,,,,,,,,,,,
henne_QB_KC,Chad Henne,QB,KC,2.0,267.0,1.0,0.0,5.0,,,,,,,,,,,,,,,,,
williams_RB_IND,Ty'Son Williams,RB,IND,,,,,,,,,,,,,,,,,,,,,,
dulin_WR_IND,Ashton Dulin,WR,IND,,,,0.0,30.0,13.0,1.0,158.0,,,,,,,,,,,,,,
swaim_TE_TEN,Geoff Swaim,TE,TEN,,,,0.0,0.0,23.0,2.0,197.0,,,,,,,,,,,,,,
thomas_WR_CIN,Mike Thomas,WR,CIN,,,,0.0,0.0,3.0,0.0,38.0,,,,,,,,,,,,,,
washington_RB_NO,Dwayne Washington,RB,NO,,,,1.0,89.0,2.0,0.0,13.0,,,,,,,,,,,,,,
goodwin_WR_SEA,Marquise Goodwin,WR,SEA,,,,0.0,0.0,4.0,0.0,59.0,,,,,,,,,,,,,,
boyle_TE_BAL,Nick Boyle,TE,BAL,,,,0.0,0.0,10.0,1.0,97.0,,,,,,,,,,,,,,
jackson_RB_IND,Deon Jackson,RB,IND,,,,1.0,75.0,2.0,0.0,14.0,,,,,,,,,,,,,,
bell_TE_KC,Blake Bell,TE,KC,,,,0.0,0.0,9.0,1.0,81.0,,,,,,,,,,,,,,
strong_QB_PHI,Carson Strong,QB,PHI,,,,,,,,,,,,,,,,,,,,,,
doyle_TE_IND,Jack Doyle,TE,IND,,,,,,,,,,,,,,,,,,,,,,
grayson_WR_TB,Cyril Grayson Jr.,WR,TB,,,,,,,,,,,,,,,,,,,,,,
brown_RB_NO,Malcolm Brown,RB,NO,,,,1.0,118.0,5.0,0.0,39.0,,,,,,,,,,,,,,
blanton_TE_LAR,Kendall Blanton,TE,LAR,,,,0.0,0.0,10.0,1.0,101.0,,,,,,,,,,,,,,
white_QB_NYJ,Mike White,QB,NYJ,,,,,,,,,,,,,,,,,,,,,,
zappe_QB_NE,Bailey Zappe,QB,NE,,,,,,,,,,,,,,,,,,,,,,
hollins_WR_LV,Mack Hollins,WR,LV,,,,0.0,0.0,5.0,1.0,64.0,,,,,,,,,,,,,,
byrd_WR_ATL,Damiere Byrd,WR,ATL,,,,0.0,0.0,10.0,0.0,111.0,,,,,,,,,,,,,,
hill_RB_BAL,Justice Hill,RB,BAL,,,,,,,,,,,,,,,,,,,,,,
siemian_QB_CHI,Trevor Siemian,QB,CHI,1.0,236.0,1.0,0.0,4.0,,,,,,,,,,,,,,,,,
toure_WR_GB,Samori Toure,WR,GB,,,,0.0,0.0,7.0,1.0,81.0,,,,,,,,,,,,,,
wydermyer_TE_BUF,Jalen Wydermyer,TE,BUF,,,,,,,,,,,,,,,,,,,,,,
lewis_TE_GB,Marcedes Lewis,TE,GB,,,,0.0,0.0,8.0,1.0,80.0,,,,,,,,,,,,,,
daniel_QB_LAC,Chase Daniel,QB,LAC,2.0,224.0,1.0,0.0,5.0,,,,,,,,,,,,,,,,,
johnson_TE_NO,Juwan Johnson,TE,NO,,,,0.0,0.0,2.0,0.0,17.0,,,,,,,,,,,,,,
ehlinger_QB_IND,Sam Ehlinger,QB,IND,,,,,,,,,,,,,,,,,,,,,,
fitzpatrick_QB_WSH,Ryan Fitzpatrick,QB,WSH,,,,,,,,,,,,,,,,,,,,,,
nailor_WR_MIN,Jalen Nailor,WR,MIN,,,,0.0,0.0,3.0,0.0,40.0,,,,,,,,,,,,,,
bowden_WR_MIA,Lynn Bowden Jr.,WR,MIA,,,,,,,,,,,,,,,,,,,,,,
wolford_QB_LAR,John Wolford,QB,LAR,2.0,216.0,1.0,0.0,6.0,,,,,,,,,,,,,,,,,
miller_WR_PIT,Anthony Miller,WR,PIT,,,,,,,,,,,,,,,,,,,,,,
ham_RB_MIN,C.J. Ham,RB,MIN,,,,0.0,9.0,9.0,0.0,64.0,,,,,,,,,,,,,,
ward_WR_PHI,Greg Ward,WR,PHI,,,,0.0,0.0,1.0,0.0,13.0,,,,,,,,,,,,,,
gentry_TE_PIT,Zach Gentry,TE,PIT,,,,0.0,0.0,4.0,0.0,38.0,,,,,,,,,,,,,,
newsome_WR_CHI,Dazz Newsome,WR,CHI,,,,,,,,,,,,,,,,,,,,,,
fehoko_WR_DAL,Simi Fehoko,WR,DAL,,,,,,,,,,,,,,,,,,,,,,
williams_RB_CIN,Trayveon Williams,RB,CIN,,,,0.0,0.0,4.0,0.0,28.0,,,,,,,,,,,,,,
mullens_QB_LV,Nick Mullens,QB,LV,,,,,,,,,,,,,,,,,,,,,,
ricard_RB_BAL,Patrick Ricard,RB,BAL,,,,0.0,0.0,7.0,0.0,53.0,,,,,,,,,,,,,,
dorsett_WR_HOU,Phillip Dorsett,WR,HOU,,,,0.0,0.0,25.0,2.0,313.0,,,,,,,,,,,,,,
stevenson_WR_BUF,Marquez Stevenson,WR,BUF,,,,0.0,0.0,4.0,0.0,40.0,,,,,,,,,,,,,,
sharpe_WR_CHI,Tajae Sharpe,WR,CHI,,,,0.0,0.0,6.0,0.0,69.0,,,,,,,,,,,,,,
strachan_WR_IND,Mike Strachan,WR,IND,,,,0.0,0.0,5.0,0.0,55.0,,,,,,,,,,,,,,
vasher_WR_DAL,T.J. Vasher,WR,DAL,,,,0.0,0.0,6.0,1.0,65.0,,,,,,,,,,,,,,
allen_QB_HOU,Kyle Allen,QB,HOU,3.0,726.0,3.0,0.0,18.0,,,,,,,,,,,,,,,,,
brown_TE_HOU,Pharaoh Brown,TE,HOU,,,,0.0,0.0,21.0,1.0,200.0,,,,,,,,,,,,,,
smythe_TE_MIA,Durham Smythe,TE,MIA,,,,0.0,0.0,6.0,0.0,55.0,,,,,,,,,,,,,,
arcegawhiteside_TE_PHI,J.J. Arcega-Whiteside,TE,PHI,,,,,,,,,,,,,,,,,,,,,,
skowronek_WR_LAR,Ben Skowronek,WR,LAR,,,,0.0,0.0,7.0,1.0,84.0,,,,,,,,,,,,,,
melton_WR_SEA,Bo Melton,WR,SEA,,,,0.0,0.0,2.0,0.0,19.0,,,,,,,,,,,,,,
olszewski_WR_PIT,Gunner Olszewski,WR,PIT,,,,0.0,0.0,2.0,0.0,19.0,,,,,,,,,,,,,,
jackson_TE_PHI,Tyree Jackson,TE,PHI,,,,0.0,0.0,9.0,1.0,98.0,,,,,,,,,,,,,,
sherfield_WR_MIA,Trent Sherfield,WR,MIA,,,,0.0,0.0,10.0,1.0,118.0,,,,,,,,,,,,,,
johnson_WR_MIN,Bisi Johnson,WR,MIN,,,,0.0,0.0,7.0,1.0,77.0,,,,,,,,,,,,,,
isabella_WR_ARI,Andy Isabella,WR,ARI,,,,0.0,0.0,2.0,0.0,27.0,,,,,,,,,,,,,,
perine_RB_NYJ,La'Mical Perine,RB,NYJ,,,,,,,,,,,,,,,,,,,,,,
zylstra_WR_CAR,Brandon Zylstra,WR,CAR,,,,0.0,0.0,15.0,1.0,177.0,,,,,,,,,,,,,,
morgan_WR_CIN,Stanley Morgan,WR,CIN,,,,0.0,0.0,2.0,0.0,20.0,,,,,,,,,,,,,,
turner_TE_WSH,Cole Turner,TE,WSH,,,,0.0,0.0,5.0,0.0,54.0,,,,,,,,,,,,,,
sweeney_TE_BUF,Tommy Sweeney,TE,BUF,,,,0.0,0.0,4.0,0.0,37.0,,,,,,,,,,,,,,
dinucci_QB_DAL,Ben DiNucci,QB,DAL,,,,,,,,,,,,,,,,,,,,,,
book_QB_NO,Ian Book,QB,NO,,,,,,,,,,,,,,,,,,,,,,
mckeon_TE_DAL,Sean McKeon,TE,DAL,,,,0.0,0.0,8.0,1.0,84.0,,,,,,,,,,,,,,
hinton_WR_DEN,Kendall Hinton,WR,DEN,,,,,,,,,,,,,,,,,,,,,,
ward_RB_ARI,Jonathan Ward,RB,ARI,,,,,,,,,,,,,,,,,,,,,,
johnson_WR_LV,Tyron Johnson,WR,LV,,,,0.0,0.0,5.0,0.0,67.0,,,,,,,,,,,,,,
huntley_RB_PHI,Jason Huntley,RB,PHI,,,,0.0,57.0,3.0,0.0,24.0,,,,,,,,,,,,,,
jones_RB_LAR,Xavier Jones,RB,LAR,,,,,,,,,,,,,,,,,,,,,,
wright_TE_DET,Brock Wright,TE,DET,,,,0.0,0.0,6.0,0.0,57.0,,,,,,,,,,,,,,
hodge_WR_ATL,KhaDarel Hodge,WR,ATL,,,,0.0,0.0,6.0,0.0,75.0,,,,,,,,,,,,,,
smith_WR_CAR,Shi Smith,WR,CAR,,,,0.0,0.0,3.0,0.0,41.0,,,,,,,,,,,,,,
watson_WR_KC,Justin Watson,WR,KC,,,,0.0,0.0,2.0,0.0,21.0,,,,,,,,,,,,,,
stidham_QB_LV,Jarrett Stidham,QB,LV,1.0,217.0,1.0,0.0,5.0,,,,,,,,,,,,,,,,,
moss_TE_CIN,Thaddeus Moss,TE,CIN,,,,,,,,,,,,,,,,,,,,,,
powell_WR_LAR,Brandon Powell,WR,LAR,,,,0.0,0.0,4.0,0.0,41.0,,,,,,,,,,,,,,
rypien_QB_DEN,Brett Rypien,QB,DEN,,,,,,,,,,,,,,,,,,,,,,
montgomery_WR_NE,Ty Montgomery,WR,NE,,,,0.0,0.0,0.0,0.0,0.0,,,,,,,,,,,,,,
boyle_QB_DET,Tim Boyle,QB,DET,1.0,226.0,1.0,0.0,3.0,,,,,,,,,,,,,,,,,
cannon_RB_TEN,Trenton Cannon,RB,TEN,,,,0.0,19.0,4.0,0.0,29.0,,,,,,,,,,,,,,
winfree_WR_GB,Juwann Winfree,WR,GB,,,,,,,,,,,,,,,,,,,,,,
hoyer_QB_NE,Brian Hoyer,QB,NE,1.0,223.0,1.0,0.0,3.0,,,,,,,,,,,,,,,,,
eason_QB_SEA,Jacob Eason,QB,SEA,,,,,,,,,,,,,,,,,,,,,,
fulgham_WR_DEN,Travis Fulgham,WR,DEN,,,,0.0,0.0,2.0,0.0,19.0,,,,,,,,,,,,,,
austin_WR_BUF,Tavon Austin,WR,BUF,,,,,,,,,,,,,,,,,,,,,,
nixon_WR_NE,Tre Nixon,WR,NE,,,,0.0,0.0,2.0,0.0,19.0,,,,,,,,,,,,,,
griffin_TE_CHI,Ryan Griffin,TE,CHI,,,,0.0,0.0,3.0,0.0,37.0,,,,,,,,,,,,,,
brown_WR_TB,John Brown,WR,TB,,,,,,,,,,,,,,,,,,,,,,
johnson_QB_DEN,Josh Johnson,QB,DEN,2.0,237.0,1.0,0.0,12.0,,,,,,,,,,,,,,,,,
johnson_RB_LV,Jakob Johnson,RB,LV,,,,0.0,16.0,4.0,0.0,33.0,,,,,,,,,,,,,,
powell_WR_KC,Cornell Powell,WR,KC,,,,,,,,,,,,,,,,,,,,,,
pineiro_K_NYJ,Eddy Pineiro,K,NYJ,,,,,,,,,,,,,,,,,,,,,,
mcmath_WR_TEN,Racey McMath,WR,TEN,,,,0.0,0.0,10.0,1.0,119.0,,,,,,,,,,,,,,
washington_WR_DEN,Montrell Washington,WR,DEN,,,,0.0,0.0,0.0,0.0,0.0,,,,,,,,,,,,,,
taylor_RB_GB,Patrick Taylor,RB,GB,,,,0.0,49.0,2.0,0.0,15.0,,,,,,,,,,,,,,
hopkins_TE_LAR,Brycen Hopkins,TE,LAR,,,,0.0,0.0,2.0,0.0,19.0,,,,,,,,,,,,,,
james_WR_NYG,Richie James,WR,NYG,,,,0.0,0.0,12.0,1.0,154.0,,,,,,,,,,,,,,
fortson_TE_KC,Jody Fortson,TE,KC,,,,0.0,0.0,6.0,1.0,63.0,,,,,,,,,,,,,,
coutee_WR_IND,Keke Coutee,WR,IND,,,,,,,,,,,,,,,,,,,,,,
purdy_QB_SF,Brock Purdy,QB,SF,,,,,,,,,,,,,,,,,,,,,,
mannion_QB_MIN,Sean Mannion,QB,MIN,2.0,213.0,1.0,0.0,4.0,,,,,,,,,,,,,,,,,
peterman_QB_CHI,Nathan Peterman,QB,CHI,,,,,,,,,,,,,,,,,,,,,,
vannett_TE_NO,Nick Vannett,TE,NO,,,,0.0,0.0,9.0,1.0,93.0,,,,,,,,,,,,,,
crockett_RB_DEN,Damarea Crockett,RB,DEN,,,,,,,,,,,,,,,,,,,,,,
gandygolden_TE_WSH,Antonio Gandy-Golden,TE,WSH,,,,,,,,,,,,,,,,,,,,,,
johnson_WR_NYG,Collin Johnson,WR,NYG,,,,,,,,,,,,,,,,,,,,,,
wilcox_TE_CIN,Mitchell Wilcox,TE,CIN,,,,0.0,0.0,4.0,0.0,37.0,,,,,,,,,,,,,,
ingold_RB_MIA,Alec Ingold,RB,MIA,,,,0.0,17.0,4.0,0.0,32.0,,,,,,,,,,,,,,
sims_WR_WSH,Cam Sims,WR,WSH,,,,0.0,0.0,5.0,0.0,59.0,,,,,,,,,,,,,,
beathard_QB_JAX,C.J. Beathard,QB,JAX,1.0,243.0,1.0,0.0,6.0,,,,,,,,,,,,,,,,,
ellefson_TE_MIN,Ben Ellefson,TE,MIN,,,,0.0,0.0,6.0,1.0,58.0,,,,,,,,,,,,,,
stoll_TE_PHI,Jack Stoll,TE,PHI,,,,0.0,0.0,3.0,0.0,33.0,,,,,,,,,,,,,,
dwelley_TE_SF,Ross Dwelley,TE,SF,,,,0.0,0.0,3.0,0.0,29.0,,,,,,,,,,,,,,
kumerow_WR_BUF,Jake Kumerow,WR,BUF,,,,,,,,,,,,,,,,,,,,,,
williams_WR_DEN,Seth Williams,WR,DEN,,,,,,,,,,,,,,,,,,,,,,
ollison_RB_ATL,Qadree Ollison,RB,ATL,,,,0.0,60.0,4.0,0.0,26.0,,,,,,,,,,,,,,
darby_WR_ATL,Frank Darby,WR,ATL,,,,,,,,,,,,,,,,,,,,,,
rosen_QB_CLE,Josh Rosen,QB,CLE,,,,,,,,,,,,,,,,,,,,,,
sprinkle_TE_DAL,Jeremy Sprinkle,TE,DAL,,,,0.0,0.0,2.0,0.0,19.0,,,,,,,,,,,,,,
pettis_WR_CHI,Dante Pettis,WR,CHI,,,,,,,,,,,,,,,,,,,,,,
smith_WR_DAL,Brandon Smith,WR,DAL,,,,,,,,,,,,,,,,,,,,,,
walker_QB_CAR,PJ Walker,QB,CAR,,,,,,,,,,,,,,,,,,,,,,
clement_RB_BAL,Corey Clement,RB,BAL,,,,,,,,,,,,,,,,,,,,,,
wilson_WR_MIN,Albert Wilson,WR,MIN,,,,,,,,,,,,,,,,,,,,,,
tomlinson_TE_DEN,Eric Tomlinson,TE,DEN,,,,0.0,0.0,4.0,0.0,37.0,,,,,,,,,,,,,,
gilliam_RB_BUF,Reggie Gilliam,RB,BUF,,,,0.0,0.0,4.0,0.0,33.0,,,,,,,,,,,,,,
dobbs_QB_CLE,Joshua Dobbs,QB,CLE,0.0,29.0,0.0,0.0,1.0,,,,,,,,,,,,,,,,,
white_WR_PIT,Cody White,WR,PIT,,,,,,,,,,,,,,,,,,,,,,
humphrey_WR_NE,Lil'Jordan Humphrey,WR,NE,,,,,,,,,,,,,,,,,,,,,,
roberts_WR_CAR,Andre Roberts,WR,CAR,,,,0.0,0.0,0.0,0.0,0.0,,,,,,,,,,,,,,
gabbert_QB_TB,Blaine Gabbert,QB,TB,2.0,255.0,1.0,0.0,3.0,,,,,,,,,,,,,,,,,
kroft_TE_SF,Tyler Kroft,TE,SF,,,,0.0,0.0,6.0,1.0,60.0,,,,,,,,,,,,,,
moore_WR_LAC,Jason Moore Jr.,WR,LAC,,,,0.0,0.0,2.0,0.0,21.0,,,,,,,,,,,,,,
woods_WR_CLE,Michael Woods II,WR,CLE,,,,0.0,0.0,2.0,0.0,17.0,,,,,,,,,,,,,,
asiasi_TE_NE,Devin Asiasi,TE,NE,,,,0.0,0.0,2.0,0.0,19.0,,,,,,,,,,,,,,
mundt_TE_MIN,Johnny Mundt,TE,MIN,,,,0.0,0.0,8.0,1.0,79.0,,,,,,,,,,,,,,
calcaterra_TE_PHI,Grant Calcaterra,TE,PHI,,,,0.0,0.0,3.0,0.0,31.0,,,,,,,,,,,,,,
moore_WR_HOU,Chris Moore,WR,HOU,,,,0.0,0.0,16.0,1.0,172.0,,,,,,,,,,,,,,
nall_RB_DAL,Ryan Nall,RB,DAL,,,,,,,,,,,,,,,,,,,,,,
farrell_TE_JAX,Luke Farrell,TE,JAX,,,,0.0,0.0,8.0,1.0,81.0,,,,,,,,,,,,,,
hollister_TE_LV,Jacob Hollister,TE,LV,,,,,,,,,,,,,,,,,,,,,,
thompson_RB_SEA,Darwin Thompson,RB,SEA,,,,,,,,,,,,,,,,,,,,,,
nordin_K_NE,Quinn Nordin,K,NE,,,,,,,,,,,,,,,,,,,,,,
patrick_RB_CIN,Jacques Patrick,RB,CIN,,,,,,,,,,,,,,,,,,,,,,
burton_RB_KC,Michael Burton,RB,KC,,,,0.0,30.0,0.0,0.0,0.0,,,,,,,,,,,,,,
smith_WR_NYJ,Jeff Smith,WR,NYJ,,,,0.0,0.0,4.0,0.0,55.0,,,,,,,,,,,,,,
barner_RB_TB,Kenjon Barner,RB,TB,,,,,,,,,,,,,,,,,,,,,,
thompson_QB_MIA,Skylar Thompson,QB,MIA,,,,,,,,,,,,,,,,,,,,,,
kieft_TE_TB,Ko Kieft,TE,TB,,,,0.0,0.0,4.0,0.0,47.0,,,,,,,,,,,,,,
davis_TE_GB,Tyler Davis,TE,GB,,,,0.0,0.0,4.0,0.0,37.0,,,,,,,,,,,,,,
nabers_RB_LAC,Gabe Nabers,RB,LAC,,,,0.0,19.0,0.0,0.0,0.0,,,,,,,,,,,,,,
cox_RB_DEN,Jeremy Cox,RB,DEN,,,,,,,,,,,,,,,,,,,,,,
williams_RB_WSH,Jonathan Williams,RB,WSH,,,,,,,,,,,,,,,,,,,,,,
barkley_QB_BUF,Matt Barkley,QB,BUF,,,,,,,,,,,,,,,,,,,,,,
sternberger_TE_PIT,Jace Sternberger,TE,PIT,,,,,,,,,,,,,,,,,,,,,,
parkinson_TE_SEA,Colby Parkinson,TE,SEA,,,,0.0,0.0,7.0,1.0,73.0,,,,,,,,,,,,,,
holyfield_RB_CIN,Elijah Holyfield,RB,CIN,,,,,,,,,,,,,,,,,,,,,,
wilkins_RB_TEN,Jordan Wilkins,RB,TEN,,,,,,,,,,,,,,,,,,,,,,
brown_RB_LV,Brittain Brown,RB,LV,,,,,,,,,,,,,,,,,,,,,,
patmon_WR_IND,Dezmon Patmon,WR,IND,,,,0.0,0.0,2.0,0.0,18.0,,,,,,,,,,,,,,
johnson_WR_SF,Marcus Johnson,WR,SF,,,,,,,,,,,,,,,,,,,,,,
woodside_QB_TEN,Logan Woodside,QB,TEN,,,,,,,,,,,,,,,,,,,,,,
franks_QB_ATL,Feleipe Franks,QB,ATL,,,,,,,,,,,,,,,,,,,,,,
shaheen_TE_MIA,Adam Shaheen,TE,MIA,,,,0.0,0.0,2.0,0.0,18.0,,,,,,,,,,,,,,
mitchell_TE_DET,James Mitchell,TE,DET,,,,0.0,0.0,2.0,0.0,18.0,,,,,,,,,,,,,,
hamilton_WR_HOU,DaeSean Hamilton,WR,HOU,,,,,,,,,,,,,,,,,,,,,,
ricci_RB_CAR,Giovanni Ricci,RB,CAR,,,,0.0,0.0,4.0,0.0,33.0,,,,,,,,,,,,,,
doaks_RB_MIA,Gerrid Doaks,RB,MIA,,,,,,,,,,,,,,,,,,,,,,
knight_RB_NYJ,Zonovan Knight,RB,NYJ,,,,,,,,,,,,,,,,,,,,,,
moore_WR_CHI,David Moore,WR,CHI,,,,,,,,,,,,,,,,,,,,,,
taylor_WR_GB,Malik Taylor,WR,GB,,,,,,,,,,,,,,,,,,,,,,
akers_WR_LAR,Landen Akers,WR,LAR,,,,,,,,,,,,,,,,,,,,,,
stick_QB_LAC,Easton Stick,QB,LAC,,,,,,,,,,,,,,,,,,,,,,
oliver_TE_BAL,Josh Oliver,TE,BAL,,,,,,,,,,,,,,,,,,,,,,
durant_RB_PIT,Mataeo Durant,RB,PIT,,,,,,,,,,,,,,,,,,,,,,
slater_WR_NE,Matthew Slater,WR,NE,,,,,,,,,,,,,,,,,,,,,,
smith_RB_ATL,Keith Smith,RB,ATL,,,,0.0,31.0,8.0,0.0,58.0,,,,,,,,,,,,,,
erickson_WR_WSH,Alex Erickson,WR,WSH,,,,0.0,0.0,0.0,0.0,0.0,,,,,,,,,,,,,,
witten_TE_LV,Jason Witten,TE,LV,,,,,,,,,,,,,,,,,,,,,,
beck_RB_DEN,Andrew Beck,RB,DEN,,,,,,,,,,,,,,,,,,,,,,
irwin_WR_CIN,Trenton Irwin,WR,CIN,,,,,,,,,,,,,,,,,,,,,,
cabinda_RB_DET,Jason Cabinda,RB,DET,,,,0.0,9.0,4.0,0.0,31.0,,,,,,,,,,,,,,
blasingame_RB_CHI,Khari Blasingame,RB,CHI,,,,0.0,0.0,4.0,0.0,30.0,,,,,,,,,,,,,,
sudfeld_QB_SF,Nate Sudfeld,QB,SF,1.0,190.0,1.0,0.0,5.0,,,,,,,,,,,,,,,,,
ogletree_TE_IND,Andrew Ogletree,TE,IND,,,,0.0,0.0,2.0,0.0,18.0,,,,,,,,,,,,,,
turner_WR_SF,Malik Turner,WR,SF,,,,,,,,,,,,,,,,,,,,,,
sanu_WR_MIA,Mohamed Sanu,WR,MIA,,,,0.0,0.0,4.0,0.0,35.0,,,,,,,,,,,,,,
vizcaino_K_NE,Tristan Vizcaino,K,NE,,,,,,,,,,,,,,,,,,,,,,
forristall_TE_CLE,Miller Forristall,TE,CLE,,,,0.0,0.0,7.0,1.0,70.0,,,,,,,,,,,,,,
milne_WR_WSH,Dax Milne,WR,WSH,,,,0.0,0.0,2.0,0.0,18.0,,,,,,,,,,,,,,
rodgers_TE_PHI,Richard Rodgers,TE,PHI,,,,,,,,,,,,,,,,,,,,,,
woerner_TE_SF,Charlie Woerner,TE,SF,,,,,,,,,,,,,,,,,,,,,,
cleveland_WR_DEN,Tyrie Cleveland,WR,DEN,,,,0.0,0.0,5.0,0.0,58.0,,,,,,,,,,,,,,
fountain_WR_KC,Daurice Fountain,WR,KC,,,,0.0,0.0,2.0,0.0,21.0,,,,,,,,,,,,,,
hollister_WR_TEN,Cody Hollister,WR,TEN,,,,,,,,,,,,,,,,,,,,,,
griffin_QB_TB,Ryan Griffin,QB,TB,,,,,,,,,,,,,,,,,,,,,,
grier_QB_DAL,Will Grier,QB,DAL,,,,,,,,,,,,,,,,,,,,,,
sullivan_TE_CAR,Stephen Sullivan,TE,CAR,,,,0.0,0.0,4.0,0.0,38.0,,,,,,,,,,,,,,
brady_WR_JAX,Tyre Brady,WR,JAX,,,,,,,,,,,,,,,,,,,,,,
prentice_RB_NO,Adam Prentice,RB,NO,,,,0.0,19.0,2.0,0.0,15.0,,,,,,,,,,,,,,
harmon_WR_WSH,Kelvin Harmon,WR,WSH,,,,,,,,,,,,,,,,,,,,,,
hart_WR_SEA,Penny Hart,WR,SEA,,,,,,,,,,,,,,,,,,,,,,
hightower_WR_PHI,John Hightower,WR,PHI,,,,,,,,,,,,,,,,,,,,,,
blough_QB_DET,David Blough,QB,DET,,,,,,,,,,,,,,,,,,,,,,
fells_TE_TB,Darren Fells,TE,TB,,,,,,,,,,,,,,,,,,,,,,
olsen_TE_SEA,Greg Olsen,TE,SEA,,,,,,,,,,,,,,,,,,,,,,
stanton_RB_CLE,Johnny Stanton IV,RB,CLE,,,,0.0,9.0,4.0,0.0,27.0,,,,,,,,,,,,,,
kelly_RB_CLE,John Kelly Jr.,RB,CLE,,,,,,,,,,,,,,,,,,,,,,
bradley_WR_CLE,Ja'Marcus Bradley,WR,CLE,,,,,,,,,,,,,,,,,,,,,,
wilkerson_WR_NE,Kristian Wilkerson,WR,NE,,,,,,,,,,,,,,,,,,,,,,
stoner_WR_LV,Dillon Stoner,WR,LV,,,,,,,,,,,,,,,,,,,,,,
veasy_WR_LV,Jordan Veasy,WR,LV,,,,,,,,,,,,,,,,,,,,,,
beebe_WR_HOU,Chad Beebe,WR,HOU,,,,,,,,,,,,,,,,,,,,,,
manhertz_TE_JAX,Chris Manhertz,TE,JAX,,,,0.0,0.0,7.0,1.0,82.0,,,,,,,,,,,,,,
reyes_TE_WSH,Sammis Reyes,TE,WSH,,,,0.0,0.0,2.0,0.0,18.0,,,,,,,,,,,,,,
sargent_RB_JAX,Mekhi Sargent,RB,JAX,,,,,,,,,,,,,,,,,,,,,,
dortch_WR_ARI,Greg Dortch,WR,ARI,,,,,,,,,,,,,,,,,,,,,,
hodges_QB_LAR,Devlin Hodges,QB,LAR,,,,,,,,,,,,,,,,,,,,,,
keene_TE_NE,Dalton Keene,TE,NE,,,,0.0,0.0,2.0,0.0,19.0,,,,,,,,,,,,,,
saubert_TE_DEN,Eric Saubert,TE,DEN,,,,,,,,,,,,,,,,,,,,,,
keizer_TE_KC,Nick Keizer,TE,KC,,,,,,,,,,,,,,,,,,,,,,
fitzpatrick_TE_ATL,John FitzPatrick,TE,ATL,,,,0.0,0.0,2.0,0.0,17.0,,,,,,,,,,,,,,
horvath_RB_LAC,Zander Horvath,RB,LAC,,,,,,,,,,,,,,,,,,,,,,
sims_WR_PIT,Steven Sims,WR,PIT,,,,,,,,,,,,,,,,,,,,,,
calais_RB_LAR,Raymond Calais,RB,LAR,,,,,,,,,,,,,,,,,,,,,,
etling_QB_GB,Danny Etling,QB,GB,,,,,,,,,,,,,,,,,,,,,,
schaub_QB_ATL,Matt Schaub,QB,ATL,,,,,,,,,,,,,,,,,,,,,,
auclair_TE_HOU,Antony Auclair,TE,HOU,,,,0.0,0.0,8.0,1.0,77.0,,,,,,,,,,,,,,
bowers_TE_LV,Nick Bowers,TE,LV,,,,0.0,0.0,4.0,0.0,42.0,,,,,,,,,,,,,,
quitoriano_TE_HOU,Teagan Quitoriano,TE,HOU,,,,0.0,0.0,4.0,0.0,42.0,,,,,,,,,,,,,,
jones_RB_BUF,Taiwan Jones,RB,BUF,,,,,,,,,,,,,,,,,,,,,,
mason_RB_BAL,Ben Mason,RB,BAL,,,,,,,,,,,,,,,,,,,,,,
quinn_WR_DEN,Trey Quinn,WR,DEN,,,,,,,,,,,,,,,,,,,,,,
reed_WR_LAC,Joe Reed,WR,LAC,,,,,,,,,,,,,,,,,,,,,,
zuber_WR_LV,Isaiah Zuber,WR,LV,,,,,,,,,,,,,,,,,,,,,,
cain_WR_PHI,Deon Cain,WR,PHI,,,,,,,,,,,,,,,,,,,,,,
white_WR_NO,Kevin White,WR,NO,,,,,,,,,,,,,,,,,,,,,,
baker_WR_NO,Kawaan Baker,WR,NO,,,,,,,,,,,,,,,,,,,,,,
ralston_RB_DAL,Nick Ralston,RB,DAL,,,,,,,,,,,,,,,,,,,,,,
kampmoyer_TE_LAC,Hunter Kampmoyer,TE,LAC,,,,0.0,0.0,4.0,0.0,40.0,,,,,,,,,,,,,,
yeboah_TE_NYJ,Kenny Yeboah,TE,NYJ,,,,,,,,,,,,,,,,,,,,,,
horsted_TE_LV,Jesper Horsted,TE,LV,,,,,,,,,,,,,,,,,,,,,,
wesco_RB_NYJ,Trevon Wesco,RB,NYJ,,,,,,,,,,,,,,,,,,,,,,
wims_WR_CLE,Javon Wims,WR,CLE,,,,,,,,,,,,,,,,,,,,,,
bonnafon_RB_WSH,Reggie Bonnafon,RB,WSH,,,,,,,,,,,,,,,,,,,,,,
ozigbo_RB_NO,Devine Ozigbo,RB,NO,,,,,,,,,,,,,,,,,,,,,,
hogan_WR_NO,Chris Hogan,WR,NO,,,,,,,,,,,,,,,,,,,,,,
mccrary_RB_BAL,Nate McCrary,RB,BAL,,,,,,,,,,,,,,,,,,,,,,
streveler_QB_NYJ,Chris Streveler,QB,NYJ,,,,,,,,,,,,,,,,,,,,,,
hudson_TE_TEN,Tommy Hudson,TE,TEN,,,,0.0,0.0,2.0,0.0,18.0,,,,,,,,,,,,,,
dafney_TE_GB,Dominique Dafney,TE,GB,,,,,,,,,,,,,,,,,,,,,,
cracraft_WR_MIA,River Cracraft,WR,MIA,,,,,,,,,,,,,,,,,,,,,,
foster_WR_NYG,Robert Foster,WR,NYG,,,,,,,,,,,,,,,,,,,,,,
kennedy_WR_DET,Tom Kennedy,WR,DET,,,,,,,,,,,,,,,,,,,,,,
benson_WR_DET,Trinity Benson,WR,DET,,,,,,,,,,,,,,,,,,,,,,
quessenberry_TE_HOU,Paul Quessenberry,TE,HOU,,,,,,,,,,,,,,,,,,,,,,
zylstra_TE_DET,Shane Zylstra,TE,DET,,,,,,,,,,,,,,,,,,,,,,
carter_RB_TEN,Tory Carter,RB,TEN,,,,,,,,,,,,,,,,,,,,,,
hall_WR_JAX,Marvin Hall,WR,JAX,,,,,,,,,,,,,,,,,,,,,,
malone_WR_TEN,Josh Malone,WR,TEN,,,,,,,,,,,,,,,,,,,,,,
bargas_RB_MIN,Jake Bargas,RB,MIN,,,,,,,,,,,,,,,,,,,,,,
webb_QB_NYG,Davis Webb,QB,NYG,,,,,,,,,,,,,,,,,,,,,,
mcdonald_TE_PIT,Vance McDonald,TE,PIT,,,,,,,,,,,,,,,,,,,,,,
willson_TE_SEA,Luke Willson,TE,SEA,,,,,,,,,,,,,,,,,,,,,,
reed_TE_SF,Jordan Reed,TE,SF,,,,,,,,,,,,,,,,,,,,,,
anderson_TE_ARI,Stephen Anderson,TE,ARI,,,,,,,,,,,,,,,,,,,,,,
smith_RB_LV,Sutton Smith,RB,LV,,,,,,,,,,,,,,,,,,,,,,
hodgins_WR_BUF,Isaiah Hodgins,WR,BUF,,,,,,,,,,,,,,,,,,,,,,
johnson_RB_SEA,Josh Johnson,RB,SEA,,,,,,,,,,,,,,,,,,,,,,
whyte_RB_GB,Kerrith Whyte,RB,GB,,,,,,,,,,,,,,,,,,,,,,
kirkwood_WR_CAR,Keith Kirkwood,WR,CAR,,,,,,,,,,,,,,,,,,,,,,
board_WR_NYG,C.J. Board,WR,NYG,,,,,,,,,,,,,,,,,,,,,,
webster_WR_CHI,Nsimba Webster,WR,CHI,,,,,,,,,,,,,,,,,,,,,,
hogan_QB_HOU,Kevin Hogan,QB,HOU,,,,,,,,,,,,,,,,,,,,,,
oladokun_QB_PIT,Chris Oladokun,QB,PIT,,,,,,,,,,,,,,,,,,,,,,
smith_QB_WSH,Alex Smith,QB,WSH,,,,,,,,,,,,,,,,,,,,,,
hesse_TE_ATL,Parker Hesse,TE,ATL,,,,0.0,0.0,5.0,0.0,54.0,,,,,,,,,,,,,,
muse_TE_MIN,Nick Muse,TE,MIN,,,,0.0,0.0,2.0,0.0,19.0,,,,,,,,,,,,,,
matthews_TE_SF,Jordan Matthews,TE,SF,,,,,,,,,,,,,,,,,,,,,,
bawden_RB_NYJ,Nick Bawden,RB,NYJ,,,,0.0,0.0,4.0,0.0,32.0,,,,,,,,,,,,,,
harris_WR_IND,DeMichael Harris,WR,IND,,,,,,,,,,,,,,,,,,,,,,
ford_WR_IND,Isaiah Ford,WR,IND,,,,,,,,,,,,,,,,,,,,,,
bellore_RB_SEA,Nick Bellore,RB,SEA,,,,,,,,,,,,,,,,,,,,,,
proehl_WR_NYG,Austin Proehl,WR,NYG,,,,,,,,,,,,,,,,,,,,,,
blake_WR_ARI,Christian Blake,WR,ARI,,,,,,,,,,,,,,,,,,,,,,
mack_WR_SF,Austin Mack,WR,SF,,,,,,,,,,,,,,,,,,,,,,
mitchell_WR_MIN,Myron Mitchell,WR,MIN,,,,,,,,,,,,,,,,,,,,,,
sills_WR_NYG,David Sills V,WR,NYG,,,,,,,,,,,,,,,,,,,,,,
young_WR_SEA,Dareke Young,WR,SEA,,,,,,,,,,,,,,,,,,,,,,
batson_WR_ATL,Cameron Batson,WR,ATL,,,,,,,,,,,,,,,,,,,,,,
sinnett_QB_PHI,Reid Sinnett,QB,PHI,,,,,,,,,,,,,,,,,,,,,,
griffin_TE_DET,Garrett Griffin,TE,DET,,,,,,,,,,,,,,,,,,,,,,
davidson_TE_MIN,Zach Davidson,TE,MIN,,,,,,,,,,,,,,,,,,,,,,
smith_TE_NYG,Kaden Smith,TE,NYG,,,,,,,,,,,,,,,,,,,,,,
fumagalli_TE_SF,Troy Fumagalli,TE,SF,,,,,,,,,,,,,,,,,,,,,,
janovich_RB_HOU,Andy Janovich,RB,HOU,,,,,,,,,,,,,,,,,,,,,,
anderson_RB_HOU,Darius Anderson,RB,HOU,,,,,,,,,,,,,,,,,,,,,,
mcguire_RB_KC,Elijah McGuire,RB,KC,,,,,,,,,,,,,,,,,,,,,,
armah_RB_WSH,Alex Armah,RB,WSH,,,,,,,,,,,,,,,,,,,,,,
smith_WR_TB,Vyncint Smith,WR,TB,,,,,,,,,,,,,,,,,,,,,,
allison_WR_ATL,Geronimo Allison,WR,ATL,,,,,,,,,,,,,,,,,,,,,,
coulter_WR_CHI,Isaiah Coulter,WR,CHI,,,,,,,,,,,,,,,,,,,,,,
chisena_WR_MIN,Dan Chisena,WR,MIN,,,,,,,,,,,,,,,,,,,,,,
luton_QB_JAX,Jake Luton,QB,JAX,,,,,,,,,,,,,,,,,,,,,,
finley_QB_HOU,Ryan Finley,QB,HOU,,,,,,,,,,,,,,,,,,,,,,
gilbert_QB_LV,Garrett Gilbert,QB,LV,,,,,,,,,,,,,,,,,,,,,,
griffinstewart_TE_CLE,Nakia Griffin-Stewart,TE,CLE,,,,0.0,0.0,3.0,0.0,33.0,,,,,,,,,,,,,,
hudson_TE_SF,Tanner Hudson,TE,SF,,,,,,,,,,,,,,,,,,,,,,
myarick_TE_NYG,Chris Myarick,TE,NYG,,,,,,,,,,,,,,,,,,,,,,
lovett_RB_MIA,John Lovett,RB,MIA,,,,,,,,,,,,,,,,,,,,,,
cager_TE_NYJ,Lawrence Cager,TE,NYJ,,,,,,,,,,,,,,,,,,,,,,
gafford_WR_GB,Rico Gafford,WR,GB,,,,,,,,,,,,,,,,,,,,,,
winston_WR_NO,Easop Winston Jr.,WR,NO,,,,,,,,,,,,,,,,,,,,,,
saunders_WR_CAR,C.J. Saunders,WR,CAR,,,,,,,,,,,,,,,,,,,,,,
koski_WR_LAR,J.J. Koski,WR,LAR,,,,,,,,,,,,,,,,,,,,,,
carter_TE_MIA,Cethan Carter,TE,MIA,,,,,,,,,,,,,,,,,,,,,,
driskel_TE_HOU,Jeff Driskel,TE,HOU,,,,,,,,,,,,,,,,,,,,,,
rader_TE_PIT,Kevin Rader,TE,PIT,,,,,,,,,,,,,,,,,,,,,,
poljan_TE_BAL,Tony Poljan,TE,BAL,,,,,,,,,,,,,,,,,,,,,,
wells_TE_ARI,David Wells,TE,ARI,,,,,,,,,,,,,,,,,,,,,,
godwin_WR_TEN,Terry Godwin,WR,TEN,,,,,,,,,,,,,,,,,,,,,,
sherman_RB_KC,Anthony Sherman,RB,KC,,,,,,,,,,,,,,,,,,,,,,
davis_WR_HOU,Davion Davis,WR,HOU,,,,0.0,0.0,7.0,0.0,82.0,,,,,,,,,,,,,,
kinsey_WR_TEN,Mason Kinsey,WR,TEN,,,,,,,,,,,,,,,,,,,,,,
holtz_RB_NO,J.P. Holtz,RB,NO,,,,,,,,,,,,,,,,,,,,,,
schreck_TE_HOU,Mason Schreck,TE,HOU,,,,,,,,,,,,,,,,,,,,,,
franks_TE_KC,Jordan Franks,TE,KC,,,,,,,,,,,,,,,,,,,,,,
togiai_TE_PHI,Noah Togiai,TE,PHI,,,,,,,,,,,,,,,,,,,,,,
swoopes_TE_WSH,Tyrone Swoopes,TE,WSH,,,,,,,,,,,,,,,,,,,,,,
graham_TE_PHI,Jaeden Graham,TE,PHI,,,,,,,,,,,,,,,,,,,,,,
riddick_RB_LV,Theo Riddick,RB,LV,,,,,,,,,,,,,,,,,,,,,,
jennings_WR_KC,Gary Jennings,WR,KC,,,,,,,,,,,,,,,,,,,,,,
camp_WR_HOU,Jalen Camp,WR,HOU,,,,,,,,,,,,,,,,,,,,,,
cotton_WR_JAX,Jeff Cotton Jr.,WR,JAX,,,,,,,,,,,,,,,,,,,,,,
black_WR_NYJ,Tarik Black,WR,NYJ,,,,,,,,,,,,,,,,,,,,,,
doss_WR_NYG,Keelan Doss,WR,NYG,,,,,,,,,,,,,,,,,,,,,,
bachman_WR_NYG,Alex Bachman,WR,NYG,,,,,,,,,,,,,,,,,,,,,,
ellis_TE_ARI,Alex Ellis,TE,ARI,,,,,,,,,,,,,,,,,,,,,,
yelder_TE_ARI,Deon Yelder,TE,ARI,,,,,,,,,,,,,,,,,,,,,,
pinkney_TE_LAR,Jared Pinkney,TE,LAR,,,,,,,,,,,,,,,,,,,,,,
bunting_TE_DAL,Ian Bunting,TE,DAL,,,,,,,,,,,,,,,,,,,,,,
hentges_TE_MIN,Hale Hentges,TE,MIN,,,,,,,,,,,,,,,,,,,,,,
cottrell_RB_JAX,Nathan Cottrell,RB,JAX,,,,,,,,,,,,,,,,,,,,,,
bandy_WR_LAC,Michael Bandy,WR,LAC,,,,,,,,,,,,,,,,,,,,,,
ffrench_WR_LAC,Maurice Ffrench,WR,LAC,,,,,,,,,,,,,,,,,,,,,,
perry_WR_NE,Malcolm Perry,WR,NE,,,,,,,,,,,,,,,,,,,,,,
michel_WR_WSH,Marken Michel,WR,WSH,,,,,,,,,,,,,,,,,,,,,,
fuller_WR_SEA,Aaron Fuller,WR,SEA,,,,,,,,,,,,,,,,,,,,,,
bayless_WR_KC,Omar Bayless,WR,KC,,,,,,,,,,,,,,,,,,,,,,
bushman_TE_KC,Matt Bushman,TE,KC,,,,,,,,,,,,,,,,,,,,,,
mabry_TE_SEA,Tyler Mabry,TE,SEA,,,,0.0,0.0,4.0,0.0,36.0,,,,,,,,,,,,,,
mack_TE_GB,Alize Mack,TE,GB,,,,,,,,,,,,,,,,,,,,,,
thompson_TE_CAR,Colin Thompson,TE,CAR,,,,,,,,,,,,,,,,,,,,,,
sokol_TE_NE,Matt Sokol,TE,NE,,,,,,,,,,,,,,,,,,,,,,
hill_TE_DET,Josh Hill,TE,DET,,,,,,,,,,,,,,,,,,,,,,
barnes_RB_TEN,Alex Barnes,RB,TEN,,,,,,,,,,,,,,,,,,,,,,
bradwell_RB_CAR,Darius Bradwell,RB,CAR,,,,,,,,,,,,,,,,,,,,,,
johnson_WR_SEA,Cade Johnson,WR,SEA,,,,,,,,,,,,,,,,,,,,,,
hall_WR_WSH,Emanuel Hall,WR,WSH,,,,,,,,,,,,,,,,,,,,,,
merritt_WR_NO,Kirk Merritt,WR,NO,,,,,,,,,,,,,,,,,,,,,,
jackson_WR_MIN,Trishton Jackson,WR,MIN,,,,,,,,,,,,,,,,,,,,,,
thompkins_WR_TB,Deven Thompkins,WR,TB,,,,,,,,,,,,,,,,,,,,,,
kemp_WR_NYG,Marcus Kemp,WR,NYG,,,,,,,,,,,,,,,,,,,,,,
dillon_TE_NO,Brandon Dillon,TE,NO,,,,,,,,,,,,,,,,,,,,,,
thompson_WR_SEA,Cody Thompson,WR,SEA,,,,,,,,,,,,,,,,,,,,,,
walker_WR_PHI,Michael Walker,WR,PHI,,,,,,,,,,,,,,,,,,,,,,
hyman_WR_GB,Ishmael Hyman,WR,GB,,,,,,,,,,,,,,,,,,,,,,
