key,name,pos,team,pass_tds,pass_yds,pass_ints,rush_tds,rush_yds,receptions,reception_tds,reception_yds,two_pts,fumbles,kick_0_19,kick_20_29,kick_30_39,kick_40_49,kick_50,kick_extra_points,df_points_allowed_per_game,df_sacks,df_safeties,df_fumbles,df_tds,df_ints
mahomes_QB_KC,Patrick Mahomes,QB,KC,34.0,4458.0,10.0,4.0,283.0,,,,,,,,,,,,,,,,,
jackson_QB_BAL,Lamar Jackson,QB,BAL,25.0,3441.0,10.0,6.0,905.0,,,,,,,,,,,,,,,,,
mccaffrey_RB_CAR,Christian McCaffrey,RB,CAR,,,,8.0,1060.0,90.0,3.0,742.0,,,,,,,,,,,,,,
watson_QB_HOU,Deshaun Watson,QB,HOU,28.0,4018.0,12.0,4.0,519.0,,,,,,,,,,,,,,,,,
thomas_WR_NO,Michael Thomas,WR,NO,,,,0.0,0.0,115.0,9.0,1359.0,,,,,,,,,,,,,,
prescott_QB_DAL,Dak Prescott,QB,DAL,27.0,4330.0,11.0,4.0,247.0,,,,,,,,,,,,,,,,,
murray_QB_ARI,Kyler Murray,QB,ARI,26.0,3832.0,12.0,4.0,471.0,,,,,,,,,,,,,,,,,
elliott_RB_DAL,Ezekiel Elliott,RB,DAL,,,,10.0,1234.0,58.0,2.0,462.0,,,,,,,,,,,,,,
wilson_QB_SEA,Russell Wilson,QB,SEA,29.0,3688.0,9.0,2.0,398.0,,,,,,,,,,,,,,,,,
kamara_RB_NO,Alvin Kamara,RB,NO,,,,8.0,878.0,79.0,3.0,605.0,,,,,,,,,,,,,,
brady_QB_TB,Tom Brady,QB,TB,31.0,4419.0,9.0,2.0,28.0,,,,,,,,,,,,,,,,,
cook_RB_MIN,Dalvin Cook,RB,MIN,,,,10.0,1062.0,65.0,1.0,539.0,,,,,,,,,,,,,,
barkley_RB_NYG,Saquon Barkley,RB,NYG,,,,9.0,1183.0,58.0,2.0,460.0,,,,,,,,,,,,,,
ryan_QB_ATL,Matt Ryan,QB,ATL,28.0,4518.0,12.0,1.0,125.0,,,,,,,,,,,,,,,,,
allen_QB_BUF,Josh Allen,QB,BUF,19.0,3416.0,11.0,6.0,552.0,,,,,,,,,,,,,,,,,
brees_QB_NO,Drew Brees,QB,NO,30.0,4024.0,9.0,1.0,11.0,,,,,,,,,,,,,,,,,
stafford_QB_DET,Matthew Stafford,QB,DET,27.0,4211.0,11.0,1.0,124.0,,,,,,,,,,,,,,,,,
wentz_QB_PHI,Carson Wentz,QB,PHI,27.0,3804.0,9.0,2.0,213.0,,,,,,,,,,,,,,,,,
kelce_TE_KC,Travis Kelce,TE,KC,,,,0.0,6.0,91.0,10.0,1133.0,,,,,,,,,,,,,,
rodgers_QB_GB,Aaron Rodgers,QB,GB,25.0,3889.0,9.0,1.0,206.0,,,,,,,,,,,,,,,,,
newton_QB_NE,Cam Newton,QB,NE,20.0,3575.0,12.0,3.0,438.0,,,,,,,,,,,,,,,,,
henry_RB_TEN,Derrick Henry,RB,TEN,,,,11.0,1354.0,25.0,1.0,208.0,,,,,,,,,,,,,,
adams_WR_GB,Davante Adams,WR,GB,,,,0.0,0.0,92.0,8.0,1167.0,,,,,,,,,,,,,,
jones_WR_ATL,Julio Jones,WR,ATL,,,,0.0,11.0,89.0,7.0,1242.0,,,,,,,,,,,,,,
edwardshelaire_RB_KC,Clyde Edwards-Helaire,RB,KC,,,,8.0,897.0,52.0,4.0,434.0,,,,,,,,,,,,,,
hill_WR_KC,Tyreek Hill,WR,KC,,,,1.0,66.0,79.0,9.0,1115.0,,,,,,,,,,,,,,
jones_QB_NYG,Daniel Jones,QB,NYG,24.0,3724.0,13.0,2.0,267.0,,,,,,,,,,,,,,,,,
hopkins_WR_ARI,DeAndre Hopkins,WR,ARI,,,,0.0,23.0,89.0,7.0,1100.0,,,,,,,,,,,,,,
drake_RB_ARI,Kenyan Drake,RB,ARI,,,,8.0,933.0,54.0,2.0,404.0,,,,,,,,,,,,,,
sanders_RB_PHI,Miles Sanders,RB,PHI,,,,8.0,1083.0,43.0,2.0,360.0,,,,,,,,,,,,,,
goff_QB_LAR,Jared Goff,QB,LAR,22.0,4312.0,13.0,2.0,64.0,,,,,,,,,,,,,,,,,
godwin_WR_TB,Chris Godwin,WR,TB,,,,0.0,0.0,84.0,7.0,1151.0,,,,,,,,,,,,,,
chubb_RB_CLE,Nick Chubb,RB,CLE,,,,10.0,1305.0,26.0,1.0,210.0,,,,,,,,,,,,,,
jones_RB_GB,Aaron Jones,RB,GB,,,,9.0,906.0,45.0,2.0,368.0,,,,,,,,,,,,,,
roethlisberger_QB_PIT,Ben Roethlisberger,QB,PIT,25.0,3881.0,12.0,1.0,73.0,,,,,,,,,,,,,,,,,
evans_WR_TB,Mike Evans,WR,TB,,,,0.0,0.0,74.0,9.0,1131.0,,,,,,,,,,,,,,
jacobs_RB_LV,Josh Jacobs,RB,LV,,,,9.0,1143.0,37.0,1.0,287.0,,,,,,,,,,,,,,
ekeler_RB_LAC,Austin Ekeler,RB,LAC,,,,4.0,715.0,64.0,3.0,606.0,,,,,,,,,,,,,,
tannehill_QB_TEN,Ryan Tannehill,QB,TEN,24.0,3426.0,11.0,2.0,207.0,,,,,,,,,,,,,,,,,
garoppolo_QB_SF,Jimmy Garoppolo,QB,SF,25.0,3698.0,13.0,2.0,74.0,,,,,,,,,,,,,,,,,
burrow_QB_CIN,Joe Burrow,QB,CIN,20.0,3733.0,14.0,2.0,258.0,,,,,,,,,,,,,,,,,
lock_QB_DEN,Drew Lock,QB,DEN,22.0,3636.0,12.0,1.0,221.0,,,,,,,,,,,,,,,,,
thielen_WR_MIN,Adam Thielen,WR,MIN,,,,0.0,25.0,78.0,6.0,1108.0,,,,,,,,,,,,,,
cousins_QB_MIN,Kirk Cousins,QB,MIN,21.0,3744.0,9.0,2.0,92.0,,,,,,,,,,,,,,,,,
moore_WR_CAR,DJ Moore,WR,CAR,,,,0.0,49.0,87.0,4.0,1125.0,,,,,,,,,,,,,,
mixon_RB_CIN,Joe Mixon,RB,CIN,,,,7.0,1140.0,38.0,1.0,295.0,,,,,,,,,,,,,,
minshew_QB_JAX,Gardner Minshew II,QB,JAX,18.0,3702.0,10.0,1.0,289.0,,,,,,,,,,,,,,,,,
rivers_QB_IND,Philip Rivers,QB,IND,26.0,3770.0,14.0,0.0,30.0,,,,,,,,,,,,,,,,,
golladay_WR_DET,Kenny Golladay,WR,DET,,,,0.0,0.0,66.0,8.0,1110.0,,,,,,,,,,,,,,
johnson_RB_HOU,David Johnson,RB,HOU,,,,6.0,945.0,39.0,3.0,373.0,,,,,,,,,,,,,,
mayfield_QB_CLE,Baker Mayfield,QB,CLE,24.0,3444.0,14.0,2.0,122.0,,,,,,,,,,,,,,,,,
carson_RB_SEA,Chris Carson,RB,SEA,,,,8.0,1099.0,36.0,2.0,266.0,,,,,,,,,,,,,,
carr_QB_LV,Derek Carr,QB,LV,22.0,3580.0,9.0,1.0,76.0,,,,,,,,,,,,,,,,,
robinson_WR_CHI,Allen Robinson II,WR,CHI,,,,0.0,11.0,85.0,6.0,1041.0,,,,,,,,,,,,,,
kittle_TE_SF,George Kittle,TE,SF,,,,1.0,17.0,80.0,6.0,998.0,,,,,,,,,,,,,,
smithschuster_WR_PIT,JuJu Smith-Schuster,WR,PIT,,,,0.0,0.0,80.0,7.0,1034.0,,,,,,,,,,,,,,
cooper_WR_DAL,Amari Cooper,WR,DAL,,,,0.0,12.0,75.0,7.0,1075.0,,,,,,,,,,,,,,
gurley_RB_ATL,Todd Gurley II,RB,ATL,,,,7.0,869.0,45.0,2.0,373.0,,,,,,,,,,,,,,
woods_WR_LAR,Robert Woods,WR,LAR,,,,1.0,100.0,83.0,3.0,1055.0,,,,,,,,,,,,,,
darnold_QB_NYJ,Sam Darnold,QB,NYJ,22.0,3750.0,15.0,2.0,106.0,,,,,,,,,,,,,,,,,
ridley_WR_ATL,Calvin Ridley,WR,ATL,,,,0.0,12.0,76.0,7.0,1011.0,,,,,,,,,,,,,,
lockett_WR_SEA,Tyler Lockett,WR,SEA,,,,0.0,27.0,72.0,7.0,981.0,,,,,,,,,,,,,,
sutton_WR_DEN,Courtland Sutton,WR,DEN,,,,0.0,14.0,72.0,7.0,1036.0,,,,,,,,,,,,,,
beckham_WR_CLE,Odell Beckham Jr.,WR,CLE,,,,0.0,24.0,72.0,7.0,1007.0,,,,,,,,,,,,,,
kupp_WR_LAR,Cooper Kupp,WR,LAR,,,,0.0,22.0,80.0,6.0,998.0,,,,,,,,,,,,,,
brown_WR_TEN,A.J. Brown,WR,TEN,,,,0.0,27.0,65.0,7.0,1024.0,,,,,,,,,,,,,,
allen_WR_LAC,Keenan Allen,WR,LAC,,,,0.0,25.0,84.0,5.0,986.0,,,,,,,,,,,,,,
hilton_WR_IND,T.Y. Hilton,WR,IND,,,,0.0,0.0,72.0,6.0,1024.0,,,,,,,,,,,,,,
mclaurin_WR_WSH,Terry McLaurin,WR,WSH,,,,0.0,0.0,74.0,5.0,1060.0,,,,,,,,,,,,,,
landry_WR_CLE,Jarvis Landry,WR,CLE,,,,0.0,0.0,75.0,6.0,974.0,,,,,,,,,,,,,,
haskins_QB_WSH,Dwayne Haskins Jr.,QB,WSH,17.0,3722.0,14.0,1.0,190.0,,,,,,,,,,,,,,,,,
chark_WR_JAX,DJ Chark Jr.,WR,JAX,,,,0.0,8.0,75.0,5.0,1000.0,,,,,,,,,,,,,,
bell_RB_NYJ,Le'Veon Bell,RB,NYJ,,,,4.0,773.0,56.0,2.0,413.0,,,,,,,,,,,,,,
bridgewater_QB_CAR,Teddy Bridgewater,QB,CAR,17.0,3615.0,10.0,1.0,75.0,,,,,,,,,,,,,,,,,
parker_WR_MIA,DeVante Parker,WR,MIA,,,,0.0,0.0,70.0,5.0,1017.0,,,,,,,,,,,,,,
gallup_WR_DAL,Michael Gallup,WR,DAL,,,,0.0,0.0,65.0,6.0,1009.0,,,,,,,,,,,,,,
metcalf_WR_SEA,DK Metcalf,WR,SEA,,,,0.0,11.0,63.0,8.0,911.0,,,,,,,,,,,,,,
gordon_RB_DEN,Melvin Gordon,RB,DEN,,,,6.0,701.0,48.0,2.0,371.0,,,,,,,,,,,,,,
andrews_TE_BAL,Mark Andrews,TE,BAL,,,,0.0,0.0,66.0,8.0,882.0,,,,,,,,,,,,,,
shepard_WR_NYG,Sterling Shepard,WR,NYG,,,,0.0,52.0,74.0,6.0,825.0,,,,,,,,,,,,,,
conner_RB_PIT,James Conner,RB,PIT,,,,7.0,835.0,38.0,1.0,292.0,,,,,,,,,,,,,,
jones_WR_DET,Marvin Jones Jr.,WR,DET,,,,0.0,11.0,62.0,7.0,889.0,,,,,,,,,,,,,,
boyd_WR_CIN,Tyler Boyd,WR,CIN,,,,0.0,25.0,78.0,4.0,912.0,,,,,,,,,,,,,,
edelman_WR_NE,Julian Edelman,WR,NE,,,,0.0,53.0,73.0,5.0,869.0,,,,,,,,,,,,,,
green_WR_CIN,A.J. Green,WR,CIN,,,,0.0,0.0,69.0,5.0,948.0,,,,,,,,,,,,,,
ertz_TE_PHI,Zach Ertz,TE,PHI,,,,0.0,0.0,75.0,6.0,791.0,,,,,,,,,,,,,,
crowder_WR_NYJ,Jamison Crowder,WR,NYJ,,,,0.0,0.0,77.0,5.0,844.0,,,,,,,,,,,,,,
diggs_WR_BUF,Stefon Diggs,WR,BUF,,,,0.0,26.0,63.0,5.0,952.0,,,,,,,,,,,,,,
brown_WR_BAL,Marquise Brown,WR,BAL,,,,0.0,0.0,64.0,7.0,859.0,,,,,,,,,,,,,,
waller_TE_LV,Darren Waller,TE,LV,,,,0.0,0.0,72.0,5.0,851.0,,,,,,,,,,,,,,
taylor_RB_IND,Jonathan Taylor,RB,IND,,,,7.0,857.0,28.0,1.0,237.0,,,,,,,,,,,,,,
samuel_WR_SF,Deebo Samuel,WR,SF,,,,1.0,140.0,58.0,5.0,774.0,,,,,,,,,,,,,,
cooks_WR_HOU,Brandin Cooks,WR,HOU,,,,0.0,24.0,61.0,5.0,871.0,,,,,,,,,,,,,,
tagovailoa_QB_MIA,Tua Tagovailoa,QB,MIA,16.0,3014.0,11.0,1.0,129.0,,,,,,,,,,,,,,,,,
johnson_WR_PIT,Diontae Johnson,WR,PIT,,,,0.0,23.0,66.0,5.0,786.0,,,,,,,,,,,,,,
gibson_RB_WSH,Antonio Gibson,RB,WSH,,,,3.0,634.0,44.0,1.0,426.0,,,,,,,,,,,,,,
kirk_WR_ARI,Christian Kirk,WR,ARI,,,,0.0,105.0,63.0,5.0,724.0,,,,,,,,,,,,,,
williams_WR_MIA,Preston Williams,WR,MIA,,,,0.0,0.0,63.0,5.0,836.0,,,,,,,,,,,,,,
hunt_RB_CLE,Kareem Hunt,RB,CLE,,,,3.0,407.0,52.0,3.0,457.0,,,,,,,,,,,,,,
singletary_RB_BUF,Devin Singletary,RB,BUF,,,,3.0,815.0,37.0,1.0,291.0,,,,,,,,,,,,,,
akers_RB_LAR,Cam Akers,RB,LAR,,,,7.0,820.0,23.0,1.0,185.0,,,,,,,,,,,,,,
cohen_RB_CHI,Tarik Cohen,RB,CHI,,,,1.0,264.0,72.0,2.0,510.0,,,,,,,,,,,,,,
montgomery_RB_CHI,David Montgomery,RB,CHI,,,,5.0,852.0,26.0,1.0,216.0,,,,,,,,,,,,,,
anderson_WR_CAR,Robby Anderson,WR,CAR,,,,0.0,10.0,57.0,4.0,835.0,,,,,,,,,,,,,,
sanders_WR_NO,Emmanuel Sanders,WR,NO,,,,0.0,13.0,56.0,6.0,747.0,,,,,,,,,,,,,,
engram_TE_NYG,Evan Engram,TE,NYG,,,,0.0,13.0,64.0,5.0,692.0,,,,,,,,,,,,,,
fuller_WR_HOU,Will Fuller V,WR,HOU,,,,0.0,0.0,56.0,5.0,786.0,,,,,,,,,,,,,,
tate_WR_NYG,Golden Tate,WR,NYG,,,,0.0,21.0,62.0,4.0,758.0,,,,,,,,,,,,,,
brown_WR_BUF,John Brown,WR,BUF,,,,0.0,12.0,55.0,5.0,793.0,,,,,,,,,,,,,,
higbee_TE_LAR,Tyler Higbee,TE,LAR,,,,0.0,0.0,64.0,5.0,705.0,,,,,,,,,,,,,,
slayton_WR_NYG,Darius Slayton,WR,NYG,,,,0.0,0.0,54.0,5.0,769.0,,,,,,,,,,,,,,
mostert_RB_SF,Raheem Mostert,RB,SF,,,,7.0,808.0,18.0,1.0,159.0,,,,,,,,,,,,,,
ingram_RB_BAL,Mark Ingram II,RB,BAL,,,,7.0,736.0,23.0,1.0,184.0,,,,,,,,,,,,,,
jones_RB_TB,Ronald Jones II,RB,TB,,,,5.0,667.0,32.0,1.0,254.0,,,,,,,,,,,,,,
herbert_QB_LAC,Justin Herbert,QB,LAC,14.0,2621.0,10.0,1.0,136.0,,,,,,,,,,,,,,,,,
perriman_WR_NYJ,Breshad Perriman,WR,NYJ,,,,0.0,11.0,49.0,5.0,784.0,,,,,,,,,,,,,,
white_RB_NE,James White,RB,NE,,,,2.0,250.0,55.0,3.0,494.0,,,,,,,,,,,,,,
jeudy_WR_DEN,Jerry Jeudy,WR,DEN,,,,0.0,0.0,57.0,4.0,729.0,,,,,,,,,,,,,,
ruggs_WR_LV,Henry Ruggs III,WR,LV,,,,0.0,24.0,53.0,4.0,719.0,,,,,,,,,,,,,,
lindsay_RB_DEN,Phillip Lindsay,RB,DEN,,,,4.0,709.0,32.0,1.0,212.0,,,,,,,,,,,,,,
samuel_WR_CAR,Curtis Samuel,WR,CAR,,,,1.0,95.0,51.0,4.0,624.0,,,,,,,,,,,,,,
swift_RB_DET,D'Andre Swift,RB,DET,,,,4.0,588.0,36.0,1.0,290.0,,,,,,,,,,,,,,
harry_WR_NE,N'Keal Harry,WR,NE,,,,0.0,52.0,53.0,4.0,658.0,,,,,,,,,,,,,,
howard_RB_MIA,Jordan Howard,RB,MIA,,,,5.0,716.0,25.0,1.0,188.0,,,,,,,,,,,,,,
lamb_WR_DAL,CeeDee Lamb,WR,DAL,,,,0.0,12.0,52.0,5.0,688.0,,,,,,,,,,,,,,
cook_TE_NO,Jared Cook,TE,NO,,,,0.0,0.0,46.0,6.0,657.0,,,,,,,,,,,,,,
johnson_RB_DET,Kerryon Johnson,RB,DET,,,,5.0,604.0,28.0,1.0,232.0,,,,,,,,,,,,,,
henry_TE_LAC,Hunter Henry,TE,LAC,,,,0.0,0.0,54.0,5.0,657.0,,,,,,,,,,,,,,
fant_TE_DEN,Noah Fant,TE,DEN,,,,0.0,7.0,56.0,4.0,632.0,,,,,,,,,,,,,,
watkins_WR_KC,Sammy Watkins,WR,KC,,,,0.0,22.0,49.0,4.0,690.0,,,,,,,,,,,,,,
sims_WR_WSH,Steven Sims Jr.,WR,WSH,,,,0.0,0.0,57.0,3.0,632.0,,,,,,,,,,,,,,
jackson_WR_PHI,DeSean Jackson,WR,PHI,,,,0.0,0.0,47.0,4.0,738.0,,,,,,,,,,,,,,
fitzgerald_WR_ARI,Larry Fitzgerald,WR,ARI,,,,0.0,0.0,56.0,5.0,602.0,,,,,,,,,,,,,,
hurst_TE_ATL,Hayden Hurst,TE,ATL,,,,0.0,0.0,54.0,4.0,620.0,,,,,,,,,,,,,,
hockenson_TE_DET,T.J. Hockenson,TE,DET,,,,0.0,0.0,54.0,4.0,619.0,,,,,,,,,,,,,,
fournette_RB_TB,Leonard Fournette,RB,TB,,,,5.0,624.0,28.0,1.0,193.0,,,,,,,,,,,,,,
butker_K_KC,Harrison Butker,K,KC,,,,,,,,,,,,,,10.0,5.0,51.0,,,,,,
jefferson_WR_MIN,Justin Jefferson,WR,MIN,,,,0.0,0.0,53.0,4.0,647.0,,,,,,,,,,,,,,
beasley_WR_BUF,Cole Beasley,WR,BUF,,,,0.0,0.0,58.0,3.0,632.0,,,,,,,,,,,,,,
miller_WR_CHI,Anthony Miller,WR,CHI,,,,0.0,10.0,54.0,3.0,674.0,,,,,,,,,,,,,,
trubisky_QB_CHI,Mitchell Trubisky,QB,CHI,11.0,2255.0,7.0,1.0,158.0,,,,,,,,,,,,,,,,,
gronkowski_TE_TB,Rob Gronkowski,TE,TB,,,,0.0,0.0,48.0,5.0,650.0,,,,,,,,,,,,,,
gesicki_TE_MIA,Mike Gesicki,TE,MIA,,,,0.0,0.0,54.0,4.0,602.0,,,,,,,,,,,,,,
williams_WR_LAC,Mike Williams,WR,LAC,,,,0.0,0.0,42.0,4.0,724.0,,,,,,,,,,,,,,
breida_RB_MIA,Matt Breida,RB,MIA,,,,2.0,572.0,35.0,1.0,277.0,,,,,,,,,,,,,,
moss_RB_BUF,Zack Moss,RB,BUF,,,,5.0,644.0,23.0,1.0,177.0,,,,,,,,,,,,,,
lutz_K_NO,Wil Lutz,K,NO,,,,,,,,,,,,,,10.0,5.0,46.0,,,,,,
amendola_WR_DET,Danny Amendola,WR,DET,,,,0.0,0.0,56.0,3.0,626.0,,,,,,,,,,,,,,
tucker_K_BAL,Justin Tucker,K,BAL,,,,,,,,,,,,,,10.0,5.0,43.0,,,,,,
bills_DST_BUF,Bills,DST,BUF,,,,,,,,,,,,,,,,,19.0625,41.0,,12.0,3.0,13.0
dobbins_RB_BAL,J.K. Dobbins,RB,BAL,,,,4.0,605.0,25.0,1.0,206.0,,,,,,,,,,,,,,
gage_WR_ATL,Russell Gage,WR,ATL,,,,0.0,18.0,52.0,4.0,560.0,,,,,,,,,,,,,,
hardman_WR_KC,Mecole Hardman,WR,KC,,,,0.0,26.0,42.0,4.0,580.0,,,,,,,,,,,,,,
jeffery_WR_PHI,Alshon Jeffery,WR,PHI,,,,0.0,0.0,47.0,5.0,577.0,,,,,,,,,,,,,,
lazard_WR_GB,Allen Lazard,WR,GB,,,,0.0,10.0,46.0,4.0,619.0,,,,,,,,,,,,,,
hines_RB_IND,Nyheim Hines,RB,IND,,,,2.0,217.0,48.0,2.0,393.0,,,,,,,,,,,,,,
herndon_TE_NYJ,Chris Herndon,TE,NYJ,,,,0.0,0.0,49.0,4.0,601.0,,,,,,,,,,,,,,
murray_RB_NO,Latavius Murray,RB,NO,,,,5.0,545.0,25.0,1.0,188.0,,,,,,,,,,,,,,
mack_RB_IND,Marlon Mack,RB,IND,,,,5.0,685.0,16.0,1.0,127.0,,,,,,,,,,,,,,
renfrow_WR_LV,Hunter Renfrow,WR,LV,,,,0.0,0.0,49.0,4.0,579.0,,,,,,,,,,,,,,
campbell_WR_IND,Parris Campbell,WR,IND,,,,0.0,72.0,44.0,4.0,550.0,,,,,,,,,,,,,,
westbrook_WR_JAX,Dede Westbrook,WR,JAX,,,,0.0,21.0,54.0,3.0,563.0,,,,,,,,,,,,,,
steelers_DST_PIT,Steelers,DST,PIT,,,,,,,,,,,,,,,,,18.875,42.0,,12.0,3.0,13.0
doyle_TE_IND,Jack Doyle,TE,IND,,,,0.0,0.0,50.0,5.0,525.0,,,,,,,,,,,,,,
prater_K_DET,Matt Prater,K,DET,,,,,,,,,,,,,,10.0,5.0,38.0,,,,,,
hooper_TE_CLE,Austin Hooper,TE,CLE,,,,0.0,0.0,48.0,5.0,516.0,,,,,,,,,,,,,,
reagor_WR_PHI,Jalen Reagor,WR,PHI,,,,0.0,13.0,45.0,4.0,564.0,,,,,,,,,,,,,,
ers_DST_SF,49ers,DST,SF,,,,,,,,,,,,,,,,,19.8125,42.0,,13.0,3.0,13.0
cobb_WR_HOU,Randall Cobb,WR,HOU,,,,0.0,20.0,46.0,3.0,582.0,,,,,,,,,,,,,,
goedert_TE_PHI,Dallas Goedert,TE,PHI,,,,0.0,0.0,50.0,4.0,509.0,,,,,,,,,,,,,,
gould_K_SF,Robbie Gould,K,SF,,,,,,,,,,,,,,10.0,5.0,39.0,,,,,,
boswell_K_PIT,Chris Boswell,K,PIT,,,,,,,,,,,,,,10.0,5.0,38.0,,,,,,
coleman_RB_SF,Tevin Coleman,RB,SF,,,,5.0,523.0,18.0,1.0,178.0,,,,,,,,,,,,,,
scott_RB_PHI,Boston Scott,RB,PHI,,,,4.0,401.0,31.0,1.0,234.0,,,,,,,,,,,,,,
blankenship_K_IND,Rodrigo Blankenship,K,IND,,,,,,,,,,,,,,10.0,5.0,38.0,,,,,,
koo_K_ATL,Younghoe Koo,K,ATL,,,,,,,,,,,,,,10.0,5.0,35.0,,,,,,
thompson_RB_JAX,Chris Thompson,RB,JAX,,,,1.0,242.0,47.0,1.0,403.0,,,,,,,,,,,,,,
seibert_K_CLE,Austin Seibert,K,CLE,,,,,,,,,,,,,,10.0,5.0,39.0,,,,,,
henderson_RB_LAR,Darrell Henderson Jr.,RB,LAR,,,,3.0,370.0,34.0,1.0,282.0,,,,,,,,,,,,,,
aiyuk_WR_SF,Brandon Aiyuk,WR,SF,,,,0.0,0.0,42.0,4.0,569.0,,,,,,,,,,,,,,
zuerlein_K_DAL,Greg Zuerlein,K,DAL,,,,,,,,,,,,,,10.0,5.0,39.0,,,,,,
elliott_K_PHI,Jake Elliott,K,PHI,,,,,,,,,,,,,,10.0,5.0,38.0,,,,,,
sloman_K_LAR,Sam Sloman,K,LAR,,,,,,,,,,,,,,10.0,5.0,35.0,,,,,,
grant_WR_MIA,Jakeem Grant,WR,MIA,,,,0.0,38.0,45.0,2.0,536.0,,,,,,,,,,,,,,
colts_DST_IND,Colts,DST,IND,,,,,,,,,,,,,,,,,20.1875,42.0,,10.0,3.0,11.0
davis_WR_TEN,Corey Davis,WR,TEN,,,,0.0,0.0,43.0,4.0,561.0,,,,,,,,,,,,,,
ravens_DST_BAL,Ravens,DST,BAL,,,,,,,,,,,,,,,,,20.375,41.0,,10.0,3.0,14.0
gonzalez_K_ARI,Zane Gonzalez,K,ARI,,,,,,,,,,,,,,10.0,5.0,38.0,,,,,,
mcmanus_K_DEN,Brandon McManus,K,DEN,,,,,,,,,,,,,,10.0,5.0,33.0,,,,,,
myers_K_SEA,Jason Myers,K,SEA,,,,,,,,,,,,,,9.0,4.0,41.0,,,,,,
bass_K_BUF,Tyler Bass,K,BUF,,,,,,,,,,,,,,10.0,5.0,32.0,,,,,,
fairbairn_K_HOU,Ka'imi Fairbairn,K,HOU,,,,,,,,,,,,,,9.0,5.0,39.0,,,,,,
succop_K_TB,Ryan Succop,K,TB,,,,,,,,,,,,,,10.0,5.0,39.0,,,,,,
bailey_K_MIN,Dan Bailey,K,MIN,,,,,,,,,,,,,,9.0,5.0,36.0,,,,,,
crosby_K_GB,Mason Crosby,K,GB,,,,,,,,,,,,,,9.0,4.0,39.0,,,,,,
gano_K_NYG,Graham Gano,K,NYG,,,,,,,,,,,,,,9.0,5.0,36.0,,,,,,
ebron_TE_PIT,Eric Ebron,TE,PIT,,,,0.0,0.0,43.0,4.0,504.0,,,,,,,,,,,,,,
slye_K_CAR,Joey Slye,K,CAR,,,,,,,,,,,,,,10.0,5.0,31.0,,,,,,
patriots_DST_NE,Patriots,DST,NE,,,,,,,,,,,,,,,,,20.4375,39.0,,8.0,3.0,14.0
lambo_K_JAX,Josh Lambo,K,JAX,,,,,,,,,,,,,,9.0,5.0,26.0,,,,,,
badgley_K_LAC,Michael Badgley,K,LAC,,,,,,,,,,,,,,10.0,5.0,31.0,,,,,,
jarwin_TE_DAL,Blake Jarwin,TE,DAL,,,,0.0,0.0,44.0,4.0,493.0,,,,,,,,,,,,,,
pittman_WR_IND,Michael Pittman Jr.,WR,IND,,,,0.0,0.0,38.0,4.0,524.0,,,,,,,,,,,,,,
carlson_K_LV,Daniel Carlson,K,LV,,,,,,,,,,,,,,10.0,5.0,34.0,,,,,,
folk_K_NE,Nick Folk,K,NE,,,,,,,,,,,,,,9.0,5.0,34.0,,,,,,
smith_TE_TEN,Jonnu Smith,TE,TEN,,,,0.0,16.0,42.0,4.0,442.0,,,,,,,,,,,,,,
jackson_RB_LAC,Justin Jackson,RB,LAC,,,,3.0,499.0,23.0,1.0,171.0,,,,,,,,,,,,,,
bullock_K_CIN,Randy Bullock,K,CIN,,,,,,,,,,,,,,9.0,5.0,30.0,,,,,,
mims_WR_NYJ,Denzel Mims,WR,NYJ,,,,0.0,0.0,41.0,3.0,529.0,,,,,,,,,,,,,,
gostkowski_K_TEN,Stephen Gostkowski,K,TEN,,,,,,,,,,,,,,9.0,4.0,39.0,,,,,,
bears_DST_CHI,Bears,DST,CHI,,,,,,,,,,,,,,,,,21.25,38.0,,11.0,3.0,11.0
smith_TE_MIN,Irv Smith Jr.,TE,MIN,,,,0.0,0.0,46.0,3.0,483.0,,,,,,,,,,,,,,
broncos_DST_DEN,Broncos,DST,DEN,,,,,,,,,,,,,,,,,19.875,38.0,,8.0,2.0,13.0
sanders_K_MIA,Jason Sanders,K,MIA,,,,,,,,,,,,,,10.0,5.0,29.0,,,,,,
graham_TE_CHI,Jimmy Graham,TE,CHI,,,,0.0,0.0,42.0,3.0,497.0,,,,,,,,,,,,,,
vikings_DST_MIN,Vikings,DST,MIN,,,,,,,,,,,,,,,,,20.375,38.0,,13.0,3.0,13.0
edwards_WR_LV,Bryan Edwards,WR,LV,,,,0.0,0.0,39.0,3.0,503.0,,,,,,,,,,,,,,
humphries_WR_TEN,Adam Humphries,WR,TEN,,,,0.0,0.0,46.0,3.0,476.0,,,,,,,,,,,,,,
conley_WR_JAX,Chris Conley,WR,JAX,,,,0.0,0.0,38.0,2.0,557.0,,,,,,,,,,,,,,
saints_DST_NO,Saints,DST,NO,,,,,,,,,,,,,,,,,21.0,41.0,,9.0,3.0,13.0
eifert_TE_JAX,Tyler Eifert,TE,JAX,,,,0.0,0.0,42.0,3.0,472.0,,,,,,,,,,,,,,
buccaneers_DST_TB,Buccaneers,DST,TB,,,,,,,,,,,,,,,,,21.8125,40.0,,12.0,3.0,13.0
ficken_K_NYJ,Sam Ficken,K,NYJ,,,,,,,,,,,,,,10.0,5.0,27.0,,,,,,
hopkins_K_WSH,Dustin Hopkins,K,WSH,,,,,,,,,,,,,,9.0,4.0,28.0,,,,,,
cowboys_DST_DAL,Cowboys,DST,DAL,,,,,,,,,,,,,,,,,21.5,42.0,,9.0,3.0,13.0
byrd_WR_NE,Damiere Byrd,WR,NE,,,,0.0,0.0,39.0,3.0,489.0,,,,,,,,,,,,,,
williams_RB_GB,Jamaal Williams,RB,GB,,,,2.0,330.0,30.0,2.0,224.0,,,,,,,,,,,,,,
valdesscantling_WR_GB,Marquez Valdes-Scantling,WR,GB,,,,0.0,0.0,34.0,3.0,515.0,,,,,,,,,,,,,,
claypool_WR_PIT,Chase Claypool,WR,PIT,,,,0.0,0.0,35.0,4.0,457.0,,,,,,,,,,,,,,
evans_RB_TEN,Darrynton Evans,RB,TEN,,,,2.0,376.0,25.0,1.0,196.0,,,,,,,,,,,,,,
gandygolden_WR_WSH,Antonio Gandy-Golden,WR,WSH,,,,0.0,42.0,35.0,2.0,495.0,,,,,,,,,,,,,,
pineiro_K_CHI,Eddy Pineiro,K,CHI,,,,,,,,,,,,,,9.0,4.0,28.0,,,,,,
foles_QB_CHI,Nick Foles,QB,CHI,9.0,1894.0,6.0,0.0,14.0,,,,,,,,,,,,,,,,,
pollard_RB_DAL,Tony Pollard,RB,DAL,,,,2.0,351.0,26.0,1.0,205.0,,,,,,,,,,,,,,
chargers_DST_LAC,Chargers,DST,LAC,,,,,,,,,,,,,,,,,20.5625,36.0,,7.0,3.0,11.0
shenault_WR_JAX,Laviska Shenault Jr.,WR,JAX,,,,0.0,77.0,37.0,2.0,430.0,,,,,,,,,,,,,,
thomas_TE_CAR,Ian Thomas,TE,CAR,,,,0.0,0.0,43.0,2.0,424.0,,,,,,,,,,,,,,
mattison_RB_MIN,Alexander Mattison,RB,MIN,,,,3.0,487.0,15.0,1.0,130.0,,,,,,,,,,,,,,
knox_TE_BUF,Dawson Knox,TE,BUF,,,,0.0,0.0,37.0,3.0,443.0,,,,,,,,,,,,,,
harris_RB_NE,Damien Harris,RB,NE,,,,3.0,481.0,15.0,1.0,123.0,,,,,,,,,,,,,,
seahawks_DST_SEA,Seahawks,DST,SEA,,,,,,,,,,,,,,,,,21.125,41.0,,10.0,3.0,13.0
washington_WR_PIT,James Washington,WR,PIT,,,,0.0,0.0,32.0,3.0,487.0,,,,,,,,,,,,,,
titans_DST_TEN,Titans,DST,TEN,,,,,,,,,,,,,,,,,20.4375,40.0,,7.0,2.0,13.0
dissly_TE_SEA,Will Dissly,TE,SEA,,,,0.0,0.0,33.0,4.0,389.0,,,,,,,,,,,,,,
eagles_DST_PHI,Eagles,DST,PHI,,,,,,,,,,,,,,,,,22.5625,41.0,,10.0,2.0,14.0
michel_RB_NE,Sony Michel,RB,NE,,,,4.0,531.0,8.0,0.0,64.0,,,,,,,,,,,,,,
rams_DST_LAR,Rams,DST,LAR,,,,,,,,,,,,,,,,,22.9375,41.0,,9.0,3.0,12.0
williams_RB_KC,Darrel Williams,RB,KC,,,,3.0,263.0,22.0,1.0,182.0,,,,,,,,,,,,,,
richard_RB_LV,Jalen Richard,RB,LV,,,,1.0,180.0,33.0,1.0,285.0,,,,,,,,,,,,,,
jefferson_WR_LAR,Van Jefferson,WR,LAR,,,,0.0,23.0,32.0,2.0,420.0,,,,,,,,,,,,,,
lions_DST_DET,Lions,DST,DET,,,,,,,,,,,,,,,,,22.0625,38.0,,10.0,3.0,12.0
taylor_QB_LAC,Tyrod Taylor,QB,LAC,7.0,1262.0,3.0,1.0,130.0,,,,,,,,,,,,,,,,,
browns_DST_CLE,Browns,DST,CLE,,,,,,,,,,,,,,,,,21.75,40.0,,9.0,2.0,13.0
mckinnon_RB_SF,Jerick McKinnon,RB,SF,,,,2.0,318.0,22.0,1.0,174.0,,,,,,,,,,,,,,
higgins_WR_CIN,Tee Higgins,WR,CIN,,,,0.0,0.0,31.0,3.0,416.0,,,,,,,,,,,,,,
snell_RB_PIT,Benny Snell Jr.,RB,PIT,,,,3.0,373.0,18.0,1.0,140.0,,,,,,,,,,,,,,
bernard_RB_CIN,Giovani Bernard,RB,CIN,,,,1.0,256.0,29.0,1.0,221.0,,,,,,,,,,,,,,
bengals_DST_CIN,Bengals,DST,CIN,,,,,,,,,,,,,,,,,22.8125,38.0,,8.0,3.0,12.0
uzomah_TE_CIN,C.J. Uzomah,TE,CIN,,,,0.0,0.0,37.0,3.0,342.0,,,,,,,,,,,,,,
ginn_WR_CHI,Ted Ginn Jr.,WR,CHI,,,,0.0,22.0,30.0,2.0,434.0,,,,,,,,,,,,,,
mccoy_RB_TB,LeSean McCoy,RB,TB,,,,1.0,171.0,31.0,1.0,214.0,,,,,,,,,,,,,,
ozigbo_RB_JAX,Devine Ozigbo,RB,JAX,,,,2.0,394.0,17.0,1.0,137.0,,,,,,,,,,,,,,
dolphins_DST_MIA,Dolphins,DST,MIA,,,,,,,,,,,,,,,,,23.0625,37.0,,9.0,3.0,12.0
rudolph_TE_MIN,Kyle Rudolph,TE,MIN,,,,0.0,0.0,32.0,3.0,323.0,,,,,,,,,,,,,,
edmonds_RB_ARI,Chase Edmonds,RB,ARI,,,,3.0,341.0,16.0,1.0,127.0,,,,,,,,,,,,,,
miller_WR_TB,Scotty Miller,WR,TB,,,,0.0,21.0,27.0,3.0,367.0,,,,,,,,,,,,,,
kelley_RB_LAC,Joshua Kelley,RB,LAC,,,,3.0,380.0,15.0,1.0,116.0,,,,,,,,,,,,,,
boykin_WR_BAL,Miles Boykin,WR,BAL,,,,0.0,0.0,27.0,3.0,381.0,,,,,,,,,,,,,,
akins_TE_HOU,Jordan Akins,TE,HOU,,,,0.0,0.0,32.0,2.0,350.0,,,,,,,,,,,,,,
arnold_TE_ARI,Dan Arnold,TE,ARI,,,,0.0,0.0,28.0,3.0,349.0,,,,,,,,,,,,,,
chiefs_DST_KC,Chiefs,DST,KC,,,,,,,,,,,,,,,,,22.625,41.0,,9.0,3.0,12.0
sternberger_TE_GB,Jace Sternberger,TE,GB,,,,0.0,0.0,31.0,3.0,339.0,,,,,,,,,,,,,,
fells_TE_HOU,Darren Fells,TE,HOU,,,,0.0,0.0,30.0,4.0,294.0,,,,,,,,,,,,,,
boyle_TE_BAL,Nick Boyle,TE,BAL,,,,0.0,0.0,33.0,3.0,306.0,,,,,,,,,,,,,,
thomas_TE_WSH,Logan Thomas,TE,WSH,,,,0.0,0.0,33.0,2.0,351.0,,,,,,,,,,,,,,
stills_WR_HOU,Kenny Stills,WR,HOU,,,,0.0,0.0,26.0,3.0,373.0,,,,,,,,,,,,,,
olsen_TE_SEA,Greg Olsen,TE,SEA,,,,0.0,0.0,27.0,3.0,325.0,,,,,,,,,,,,,,
taylor_WR_SF,Trent Taylor,WR,SF,,,,0.0,0.0,30.0,2.0,335.0,,,,,,,,,,,,,,
texans_DST_HOU,Texans,DST,HOU,,,,,,,,,,,,,,,,,23.6875,38.0,,10.0,2.0,12.0
everett_TE_LAR,Gerald Everett,TE,LAR,,,,0.0,0.0,29.0,2.0,337.0,,,,,,,,,,,,,,
jets_DST_NYJ,Jets,DST,NYJ,,,,,,,,,,,,,,,,,24.6875,38.0,,8.0,2.0,12.0
packers_DST_GB,Packers,DST,GB,,,,,,,,,,,,,,,,,22.5,38.0,,8.0,2.0,12.0
snead_WR_BAL,Willie Snead IV,WR,BAL,,,,0.0,15.0,28.0,2.0,325.0,,,,,,,,,,,,,,
ford_WR_MIA,Isaiah Ford,WR,MIA,,,,0.0,0.0,29.0,2.0,343.0,,,,,,,,,,,,,,
inman_WR_WSH,Dontrelle Inman,WR,WSH,,,,0.0,0.0,28.0,1.0,373.0,,,,,,,,,,,,,,
fitzpatrick_QB_MIA,Ryan Fitzpatrick,QB,MIA,6.0,1170.0,4.0,1.0,78.0,,,,,,,,,,,,,,,,,
hill_TE_NO,Taysom Hill,TE,NO,,,,2.0,215.0,15.0,1.0,165.0,,,,,,,,,,,,,,
burkhead_RB_NE,Rex Burkhead,RB,NE,,,,2.0,194.0,20.0,1.0,188.0,,,,,,,,,,,,,,
isabella_WR_ARI,Andy Isabella,WR,ARI,,,,0.0,20.0,24.0,2.0,313.0,,,,,,,,,,,,,,
mckissic_RB_WSH,J.D. McKissic,RB,WSH,,,,1.0,121.0,28.0,1.0,221.0,,,,,,,,,,,,,,
hamler_WR_DEN,KJ Hamler,WR,DEN,,,,0.0,10.0,26.0,2.0,324.0,,,,,,,,,,,,,,
booker_RB_LV,Devontae Booker,RB,LV,,,,2.0,282.0,16.0,1.0,131.0,,,,,,,,,,,,,,
raiders_DST_LV,Raiders,DST,LV,,,,,,,,,,,,,,,,,23.1875,37.0,,8.0,2.0,13.0
penny_RB_SEA,Rashaad Penny,RB,SEA,,,,2.0,297.0,14.0,1.0,112.0,,,,,,,,,,,,,,
ross_WR_CIN,John Ross III,WR,CIN,,,,0.0,22.0,22.0,2.0,318.0,,,,,,,,,,,,,,
love_RB_WSH,Bryce Love,RB,WSH,,,,2.0,324.0,12.0,0.0,92.0,,,,,,,,,,,,,,
hill_RB_ATL,Brian Hill,RB,ATL,,,,1.0,255.0,16.0,1.0,131.0,,,,,,,,,,,,,,
gore_RB_NYJ,Frank Gore,RB,NYJ,,,,2.0,330.0,13.0,0.0,98.0,,,,,,,,,,,,,,
reynolds_WR_LAR,Josh Reynolds,WR,LAR,,,,0.0,23.0,22.0,2.0,305.0,,,,,,,,,,,,,,
cardinals_DST_ARI,Cardinals,DST,ARI,,,,,,,,,,,,,,,,,24.4375,39.0,,10.0,2.0,12.0
barber_RB_WSH,Peyton Barber,RB,WSH,,,,2.0,291.0,12.0,0.0,92.0,,,,,,,,,,,,,,
meyers_WR_NE,Jakobi Meyers,WR,NE,,,,0.0,0.0,24.0,2.0,319.0,,,,,,,,,,,,,,
dorsett_WR_SEA,Phillip Dorsett II,WR,SEA,,,,0.0,14.0,21.0,3.0,286.0,,,,,,,,,,,,,,
howard_TE_TB,O.J. Howard,TE,TB,,,,0.0,0.0,23.0,2.0,306.0,,,,,,,,,,,,,,
samuels_RB_PIT,Jaylen Samuels,RB,PIT,,,,1.0,149.0,23.0,1.0,166.0,,,,,,,,,,,,,,
dillon_RB_GB,AJ Dillon,RB,GB,,,,3.0,298.0,8.0,0.0,63.0,,,,,,,,,,,,,,
jaguars_DST_JAX,Jaguars,DST,JAX,,,,,,,,,,,,,,,,,26.125,38.0,,9.0,3.0,12.0
asiasi_TE_NE,Devin Asiasi,TE,NE,,,,0.0,0.0,24.0,2.0,288.0,,,,,,,,,,,,,,
brown_WR_GB,Equanimeous St. Brown,WR,GB,,,,0.0,0.0,22.0,2.0,301.0,,,,,,,,,,,,,,
washington_DST_WSH,Washington,DST,WSH,,,,,,,,,,,,,,,,,24.125,35.0,,9.0,3.0,12.0
peterson_RB_DET,Adrian Peterson,RB,DET,,,,2.0,341.0,8.0,0.0,64.0,,,,,,,,,,,,,,
falcons_DST_ATL,Falcons,DST,ATL,,,,,,,,,,,,,,,,,23.8125,37.0,,9.0,3.0,11.0
firkser_TE_TEN,Anthony Firkser,TE,TEN,,,,0.0,0.0,21.0,2.0,256.0,,,,,,,,,,,,,,
mcdonald_TE_PIT,Vance McDonald,TE,PIT,,,,0.0,0.0,23.0,2.0,239.0,,,,,,,,,,,,,,
giants_DST_NYG,Giants,DST,NYG,,,,,,,,,,,,,,,,,24.5625,38.0,,8.0,3.0,12.0
smith_RB_ATL,Ito Smith,RB,ATL,,,,1.0,188.0,15.0,1.0,109.0,,,,,,,,,,,,,,
davis_RB_CAR,Mike Davis,RB,CAR,,,,1.0,223.0,13.0,0.0,96.0,,,,,,,,,,,,,,
perine_RB_NYJ,La'Mical Perine,RB,NYJ,,,,1.0,185.0,15.0,1.0,120.0,,,,,,,,,,,,,,
hyde_RB_SEA,Carlos Hyde,RB,SEA,,,,2.0,291.0,7.0,0.0,48.0,,,,,,,,,,,,,,
njoku_TE_CLE,David Njoku,TE,CLE,,,,0.0,0.0,18.0,2.0,215.0,,,,,,,,,,,,,,
oshaughnessy_TE_JAX,James O'Shaughnessy,TE,JAX,,,,0.0,0.0,23.0,1.0,226.0,,,,,,,,,,,,,,
sprinkle_TE_WSH,Jeremy Sprinkle,TE,WSH,,,,0.0,0.0,22.0,1.0,230.0,,,,,,,,,,,,,,
gordon_WR_SEA,Josh Gordon,WR,SEA,,,,0.0,0.0,16.0,2.0,258.0,,,,,,,,,,,,,,
smith_WR_NO,Tre'Quan Smith,WR,NO,,,,0.0,0.0,17.0,2.0,232.0,,,,,,,,,,,,,,
reed_TE_SF,Jordan Reed,TE,SF,,,,0.0,0.0,20.0,2.0,216.0,,,,,,,,,,,,,,
johnson_WR_MIN,Bisi Johnson,WR,MIN,,,,0.0,0.0,19.0,1.0,240.0,,,,,,,,,,,,,,
edwards_RB_BAL,Gus Edwards,RB,BAL,,,,2.0,341.0,4.0,0.0,30.0,,,,,,,,,,,,,,
mcfarland_RB_PIT,Anthony McFarland Jr.,RB,PIT,,,,1.0,226.0,10.0,0.0,82.0,,,,,,,,,,,,,,
robinson_WR_KC,Demarcus Robinson,WR,KC,,,,0.0,0.0,17.0,2.0,225.0,,,,,,,,,,,,,,
duvernay_WR_BAL,Devin Duvernay,WR,BAL,,,,0.0,15.0,19.0,1.0,215.0,,,,,,,,,,,,,,
agholor_WR_LV,Nelson Agholor,WR,LV,,,,0.0,0.0,19.0,2.0,210.0,,,,,,,,,,,,,,
pascal_WR_IND,Zach Pascal,WR,IND,,,,0.0,0.0,16.0,2.0,223.0,,,,,,,,,,,,,,
panthers_DST_CAR,Panthers,DST,CAR,,,,,,,,,,,,,,,,,26.6875,37.0,,8.0,3.0,11.0
kmet_TE_CHI,Cole Kmet,TE,CHI,,,,0.0,0.0,19.0,1.0,219.0,,,,,,,,,,,,,,
james_TE_DET,Jesse James,TE,DET,,,,0.0,0.0,19.0,1.0,192.0,,,,,,,,,,,,,,
burton_TE_IND,Trey Burton,TE,IND,,,,0.0,0.0,19.0,2.0,190.0,,,,,,,,,,,,,,
bourne_WR_SF,Kendrick Bourne,WR,SF,,,,0.0,0.0,15.0,2.0,199.0,,,,,,,,,,,,,,
sample_TE_CIN,Drew Sample,TE,CIN,,,,0.0,0.0,18.0,1.0,198.0,,,,,,,,,,,,,,
brown_RB_LAR,Malcolm Brown,RB,LAR,,,,2.0,187.0,7.0,0.0,59.0,,,,,,,,,,,,,,
griffin_TE_NYJ,Ryan Griffin,TE,NYJ,,,,0.0,0.0,18.0,1.0,170.0,,,,,,,,,,,,,,
lewis_RB_NYG,Dion Lewis,RB,NYG,,,,1.0,149.0,13.0,0.0,85.0,,,,,,,,,,,,,,
hogan_WR_NYJ,Chris Hogan,WR,NYJ,,,,0.0,0.0,14.0,1.0,201.0,,,,,,,,,,,,,,
blake_WR_ATL,Christian Blake,WR,ATL,,,,0.0,0.0,15.0,1.0,180.0,,,,,,,,,,,,,,
tonyan_TE_GB,Robert Tonyan,TE,GB,,,,0.0,0.0,15.0,1.0,177.0,,,,,,,,,,,,,,
hamilton_WR_DEN,DaeSean Hamilton,WR,DEN,,,,0.0,0.0,16.0,1.0,173.0,,,,,,,,,,,,,,
schultz_TE_DAL,Dalton Schultz,TE,DAL,,,,0.0,0.0,15.0,1.0,167.0,,,,,,,,,,,,,,
guyton_WR_LAC,Jalen Guyton,WR,LAC,,,,0.0,0.0,14.0,1.0,184.0,,,,,,,,,,,,,,
moore_WR_SEA,David Moore,WR,SEA,,,,0.0,27.0,10.0,1.0,157.0,,,,,,,,,,,,,,
juszczyk_RB_SF,Kyle Juszczyk,RB,SF,,,,0.0,19.0,15.0,1.0,150.0,,,,,,,,,,,,,,
ham_RB_MIN,C.J. Ham,RB,MIN,,,,0.0,35.0,15.0,1.0,132.0,,,,,,,,,,,,,,
moreau_TE_LV,Foster Moreau,TE,LV,,,,0.0,0.0,15.0,1.0,144.0,,,,,,,,,,,,,,
olszewski_WR_NE,Gunner Olszewski,WR,NE,,,,0.0,0.0,13.0,1.0,168.0,,,,,,,,,,,,,,
walker_QB_CAR,P.J. Walker,QB,CAR,3.0,649.0,3.0,0.0,28.0,,,,,,,,,,,,,,,,,
brate_TE_TB,Cameron Brate,TE,TB,,,,0.0,0.0,14.0,2.0,137.0,,,,,,,,,,,,,,
higgins_WR_CLE,Rashard Higgins,WR,CLE,,,,0.0,0.0,12.0,1.0,163.0,,,,,,,,,,,,,,
thompson_RB_KC,Darwin Thompson,RB,KC,,,,1.0,113.0,9.0,0.0,68.0,,,,,,,,,,,,,,
robinson_RB_JAX,James Robinson,RB,JAX,,,,1.0,142.0,8.0,0.0,66.0,,,,,,,,,,,,,,
smith_TE_NYG,Kaden Smith,TE,NYG,,,,0.0,0.0,14.0,1.0,143.0,,,,,,,,,,,,,,
patterson_WR_CHI,Cordarrelle Patterson,WR,CHI,,,,1.0,152.0,6.0,0.0,60.0,,,,,,,,,,,,,,
agnew_WR_DET,Jamal Agnew,WR,DET,,,,0.0,12.0,10.0,1.0,127.0,,,,,,,,,,,,,,
kroft_TE_BUF,Tyler Kroft,TE,BUF,,,,0.0,0.0,13.0,1.0,131.0,,,,,,,,,,,,,,
nall_RB_CHI,Ryan Nall,RB,CHI,,,,1.0,119.0,8.0,0.0,67.0,,,,,,,,,,,,,,
green_TE_LAC,Virgil Green,TE,LAC,,,,0.0,0.0,13.0,1.0,134.0,,,,,,,,,,,,,,
zaccheaus_WR_ATL,Olamide Zaccheaus,WR,ATL,,,,0.0,0.0,11.0,1.0,150.0,,,,,,,,,,,,,,
aliecox_TE_IND,Mo Alie-Cox,TE,IND,,,,0.0,0.0,11.0,1.0,136.0,,,,,,,,,,,,,,
watson_WR_TB,Justin Watson,WR,TB,,,,0.0,0.0,11.0,1.0,132.0,,,,,,,,,,,,,,
stocker_TE_ATL,Luke Stocker,TE,ATL,,,,0.0,0.0,13.0,1.0,122.0,,,,,,,,,,,,,,
blasingame_RB_TEN,Khari Blasingame,RB,TEN,,,,0.0,53.0,10.0,1.0,89.0,,,,,,,,,,,,,,
cooper_WR_CAR,Pharoh Cooper,WR,CAR,,,,0.0,0.0,12.0,1.0,125.0,,,,,,,,,,,,,,
harris_WR_NO,Deonte Harris,WR,NO,,,,0.0,22.0,8.0,1.0,107.0,,,,,,,,,,,,,,
manhertz_TE_CAR,Chris Manhertz,TE,CAR,,,,0.0,0.0,12.0,1.0,130.0,,,,,,,,,,,,,,
williams_TE_ARI,Maxx Williams,TE,ARI,,,,0.0,0.0,12.0,1.0,117.0,,,,,,,,,,,,,,
bell_TE_DAL,Blake Bell,TE,DAL,,,,0.0,0.0,11.0,1.0,123.0,,,,,,,,,,,,,,
arcegawhiteside_WR_PHI,J.J. Arcega-Whiteside,WR,PHI,,,,0.0,0.0,9.0,1.0,130.0,,,,,,,,,,,,,,
lewis_TE_GB,Marcedes Lewis,TE,GB,,,,0.0,0.0,11.0,1.0,109.0,,,,,,,,,,,,,,
patrick_WR_DEN,Tim Patrick,WR,DEN,,,,0.0,0.0,10.0,1.0,131.0,,,,,,,,,,,,,,
johnson_WR_ARI,KeeSean Johnson,WR,ARI,,,,0.0,0.0,10.0,1.0,119.0,,,,,,,,,,,,,,
harris_TE_CHI,Demetrius Harris,TE,CHI,,,,0.0,0.0,10.0,1.0,110.0,,,,,,,,,,,,,,
tate_WR_CIN,Auden Tate,WR,CIN,,,,0.0,0.0,10.0,1.0,129.0,,,,,,,,,,,,,,
rudolph_QB_PIT,Mason Rudolph,QB,PIT,3.0,409.0,2.0,0.0,23.0,,,,,,,,,,,,,,,,,
davis_WR_BUF,Gabriel Davis,WR,BUF,,,,0.0,0.0,10.0,1.0,132.0,,,,,,,,,,,,,,
wims_WR_CHI,Javon Wims,WR,CHI,,,,0.0,0.0,10.0,1.0,128.0,,,,,,,,,,,,,,
vaughn_RB_TB,Ke'Shawn Vaughn,RB,TB,,,,1.0,85.0,7.0,0.0,53.0,,,,,,,,,,,,,,
hurts_QB_PHI,Jalen Hurts,QB,PHI,2.0,288.0,1.0,1.0,67.0,,,,,,,,,,,,,,,,,
freeman_RB_DEN,Royce Freeman,RB,DEN,,,,1.0,134.0,4.0,0.0,29.0,,,,,,,,,,,,,,
howell_RB_HOU,Buddy Howell,RB,HOU,,,,1.0,137.0,4.0,0.0,29.0,,,,,,,,,,,,,,
cephus_WR_DET,Quintez Cephus,WR,DET,,,,0.0,0.0,10.0,1.0,122.0,,,,,,,,,,,,,,
raymond_WR_TEN,Kalif Raymond,WR,TEN,,,,0.0,0.0,8.0,1.0,115.0,,,,,,,,,,,,,,
armstead_RB_JAX,Ryquell Armstead,RB,JAX,,,,1.0,131.0,4.0,0.0,33.0,,,,,,,,,,,,,,
keene_TE_NE,Dalton Keene,TE,NE,,,,0.0,0.0,10.0,1.0,110.0,,,,,,,,,,,,,,
gaskin_RB_MIA,Myles Gaskin,RB,MIA,,,,0.0,58.0,9.0,0.0,68.0,,,,,,,,,,,,,,
pruitt_TE_TEN,MyCole Pruitt,TE,TEN,,,,0.0,0.0,9.0,1.0,104.0,,,,,,,,,,,,,,
mariota_QB_LV,Marcus Mariota,QB,LV,2.0,377.0,1.0,0.0,31.0,,,,,,,,,,,,,,,,,
williams_RB_CIN,Trayveon Williams,RB,CIN,,,,1.0,91.0,6.0,0.0,47.0,,,,,,,,,,,,,,
wright_WR_WSH,Isaiah Wright,WR,WSH,,,,0.0,0.0,10.0,0.0,120.0,,,,,,,,,,,,,,
reed_WR_LAC,Joe Reed,WR,LAC,,,,0.0,0.0,9.0,1.0,113.0,,,,,,,,,,,,,,
keenum_QB_CLE,Case Keenum,QB,CLE,3.0,388.0,1.0,0.0,7.0,,,,,,,,,,,,,,,,,
ward_WR_PHI,Greg Ward,WR,PHI,,,,0.0,11.0,9.0,1.0,94.0,,,,,,,,,,,,,,
clement_RB_PHI,Corey Clement,RB,PHI,,,,1.0,119.0,2.0,0.0,18.0,,,,,,,,,,,,,,
montgomery_RB_NO,Ty Montgomery,RB,NO,,,,1.0,98.0,4.0,0.0,35.0,,,,,,,,,,,,,,
bowden_RB_MIA,Lynn Bowden Jr.,RB,MIA,,,,0.0,47.0,8.0,0.0,74.0,,,,,,,,,,,,,,
gallman_RB_NYG,Wayne Gallman,RB,NYG,,,,1.0,103.0,4.0,0.0,29.0,,,,,,,,,,,,,,
luton_QB_JAX,Jake Luton,QB,JAX,2.0,423.0,2.0,0.0,12.0,,,,,,,,,,,,,,,,,
boone_RB_MIN,Mike Boone,RB,MIN,,,,1.0,126.0,2.0,0.0,15.0,,,,,,,,,,,,,,
cole_WR_JAX,Keelan Cole,WR,JAX,,,,0.0,0.0,8.0,0.0,118.0,,,,,,,,,,,,,,
smith_QB_WSH,Alex Smith,QB,WSH,2.0,366.0,1.0,0.0,26.0,,,,,,,,,,,,,,,,,
graham_TE_ATL,Jaeden Graham,TE,ATL,,,,0.0,0.0,8.0,1.0,95.0,,,,,,,,,,,,,,
mckenzie_WR_BUF,Isaiah McKenzie,WR,BUF,,,,0.0,26.0,8.0,0.0,80.0,,,,,,,,,,,,,,
bryant_TE_CLE,Harrison Bryant,TE,CLE,,,,0.0,0.0,8.0,1.0,88.0,,,,,,,,,,,,,,
wilson_WR_DAL,Cedrick Wilson,WR,DAL,,,,0.0,0.0,7.0,1.0,93.0,,,,,,,,,,,,,,
johnson_RB_CLE,D'Ernest Johnson,RB,CLE,,,,1.0,84.0,4.0,0.0,33.0,,,,,,,,,,,,,,
moore_WR_LAC,Jason Moore,WR,LAC,,,,0.0,0.0,7.0,1.0,98.0,,,,,,,,,,,,,,
powell_WR_ATL,Brandon Powell,WR,ATL,,,,0.0,0.0,8.0,1.0,92.0,,,,,,,,,,,,,,
yeldon_RB_BUF,T.J. Yeldon,RB,BUF,,,,0.0,76.0,6.0,0.0,43.0,,,,,,,,,,,,,,
ollison_RB_ATL,Qadree Ollison,RB,ATL,,,,1.0,70.0,5.0,0.0,36.0,,,,,,,,,,,,,,
gabbert_QB_TB,Blaine Gabbert,QB,TB,2.0,323.0,2.0,0.0,8.0,,,,,,,,,,,,,,,,,
sealsjones_TE_KC,Ricky Seals-Jones,TE,KC,,,,0.0,0.0,6.0,1.0,85.0,,,,,,,,,,,,,,
winston_QB_NO,Jameis Winston,QB,NO,2.0,316.0,2.0,0.0,11.0,,,,,,,,,,,,,,,,,
benjamin_RB_ARI,Eno Benjamin,RB,ARI,,,,1.0,76.0,4.0,0.0,31.0,,,,,,,,,,,,,,
barkley_QB_BUF,Matt Barkley,QB,BUF,2.0,340.0,2.0,0.0,13.0,,,,,,,,,,,,,,,,,
ridley_WR_CHI,Riley Ridley,WR,CHI,,,,0.0,0.0,7.0,0.0,91.0,,,,,,,,,,,,,,
witten_TE_LV,Jason Witten,TE,LV,,,,0.0,0.0,8.0,1.0,72.0,,,,,,,,,,,,,,
izzo_TE_NE,Ryan Izzo,TE,NE,,,,0.0,0.0,7.0,1.0,81.0,,,,,,,,,,,,,,
sherfield_WR_ARI,Trent Sherfield,WR,ARI,,,,0.0,0.0,6.0,1.0,85.0,,,,,,,,,,,,,,
brown_WR_DAL,Noah Brown,WR,DAL,,,,0.0,0.0,7.0,1.0,83.0,,,,,,,,,,,,,,
brissett_QB_IND,Jacoby Brissett,QB,IND,2.0,255.0,1.0,0.0,12.0,,,,,,,,,,,,,,,,,
deguara_TE_GB,Josiah Deguara,TE,GB,,,,0.0,0.0,7.0,1.0,72.0,,,,,,,,,,,,,,
dowdle_RB_DAL,Rico Dowdle,RB,DAL,,,,1.0,63.0,4.0,0.0,34.0,,,,,,,,,,,,,,
stidham_QB_NE,Jarrett Stidham,QB,NE,2.0,293.0,1.0,0.0,8.0,,,,,,,,,,,,,,,,,
warring_TE_HOU,Kahale Warring,TE,HOU,,,,0.0,0.0,7.0,1.0,73.0,,,,,,,,,,,,,,
perry_WR_MIA,Malcolm Perry,WR,MIA,,,,0.0,0.0,7.0,0.0,83.0,,,,,,,,,,,,,,
conklin_TE_MIN,Tyler Conklin,TE,MIN,,,,0.0,0.0,7.0,0.0,78.0,,,,,,,,,,,,,,
hodge_WR_CLE,KhaDarel Hodge,WR,CLE,,,,0.0,0.0,6.0,1.0,79.0,,,,,,,,,,,,,,
cannon_RB_CAR,Trenton Cannon,RB,CAR,,,,0.0,56.0,4.0,0.0,36.0,,,,,,,,,,,,,,
abdullah_RB_MIN,Ameer Abdullah,RB,MIN,,,,0.0,36.0,6.0,0.0,47.0,,,,,,,,,,,,,,
wilkins_RB_IND,Jordan Wilkins,RB,IND,,,,0.0,57.0,4.0,0.0,33.0,,,,,,,,,,,,,,
hollister_TE_SEA,Jacob Hollister,TE,SEA,,,,0.0,0.0,6.0,1.0,64.0,,,,,,,,,,,,,,
taylor_WR_GB,Malik Taylor,WR,GB,,,,0.0,0.0,6.0,0.0,76.0,,,,,,,,,,,,,,
sharpe_WR_MIN,Tajae Sharpe,WR,MIN,,,,0.0,0.0,6.0,1.0,77.0,,,,,,,,,,,,,,
wilson_RB_SF,Jeff Wilson Jr.,RB,SF,,,,1.0,79.0,2.0,0.0,16.0,,,,,,,,,,,,,,
jones_WR_LV,Zay Jones,WR,LV,,,,0.0,0.0,6.0,1.0,65.0,,,,,,,,,,,,,,
berrios_WR_NYJ,Braxton Berrios,WR,NYJ,,,,0.0,0.0,5.0,0.0,68.0,,,,,,,,,,,,,,
johnson_WR_TB,Tyler Johnson,WR,TB,,,,0.0,0.0,6.0,0.0,68.0,,,,,,,,,,,,,,
griffin_QB_BAL,Robert Griffin III,QB,BAL,1.0,166.0,1.0,0.0,22.0,,,,,,,,,,,,,,,,,
smythe_TE_MIA,Durham Smythe,TE,MIA,,,,0.0,0.0,6.0,0.0,60.0,,,,,,,,,,,,,,
ervin_RB_GB,Tyler Ervin,RB,GB,,,,0.0,23.0,4.0,0.0,34.0,,,,,,,,,,,,,,
ingold_RB_LV,Alec Ingold,RB,LV,,,,0.0,33.0,4.0,0.0,34.0,,,,,,,,,,,,,,
schaub_QB_ATL,Matt Schaub,QB,ATL,1.0,223.0,1.0,0.0,3.0,,,,,,,,,,,,,,,,,
hill_RB_BAL,Justice Hill,RB,BAL,,,,0.0,41.0,4.0,0.0,29.0,,,,,,,,,,,,,,
bryant_TE_DET,Hunter Bryant,TE,DET,,,,0.0,0.0,5.0,0.0,58.0,,,,,,,,,,,,,,
vannett_TE_DEN,Nick Vannett,TE,DEN,,,,0.0,0.0,5.0,0.0,53.0,,,,,,,,,,,,,,
beck_TE_DEN,Andrew Beck,TE,DEN,,,,0.0,0.0,5.0,0.0,54.0,,,,,,,,,,,,,,
hill_WR_LAC,K.J. Hill,WR,LAC,,,,0.0,0.0,5.0,0.0,61.0,,,,,,,,,,,,,,
penny_RB_NYG,Elijhaa Penny,RB,NYG,,,,0.0,30.0,4.0,0.0,33.0,,,,,,,,,,,,,,
kirkwood_WR_CAR,Keith Kirkwood,WR,CAR,,,,0.0,0.0,5.0,0.0,62.0,,,,,,,,,,,,,,
mooney_WR_CHI,Darnell Mooney,WR,CHI,,,,0.0,0.0,5.0,0.0,60.0,,,,,,,,,,,,,,
hundley_QB_ARI,Brett Hundley,QB,ARI,1.0,177.0,1.0,0.0,11.0,,,,,,,,,,,,,,,,,
daniel_QB_DET,Chase Daniel,QB,DET,1.0,188.0,1.0,0.0,3.0,,,,,,,,,,,,,,,,,
smith_QB_SEA,Geno Smith,QB,SEA,2.0,176.0,1.0,0.0,3.0,,,,,,,,,,,,,,,,,
james_WR_SF,Richie James Jr.,WR,SF,,,,0.0,23.0,2.0,0.0,25.0,,,,,,,,,,,,,,
mccoy_QB_NYG,Colt McCoy,QB,NYG,1.0,196.0,1.0,0.0,5.0,,,,,,,,,,,,,,,,,
henne_QB_KC,Chad Henne,QB,KC,1.0,176.0,1.0,0.0,4.0,,,,,,,,,,,,,,,,,
sherman_RB_KC,Anthony Sherman,RB,KC,,,,0.0,14.0,4.0,0.0,37.0,,,,,,,,,,,,,,
roberts_WR_WSH,Andre Roberts,WR,WSH,,,,0.0,0.0,3.0,0.0,34.0,,,,,,,,,,,,,,
dalton_QB_DAL,Andy Dalton,QB,DAL,1.0,187.0,1.0,0.0,2.0,,,,,,,,,,,,,,,,,
janovich_RB_CLE,Andy Janovich,RB,CLE,,,,0.0,17.0,4.0,0.0,35.0,,,,,,,,,,,,,,
dallas_RB_SEA,DeeJay Dallas,RB,SEA,,,,0.0,39.0,3.0,0.0,21.0,,,,,,,,,,,,,,
mccarron_QB_HOU,AJ McCarron,QB,HOU,1.0,176.0,1.0,0.0,5.0,,,,,,,,,,,,,,,,,
smith_WR_NYJ,Vyncint Smith,WR,NYJ,,,,0.0,11.0,3.0,0.0,44.0,,,,,,,,,,,,,,
driskel_QB_DEN,Jeff Driskel,QB,DEN,1.0,165.0,1.0,0.0,12.0,,,,,,,,,,,,,,,,,
laird_RB_MIA,Patrick Laird,RB,MIA,,,,0.0,14.0,4.0,0.0,35.0,,,,,,,,,,,,,,
carter_WR_HOU,DeAndre Carter,WR,HOU,,,,0.0,0.0,4.0,0.0,41.0,,,,,,,,,,,,,,
mullens_QB_SF,Nick Mullens,QB,SF,1.0,177.0,1.0,0.0,0.0,,,,,,,,,,,,,,,,,
finley_QB_CIN,Ryan Finley,QB,CIN,1.0,185.0,1.0,0.0,6.0,,,,,,,,,,,,,,,,,
pettis_WR_SF,Dante Pettis,WR,SF,,,,0.0,0.0,3.0,0.0,47.0,,,,,,,,,,,,,,
toilolo_TE_NYG,Levine Toilolo,TE,NYG,,,,0.0,0.0,4.0,0.0,44.0,,,,,,,,,,,,,,
proche_WR_BAL,James Proche,WR,BAL,,,,0.0,0.0,3.0,0.0,35.0,,,,,,,,,,,,,,
gentry_TE_PIT,Zach Gentry,TE,PIT,,,,0.0,0.0,4.0,0.0,41.0,,,,,,,,,,,,,,
wolford_QB_LAR,John Wolford,QB,LAR,1.0,179.0,1.0,0.0,5.0,,,,,,,,,,,,,,,,,
trautman_TE_NO,Adam Trautman,TE,NO,,,,0.0,0.0,4.0,0.0,42.0,,,,,,,,,,,,,,
mickens_WR_TB,Jaydon Mickens,WR,TB,,,,0.0,0.0,4.0,0.0,43.0,,,,,,,,,,,,,,
osborn_WR_MIN,K.J. Osborn,WR,MIN,,,,0.0,0.0,3.0,0.0,38.0,,,,,,,,,,,,,,
hollins_WR_MIA,Mack Hollins,WR,MIA,,,,0.0,0.0,4.0,0.0,47.0,,,,,,,,,,,,,,
mundt_TE_LAR,Johnny Mundt,TE,LAR,,,,0.0,0.0,4.0,0.0,43.0,,,,,,,,,,,,,,
daniels_TE_ARI,Darrell Daniels,TE,ARI,,,,0.0,0.0,3.0,0.0,39.0,,,,,,,,,,,,,,
hall_WR_DET,Marvin Hall,WR,DET,,,,0.0,0.0,3.0,0.0,47.0,,,,,,,,,,,,,,
watt_RB_PIT,Derek Watt,RB,PIT,,,,0.0,0.0,4.0,0.0,39.0,,,,,,,,,,,,,,
roberts_WR_CAR,Seth Roberts,WR,CAR,,,,0.0,0.0,4.0,0.0,43.0,,,,,,,,,,,,,,
hightower_WR_PHI,John Hightower,WR,PHI,,,,0.0,0.0,3.0,0.0,43.0,,,,,,,,,,,,,,
turner_WR_DAL,Malik Turner,WR,DAL,,,,0.0,0.0,3.0,0.0,44.0,,,,,,,,,,,,,,
mckeon_TE_DAL,Sean McKeon,TE,DAL,,,,0.0,0.0,4.0,0.0,39.0,,,,,,,,,,,,,,
hopkins_TE_LAR,Brycen Hopkins,TE,LAR,,,,0.0,0.0,4.0,0.0,41.0,,,,,,,,,,,,,,
woodside_QB_TEN,Logan Woodside,QB,TEN,1.0,144.0,1.0,0.0,4.0,,,,,,,,,,,,,,,,,
wesco_TE_NYJ,Trevon Wesco,TE,NYJ,,,,0.0,0.0,4.0,0.0,39.0,,,,,,,,,,,,,,
board_WR_NYG,C.J. Board,WR,NYG,,,,0.0,0.0,3.0,0.0,41.0,,,,,,,,,,,,,,
carrier_TE_LV,Derek Carrier,TE,LV,,,,0.0,0.0,4.0,0.0,38.0,,,,,,,,,,,,,,
ratley_WR_NYG,Damion Ratley,WR,NYG,,,,0.0,0.0,3.0,0.0,42.0,,,,,,,,,,,,,,
burton_RB_NO,Michael Burton,RB,NO,,,,0.0,0.0,4.0,0.0,35.0,,,,,,,,,,,,,,
dwelley_TE_SF,Ross Dwelley,TE,SF,,,,0.0,0.0,3.0,0.0,35.0,,,,,,,,,,,,,,
flacco_QB_NYJ,Joe Flacco,QB,NYJ,1.0,144.0,0.0,0.0,1.0,,,,,,,,,,,,,,,,,
smith_TE_BUF,Lee Smith,TE,BUF,,,,0.0,0.0,3.0,0.0,33.0,,,,,,,,,,,,,,
gafford_WR_LV,Rico Gafford,WR,LV,,,,0.0,0.0,3.0,0.0,40.0,,,,,,,,,,,,,,
carter_RB_CIN,Cethan Carter,RB,CIN,,,,0.0,0.0,4.0,0.0,34.0,,,,,,,,,,,,,,
davis_TE_JAX,Tyler Davis,TE,JAX,,,,0.0,0.0,3.0,0.0,36.0,,,,,,,,,,,,,,
mannion_QB_MIN,Sean Mannion,QB,MIN,1.0,154.0,1.0,0.0,2.0,,,,,,,,,,,,,,,,,
batson_WR_TEN,Cameron Batson,WR,TEN,,,,0.0,0.0,3.0,0.0,36.0,,,,,,,,,,,,,,
swaim_TE_TEN,Geoff Swaim,TE,TEN,,,,0.0,0.0,3.0,0.0,30.0,,,,,,,,,,,,,,
parham_TE_LAC,Donald Parham,TE,LAC,,,,0.0,0.0,3.0,0.0,34.0,,,,,,,,,,,,,,
moore_WR_BAL,Chris Moore,WR,BAL,,,,0.0,0.0,3.0,0.0,34.0,,,,,,,,,,,,,,
peoplesjones_WR_CLE,Donovan Peoples-Jones,WR,CLE,,,,0.0,0.0,3.0,0.0,35.0,,,,,,,,,,,,,,
hollister_WR_TEN,Cody Hollister,WR,TEN,,,,0.0,0.0,3.0,0.0,34.0,,,,,,,,,,,,,,
thomas_WR_CIN,Mike Thomas,WR,CIN,,,,0.0,24.0,2.0,0.0,21.0,,,,,,,,,,,,,,
johnson_RB_NE,Jakob Johnson,RB,NE,,,,0.0,18.0,2.0,0.0,17.0,,,,,,,,,,,,,,
jones_RB_LAR,Xavier Jones,RB,LAR,,,,0.0,15.0,2.0,0.0,17.0,,,,,,,,,,,,,,
webster_WR_LAR,Nsimba Webster,WR,LAR,,,,0.0,0.0,2.0,0.0,22.0,,,,,,,,,,,,,,
spencer_WR_DEN,Diontae Spencer,WR,DEN,,,,0.0,0.0,2.0,0.0,19.0,,,,,,,,,,,,,,
perine_RB_CIN,Samaje Perine,RB,CIN,,,,0.0,14.0,2.0,0.0,16.0,,,,,,,,,,,,,,
mccloud_WR_PIT,Ray-Ray McCloud III,WR,PIT,,,,0.0,0.0,2.0,0.0,23.0,,,,,,,,,,,,,,
ursua_WR_SEA,John Ursua,WR,SEA,,,,0.0,0.0,2.0,0.0,26.0,,,,,,,,,,,,,,
love_QB_GB,Jordan Love,QB,GB,1.0,91.0,1.0,0.0,2.0,,,,,,,,,,,,,,,,,
allen_QB_WSH,Kyle Allen,QB,WSH,0.0,81.0,0.0,0.0,8.0,,,,,,,,,,,,,,,,,
auclair_TE_TB,Antony Auclair,TE,TB,,,,0.0,0.0,2.0,0.0,21.0,,,,,,,,,,,,,,
yelder_TE_KC,Deon Yelder,TE,KC,,,,0.0,0.0,2.0,0.0,21.0,,,,,,,,,,,,,,
pringle_WR_KC,Byron Pringle,WR,KC,,,,0.0,0.0,2.0,0.0,23.0,,,,,,,,,,,,,,
gilliam_RB_BUF,Reggie Gilliam,RB,BUF,,,,0.0,8.0,2.0,0.0,15.0,,,,,,,,,,,,,,
kemp_WR_KC,Marcus Kemp,WR,KC,,,,0.0,0.0,2.0,0.0,22.0,,,,,,,,,,,,,,
togiai_TE_IND,Noah Togiai,TE,IND,,,,0.0,0.0,2.0,0.0,22.0,,,,,,,,,,,,,,
shaheen_TE_MIA,Adam Shaheen,TE,MIA,,,,0.0,0.0,2.0,0.0,20.0,,,,,,,,,,,,,,
erickson_WR_CIN,Alex Erickson,WR,CIN,,,,0.0,0.0,2.0,0.0,20.0,,,,,,,,,,,,,,
zylstra_WR_CAR,Brandon Zylstra,WR,CAR,,,,0.0,0.0,2.0,0.0,23.0,,,,,,,,,,,,,,
saubert_TE_CHI,Eric Saubert,TE,CHI,,,,0.0,0.0,2.0,0.0,21.0,,,,,,,,,,,,,,
beebe_WR_MIN,Chad Beebe,WR,MIN,,,,0.0,0.0,2.0,0.0,21.0,,,,,,,,,,,,,,
holtz_TE_CHI,J.P. Holtz,TE,CHI,,,,0.0,0.0,2.0,0.0,21.0,,,,,,,,,,,,,,
boyle_QB_GB,Tim Boyle,QB,GB,1.0,83.0,0.0,0.0,2.0,,,,,,,,,,,,,,,,,
callaway_WR_NO,Marquez Callaway,WR,NO,,,,0.0,0.0,2.0,0.0,21.0,,,,,,,,,,,,,,
carlson_TE_CLE,Stephen Carlson,TE,CLE,,,,0.0,0.0,2.0,0.0,19.0,,,,,,,,,,,,,,
jackson_WR_LAR,Trishton Jackson,WR,LAR,,,,0.0,0.0,2.0,0.0,22.0,,,,,,,,,,,,,,
dulin_WR_IND,Ashton Dulin,WR,IND,,,,0.0,0.0,2.0,0.0,21.0,,,,,,,,,,,,,,
johnson_WR_JAX,Collin Johnson,WR,JAX,,,,0.0,0.0,2.0,0.0,21.0,,,,,,,,,,,,,,
coutee_WR_HOU,Keke Coutee,WR,HOU,,,,0.0,0.0,2.0,0.0,18.0,,,,,,,,,,,,,,
butt_TE_DEN,Jake Butt,TE,DEN,,,,0.0,0.0,2.0,0.0,18.0,,,,,,,,,,,,,,
patmon_WR_IND,Dezmon Patmon,WR,IND,,,,0.0,0.0,1.0,0.0,19.0,,,,,,,,,,,,,,
chisena_WR_MIN,Dan Chisena,WR,MIN,,,,0.0,0.0,2.0,0.0,19.0,,,,,,,,,,,,,,
coulter_WR_HOU,Isaiah Coulter,WR,HOU,,,,0.0,0.0,1.0,0.0,18.0,,,,,,,,,,,,,,
willson_TE_SEA,Luke Willson,TE,SEA,,,,0.0,0.0,2.0,0.0,15.0,,,,,,,,,,,,,,
okwuegbunam_TE_DEN,Albert Okwuegbunam,TE,DEN,,,,0.0,0.0,2.0,0.0,16.0,,,,,,,,,,,,,,
armah_RB_CAR,Alex Armah,RB,CAR,,,,0.0,21.0,0.0,0.0,0.0,,,,,,,,,,,,,,
washington_RB_NO,Dwayne Washington,RB,NO,,,,0.0,16.0,0.0,0.0,0.0,,,,,,,,,,,,,,
calais_RB_TB,Raymond Calais,RB,TB,,,,0.0,15.0,0.0,0.0,0.0,,,,,,,,,,,,,,
huntley_RB_PHI,Jason Huntley,RB,PHI,,,,0.0,16.0,0.0,0.0,0.0,,,,,,,,,,,,,,
morgan_QB_NYJ,James Morgan,QB,NYJ,0.0,35.0,0.0,0.0,1.0,,,,,,,,,,,,,,,,,
natson_WR_CLE,JoJo Natson,WR,CLE,,,,0.0,0.0,0.0,0.0,0.0,,,,,,,,,,,,,,
homer_RB_SEA,Travis Homer,RB,SEA,,,,0.0,7.0,0.0,0.0,0.0,,,,,,,,,,,,,,
swain_WR_SEA,Freddie Swain,WR,SEA,,,,0.0,0.0,0.0,0.0,4.0,,,,,,,,,,,,,,
cleveland_WR_DEN,Tyrie Cleveland,WR,DEN,,,,0.0,0.0,0.0,0.0,2.0,,,,,,,,,,,,,,
"ricard_DT, RB_BAL",Patrick Ricard,"DT, RB",BAL,,,,,,,,,,,,,,,,,,0.0,,0.0,,0.0
brown_WR_WSH,Antonio Brown,WR,WSH,,,,,,,,,,,,,,,,,,,,,,
scarbrough_RB_DET,Bo Scarbrough,RB,DET,,,,,,,,,,,,,,,,,,,,,,
bryant_WR_DAL,Ventell Bryant,WR,DAL,,,,,,,,,,,,,,,,,,,,,,
hodgins_WR_BUF,Isaiah Hodgins,WR,BUF,,,,,,,,,,,,,,,,,,,,,,
coleman_WR_WSH,Corey Coleman,WR,WSH,,,,,,,,,,,,,,,,,,,,,,
brown_TE_WSH,Pharaoh Brown,TE,WSH,,,,,,,,,,,,,,,,,,,,,,
watkins_WR_PHI,Quez Watkins,WR,PHI,,,,,,,,,,,,,,,,,,,,,,
foster_RB_ARI,D.J. Foster,RB,ARI,,,,,,,,,,,,,,,,,,,,,,
dimarco_RB_BUF,Patrick DiMarco,RB,BUF,,,,,,,,,,,,,,,,,,,,,,
slater_WR_NE,Matthew Slater,WR,NE,,,,,,,,,,,,,,,,,,,,,,
hurns_WR_MIA,Allen Hurns,WR,MIA,,,,,,,,,,,,,,,,,,,,,,
hoyer_QB_NE,Brian Hoyer,QB,NE,,,,,,,,,,,,,,,,,,,,,,
cabinda_RB_DET,Jason Cabinda,RB,DET,,,,,,,,,,,,,,,,,,,,,,
adeboyejo_WR_WSH,Quincy Adeboyejo,WR,WSH,,,,,,,,,,,,,,,,,,,,,,
oleary_TE_LV,Nick O'Leary,TE,LV,,,,,,,,,,,,,,,,,,,,,,
core_WR_NYG,Cody Core,WR,NYG,,,,,,,,,,,,,,,,,,,,,,
logan_RB_TB,T.J. Logan,RB,TB,,,,,,,,,,,,,,,,,,,,,,
scott_WR_NYG,Da'Mari Scott,WR,NYG,,,,,,,,,,,,,,,,,,,,,,
perkins_TE_PHI,Josh Perkins,TE,PHI,,,,,,,,,,,,,,,,,,,,,,
sudfeld_QB_PHI,Nate Sudfeld,QB,PHI,,,,,,,,,,,,,,,,,,,,,,
wick_TE_NO,Cole Wick,TE,NO,,,,,,,,,,,,,,,,,,,,,,
peterman_QB_LV,Nathan Peterman,QB,LV,,,,,,,,,,,,,,,,,,,,,,
bawden_RB_DET,Nick Bawden,RB,DET,,,,,,,,,,,,,,,,,,,,,,
vitale_RB_NE,Danny Vitale,RB,NE,,,,,,,,,,,,,,,,,,,,,,
white_WR_BAL,DeAndrew White,WR,BAL,,,,,,,,,,,,,,,,,,,,,,
beathard_QB_SF,C.J. Beathard,QB,SF,,,,,,,,,,,,,,,,,,,,,,
anderson_TE_LAC,Stephen Anderson,TE,LAC,,,,,,,,,,,,,,,,,,,,,,
nelson_WR_WSH,J.J. Nelson,WR,WSH,,,,,,,,,,,,,,,,,,,,,,
harmon_WR_WSH,Kelvin Harmon,WR,WSH,,,,,,,,,,,,,,,,,,,,,,
oliver_TE_JAX,Josh Oliver,TE,JAX,,,,,,,,,,,,,,,,,,,,,,
austin_WR_SF,Tavon Austin,WR,SF,,,,,,,,,,,,,,,,,,,,,,
lacosse_TE_NE,Matt LaCosse,TE,NE,,,,,,,,,,,,,,,,,,,,,,
bellamy_WR_NYJ,Josh Bellamy,WR,NYJ,,,,,,,,,,,,,,,,,,,,,,
olawale_RB_DAL,Jamize Olawale,RB,DAL,,,,,,,,,,,,,,,,,,,,,,
griffin_QB_TB,Ryan Griffin,QB,TB,,,,,,,,,,,,,,,,,,,,,,
hall_WR_WSH,Emanuel Hall,WR,WSH,,,,,,,,,,,,,,,,,,,,,,
sweeney_TE_BUF,Tommy Sweeney,TE,BUF,,,,,,,,,,,,,,,,,,,,,,
stick_QB_LAC,Easton Stick,QB,LAC,,,,,,,,,,,,,,,,,,,,,,
gillaspia_RB_HOU,Cullen Gillaspia,RB,HOU,,,,,,,,,,,,,,,,,,,,,,
mcsorley_QB_BAL,Trace McSorley,QB,BAL,,,,,,,,,,,,,,,,,,,,,,
wesley_WR_BAL,Antoine Wesley,WR,BAL,,,,,,,,,,,,,,,,,,,,,,
bolden_RB_NE,Brandon Bolden,RB,NE,,,,,,,,,,,,,,,,,,,,,,
cox_RB_MIA,Chandler Cox,RB,MIA,,,,,,,,,,,,,,,,,,,,,,
anderson_RB_IND,Bruce Anderson,RB,IND,,,,,,,,,,,,,,,,,,,,,,
grier_QB_CAR,Will Grier,QB,CAR,,,,,,,,,,,,,,,,,,,,,,
hurd_WR_SF,Jalen Hurd,WR,SF,,,,,,,,,,,,,,,,,,,,,,
allison_WR_DET,Geronimo Allison,WR,DET,,,,,,,,,,,,,,,,,,,,,,
thompson_WR_WSH,Chris Thompson,WR,WSH,,,,,,,,,,,,,,,,,,,,,,
williams_WR_LV,Tyrell Williams,WR,LV,,,,,,,,,,,,,,,,,,,,,,
funchess_WR_GB,Devin Funchess,WR,GB,,,,,,,,,,,,,,,,,,,,,,
thomas_WR_BAL,De'Anthony Thomas,WR,BAL,,,,,,,,,,,,,,,,,,,,,,
wilson_WR_MIA,Albert Wilson,WR,MIA,,,,,,,,,,,,,,,,,,,,,,
doctson_WR_NYJ,Josh Doctson,WR,NYJ,,,,,,,,,,,,,,,,,,,,,,
goodwin_WR_PHI,Marquise Goodwin,WR,PHI,,,,,,,,,,,,,,,,,,,,,,
lee_WR_NE,Marqise Lee,WR,NE,,,,,,,,,,,,,,,,,,,,,,
miller_RB_JAX,Bruce Miller,RB,JAX,,,,,,,,,,,,,,,,,,,,,,
benjamin_WR_SF,Travis Benjamin,WR,SF,,,,,,,,,,,,,,,,,,,,,,
jones_RB_BUF,Taiwan Jones,RB,BUF,,,,,,,,,,,,,,,,,,,,,,
hodges_QB_WSH,Devlin Hodges,QB,WSH,,,,,,,,,,,,,,,,,,,,,,
vander_TE_NO,Jason Vander Laan,TE,NO,,,,,,,,,,,,,,,,,,,,,,
woerner_TE_SF,Charlie Woerner,TE,SF,,,,,,,,,,,,,,,,,,,,,,
parkinson_TE_SEA,Colby Parkinson,TE,SEA,,,,,,,,,,,,,,,,,,,,,,
eason_QB_IND,Jacob Eason,QB,IND,,,,,,,,,,,,,,,,,,,,,,
dinucci_QB_DAL,Ben DiNucci,QB,DAL,,,,,,,,,,,,,,,,,,,,,,
fromm_QB_BUF,Jake Fromm,QB,BUF,,,,,,,,,,,,,,,,,,,,,,
moss_TE_WSH,Thaddeus Moss,TE,WSH,,,,,,,,,,,,,,,,,,,,,,
bayless_WR_CAR,Omar Bayless,WR,CAR,,,,,,,,,,,,,,,,,,,,,,
ellison_TE_NYG,Rhett Ellison,TE,NYG,,,,,,,,,,,,,,,,,,,,,,
sims_TE_WSH,Dion Sims,TE,WSH,,,,,,,,,,,,,,,,,,,,,,
anderson_QB_WSH,Derek Anderson,QB,WSH,,,,,,,,,,,,,,,,,,,,,,
butler_WR_WSH,Brice Butler,WR,WSH,,,,,,,,,,,,,,,,,,,,,,
stanton_QB_WSH,Drew Stanton,QB,WSH,,,,,,,,,,,,,,,,,,,,,,
dickson_TE_WSH,Ed Dickson,TE,WSH,,,,,,,,,,,,,,,,,,,,,,
celek_TE_SF,Garrett Celek,TE,SF,,,,,,,,,,,,,,,,,,,,,,
grimble_TE_IND,Xavier Grimble,TE,IND,,,,,,,,,,,,,,,,,,,,,,
develin_RB_NE,James Develin,RB,NE,,,,,,,,,,,,,,,,,,,,,,
nix_RB_WSH,Roosevelt Nix,RB,WSH,,,,,,,,,,,,,,,,,,,,,,
tanney_QB_WSH,Alex Tanney,QB,WSH,,,,,,,,,,,,,,,,,,,,,,
charles_TE_DEN,Orson Charles,TE,DEN,,,,,,,,,,,,,,,,,,,,,,
simonson_TE_NYG,Scott Simonson,TE,NYG,,,,,,,,,,,,,,,,,,,,,,
glennon_QB_WSH,Mike Glennon,QB,WSH,,,,,,,,,,,,,,,,,,,,,,
line_RB_NO,Zach Line,RB,NO,,,,,,,,,,,,,,,,,,,,,,
clay_TE_WSH,Charles Clay,TE,WSH,,,,,,,,,,,,,,,,,,,,,,
gresham_TE_WSH,Jermaine Gresham,TE,WSH,,,,,,,,,,,,,,,,,,,,,,
smith_WR_WSH,Torrey Smith,WR,WSH,,,,,,,,,,,,,,,,,,,,,,
davis_TE_WSH,Vernon Davis,TE,WSH,,,,,,,,,,,,,,,,,,,,,,
rogers_WR_WSH,Chester Rogers,WR,WSH,,,,,,,,,,,,,,,,,,,,,,
washington_RB_WSH,DeAndre Washington,RB,WSH,,,,,,,,,,,,,,,,,,,,,,
ateman_WR_LV,Marcell Ateman,WR,LV,,,,,,,,,,,,,,,,,,,,,,
williams_WR_IND,Chad Williams,WR,IND,,,,,,,,,,,,,,,,,,,,,,
burnett_WR_WSH,Deontay Burnett,WR,WSH,,,,,,,,,,,,,,,,,,,,,,
lasley_WR_WSH,Jordan Lasley,WR,WSH,,,,,,,,,,,,,,,,,,,,,,
jones_WR_WSH,Andy Jones,WR,WSH,,,,,,,,,,,,,,,,,,,,,,
koyack_TE_WSH,Ben Koyack,TE,WSH,,,,,,,,,,,,,,,,,,,,,,
scott_WR_WSH,Jaleel Scott,WR,WSH,,,,,,,,,,,,,,,,,,,,,,
schreck_TE_WSH,Mason Schreck,TE,WSH,,,,,,,,,,,,,,,,,,,,,,
switzer_WR_WSH,Ryan Switzer,WR,WSH,,,,,,,,,,,,,,,,,,,,,,
kumerow_WR_WSH,Jake Kumerow,WR,WSH,,,,,,,,,,,,,,,,,,,,,,
hatcher_WR_WSH,Keon Hatcher,WR,WSH,,,,,,,,,,,,,,,,,,,,,,
fumagalli_TE_DEN,Troy Fumagalli,TE,DEN,,,,,,,,,,,,,,,,,,,,,,
leggett_TE_WSH,Jordan Leggett,TE,WSH,,,,,,,,,,,,,,,,,,,,,,
peake_WR_WSH,Charone Peake,WR,WSH,,,,,,,,,,,,,,,,,,,,,,
lengel_TE_IND,Matt Lengel,TE,IND,,,,,,,,,,,,,,,,,,,,,,
lenoir_WR_WSH,Lance Lenoir Jr.,WR,WSH,,,,,,,,,,,,,,,,,,,,,,
louis_WR_WSH,Ricardo Louis,WR,WSH,,,,,,,,,,,,,,,,,,,,,,
wilson_WR_TB,Bobo Wilson,WR,TB,,,,,,,,,,,,,,,,,,,,,,
gibson_WR_WSH,Shelton Gibson,WR,WSH,,,,,,,,,,,,,,,,,,,,,,
treadwell_WR_WSH,Laquon Treadwell,WR,WSH,,,,,,,,,,,,,,,,,,,,,,
cunningham_TE_WSH,Jerome Cunningham,TE,WSH,,,,,,,,,,,,,,,,,,,,,,
wilson_RB_WSH,Shaun Wilson,RB,WSH,,,,,,,,,,,,,,,,,,,,,,
williams_RB_DEN,David Williams,RB,DEN,,,,,,,,,,,,,,,,,,,,,,
thomas_RB_JAX,Roc Thomas,RB,JAX,,,,,,,,,,,,,,,,,,,,,,
dieter_WR_WSH,Gehrig Dieter,WR,WSH,,,,,,,,,,,,,,,,,,,,,,
cracraft_WR_WSH,River Cracraft,WR,WSH,,,,,,,,,,,,,,,,,,,,,,
henderson_WR_PIT,Quadree Henderson,WR,PIT,,,,,,,,,,,,,,,,,,,,,,
kelley_RB_WSH,Rob Kelley,RB,WSH,,,,,,,,,,,,,,,,,,,,,,
parker_TE_NO,Brian Parker,TE,NO,,,,,,,,,,,,,,,,,,,,,,
jennings_WR_WSH,Darius Jennings,WR,WSH,,,,,,,,,,,,,,,,,,,,,,
griffin_TE_WSH,Garrett Griffin,TE,WSH,,,,,,,,,,,,,,,,,,,,,,
morgan_TE_MIN,David Morgan,TE,MIN,,,,,,,,,,,,,,,,,,,,,,
franks_TE_WSH,Jordan Franks,TE,WSH,,,,,,,,,,,,,,,,,,,,,,
tomlinson_TE_NYG,Eric Tomlinson,TE,NYG,,,,,,,,,,,,,,,,,,,,,,
cantrell_WR_ARI,Dylan Cantrell,WR,ARI,,,,,,,,,,,,,,,,,,,,,,
lewis_WR_CAR,Tommylee Lewis,WR,CAR,,,,,,,,,,,,,,,,,,,,,,
johnson_WR_WSH,Marcus Johnson,WR,WSH,,,,,,,,,,,,,,,,,,,,,,
hilliard_RB_CLE,Dontrell Hilliard,RB,CLE,,,,,,,,,,,,,,,,,,,,,,
devalve_TE_WSH,Seth DeValve,TE,WSH,,,,,,,,,,,,,,,,,,,,,,
walton_RB_MIA,Mark Walton,RB,MIA,,,,,,,,,,,,,,,,,,,,,,
tolliver_WR_KC,Jalen Tolliver,WR,KC,,,,,,,,,,,,,,,,,,,,,,
chesson_WR_WSH,Jehu Chesson,WR,WSH,,,,,,,,,,,,,,,,,,,,,,
lacy_WR_WSH,Chris Lacy,WR,WSH,,,,,,,,,,,,,,,,,,,,,,
jackson_RB_IND,Darius Jackson,RB,IND,,,,,,,,,,,,,,,,,,,,,,
dobbs_QB_PIT,Joshua Dobbs,QB,PIT,,,,,,,,,,,,,,,,,,,,,,
kizer_QB_WSH,DeShone Kizer,QB,WSH,,,,,,,,,,,,,,,,,,,,,,
fluellen_RB_WSH,David Fluellen,RB,WSH,,,,,,,,,,,,,,,,,,,,,,
rush_QB_WSH,Cooper Rush,QB,WSH,,,,,,,,,,,,,,,,,,,,,,
webb_QB_BUF,Davis Webb,QB,BUF,,,,,,,,,,,,,,,,,,,,,,
lynch_QB_WSH,Paxton Lynch,QB,WSH,,,,,,,,,,,,,,,,,,,,,,
lauletta_QB_WSH,Kyle Lauletta,QB,WSH,,,,,,,,,,,,,,,,,,,,,,
falk_QB_NYJ,Luke Falk,QB,NYJ,,,,,,,,,,,,,,,,,,,,,,
kessler_QB_WSH,Cody Kessler,QB,WSH,,,,,,,,,,,,,,,,,,,,,,
marshall_RB_WSH,Byron Marshall,RB,WSH,,,,,,,,,,,,,,,,,,,,,,
reynolds_WR_WSH,Keenan Reynolds,WR,WSH,,,,,,,,,,,,,,,,,,,,,,
carroo_WR_WSH,Leonte Carroo,WR,WSH,,,,,,,,,,,,,,,,,,,,,,
hemingway_TE_WSH,Temarrick Hemingway,TE,WSH,,,,,,,,,,,,,,,,,,,,,,
pope_RB_WSH,Troymaine Pope,RB,WSH,,,,,,,,,,,,,,,,,,,,,,
ogunbowale_RB_WSH,Dare Ogunbowale,RB,WSH,,,,,,,,,,,,,,,,,,,,,,
frazier_WR_CAR,Mose Frazier,WR,CAR,,,,,,,,,,,,,,,,,,,,,,
gathers_TE_WSH,Rico Gathers,TE,WSH,,,,,,,,,,,,,,,,,,,,,,
holmes_TE_WSH,Gabe Holmes,TE,WSH,,,,,,,,,,,,,,,,,,,,,,
looney_TE_WSH,James Looney,TE,WSH,,,,,,,,,,,,,,,,,,,,,,
willies_WR_WSH,Derrick Willies,WR,WSH,,,,,,,,,,,,,,,,,,,,,,
bibbs_RB_GB,Kapri Bibbs,RB,GB,,,,,,,,,,,,,,,,,,,,,,
davis_WR_GB,Jawill Davis,WR,GB,,,,,,,,,,,,,,,,,,,,,,
lee_QB_WSH,Tanner Lee,QB,WSH,,,,,,,,,,,,,,,,,,,,,,
dupre_WR_LAC,Malachi Dupre,WR,LAC,,,,,,,,,,,,,,,,,,,,,,
dickerson_TE_WSH,Garrett Dickerson,TE,WSH,,,,,,,,,,,,,,,,,,,,,,
davis_WR_WSH,Robert Davis,WR,WSH,,,,,,,,,,,,,,,,,,,,,,
fountain_WR_IND,Daurice Fountain,WR,IND,,,,,,,,,,,,,,,,,,,,,,
russell_WR_WSH,Alonzo Russell,WR,WSH,,,,,,,,,,,,,,,,,,,,,,
ferguson_RB_WSH,Josh Ferguson,RB,WSH,,,,,,,,,,,,,,,,,,,,,,
mcnichols_RB_WSH,Jeremy McNichols,RB,WSH,,,,,,,,,,,,,,,,,,,,,,
davis_RB_WSH,Justin Davis,RB,WSH,,,,,,,,,,,,,,,,,,,,,,
rudock_QB_WSH,Jake Rudock,QB,WSH,,,,,,,,,,,,,,,,,,,,,,
walford_TE_WSH,Clive Walford,TE,WSH,,,,,,,,,,,,,,,,,,,,,,
carr_WR_WSH,Austin Carr,WR,WSH,,,,,,,,,,,,,,,,,,,,,,
culkin_TE_WSH,Sean Culkin,TE,WSH,,,,,,,,,,,,,,,,,,,,,,
holton_WR_WSH,Johnny Holton,WR,WSH,,,,,,,,,,,,,,,,,,,,,,
langford_RB_ATL,Jeremy Langford,RB,ATL,,,,,,,,,,,,,,,,,,,,,,
hansen_WR_WSH,Chad Hansen,WR,WSH,,,,,,,,,,,,,,,,,,,,,,
malone_WR_NYJ,Josh Malone,WR,NYJ,,,,,,,,,,,,,,,,,,,,,,
johnson_RB_WSH,Malcolm Johnson,RB,WSH,,,,,,,,,,,,,,,,,,,,,,
swoopes_TE_WSH,Tyrone Swoopes,TE,WSH,,,,,,,,,,,,,,,,,,,,,,
proehl_WR_WSH,Austin Proehl,WR,WSH,,,,,,,,,,,,,,,,,,,,,,
newsome_RB_WSH,Detrez Newsome,RB,WSH,,,,,,,,,,,,,,,,,,,,,,
ortiz_RB_NO,Ricky Ortiz,RB,NO,,,,,,,,,,,,,,,,,,,,,,
ellis_TE_WSH,Alex Ellis,TE,WSH,,,,,,,,,,,,,,,,,,,,,,
hikutini_TE_DAL,Cole Hikutini,TE,DAL,,,,,,,,,,,,,,,,,,,,,,
heinicke_QB_WSH,Taylor Heinicke,QB,WSH,,,,,,,,,,,,,,,,,,,,,,
braunecker_TE_WSH,Ben Braunecker,TE,WSH,,,,,,,,,,,,,,,,,,,,,,
phillips_WR_CAR,Cam Phillips,WR,CAR,,,,,,,,,,,,,,,,,,,,,,
white_QB_NYJ,Mike White,QB,NYJ,,,,,,,,,,,,,,,,,,,,,,
kidsy_WR_WSH,Darvin Kidsy,WR,WSH,,,,,,,,,,,,,,,,,,,,,,
dayes_RB_WSH,Matt Dayes,RB,WSH,,,,,,,,,,,,,,,,,,,,,,
cobbs_WR_WSH,Simmie Cobbs Jr.,WR,WSH,,,,,,,,,,,,,,,,,,,,,,
baylis_TE_WSH,Evan Baylis,TE,WSH,,,,,,,,,,,,,,,,,,,,,,
mcgough_QB_WSH,Alex McGough,QB,WSH,,,,,,,,,,,,,,,,,,,,,,
ernsberger_TE_WSH,Donnie Ernsberger,TE,WSH,,,,,,,,,,,,,,,,,,,,,,
coley_WR_WSH,Stacy Coley,WR,WSH,,,,,,,,,,,,,,,,,,,,,,
williams_RB_WSH,Jonathan Williams,RB,WSH,,,,,,,,,,,,,,,,,,,,,,
muhammad_RB_WSH,Khalfani Muhammad,RB,WSH,,,,,,,,,,,,,,,,,,,,,,
whitney_WR_WSH,Isaac Whitney,WR,WSH,,,,,,,,,,,,,,,,,,,,,,
prosise_RB_WSH,C.J. Prosise,RB,WSH,,,,,,,,,,,,,,,,,,,,,,
white_WR_WSH,Tim White,WR,WSH,,,,,,,,,,,,,,,,,,,,,,
etling_QB_WSH,Danny Etling,QB,WSH,,,,,,,,,,,,,,,,,,,,,,
mays_RB_WSH,Devante Mays,RB,WSH,,,,,,,,,,,,,,,,,,,,,,
turner_RB_WSH,De'Lance Turner,RB,WSH,,,,,,,,,,,,,,,,,,,,,,
mccaffrey_WR_WSH,Max McCaffrey,WR,WSH,,,,,,,,,,,,,,,,,,,,,,
carson_RB_WSH,Tra Carson,RB,WSH,,,,,,,,,,,,,,,,,,,,,,
wilds_RB_SF,Brandon Wilds,RB,SF,,,,,,,,,,,,,,,,,,,,,,
travis_TE_NYJ,Ross Travis,TE,NYJ,,,,,,,,,,,,,,,,,,,,,,
bohringer_TE_CIN,Moritz Bohringer,TE,CIN,,,,,,,,,,,,,,,,,,,,,,
darboh_WR_PIT,Amara Darboh,WR,PIT,,,,,,,,,,,,,,,,,,,,,,
hogan_WR_TEN,Krishawn Hogan,WR,TEN,,,,,,,,,,,,,,,,,,,,,,
perkins_RB_JAX,Paul Perkins,RB,JAX,,,,,,,,,,,,,,,,,,,,,,
madden_RB_WSH,Tre Madden,RB,WSH,,,,,,,,,,,,,,,,,,,,,,
edmunds_RB_PIT,Trey Edmunds,RB,PIT,,,,,,,,,,,,,,,,,,,,,,
bolden_WR_WSH,Victor Bolden Jr.,WR,WSH,,,,,,,,,,,,,,,,,,,,,,
flanagan_TE_WSH,Matt Flanagan,TE,WSH,,,,,,,,,,,,,,,,,,,,,,
latimer_WR_WSH,Cody Latimer,WR,WSH,,,,,,,,,,,,,,,,,,,,,,
hardy_WR_WSH,Justin Hardy,WR,WSH,,,,,,,,,,,,,,,,,,,,,,
martin_RB_WSH,Doug Martin,RB,WSH,,,,,,,,,,,,,,,,,,,,,,
allen_TE_WSH,Dwayne Allen,TE,WSH,,,,,,,,,,,,,,,,,,,,,,
paulsen_TE_HOU,Logan Paulsen,TE,HOU,,,,,,,,,,,,,,,,,,,,,,
meredith_WR_NE,Cameron Meredith,WR,NE,,,,,,,,,,,,,,,,,,,,,,
cain_WR_PIT,Deon Cain,WR,PIT,,,,,,,,,,,,,,,,,,,,,,
heuerman_TE_WSH,Jeff Heuerman,TE,WSH,,,,,,,,,,,,,,,,,,,,,,
fulgham_WR_WSH,Travis Fulgham,WR,WSH,,,,,,,,,,,,,,,,,,,,,,
grant_WR_WSH,Ryan Grant,WR,WSH,,,,,,,,,,,,,,,,,,,,,,
taylor_WR_CLE,Taywan Taylor,WR,CLE,,,,,,,,,,,,,,,,,,,,,,
weber_RB_WSH,Mike Weber,RB,WSH,,,,,,,,,,,,,,,,,,,,,,
ware_RB_WSH,Spencer Ware,RB,WSH,,,,,,,,,,,,,,,,,,,,,,
williams_RB_DET,James Williams,RB,DET,,,,,,,,,,,,,,,,,,,,,,
roberts_TE_WSH,Michael Roberts,TE,WSH,,,,,,,,,,,,,,,,,,,,,,
sterling_TE_KC,Neal Sterling,TE,KC,,,,,,,,,,,,,,,,,,,,,,
fowler_WR_WSH,Bennie Fowler,WR,WSH,,,,,,,,,,,,,,,,,,,,,,
croom_TE_BUF,Jason Croom,TE,BUF,,,,,,,,,,,,,,,,,,,,,,
ellington_WR_WSH,Bruce Ellington,WR,WSH,,,,,,,,,,,,,,,,,,,,,,
harris_WR_WSH,Dwayne Harris,WR,WSH,,,,,,,,,,,,,,,,,,,,,,
bortles_QB_WSH,Blake Bortles,QB,WSH,,,,,,,,,,,,,,,,,,,,,,
rodgers_TE_WSH,Richard Rodgers,TE,WSH,,,,,,,,,,,,,,,,,,,,,,
siemian_QB_WSH,Trevor Siemian,QB,WSH,,,,,,,,,,,,,,,,,,,,,,
higdon_RB_WSH,Karan Higdon,RB,WSH,,,,,,,,,,,,,,,,,,,,,,
barner_RB_WSH,Kenjon Barner,RB,WSH,,,,,,,,,,,,,,,,,,,,,,
godwin_WR_WSH,Terry Godwin,WR,WSH,,,,,,,,,,,,,,,,,,,,,,
whyte_RB_WSH,Kerrith Whyte,RB,WSH,,,,,,,,,,,,,,,,,,,,,,
winfree_WR_WSH,Juwann Winfree,WR,WSH,,,,,,,,,,,,,,,,,,,,,,
mack_TE_WSH,Alize Mack,TE,WSH,,,,,,,,,,,,,,,,,,,,,,
nauta_RB_WSH,Isaac Nauta,RB,WSH,,,,,,,,,,,,,,,,,,,,,,
flowers_RB_WSH,Quinton Flowers,RB,WSH,,,,,,,,,,,,,,,,,,,,,,
rypien_QB_DEN,Brett Rypien,QB,DEN,,,,,,,,,,,,,,,,,,,,,,
kelly_RB_WSH,John Kelly,RB,WSH,,,,,,,,,,,,,,,,,,,,,,
mitchell_WR_WSH,Dillon Mitchell,WR,WSH,,,,,,,,,,,,,,,,,,,,,,
warren_RB_WSH,Chris Warren,RB,WSH,,,,,,,,,,,,,,,,,,,,,,
green_WR_WSH,Marcus Green,WR,WSH,,,,,,,,,,,,,,,,,,,,,,
adams_RB_WSH,Josh Adams,RB,WSH,,,,,,,,,,,,,,,,,,,,,,
anderson_RB_WSH,Rodney Anderson,RB,WSH,,,,,,,,,,,,,,,,,,,,,,
wilson_TE_WSH,Caleb Wilson,TE,WSH,,,,,,,,,,,,,,,,,,,,,,
holyfield_RB_WSH,Elijah Holyfield,RB,WSH,,,,,,,,,,,,,,,,,,,,,,
williams_WR_BUF,Duke Williams,WR,BUF,,,,,,,,,,,,,,,,,,,,,,
thorson_QB_WSH,Clayton Thorson,QB,WSH,,,,,,,,,,,,,,,,,,,,,,
dortch_WR_WSH,Greg Dortch,WR,WSH,,,,,,,,,,,,,,,,,,,,,,
mizzell_WR_NO,Taquan Mizzell,WR,NO,,,,,,,,,,,,,,,,,,,,,,
ford_RB_GB,Keith Ford,RB,GB,,,,,,,,,,,,,,,,,,,,,,
moore_WR_WSH,J'Mon Moore,WR,WSH,,,,,,,,,,,,,,,,,,,,,,
weah_WR_WSH,Jester Weah,WR,WSH,,,,,,,,,,,,,,,,,,,,,,
sloter_QB_WSH,Kyle Sloter,QB,WSH,,,,,,,,,,,,,,,,,,,,,,
quick_WR_WSH,Brian Quick,WR,WSH,,,,,,,,,,,,,,,,,,,,,,
baldwin_WR_WSH,Doug Baldwin,WR,WSH,,,,,,,,,,,,,,,,,,,,,,
webb_WR_WSH,Joe Webb III,WR,WSH,,,,,,,,,,,,,,,,,,,,,,
perry_RB_WSH,Senorise Perry,RB,WSH,,,,,,,,,,,,,,,,,,,,,,
gilbert_QB_CLE,Garrett Gilbert,QB,CLE,,,,,,,,,,,,,,,,,,,,,,
crowell_RB_WSH,Isaiah Crowell,RB,WSH,,,,,,,,,,,,,,,,,,,,,,
murphy_RB_CAR,Marcus Murphy,RB,CAR,,,,,,,,,,,,,,,,,,,,,,
shepard_WR_WSH,Russell Shepard,WR,WSH,,,,,,,,,,,,,,,,,,,,,,
zenner_RB_MIA,Zach Zenner,RB,MIA,,,,,,,,,,,,,,,,,,,,,,
matthews_WR_WSH,Jordan Matthews,WR,WSH,,,,,,,,,,,,,,,,,,,,,,
michel_WR_WSH,Marken Michel,WR,WSH,,,,,,,,,,,,,,,,,,,,,,
smith_RB_WSH,Rod Smith,RB,WSH,,,,,,,,,,,,,,,,,,,,,,
coates_WR_WSH,Sammie Coates Jr.,WR,WSH,,,,,,,,,,,,,,,,,,,,,,
bellore_RB_WSH,Nick Bellore,RB,WSH,,,,,,,,,,,,,,,,,,,,,,
gay_K_WSH,Matt Gay,K,WSH,,,,,,,,,,,,,,,,,,,,,,
scarlett_RB_WSH,Jordan Scarlett,RB,WSH,,,,,,,,,,,,,,,,,,,,,,
callaway_WR_CLE,Antonio Callaway,WR,CLE,,,,,,,,,,,,,,,,,,,,,,
joseph_K_WSH,Greg Joseph,K,WSH,,,,,,,,,,,,,,,,,,,,,,
rosen_QB_WSH,Josh Rosen,QB,WSH,,,,,,,,,,,,,,,,,,,,,,
ballage_RB_MIA,Kalen Ballage,RB,MIA,,,,,,,,,,,,,,,,,,,,,,
mccrane_K_PIT,Matthew McCrane,K,PIT,,,,,,,,,,,,,,,,,,,,,,
foreman_RB_WSH,D'Onta Foreman,RB,WSH,,,,,,,,,,,,,,,,,,,,,,
adams_WR_WSH,Rodney Adams,WR,WSH,,,,,,,,,,,,,,,,,,,,,,
foster_WR_BUF,Robert Foster,WR,BUF,,,,,,,,,,,,,,,,,,,,,,
quinn_WR_WSH,Trey Quinn,WR,WSH,,,,,,,,,,,,,,,,,,,,,,
lee_TE_WSH,Khari Lee,TE,WSH,,,,,,,,,,,,,,,,,,,,,,
guice_RB_WSH,Derrius Guice,RB,WSH,,,,,,,,,,,,,,,,,,,,,,
rosas_K_WSH,Aldrick Rosas,K,WSH,,,,,,,,,,,,,,,,,,,,,,
smallwood_RB_WSH,Wendell Smallwood,RB,WSH,,,,,,,,,,,,,,,,,,,,,,
artispayne_RB_WSH,Cameron Artis-Payne,RB,WSH,,,,,,,,,,,,,,,,,,,,,,
mccarron_WR_WSH,Riley McCarron,WR,WSH,,,,,,,,,,,,,,,,,,,,,,
mcguire_RB_KC,Elijah McGuire,RB,KC,,,,,,,,,,,,,,,,,,,,,,
wadley_RB_WSH,Akrum Wadley,RB,WSH,,,,,,,,,,,,,,,,,,,,,,
collins_RB_BAL,Alex Collins,RB,BAL,,,,,,,,,,,,,,,,,,,,,,
derby_TE_WSH,A.J. Derby,TE,WSH,,,,,,,,,,,,,,,,,,,,,,
cross_TE_WSH,Alan Cross,TE,WSH,,,,,,,,,,,,,,,,,,,,,,
allen_RB_WSH,Javorius Allen,RB,WSH,,,,,,,,,,,,,,,,,,,,,,
greene_WR_WSH,Rashad Greene,WR,WSH,,,,,,,,,,,,,,,,,,,,,,
grinnage_TE_WSH,David Grinnage,TE,WSH,,,,,,,,,,,,,,,,,,,,,,
kelly_QB_IND,Chad Kelly,QB,IND,,,,,,,,,,,,,,,,,,,,,,
marquez_WR_WSH,Bradley Marquez,WR,WSH,,,,,,,,,,,,,,,,,,,,,,
dixon_RB_WSH,Kenneth Dixon,RB,WSH,,,,,,,,,,,,,,,,,,,,,,
valles_TE_WSH,Hakeem Valles,TE,WSH,,,,,,,,,,,,,,,,,,,,,,
martino_WR_WSH,Freddie Martino,WR,WSH,,,,,,,,,,,,,,,,,,,,,,
west_RB_WSH,Charcandrick West,RB,WSH,,,,,,,,,,,,,,,,,,,,,,
blue_RB_JAX,Alfred Blue,RB,JAX,,,,,,,,,,,,,,,,,,,,,,
santos_K_WSH,Cairo Santos,K,WSH,,,,,,,,,,,,,,,,,,,,,,
gabriel_WR_CHI,Taylor Gabriel,WR,CHI,,,,,,,,,,,,,,,,,,,,,,
fales_QB_WSH,David Fales,QB,WSH,,,,,,,,,,,,,,,,,,,,,,
parkey_K_TEN,Cody Parkey,K,TEN,,,,,,,,,,,,,,,,,,,,,,
hewitt_TE_WSH,Ryan Hewitt,TE,WSH,,,,,,,,,,,,,,,,,,,,,,
jones_WR_NYG,TJ Jones,WR,NYG,,,,,,,,,,,,,,,,,,,,,,
bryant_WR_WSH,Martavis Bryant,WR,WSH,,,,,,,,,,,,,,,,,,,,,,
grant_RB_WSH,Corey Grant,RB,WSH,,,,,,,,,,,,,,,,,,,,,,
freeman_RB_WSH,Devonta Freeman,RB,WSH,,,,,,,,,,,,,,,,,,,,,,
catanzaro_K_WSH,Chandler Catanzaro,K,WSH,,,,,,,,,,,,,,,,,,,,,,
ajayi_RB_WSH,Jay Ajayi,RB,WSH,,,,,,,,,,,,,,,,,,,,,,
enunwa_WR_WSH,Quincy Enunwa,WR,WSH,,,,,,,,,,,,,,,,,,,,,,
swoope_TE_WSH,Erik Swoope,TE,WSH,,,,,,,,,,,,,,,,,,,,,,
coleman_RB_WSH,Derrick Coleman,RB,WSH,,,,,,,,,,,,,,,,,,,,,,
cunningham_RB_WSH,Benny Cunningham,RB,WSH,,,,,,,,,,,,,,,,,,,,,,
tavecchio_K_WSH,Giorgio Tavecchio,K,WSH,,,,,,,,,,,,,,,,,,,,,,
hunter_WR_WSH,Justin Hunter,WR,WSH,,,,,,,,,,,,,,,,,,,,,,
williams_WR_WSH,Nick Williams,WR,WSH,,,,,,,,,,,,,,,,,,,,,,
michael_RB_WSH,Christine Michael,RB,WSH,,,,,,,,,,,,,,,,,,,,,,
wheaton_WR_WSH,Markus Wheaton,WR,WSH,,,,,,,,,,,,,,,,,,,,,,
streater_WR_WSH,Rod Streater,WR,WSH,,,,,,,,,,,,,,,,,,,,,,
anderson_RB_DET,C.J. Anderson,RB,DET,,,,,,,,,,,,,,,,,,,,,,
kearse_WR_WSH,Jermaine Kearse,WR,WSH,,,,,,,,,,,,,,,,,,,,,,
sturgis_K_WSH,Caleb Sturgis,K,WSH,,,,,,,,,,,,,,,,,,,,,,
cadet_RB_WSH,Travaris Cadet,RB,WSH,,,,,,,,,,,,,,,,,,,,,,
maher_K_WSH,Brett Maher,K,WSH,,,,,,,,,,,,,,,,,,,,,,
gillislee_RB_WSH,Mike Gillislee,RB,WSH,,,,,,,,,,,,,,,,,,,,,,
benjamin_WR_WSH,Kelvin Benjamin,WR,WSH,,,,,,,,,,,,,,,,,,,,,,
bohanon_RB_WSH,Tommy Bohanon,RB,WSH,,,,,,,,,,,,,,,,,,,,,,
riddick_RB_WSH,Theo Riddick,RB,WSH,,,,,,,,,,,,,,,,,,,,,,
richardson_WR_WSH,Paul Richardson Jr.,WR,WSH,,,,,,,,,,,,,,,,,,,,,,
moncrief_WR_NYJ,Donte Moncrief,WR,NYJ,,,,,,,,,,,,,,,,,,,,,,
seferianjenkins_TE_WSH,Austin Seferian-Jenkins,TE,WSH,,,,,,,,,,,,,,,,,,,,,,
hill_RB_WSH,Jeremy Hill,RB,WSH,,,,,,,,,,,,,,,,,,,,,,
miller_RB_WSH,Lamar Miller,RB,WSH,,,,,,,,,,,,,,,,,,,,,,
pryor_WR_WSH,Terrelle Pryor Sr.,WR,WSH,,,,,,,,,,,,,,,,,,,,,,
osweiler_QB_WSH,Brock Osweiler,QB,WSH,,,,,,,,,,,,,,,,,,,,,,
ivory_RB_WSH,Chris Ivory,RB,WSH,,,,,,,,,,,,,,,,,,,,,,
turbin_RB_WSH,Robert Turbin,RB,WSH,,,,,,,,,,,,,,,,,,,,,,
sanu_WR_WSH,Mohamed Sanu Sr.,WR,WSH,,,,,,,,,,,,,,,,,,,,,,
thomas_WR_WSH,Demaryius Thomas,WR,WSH,,,,,,,,,,,,,,,,,,,,,,
rodgers_RB_WSH,Jacquizz Rodgers,RB,WSH,,,,,,,,,,,,,,,,,,,,,,
holmes_WR_DEN,Andre Holmes,WR,DEN,,,,,,,,,,,,,,,,,,,,,,
aiken_WR_WSH,Kamar Aiken,WR,WSH,,,,,,,,,,,,,,,,,,,,,,
kaepernick_QB_WSH,Colin Kaepernick,QB,WSH,,,,,,,,,,,,,,,,,,,,,,
forbath_K_DAL,Kai Forbath,K,DAL,,,,,,,,,,,,,,,,,,,,,,
kendricks_TE_WSH,Lance Kendricks,TE,WSH,,,,,,,,,,,,,,,,,,,,,,
luck_QB_WSH,Andrew Luck,QB,WSH,,,,,,,,,,,,,,,,,,,,,,
weeden_QB_WSH,Brandon Weeden,QB,WSH,,,,,,,,,,,,,,,,,,,,,,
floyd_WR_WSH,Michael Floyd,WR,WSH,,,,,,,,,,,,,,,,,,,,,,
ridley_RB_WSH,Stevan Ridley,RB,WSH,,,,,,,,,,,,,,,,,,,,,,
powell_RB_WSH,Bilal Powell,RB,WSH,,,,,,,,,,,,,,,,,,,,,,
morris_RB_ARI,Alfred Morris,RB,ARI,,,,,,,,,,,,,,,,,,,,,,
robinson_WR_WSH,Aldrick Robinson,WR,WSH,,,,,,,,,,,,,,,,,,,,,,
kerley_WR_WSH,Jeremy Kerley,WR,WSH,,,,,,,,,,,,,,,,,,,,,,
paul_TE_WSH,Niles Paul,TE,WSH,,,,,,,,,,,,,,,,,,,,,,
phillips_TE_WSH,John Phillips,TE,WSH,,,,,,,,,,,,,,,,,,,,,,
charles_RB_WSH,Jamaal Charles,RB,WSH,,,,,,,,,,,,,,,,,,,,,,
garcon_WR_WSH,Pierre Garcon,WR,WSH,,,,,,,,,,,,,,,,,,,,,,
heywardbey_WR_WSH,Darrius Heyward-Bey,WR,WSH,,,,,,,,,,,,,,,,,,,,,,
blount_RB_WSH,LeGarrette Blount,RB,WSH,,,,,,,,,,,,,,,,,,,,,,
stewart_RB_WSH,Jonathan Stewart,RB,WSH,,,,,,,,,,,,,,,,,,,,,,
crabtree_WR_ARI,Michael Crabtree,WR,ARI,,,,,,,,,,,,,,,,,,,,,,
wallace_WR_WSH,Mike Wallace,WR,WSH,,,,,,,,,,,,,,,,,,,,,,
lynch_RB_WSH,Marshawn Lynch,RB,WSH,,,,,,,,,,,,,,,,,,,,,,
vinatieri_K_WSH,Adam Vinatieri,K,WSH,,,,,,,,,,,,,,,,,,,,,,
dawson_K_WSH,Phil Dawson,K,WSH,,,,,,,,,,,,,,,,,,,,,,
janikowski_K_WSH,Sebastian Janikowski,K,WSH,,,,,,,,,,,,,,,,,,,,,,
mccown_QB_PHI,Josh McCown,QB,PHI,,,,,,,,,,,,,,,,,,,,,,
bryant_K_WSH,Matt Bryant,K,WSH,,,,,,,,,,,,,,,,,,,,,,
moore_QB_WSH,Matt Moore,QB,WSH,,,,,,,,,,,,,,,,,,,,,,
gates_TE_WSH,Antonio Gates,TE,WSH,,,,,,,,,,,,,,,,,,,,,,
manning_QB_NYG,Eli Manning,QB,NYG,,,,,,,,,,,,,,,,,,,,,,
watson_TE_NE,Ben Watson,TE,NE,,,,,,,,,,,,,,,,,,,,,,
johnson_QB_DET,Josh Johnson,QB,DET,,,,,,,,,,,,,,,,,,,,,,
nugent_K_WSH,Mike Nugent,K,WSH,,,,,,,,,,,,,,,,,,,,,,
hauschka_K_BUF,Stephen Hauschka,K,BUF,,,,,,,,,,,,,,,,,,,,,,
sproles_RB_PHI,Darren Sproles,RB,PHI,,,,,,,,,,,,,,,,,,,,,,
cassel_QB_WSH,Matt Cassel,QB,WSH,,,,,,,,,,,,,,,,,,,,,,
sanchez_QB_WSH,Mark Sanchez,QB,WSH,,,,,,,,,,,,,,,,,,,,,,
lafell_WR_WSH,Brandon LaFell,WR,WSH,,,,,,,,,,,,,,,,,,,,,,
bradford_QB_WSH,Sam Bradford,QB,WSH,,,,,,,,,,,,,,,,,,,,,,
marshall_WR_WSH,Brandon Marshall,WR,WSH,,,,,,,,,,,,,,,,,,,,,,
walker_TE_TEN,Delanie Walker,TE,TEN,,,,,,,,,,,,,,,,,,,,,,
fitzgerald_QB_WSH,Nick Fitzgerald,QB,WSH,,,,,,,,,,,,,,,,,,,,,,
jackson_QB_BUF,Tyree Jackson,QB,BUF,,,,,,,,,,,,,,,,,,,,,,
hart_WR_SEA,Penny Hart,WR,SEA,,,,,,,,,,,,,,,,,,,,,,
brady_WR_JAX,Tyre Brady,WR,JAX,,,,,,,,,,,,,,,,,,,,,,
mcknight_WR_WSH,Kelvin McKnight,WR,WSH,,,,,,,,,,,,,,,,,,,,,,
barnes_RB_TEN,Alex Barnes,RB,TEN,,,,,,,,,,,,,,,,,,,,,,
conrad_TE_WSH,C.J. Conrad,TE,WSH,,,,,,,,,,,,,,,,,,,,,,
humphrey_WR_WSH,Lil'Jordan Humphrey,WR,WSH,,,,,,,,,,,,,,,,,,,,,,
crockett_RB_WSH,Damarea Crockett,RB,WSH,,,,,,,,,,,,,,,,,,,,,,
willis_WR_CLE,Damion Willis,WR,CLE,,,,,,,,,,,,,,,,,,,,,,
bonnafon_RB_WSH,Reggie Bonnafon,RB,WSH,,,,,,,,,,,,,,,,,,,,,,
doss_WR_LV,Keelan Doss,WR,LV,,,,,,,,,,,,,,,,,,,,,,
wade_RB_BUF,Christian Wade,RB,BUF,,,,,,,,,,,,,,,,,,,,,,
ferguson_WR_WSH,Jazz Ferguson,WR,WSH,,,,,,,,,,,,,,,,,,,,,,
dawkins_RB_WSH,Dalyn Dawkins,RB,WSH,,,,,,,,,,,,,,,,,,,,,,
shepherd_WR_WSH,Darrius Shepherd,WR,WSH,,,,,,,,,,,,,,,,,,,,,,
blough_QB_WSH,David Blough,QB,WSH,,,,,,,,,,,,,,,,,,,,,,
hollins_WR_MIN,Alexander Hollins,WR,MIN,,,,,,,,,,,,,,,,,,,,,,
horsted_TE_WSH,Jesper Horsted,TE,WSH,,,,,,,,,,,,,,,,,,,,,,
hentges_TE_WSH,Hale Hentges,TE,WSH,,,,,,,,,,,,,,,,,,,,,,
patton_WR_ARI,Andre Patton,WR,ARI,,,,,,,,,,,,,,,,,,,,,,
hyman_WR_WSH,Ishmael Hyman,WR,WSH,,,,,,,,,,,,,,,,,,,,,,
morgan_WR_WSH,Stanley Morgan,WR,WSH,,,,,,,,,,,,,,,,,,,,,,
hudson_TE_WSH,Tanner Hudson,TE,WSH,,,,,,,,,,,,,,,,,,,,,,
walker_WR_JAX,Michael Walker,WR,JAX,,,,,,,,,,,,,,,,,,,,,,
brown_WR_DEN,Fred Brown,WR,DEN,,,,,,,,,,,,,,,,,,,,,,
blanton_TE_LAR,Kendall Blanton,TE,LAR,,,,,,,,,,,,,,,,,,,,,,
schnell_WR_WSH,Spencer Schnell,WR,WSH,,,,,,,,,,,,,,,,,,,,,,
mcelroy_TE_WSH,Codey McElroy,TE,WSH,,,,,,,,,,,,,,,,,,,,,,
grayson_WR_WSH,Cyril Grayson,WR,WSH,,,,,,,,,,,,,,,,,,,,,,
hills_RB_WSH,Wes Hills,RB,WSH,,,,,,,,,,,,,,,,,,,,,,
jones_TE_JAX,Charles Jones,TE,JAX,,,,,,,,,,,,,,,,,,,,,,
sowell_TE_WSH,Bradley Sowell,TE,WSH,,,,,,,,,,,,,,,,,,,,,,
dillon_TE_WSH,Brandon Dillon,TE,WSH,,,,,,,,,,,,,,,,,,,,,,
meier_TE_WSH,Carson Meier,TE,WSH,,,,,,,,,,,,,,,,,,,,,,
reynolds_RB_WSH,Craig Reynolds,RB,WSH,,,,,,,,,,,,,,,,,,,,,,
walter_RB_NYG,Austin Walter,RB,NYG,,,,,,,,,,,,,,,,,,,,,,
davis_WR_MIN,Davion Davis,WR,MIN,,,,,,,,,,,,,,,,,,,,,,
kennedy_WR_WSH,Tom Kennedy,WR,WSH,,,,,,,,,,,,,,,,,,,,,,
chunn_RB_WSH,Jordan Chunn,RB,WSH,,,,,,,,,,,,,,,,,,,,,,
brooksjames_RB_WSH,Tony Brooks-James,RB,WSH,,,,,,,,,,,,,,,,,,,,,,
hilliman_RB_WSH,Jonathan Hilliman,RB,WSH,,,,,,,,,,,,,,,,,,,,,,
irwin_WR_WSH,Trenton Irwin,WR,WSH,,,,,,,,,,,,,,,,,,,,,,
mclaughlin_K_WSH,Chase McLaughlin,K,WSH,,,,,,,,,,,,,,,,,,,,,,
warren_RB_PHI,Mike Warren,RB,PHI,,,,,,,,,,,,,,,,,,,,,,
rohrwasser_K_NE,Justin Rohrwasser,K,NE,,,,,,,,,,,,,,,,,,,,,,
mcdonald_QB_WSH,Cole McDonald,QB,WSH,,,,,,,,,,,,,,,,,,,,,,
sullivan_TE_SEA,Stephen Sullivan,TE,SEA,,,,,,,,,,,,,,,,,,,,,,
stanley_QB_MIN,Nate Stanley,QB,MIN,,,,,,,,,,,,,,,,,,,,,,
stevens_TE_WSH,Tommy Stevens,TE,WSH,,,,,,,,,,,,,,,,,,,,,,
jennings_WR_SF,Jauan Jennings,WR,SF,,,,,,,,,,,,,,,,,,,,,,
bellamy_RB_DEN,LeVante Bellamy,RB,DEN,,,,,,,,,,,,,,,,,,,,,,
hasty_RB_SF,JaMycal Hasty,RB,SF,,,,,,,,,,,,,,,,,,,,,,
taylor_RB_NE,J.J. Taylor,RB,NE,,,,,,,,,,,,,,,,,,,,,,
hastings_WR_WSH,Will Hastings,WR,WSH,,,,,,,,,,,,,,,,,,,,,,
begelton_WR_GB,Reggie Begelton,WR,GB,,,,,,,,,,,,,,,,,,,,,,
merritt_WR_WSH,Kirk Merritt,WR,WSH,,,,,,,,,,,,,,,,,,,,,,
ahmed_RB_MIA,Salvon Ahmed,RB,MIA,,,,,,,,,,,,,,,,,,,,,,
killins_RB_WSH,Adrian Killins Jr.,RB,WSH,,,,,,,,,,,,,,,,,,,,,,
gordon_QB_WSH,Anthony Gordon,QB,WSH,,,,,,,,,,,,,,,,,,,,,,
pinkney_TE_WSH,Jared Pinkney,TE,WSH,,,,,,,,,,,,,,,,,,,,,,
leake_RB_WSH,Javon Leake,RB,WSH,,,,,,,,,,,,,,,,,,,,,,
