key,name,pos,team,pass_tds,pass_yds,pass_ints,rush_tds,rush_yds,receptions,reception_tds,reception_yds,two_pts,fumbles,kick_0_19,kick_20_29,kick_30_39,kick_40_49,kick_50,kick_extra_points,df_points_allowed_per_game,df_sacks,df_safeties,df_fumbles,df_tds,df_ints
jefferson_WR_MIN,Justin Jefferson,WR,MIN,,,,0.0,23.0,115.0,9.0,1495.0,,,,,,,,,,,,,,
ekeler_RB_LAC,Austin Ekeler,RB,LAC,,,,9.0,837.0,67.0,3.0,500.0,,,,,,,,,,,,,,
kupp_WR_LAR,Cooper Kupp,WR,LAR,,,,0.0,67.0,126.0,7.0,1492.0,,,,,,,,,,,,,,
mccaffrey_RB_SF,Christian McCaffrey,RB,SF,,,,7.0,854.0,70.0,3.0,555.0,,,,,,,,,,,,,,
chase_WR_CIN,Ja'Marr Chase,WR,CIN,,,,0.0,20.0,102.0,11.0,1453.0,,,,,,,,,,,,,,
robinson_RB_ATL,Bijan Robinson,RB,ATL,,,,7.0,1121.0,50.0,2.0,378.0,,,,,,,,,,,,,,
kelce_TE_KC,Travis Kelce,TE,KC,,,,0.0,15.0,101.0,10.0,1142.0,,,,,,,,,,,,,,
hill_WR_MIA,Tyreek Hill,WR,MIA,,,,1.0,50.0,103.0,8.0,1333.0,,,,,,,,,,,,,,
taylor_RB_IND,Jonathan Taylor,RB,IND,,,,8.0,1363.0,36.0,1.0,281.0,,,,,,,,,,,,,,
barkley_RB_NYG,Saquon Barkley,RB,NYG,,,,8.0,1012.0,53.0,2.0,430.0,,,,,,,,,,,,,,
henry_RB_TEN,Derrick Henry,RB,TEN,,,,8.0,1334.0,33.0,1.0,290.0,,,,,,,,,,,,,,
adams_WR_LV,Davante Adams,WR,LV,,,,0.0,12.0,96.0,7.0,1473.0,,,,,,,,,,,,,,
diggs_WR_BUF,Stefon Diggs,WR,BUF,,,,0.0,0.0,97.0,8.0,1204.0,,,,,,,,,,,,,,
lamb_WR_DAL,CeeDee Lamb,WR,DAL,,,,0.0,58.0,97.0,6.0,1219.0,,,,,,,,,,,,,,
brown_WR_DET,Amon-Ra St. Brown,WR,DET,,,,1.0,64.0,95.0,6.0,1038.0,,,,,,,,,,,,,,
brown_WR_PHI,A.J. Brown,WR,PHI,,,,0.0,0.0,74.0,7.0,1130.0,,,,,,,,,,,,,,
jacobs_RB_LV,Josh Jacobs,RB,LV,,,,9.0,1158.0,42.0,1.0,308.0,,,,,,,,,,,,,,
chubb_RB_CLE,Nick Chubb,RB,CLE,,,,9.0,1233.0,30.0,1.0,274.0,,,,,,,,,,,,,,
wilson_WR_NYJ,Garrett Wilson,WR,NYJ,,,,0.0,24.0,76.0,8.0,1036.0,,,,,,,,,,,,,,
waddle_WR_MIA,Jaylen Waddle,WR,MIA,,,,0.0,25.0,82.0,6.0,1074.0,,,,,,,,,,,,,,
pollard_RB_DAL,Tony Pollard,RB,DAL,,,,8.0,1156.0,39.0,2.0,318.0,,,,,,,,,,,,,,
hall_RB_NYJ,Breece Hall,RB,NYJ,,,,6.0,891.0,43.0,2.0,383.0,,,,,,,,,,,,,,
etienne_RB_JAX,Travis Etienne Jr.,RB,JAX,,,,6.0,1031.0,40.0,2.0,325.0,,,,,,,,,,,,,,
mahomes_QB_KC,Patrick Mahomes,QB,KC,39.0,4702.0,11.0,3.0,333.0,,,,,,,,,,,,,,,,,
allen_QB_BUF,Josh Allen,QB,BUF,31.0,4163.0,13.0,6.0,632.0,,,,,,,,,,,,,,,,,
hurts_QB_PHI,Jalen Hurts,QB,PHI,22.0,3511.0,10.0,12.0,671.0,,,,,,,,,,,,,,,,,
metcalf_WR_SEA,DK Metcalf,WR,SEA,,,,0.0,0.0,77.0,8.0,1001.0,,,,,,,,,,,,,,
higgins_WR_CIN,Tee Higgins,WR,CIN,,,,0.0,0.0,82.0,7.0,1046.0,,,,,,,,,,,,,,
smith_WR_PHI,DeVonta Smith,WR,PHI,,,,0.0,0.0,79.0,7.0,1015.0,,,,,,,,,,,,,,
mixon_RB_CIN,Joe Mixon,RB,CIN,,,,7.0,826.0,50.0,3.0,352.0,,,,,,,,,,,,,,
stevenson_RB_NE,Rhamondre Stevenson,RB,NE,,,,6.0,925.0,49.0,1.0,340.0,,,,,,,,,,,,,,
harris_RB_PIT,Najee Harris,RB,PIT,,,,6.0,964.0,43.0,2.0,273.0,,,,,,,,,,,,,,
jones_RB_GB,Aaron Jones,RB,GB,,,,4.0,963.0,52.0,3.0,401.0,,,,,,,,,,,,,,
gibbs_RB_DET,Jahmyr Gibbs,RB,DET,,,,7.0,741.0,47.0,2.0,378.0,,,,,,,,,,,,,,
pierce_RB_HOU,Dameon Pierce,RB,HOU,,,,6.0,957.0,37.0,1.0,271.0,,,,,,,,,,,,,,
white_RB_TB,Rachaad White,RB,TB,,,,6.0,907.0,44.0,1.0,295.0,,,,,,,,,,,,,,
olave_WR_NO,Chris Olave,WR,NO,,,,0.0,0.0,75.0,5.0,1094.0,,,,,,,,,,,,,,
cooper_WR_CLE,Amari Cooper,WR,CLE,,,,0.0,0.0,71.0,7.0,966.0,,,,,,,,,,,,,,
samuel_WR_SF,Deebo Samuel,WR,SF,,,,2.0,243.0,62.0,5.0,888.0,,,,,,,,,,,,,,
allen_WR_LAC,Keenan Allen,WR,LAC,,,,0.0,0.0,88.0,6.0,923.0,,,,,,,,,,,,,,
burrow_QB_CIN,Joe Burrow,QB,CIN,32.0,4495.0,12.0,5.0,255.0,,,,,,,,,,,,,,,,,
jackson_QB_BAL,Lamar Jackson,QB,BAL,25.0,3269.0,11.0,5.0,933.0,,,,,,,,,,,,,,,,,
andrews_TE_BAL,Mark Andrews,TE,BAL,,,,0.0,19.0,71.0,7.0,841.0,,,,,,,,,,,,,,
godwin_WR_TB,Chris Godwin,WR,TB,,,,0.0,24.0,88.0,3.0,972.0,,,,,,,,,,,,,,
watson_WR_GB,Christian Watson,WR,GB,,,,0.0,60.0,67.0,6.0,978.0,,,,,,,,,,,,,,
johnson_WR_PIT,Diontae Johnson,WR,PIT,,,,0.0,28.0,78.0,4.0,960.0,,,,,,,,,,,,,,
sanders_RB_CAR,Miles Sanders,RB,CAR,,,,5.0,976.0,36.0,1.0,297.0,,,,,,,,,,,,,,
walker_RB_SEA,Kenneth Walker III,RB,SEA,,,,7.0,985.0,29.0,1.0,211.0,,,,,,,,,,,,,,
hockenson_TE_MIN,T.J. Hockenson,TE,MIN,,,,0.0,0.0,75.0,6.0,846.0,,,,,,,,,,,,,,
moore_WR_CHI,DJ Moore,WR,CHI,,,,0.0,58.0,64.0,7.0,925.0,,,,,,,,,,,,,,
evans_WR_TB,Mike Evans,WR,TB,,,,0.0,0.0,73.0,5.0,1044.0,,,,,,,,,,,,,,
mclaurin_WR_WSH,Terry McLaurin,WR,WSH,,,,0.0,25.0,75.0,4.0,1000.0,,,,,,,,,,,,,,
jeudy_WR_DEN,Jerry Jeudy,WR,DEN,,,,0.0,14.0,66.0,6.0,987.0,,,,,,,,,,,,,,
ridley_WR_JAX,Calvin Ridley,WR,JAX,,,,0.0,25.0,70.0,5.0,873.0,,,,,,,,,,,,,,
williams_WR_LAC,Mike Williams,WR,LAC,,,,0.0,0.0,68.0,7.0,932.0,,,,,,,,,,,,,,
brown_WR_ARI,Marquise Brown,WR,ARI,,,,0.0,0.0,77.0,4.0,980.0,,,,,,,,,,,,,,
waller_TE_NYG,Darren Waller,TE,NYG,,,,0.0,0.0,67.0,6.0,813.0,,,,,,,,,,,,,,
conner_RB_ARI,James Conner,RB,ARI,,,,7.0,874.0,43.0,1.0,290.0,,,,,,,,,,,,,,
dobbins_RB_BAL,J.K. Dobbins,RB,BAL,,,,8.0,1000.0,27.0,1.0,188.0,,,,,,,,,,,,,,
mattison_RB_MIN,Alexander Mattison,RB,MIN,,,,8.0,881.0,35.0,1.0,248.0,,,,,,,,,,,,,,
fields_QB_CHI,Justin Fields,QB,CHI,22.0,3193.0,12.0,6.0,912.0,,,,,,,,,,,,,,,,,
herbert_QB_LAC,Justin Herbert,QB,LAC,30.0,4307.0,11.0,1.0,202.0,,,,,,,,,,,,,,,,,
lockett_WR_SEA,Tyler Lockett,WR,SEA,,,,0.0,0.0,80.0,5.0,862.0,,,,,,,,,,,,,,
pacheco_RB_KC,Isiah Pacheco,RB,KC,,,,7.0,904.0,30.0,1.0,235.0,,,,,,,,,,,,,,
akers_RB_LAR,Cam Akers,RB,LAR,,,,7.0,827.0,33.0,2.0,279.0,,,,,,,,,,,,,,
london_WR_ATL,Drake London,WR,ATL,,,,0.0,0.0,75.0,5.0,918.0,,,,,,,,,,,,,,
pittman_WR_IND,Michael Pittman Jr.,WR,IND,,,,0.0,32.0,76.0,3.0,825.0,,,,,,,,,,,,,,
montgomery_RB_DET,David Montgomery,RB,DET,,,,7.0,777.0,36.0,1.0,276.0,,,,,,,,,,,,,,
swift_RB_PHI,D'Andre Swift,RB,PHI,,,,6.0,620.0,40.0,2.0,340.0,,,,,,,,,,,,,,
kittle_TE_SF,George Kittle,TE,SF,,,,0.0,11.0,62.0,5.0,726.0,,,,,,,,,,,,,,
goedert_TE_PHI,Dallas Goedert,TE,PHI,,,,0.0,0.0,62.0,4.0,639.0,,,,,,,,,,,,,,
pitts_TE_ATL,Kyle Pitts,TE,ATL,,,,0.0,0.0,55.0,4.0,827.0,,,,,,,,,,,,,,
watson_QB_CLE,Deshaun Watson,QB,CLE,26.0,3762.0,11.0,4.0,485.0,,,,,,,,,,,,,,,,,
lawrence_QB_JAX,Trevor Lawrence,QB,JAX,26.0,3918.0,13.0,4.0,305.0,,,,,,,,,,,,,,,,,
kirk_WR_JAX,Christian Kirk,WR,JAX,,,,0.0,26.0,71.0,5.0,832.0,,,,,,,,,,,,,,
kamara_RB_NO,Alvin Kamara,RB,NO,,,,3.0,546.0,39.0,2.0,359.0,,,,,,,,,,,,,,
cooks_WR_DAL,Brandin Cooks,WR,DAL,,,,0.0,31.0,68.0,5.0,880.0,,,,,,,,,,,,,,
aiyuk_WR_SF,Brandon Aiyuk,WR,SF,,,,0.0,16.0,65.0,5.0,823.0,,,,,,,,,,,,,,
thomas_WR_NO,Michael Thomas,WR,NO,,,,0.0,0.0,76.0,4.0,759.0,,,,,,,,,,,,,,
dotson_WR_WSH,Jahan Dotson,WR,WSH,,,,0.0,0.0,64.0,4.0,865.0,,,,,,,,,,,,,,
cook_RB_BUF,James Cook,RB,BUF,,,,4.0,688.0,35.0,2.0,270.0,,,,,,,,,,,,,,
meyers_WR_LV,Jakobi Meyers,WR,LV,,,,0.0,13.0,73.0,4.0,856.0,,,,,,,,,,,,,,
burks_WR_TEN,Treylon Burks,WR,TEN,,,,0.0,60.0,63.0,3.0,875.0,,,,,,,,,,,,,,
pickens_WR_PIT,George Pickens,WR,PIT,,,,0.0,28.0,62.0,4.0,797.0,,,,,,,,,,,,,,
smithnjigba_WR_SEA,Jaxon Smith-Njigba,WR,SEA,,,,0.0,0.0,59.0,6.0,764.0,,,,,,,,,,,,,,
freiermuth_TE_PIT,Pat Freiermuth,TE,PIT,,,,0.0,0.0,60.0,4.0,643.0,,,,,,,,,,,,,,
engram_TE_JAX,Evan Engram,TE,JAX,,,,0.0,9.0,60.0,4.0,655.0,,,,,,,,,,,,,,
njoku_TE_CLE,David Njoku,TE,CLE,,,,0.0,9.0,51.0,5.0,570.0,,,,,,,,,,,,,,
prescott_QB_DAL,Dak Prescott,QB,DAL,26.0,4116.0,13.0,3.0,241.0,,,,,,,,,,,,,,,,,
cousins_QB_MIN,Kirk Cousins,QB,MIN,29.0,4485.0,12.0,2.0,102.0,,,,,,,,,,,,,,,,,
jones_QB_NYG,Daniel Jones,QB,NYG,20.0,3383.0,10.0,4.0,556.0,,,,,,,,,,,,,,,,,
williams_RB_DEN,Javonte Williams,RB,DEN,,,,5.0,614.0,29.0,1.0,213.0,,,,,,,,,,,,,,
perine_RB_DEN,Samaje Perine,RB,DEN,,,,5.0,748.0,33.0,1.0,249.0,,,,,,,,,,,,,,
dillon_RB_GB,AJ Dillon,RB,GB,,,,5.0,739.0,32.0,1.0,247.0,,,,,,,,,,,,,,
chark_WR_CAR,DJ Chark,WR,CAR,,,,0.0,0.0,55.0,4.0,839.0,,,,,,,,,,,,,,
smithschuster_WR_NE,JuJu Smith-Schuster,WR,NE,,,,0.0,0.0,75.0,2.0,778.0,,,,,,,,,,,,,,
beckham_WR_BAL,Odell Beckham Jr.,WR,BAL,,,,0.0,16.0,52.0,4.0,676.0,,,,,,,,,,,,,,
addison_WR_MIN,Jordan Addison,WR,MIN,,,,0.0,24.0,57.0,5.0,766.0,,,,,,,,,,,,,,
schultz_TE_HOU,Dalton Schultz,TE,HOU,,,,0.0,0.0,56.0,4.0,556.0,,,,,,,,,,,,,,
kmet_TE_CHI,Cole Kmet,TE,CHI,,,,0.0,0.0,54.0,4.0,578.0,,,,,,,,,,,,,,
robinson_RB_WSH,Brian Robinson Jr.,RB,WSH,,,,4.0,804.0,26.0,1.0,184.0,,,,,,,,,,,,,,
williams_RB_NO,Jamaal Williams,RB,NO,,,,6.0,724.0,28.0,1.0,175.0,,,,,,,,,,,,,,
herbert_RB_CHI,Khalil Herbert,RB,CHI,,,,5.0,670.0,26.0,1.0,187.0,,,,,,,,,,,,,,
moore_WR_ARI,Rondale Moore,WR,ARI,,,,0.0,61.0,72.0,3.0,750.0,,,,,,,,,,,,,,
sutton_WR_DEN,Courtland Sutton,WR,DEN,,,,0.0,0.0,57.0,6.0,768.0,,,,,,,,,,,,,,
davis_WR_BUF,Gabe Davis,WR,BUF,,,,0.0,0.0,48.0,6.0,765.0,,,,,,,,,,,,,,
toney_WR_KC,Kadarius Toney,WR,KC,,,,0.0,52.0,51.0,5.0,614.0,,,,,,,,,,,,,,
lazard_WR_NYJ,Allen Lazard,WR,NYJ,,,,0.0,26.0,51.0,5.0,658.0,,,,,,,,,,,,,,
tagovailoa_QB_MIA,Tua Tagovailoa,QB,MIA,26.0,3883.0,12.0,2.0,141.0,,,,,,,,,,,,,,,,,
rodgers_QB_NYJ,Aaron Rodgers,QB,NYJ,28.0,4023.0,10.0,1.0,110.0,,,,,,,,,,,,,,,,,
gibson_RB_WSH,Antonio Gibson,RB,WSH,,,,3.0,415.0,47.0,2.0,327.0,,,,,,,,,,,,,,
wilson_RB_MIA,Jeff Wilson Jr.,RB,MIA,,,,6.0,702.0,27.0,2.0,235.0,,,,,,,,,,,,,,
smith_QB_SEA,Geno Smith,QB,SEA,27.0,3860.0,12.0,1.0,276.0,,,,,,,,,,,,,,,,,
wilson_QB_DEN,Russell Wilson,QB,DEN,24.0,3875.0,11.0,3.0,322.0,,,,,,,,,,,,,,,,,
richardson_QB_IND,Anthony Richardson,QB,IND,15.0,2908.0,13.0,5.0,608.0,,,,,,,,,,,,,,,,,
mckinnon_RB_KC,Jerick McKinnon,RB,KC,,,,3.0,321.0,43.0,3.0,387.0,,,,,,,,,,,,,,
penny_RB_PHI,Rashaad Penny,RB,PHI,,,,6.0,812.0,9.0,0.0,69.0,,,,,,,,,,,,,,
charbonnet_RB_SEA,Zach Charbonnet,RB,SEA,,,,4.0,572.0,25.0,1.0,188.0,,,,,,,,,,,,,,
mostert_RB_MIA,Raheem Mostert,RB,MIA,,,,4.0,640.0,22.0,1.0,155.0,,,,,,,,,,,,,,
johnston_WR_LAC,Quentin Johnston,WR,LAC,,,,0.0,0.0,51.0,5.0,715.0,,,,,,,,,,,,,,
gallup_WR_DAL,Michael Gallup,WR,DAL,,,,0.0,0.0,50.0,6.0,718.0,,,,,,,,,,,,,,
thielen_WR_CAR,Adam Thielen,WR,CAR,,,,0.0,0.0,59.0,4.0,639.0,,,,,,,,,,,,,,
higbee_TE_LAR,Tyler Higbee,TE,LAR,,,,0.0,0.0,61.0,4.0,601.0,,,,,,,,,,,,,,
ertz_TE_ARI,Zach Ertz,TE,ARI,,,,0.0,0.0,35.0,3.0,341.0,,,,,,,,,,,,,,
mooney_WR_CHI,Darnell Mooney,WR,CHI,,,,0.0,14.0,55.0,5.0,696.0,,,,,,,,,,,,,,
flowers_WR_BAL,Zay Flowers,WR,BAL,,,,0.0,30.0,49.0,5.0,625.0,,,,,,,,,,,,,,
thornton_WR_NE,Tyquan Thornton,WR,NE,,,,0.0,25.0,51.0,4.0,693.0,,,,,,,,,,,,,,
moore_WR_KC,Skyy Moore,WR,KC,,,,0.0,22.0,49.0,5.0,629.0,,,,,,,,,,,,,,
collins_WR_HOU,Nico Collins,WR,HOU,,,,0.0,0.0,50.0,4.0,688.0,,,,,,,,,,,,,,
boyd_WR_CIN,Tyler Boyd,WR,CIN,,,,0.0,0.0,60.0,4.0,662.0,,,,,,,,,,,,,,
jones_WR_JAX,Zay Jones,WR,JAX,,,,0.0,12.0,57.0,5.0,618.0,,,,,,,,,,,,,,
moore_WR_CLE,Elijah Moore,WR,CLE,,,,0.0,28.0,48.0,4.0,668.0,,,,,,,,,,,,,,
singletary_RB_HOU,Devin Singletary,RB,HOU,,,,3.0,541.0,31.0,1.0,235.0,,,,,,,,,,,,,,
hubbard_RB_CAR,Chuba Hubbard,RB,CAR,,,,3.0,577.0,26.0,1.0,197.0,,,,,,,,,,,,,,
johnson_TE_NO,Juwan Johnson,TE,NO,,,,0.0,0.0,42.0,4.0,512.0,,,,,,,,,,,,,,
everett_TE_LAC,Gerald Everett,TE,LAC,,,,0.0,0.0,47.0,4.0,512.0,,,,,,,,,,,,,,
stafford_QB_LAR,Matthew Stafford,QB,LAR,21.0,4265.0,13.0,1.0,70.0,,,,,,,,,,,,,,,,,
dulcich_TE_DEN,Greg Dulcich,TE,DEN,,,,0.0,0.0,45.0,3.0,556.0,,,,,,,,,,,,,,
ers_DST_SF,49ers,DST,SF,,,,,,,,,,,,,,,,,20.625,44.0,,9.0,2.0,13.0
bills_DST_BUF,Bills,DST,BUF,,,,,,,,,,,,,,,,,20.6875,43.0,,9.0,3.0,14.0
dolphins_DST_MIA,Dolphins,DST,MIA,,,,,,,,,,,,,,,,,19.5625,43.0,,9.0,2.0,14.0
steelers_DST_PIT,Steelers,DST,PIT,,,,,,,,,,,,,,,,,20.25,44.0,,9.0,2.0,14.0
cowboys_DST_DAL,Cowboys,DST,DAL,,,,,,,,,,,,,,,,,21.75,43.0,,9.0,2.0,13.0
saints_DST_NO,Saints,DST,NO,,,,,,,,,,,,,,,,,21.375,40.0,,9.0,2.0,14.0
packers_DST_GB,Packers,DST,GB,,,,,,,,,,,,,,,,,22.1875,40.0,,9.0,3.0,13.0
jets_DST_NYJ,Jets,DST,NYJ,,,,,,,,,,,,,,,,,22.3125,42.0,,9.0,3.0,13.0
patriots_DST_NE,Patriots,DST,NE,,,,,,,,,,,,,,,,,22.5,41.0,,9.0,3.0,13.0
bengals_DST_CIN,Bengals,DST,CIN,,,,,,,,,,,,,,,,,22.875,42.0,,9.0,2.0,14.0
tucker_K_BAL,Justin Tucker,K,BAL,,,,,,,,,,,,,,10.0,6.0,44.0,,,,,,
carlson_K_LV,Daniel Carlson,K,LV,,,,,,,,,,,,,,10.0,6.0,38.0,,,,,,
mcpherson_K_CIN,Evan McPherson,K,CIN,,,,,,,,,,,,,,10.0,6.0,46.0,,,,,,
gano_K_NYG,Graham Gano,K,NYG,,,,,,,,,,,,,,10.0,6.0,37.0,,,,,,
butker_K_KC,Harrison Butker,K,KC,,,,,,,,,,,,,,9.0,6.0,51.0,,,,,,
myers_K_SEA,Jason Myers,K,SEA,,,,,,,,,,,,,,10.0,6.0,39.0,,,,,,
bass_K_BUF,Tyler Bass,K,BUF,,,,,,,,,,,,,,10.0,6.0,43.0,,,,,,
koo_K_ATL,Younghoe Koo,K,ATL,,,,,,,,,,,,,,10.0,6.0,33.0,,,,,,
gay_K_IND,Matt Gay,K,IND,,,,,,,,,,,,,,10.0,6.0,32.0,,,,,,
pineiro_K_CAR,Eddy Pineiro,K,CAR,,,,,,,,,,,,,,10.0,6.0,32.0,,,,,,
mitchell_RB_SF,Elijah Mitchell,RB,SF,,,,5.0,657.0,12.0,0.0,82.0,,,,,,,,,,,,,,
allgeier_RB_ATL,Tyler Allgeier,RB,ATL,,,,4.0,664.0,12.0,0.0,84.0,,,,,,,,,,,,,,
harris_RB_BUF,Damien Harris,RB,BUF,,,,4.0,507.0,18.0,1.0,124.0,,,,,,,,,,,,,,
foreman_RB_CHI,D'Onta Foreman,RB,CHI,,,,4.0,543.0,11.0,0.0,80.0,,,,,,,,,,,,,,
warren_RB_PIT,Jaylen Warren,RB,PIT,,,,3.0,496.0,26.0,1.0,188.0,,,,,,,,,,,,,,
claypool_WR_CHI,Chase Claypool,WR,CHI,,,,0.0,28.0,45.0,4.0,593.0,,,,,,,,,,,,,,
osborn_WR_MIN,K.J. Osborn,WR,MIN,,,,0.0,23.0,52.0,4.0,622.0,,,,,,,,,,,,,,
mingo_WR_CAR,Jonathan Mingo,WR,CAR,,,,0.0,0.0,49.0,3.0,613.0,,,,,,,,,,,,,,
reed_WR_GB,Jayden Reed,WR,GB,,,,0.0,27.0,47.0,3.0,585.0,,,,,,,,,,,,,,
woods_WR_HOU,Robert Woods,WR,HOU,,,,0.0,27.0,55.0,2.0,615.0,,,,,,,,,,,,,,
rice_WR_KC,Rashee Rice,WR,KC,,,,0.0,0.0,36.0,4.0,457.0,,,,,,,,,,,,,,
pickett_QB_PIT,Kenny Pickett,QB,PIT,21.0,3417.0,12.0,3.0,265.0,,,,,,,,,,,,,,,,,
murray_QB_ARI,Kyler Murray,QB,ARI,12.0,2334.0,8.0,3.0,351.0,,,,,,,,,,,,,,,,,
johnson_RB_CHI,Roschon Johnson,RB,CHI,,,,2.0,282.0,4.0,0.0,27.0,,,,,,,,,,,,,,
miller_RB_NO,Kendre Miller,RB,NO,,,,1.0,233.0,17.0,1.0,131.0,,,,,,,,,,,,,,
knight_RB_NYJ,Zonovan Knight,RB,NYJ,,,,2.0,395.0,12.0,0.0,85.0,,,,,,,,,,,,,,
bateman_WR_BAL,Rashod Bateman,WR,BAL,,,,0.0,0.0,46.0,3.0,605.0,,,,,,,,,,,,,,
metchie_WR_HOU,John Metchie III,WR,HOU,,,,0.0,0.0,44.0,3.0,548.0,,,,,,,,,,,,,,
valdesscantling_WR_KC,Marquez Valdes-Scantling,WR,KC,,,,0.0,0.0,40.0,5.0,727.0,,,,,,,,,,,,,,
renfrow_WR_LV,Hunter Renfrow,WR,LV,,,,0.0,0.0,60.0,3.0,635.0,,,,,,,,,,,,,,
patrick_WR_DEN,Tim Patrick,WR,DEN,,,,0.0,0.0,46.0,4.0,609.0,,,,,,,,,,,,,,
peoplesjones_WR_CLE,Donovan Peoples-Jones,WR,CLE,,,,0.0,0.0,42.0,3.0,555.0,,,,,,,,,,,,,,
pierce_WR_IND,Alec Pierce,WR,IND,,,,0.0,0.0,45.0,2.0,600.0,,,,,,,,,,,,,,
achane_RB_MIA,Devon Achane,RB,MIA,,,,1.0,240.0,20.0,1.0,142.0,,,,,,,,,,,,,,
kincaid_TE_BUF,Dalton Kincaid,TE,BUF,,,,0.0,0.0,46.0,4.0,494.0,,,,,,,,,,,,,,
okonkwo_TE_TEN,Chigoziem Okonkwo,TE,TEN,,,,0.0,13.0,44.0,3.0,524.0,,,,,,,,,,,,,,
gesicki_TE_NE,Mike Gesicki,TE,NE,,,,0.0,0.0,42.0,4.0,494.0,,,,,,,,,,,,,,
woods_TE_IND,Jelani Woods,TE,IND,,,,0.0,0.0,40.0,4.0,483.0,,,,,,,,,,,,,,
commanders_DST_WSH,Commanders,DST,WSH,,,,,,,,,,,,,,,,,24.25,41.0,,9.0,2.0,12.0
seahawks_DST_SEA,Seahawks,DST,SEA,,,,,,,,,,,,,,,,,21.9375,43.0,,9.0,2.0,13.0
zuerlein_K_NYJ,Greg Zuerlein,K,NYJ,,,,,,,,,,,,,,10.0,6.0,39.0,,,,,,
elliott_K_PHI,Jake Elliott,K,PHI,,,,,,,,,,,,,,10.0,6.0,48.0,,,,,,
carter_RB_NYJ,Michael Carter,RB,NYJ,,,,2.0,310.0,28.0,1.0,204.0,,,,,,,,,,,,,,
williams_RB_LAR,Kyren Williams,RB,LAR,,,,2.0,363.0,24.0,1.0,183.0,,,,,,,,,,,,,,
edwards_RB_BAL,Gus Edwards,RB,BAL,,,,4.0,535.0,7.0,0.0,56.0,,,,,,,,,,,,,,
bigsby_RB_JAX,Tank Bigsby,RB,JAX,,,,3.0,419.0,13.0,1.0,96.0,,,,,,,,,,,,,,
williams_WR_DET,Jameson Williams,WR,DET,,,,0.0,10.0,31.0,3.0,445.0,,,,,,,,,,,,,,
samuel_WR_WSH,Curtis Samuel,WR,WSH,,,,1.0,153.0,53.0,2.0,527.0,,,,,,,,,,,,,,
patterson_RB_ATL,Cordarrelle Patterson,RB,ATL,,,,2.0,282.0,22.0,1.0,171.0,,,,,,,,,,,,,,
kelley_RB_LAC,Joshua Kelley,RB,LAC,,,,4.0,422.0,23.0,1.0,163.0,,,,,,,,,,,,,,
spears_RB_TEN,Tyjae Spears,RB,TEN,,,,2.0,301.0,16.0,1.0,118.0,,,,,,,,,,,,,,
hines_RB_BUF,Nyheim Hines,RB,BUF,,,,1.0,182.0,36.0,1.0,269.0,,,,,,,,,,,,,,
edwardshelaire_RB_KC,Clyde Edwards-Helaire,RB,KC,,,,2.0,205.0,9.0,1.0,71.0,,,,,,,,,,,,,,
hardman_WR_NYJ,Mecole Hardman Jr.,WR,NYJ,,,,1.0,83.0,36.0,3.0,441.0,,,,,,,,,,,,,,
ford_RB_CLE,Jerome Ford,RB,CLE,,,,3.0,467.0,20.0,1.0,146.0,,,,,,,,,,,,,,
gainwell_RB_PHI,Kenneth Gainwell,RB,PHI,,,,2.0,232.0,13.0,1.0,92.0,,,,,,,,,,,,,,
montgomery_RB_NE,Ty Montgomery,RB,NE,,,,1.0,174.0,29.0,1.0,220.0,,,,,,,,,,,,,,
williams_RB_CIN,Trayveon Williams,RB,CIN,,,,2.0,232.0,14.0,0.0,101.0,,,,,,,,,,,,,,
brown_RB_CIN,Chase Brown,RB,CIN,,,,2.0,269.0,19.0,1.0,138.0,,,,,,,,,,,,,,
edmonds_RB_TB,Chase Edmonds,RB,TB,,,,2.0,387.0,20.0,1.0,158.0,,,,,,,,,,,,,,
jones_RB_DAL,Ronald Jones,RB,DAL,,,,4.0,491.0,8.0,0.0,61.0,,,,,,,,,,,,,,
nwangwu_RB_MIN,Kene Nwangwu,RB,MIN,,,,2.0,270.0,16.0,1.0,118.0,,,,,,,,,,,,,,
thomas_TE_WSH,Logan Thomas,TE,WSH,,,,0.0,0.0,47.0,3.0,471.0,,,,,,,,,,,,,,
goff_QB_DET,Jared Goff,QB,DET,24.0,3925.0,11.0,2.0,82.0,,,,,,,,,,,,,,,,,
robinson_WR_NYG,Wan'Dale Robinson,WR,NYG,,,,0.0,19.0,34.0,2.0,368.0,,,,,,,,,,,,,,
jefferson_WR_LAR,Van Jefferson,WR,LAR,,,,0.0,0.0,43.0,3.0,634.0,,,,,,,,,,,,,,
wilson_WR_ARI,Michael Wilson,WR,ARI,,,,0.0,0.0,45.0,3.0,527.0,,,,,,,,,,,,,,
carr_QB_NO,Derek Carr,QB,NO,24.0,3907.0,12.0,1.0,128.0,,,,,,,,,,,,,,,,,
garoppolo_QB_LV,Jimmy Garoppolo,QB,LV,19.0,3885.0,13.0,2.0,46.0,,,,,,,,,,,,,,,,,
buccaneers_DST_TB,Buccaneers,DST,TB,,,,,,,,,,,,,,,,,23.25,39.0,,9.0,2.0,13.0
ravens_DST_BAL,Ravens,DST,BAL,,,,,,,,,,,,,,,,,22.5,43.0,,9.0,3.0,14.0
santos_K_CHI,Cairo Santos,K,CHI,,,,,,,,,,,,,,10.0,6.0,40.0,,,,,,
mcmanus_K_JAX,Brandon McManus,K,JAX,,,,,,,,,,,,,,10.0,6.0,39.0,,,,,,
shepard_WR_NYG,Sterling Shepard,WR,NYG,,,,0.0,30.0,28.0,1.0,266.0,,,,,,,,,,,,,,
campbell_WR_NYG,Parris Campbell,WR,NYG,,,,0.0,32.0,45.0,2.0,472.0,,,,,,,,,,,,,,
hodgins_WR_NYG,Isaiah Hodgins,WR,NYG,,,,0.0,0.0,48.0,4.0,471.0,,,,,,,,,,,,,,
jones_WR_DET,Marvin Jones Jr.,WR,DET,,,,0.0,0.0,41.0,4.0,526.0,,,,,,,,,,,,,,
gage_WR_TB,Russell Gage,WR,TB,,,,0.0,0.0,51.0,3.0,502.0,,,,,,,,,,,,,,
doubs_WR_GB,Romeo Doubs,WR,GB,,,,0.0,0.0,46.0,2.0,572.0,,,,,,,,,,,,,,
downs_WR_IND,Josh Downs,WR,IND,,,,0.0,0.0,29.0,2.0,355.0,,,,,,,,,,,,,,
parker_WR_NE,DeVante Parker,WR,NE,,,,0.0,0.0,39.0,3.0,504.0,,,,,,,,,,,,,,
robinson_WR_PIT,Allen Robinson II,WR,PIT,,,,0.0,0.0,35.0,4.0,362.0,,,,,,,,,,,,,,
davis_WR_NYJ,Corey Davis,WR,NYJ,,,,0.0,0.0,32.0,3.0,449.0,,,,,,,,,,,,,,
chandler_RB_MIN,Ty Chandler,RB,MIN,,,,3.0,305.0,9.0,0.0,67.0,,,,,,,,,,,,,,
harris_RB_NE,Kevin Harris,RB,NE,,,,2.0,329.0,4.0,0.0,29.0,,,,,,,,,,,,,,
strong_RB_NE,Pierre Strong Jr.,RB,NE,,,,1.0,174.0,9.0,0.0,60.0,,,,,,,,,,,,,,
hasty_RB_JAX,JaMycal Hasty,RB,JAX,,,,1.0,107.0,11.0,0.0,71.0,,,,,,,,,,,,,,
vaughn_RB_DAL,Deuce Vaughn,RB,DAL,,,,1.0,145.0,17.0,1.0,127.0,,,,,,,,,,,,,,
spiller_RB_LAC,Isaiah Spiller,RB,LAC,,,,2.0,262.0,9.0,0.0,66.0,,,,,,,,,,,,,,
moss_RB_IND,Zack Moss,RB,IND,,,,1.0,207.0,11.0,0.0,76.0,,,,,,,,,,,,,,
breida_RB_NYG,Matt Breida,RB,NYG,,,,1.0,223.0,17.0,0.0,113.0,,,,,,,,,,,,,,
young_QB_CAR,Bryce Young,QB,CAR,18.0,3560.0,13.0,2.0,162.0,,,,,,,,,,,,,,,,,
purdy_QB_SF,Brock Purdy,QB,SF,20.0,3246.0,11.0,3.0,126.0,,,,,,,,,,,,,,,,,
stroud_QB_HOU,C.J. Stroud,QB,HOU,18.0,3328.0,14.0,1.0,128.0,,,,,,,,,,,,,,,,,
conklin_TE_NYJ,Tyler Conklin,TE,NYJ,,,,0.0,0.0,47.0,3.0,484.0,,,,,,,,,,,,,,
smith_TE_CIN,Irv Smith Jr.,TE,CIN,,,,0.0,0.0,44.0,4.0,396.0,,,,,,,,,,,,,,
hurst_TE_CAR,Hayden Hurst,TE,CAR,,,,0.0,0.0,49.0,2.0,439.0,,,,,,,,,,,,,,
otton_TE_TB,Cade Otton,TE,TB,,,,0.0,0.0,39.0,3.0,443.0,,,,,,,,,,,,,,
ingram_RB_ARI,Keaontay Ingram,RB,ARI,,,,3.0,331.0,13.0,0.0,91.0,,,,,,,,,,,,,,
slayton_WR_NYG,Darius Slayton,WR,NYG,,,,0.0,0.0,32.0,2.0,443.0,,,,,,,,,,,,,,
dell_WR_HOU,Nathaniel Dell,WR,HOU,,,,0.0,0.0,27.0,2.0,326.0,,,,,,,,,,,,,,
panthers_DST_CAR,Panthers,DST,CAR,,,,,,,,,,,,,,,,,22.625,39.0,,9.0,2.0,13.0
browns_DST_CLE,Browns,DST,CLE,,,,,,,,,,,,,,,,,22.625,43.0,,9.0,3.0,14.0
moody_K_SF,Jake Moody,K,SF,,,,,,,,,,,,,,10.0,6.0,39.0,,,,,,
prater_K_ARI,Matt Prater,K,ARI,,,,,,,,,,,,,,10.0,6.0,32.0,,,,,,
laporta_TE_DET,Sam LaPorta,TE,DET,,,,0.0,0.0,38.0,3.0,424.0,,,,,,,,,,,,,,
mcbride_TE_ARI,Trey McBride,TE,ARI,,,,0.0,0.0,41.0,2.0,399.0,,,,,,,,,,,,,,
fant_TE_SEA,Noah Fant,TE,SEA,,,,0.0,0.0,41.0,3.0,399.0,,,,,,,,,,,,,,
bourne_WR_NE,Kendrick Bourne,WR,NE,,,,0.0,56.0,33.0,2.0,342.0,,,,,,,,,,,,,,
westbrookikhine_WR_TEN,Nick Westbrook-Ikhine,WR,TEN,,,,0.0,0.0,39.0,2.0,558.0,,,,,,,,,,,,,,
shaheed_WR_NO,Rashid Shaheed,WR,NO,,,,0.0,30.0,37.0,3.0,465.0,,,,,,,,,,,,,,
hollins_WR_ATL,Mack Hollins,WR,ATL,,,,0.0,0.0,38.0,3.0,487.0,,,,,,,,,,,,,,
abdullah_RB_LV,Ameer Abdullah,RB,LV,,,,0.0,50.0,26.0,1.0,212.0,,,,,,,,,,,,,,
white_RB_LV,Zamir White,RB,LV,,,,3.0,322.0,4.0,0.0,33.0,,,,,,,,,,,,,,
love_QB_GB,Jordan Love,QB,GB,20.0,3508.0,14.0,2.0,171.0,,,,,,,,,,,,,,,,,
jones_QB_NE,Mac Jones,QB,NE,17.0,3358.0,12.0,1.0,124.0,,,,,,,,,,,,,,,,,
tannehill_QB_TEN,Ryan Tannehill,QB,TEN,14.0,3429.0,10.0,3.0,182.0,,,,,,,,,,,,,,,,,
ridder_QB_ATL,Desmond Ridder,QB,ATL,14.0,2777.0,9.0,1.0,170.0,,,,,,,,,,,,,,,,,
howell_QB_WSH,Sam Howell,QB,WSH,10.0,2113.0,8.0,1.0,207.0,,,,,,,,,,,,,,,,,
philips_WR_TEN,Kyle Philips,WR,TEN,,,,0.0,0.0,40.0,2.0,495.0,,,,,,,,,,,,,,
berrios_WR_MIA,Braxton Berrios,WR,MIA,,,,0.0,0.0,34.0,3.0,375.0,,,,,,,,,,,,,,
skowronek_WR_LAR,Ben Skowronek,WR,LAR,,,,0.0,0.0,34.0,1.0,419.0,,,,,,,,,,,,,,
jennings_WR_SF,Jauan Jennings,WR,SF,,,,0.0,0.0,30.0,2.0,371.0,,,,,,,,,,,,,,
robinson_WR_LAR,Demarcus Robinson,WR,LAR,,,,0.0,45.0,27.0,1.0,316.0,,,,,,,,,,,,,,
jones_RB_DEN,Tony Jones Jr.,RB,DEN,,,,2.0,223.0,11.0,0.0,79.0,,,,,,,,,,,,,,
reynolds_RB_DET,Craig Reynolds,RB,DET,,,,2.0,189.0,12.0,0.0,100.0,,,,,,,,,,,,,,
clement_RB_ARI,Corey Clement,RB,ARI,,,,2.0,214.0,13.0,0.0,89.0,,,,,,,,,,,,,,
vaughn_RB_TB,Ke'Shawn Vaughn,RB,TB,,,,2.0,263.0,8.0,0.0,60.0,,,,,,,,,,,,,,
jackson_RB_IND,Deon Jackson,RB,IND,,,,1.0,115.0,18.0,1.0,129.0,,,,,,,,,,,,,,
haskins_RB_TEN,Hassan Haskins,RB,TEN,,,,1.0,116.0,16.0,0.0,115.0,,,,,,,,,,,,,,
homer_RB_CHI,Travis Homer,RB,CHI,,,,1.0,106.0,15.0,0.0,110.0,,,,,,,,,,,,,,
brightwell_RB_NYG,Gary Brightwell,RB,NYG,,,,2.0,177.0,8.0,0.0,57.0,,,,,,,,,,,,,,
marshall_WR_CAR,Terrace Marshall Jr.,WR,CAR,,,,0.0,0.0,26.0,2.0,339.0,,,,,,,,,,,,,,
titans_DST_TEN,Titans,DST,TEN,,,,,,,,,,,,,,,,,23.6875,43.0,,9.0,2.0,13.0
eagles_DST_PHI,Eagles,DST,PHI,,,,,,,,,,,,,,,,,24.0625,44.0,,9.0,2.0,14.0
dicker_K_LAC,Cameron Dicker,K,LAC,,,,,,,,,,,,,,10.0,6.0,45.0,,,,,,
joseph_K_MIN,Greg Joseph,K,MIN,,,,,,,,,,,,,,10.0,6.0,42.0,,,,,,
knox_TE_BUF,Dawson Knox,TE,BUF,,,,0.0,0.0,38.0,4.0,409.0,,,,,,,,,,,,,,
henry_TE_NE,Hunter Henry,TE,NE,,,,0.0,0.0,35.0,2.0,378.0,,,,,,,,,,,,,,
hooper_TE_LV,Austin Hooper,TE,LV,,,,0.0,0.0,36.0,3.0,367.0,,,,,,,,,,,,,,
mayer_TE_LV,Michael Mayer,TE,LV,,,,0.0,0.0,32.0,3.0,354.0,,,,,,,,,,,,,,
musgrave_TE_GB,Luke Musgrave,TE,GB,,,,0.0,0.0,29.0,2.0,311.0,,,,,,,,,,,,,,
shakir_WR_BUF,Khalil Shakir,WR,BUF,,,,0.0,0.0,25.0,2.0,322.0,,,,,,,,,,,,,,
wicks_WR_GB,Dontayvion Wicks,WR,GB,,,,0.0,0.0,27.0,2.0,319.0,,,,,,,,,,,,,,
mayfield_QB_TB,Baker Mayfield,QB,TB,12.0,2427.0,9.0,1.0,104.0,,,,,,,,,,,,,,,,,
chiefs_DST_KC,Chiefs,DST,KC,,,,,,,,,,,,,,,,,24.5625,46.0,,9.0,2.0,14.0
broncos_DST_DEN,Broncos,DST,DEN,,,,,,,,,,,,,,,,,24.8125,40.0,,9.0,2.0,13.0
falcons_DST_ATL,Falcons,DST,ATL,,,,,,,,,,,,,,,,,23.25,41.0,,9.0,3.0,14.0
texans_DST_HOU,Texans,DST,HOU,,,,,,,,,,,,,,,,,23.5,41.0,,9.0,3.0,13.0
trask_QB_TB,Kyle Trask,QB,TB,8.0,1609.0,6.0,1.0,58.0,,,,,,,,,,,,,,,,,
brissett_QB_WSH,Jacoby Brissett,QB,WSH,8.0,1828.0,5.0,1.0,134.0,,,,,,,,,,,,,,,,,
blackshear_RB_CAR,Raheem Blackshear,RB,CAR,,,,1.0,162.0,8.0,0.0,63.0,,,,,,,,,,,,,,
williams_RB_WSH,Jonathan Williams,RB,WSH,,,,1.0,137.0,13.0,0.0,86.0,,,,,,,,,,,,,,
evans_RB_LAR,Zach Evans,RB,LAR,,,,1.0,184.0,7.0,0.0,52.0,,,,,,,,,,,,,,
bolden_RB_LV,Brandon Bolden,RB,LV,,,,1.0,136.0,9.0,0.0,69.0,,,,,,,,,,,,,,
boone_RB_HOU,Mike Boone,RB,HOU,,,,1.0,148.0,8.0,0.0,62.0,,,,,,,,,,,,,,
hill_RB_BAL,Justice Hill,RB,BAL,,,,1.0,105.0,11.0,0.0,76.0,,,,,,,,,,,,,,
kelly_RB_CLE,John Kelly Jr.,RB,CLE,,,,1.0,140.0,8.0,0.0,58.0,,,,,,,,,,,,,,
lance_QB_SF,Trey Lance,QB,SF,3.0,447.0,2.0,1.0,65.0,,,,,,,,,,,,,,,,,
hill_TE_NO,Taysom Hill,TE,NO,,,,3.0,307.0,6.0,1.0,68.0,,,,,,,,,,,,,,
likely_TE_BAL,Isaiah Likely,TE,BAL,,,,0.0,0.0,22.0,2.0,230.0,,,,,,,,,,,,,,
dissly_TE_SEA,Will Dissly,TE,SEA,,,,0.0,0.0,26.0,2.0,235.0,,,,,,,,,,,,,,
smith_TE_ATL,Jonnu Smith,TE,ATL,,,,0.0,0.0,24.0,2.0,263.0,,,,,,,,,,,,,,
darnold_QB_SF,Sam Darnold,QB,SF,2.0,206.0,1.0,0.0,15.0,,,,,,,,,,,,,,,,,
mccoy_QB_ARI,Colt McCoy,QB,ARI,7.0,1661.0,6.0,1.0,71.0,,,,,,,,,,,,,,,,,
zappe_QB_NE,Bailey Zappe,QB,NE,3.0,700.0,3.0,0.0,34.0,,,,,,,,,,,,,,,,,
levis_QB_TEN,Will Levis,QB,TEN,3.0,631.0,3.0,0.0,62.0,,,,,,,,,,,,,,,,,
heinicke_QB_ATL,Taylor Heinicke,QB,ATL,4.0,848.0,3.0,1.0,67.0,,,,,,,,,,,,,,,,,
davis_RB_DAL,Malik Davis,RB,DAL,,,,2.0,183.0,4.0,0.0,30.0,,,,,,,,,,,,,,
dallas_RB_SEA,DeeJay Dallas,RB,SEA,,,,1.0,125.0,7.0,0.0,43.0,,,,,,,,,,,,,,
mcfarland_RB_PIT,Anthony McFarland Jr.,RB,PIT,,,,1.0,128.0,6.0,0.0,43.0,,,,,,,,,,,,,,
schoonmaker_TE_DAL,Luke Schoonmaker,TE,DAL,,,,0.0,0.0,21.0,2.0,225.0,,,,,,,,,,,,,,
kraft_TE_GB,Tucker Kraft,TE,GB,,,,0.0,0.0,22.0,2.0,232.0,,,,,,,,,,,,,,
moreau_TE_NO,Foster Moreau,TE,NO,,,,0.0,0.0,17.0,2.0,228.0,,,,,,,,,,,,,,
bellinger_TE_NYG,Daniel Bellinger,TE,NYG,,,,0.0,0.0,20.0,1.0,179.0,,,,,,,,,,,,,,
ferguson_TE_DAL,Jake Ferguson,TE,DAL,,,,0.0,0.0,25.0,2.0,250.0,,,,,,,,,,,,,,
gray_TE_KC,Noah Gray,TE,KC,,,,0.0,0.0,22.0,2.0,223.0,,,,,,,,,,,,,,
long_TE_LAR,Hunter Long,TE,LAR,,,,0.0,0.0,20.0,1.0,218.0,,,,,,,,,,,,,,
smythe_TE_MIA,Durham Smythe,TE,MIA,,,,0.0,0.0,21.0,2.0,180.0,,,,,,,,,,,,,,
tremble_TE_CAR,Tommy Tremble,TE,CAR,,,,0.0,0.0,17.0,2.0,193.0,,,,,,,,,,,,,,
quitoriano_TE_HOU,Teagan Quitoriano,TE,HOU,,,,0.0,0.0,18.0,2.0,206.0,,,,,,,,,,,,,,
parham_TE_LAC,Donald Parham Jr.,TE,LAC,,,,0.0,0.0,17.0,2.0,175.0,,,,,,,,,,,,,,
kieft_TE_TB,Ko Kieft,TE,TB,,,,0.0,0.0,19.0,1.0,201.0,,,,,,,,,,,,,,
mariota_QB_PHI,Marcus Mariota,QB,PHI,3.0,463.0,2.0,1.0,72.0,,,,,,,,,,,,,,,,,
minshew_QB_IND,Gardner Minshew,QB,IND,2.0,428.0,1.0,0.0,34.0,,,,,,,,,,,,,,,,,
huntley_QB_BAL,Tyler Huntley,QB,BAL,3.0,394.0,2.0,0.0,62.0,,,,,,,,,,,,,,,,,
mills_QB_HOU,Davis Mills,QB,HOU,3.0,453.0,2.0,0.0,22.0,,,,,,,,,,,,,,,,,
white_QB_MIA,Mike White,QB,MIA,3.0,500.0,2.0,0.0,18.0,,,,,,,,,,,,,,,,,
dalton_QB_CAR,Andy Dalton,QB,CAR,3.0,481.0,2.0,0.0,17.0,,,,,,,,,,,,,,,,,
bennett_QB_LAR,Stetson Bennett,QB,LAR,3.0,520.0,2.0,0.0,23.0,,,,,,,,,,,,,,,,,
hoyer_QB_LV,Brian Hoyer,QB,LV,4.0,702.0,3.0,0.0,24.0,,,,,,,,,,,,,,,,,
taylor_QB_NYG,Tyrod Taylor,QB,NYG,3.0,455.0,2.0,1.0,44.0,,,,,,,,,,,,,,,,,
hooker_QB_DET,Hendon Hooker,QB,DET,2.0,212.0,1.0,0.0,25.0,,,,,,,,,,,,,,,,,
patterson_K_DET,Riley Patterson,K,DET,,,,,,,,,,,,,,10.0,6.0,41.0,,,,,,
sanders_K_MIA,Jason Sanders,K,MIA,,,,,,,,,,,,,,10.0,6.0,39.0,,,,,,
boswell_K_PIT,Chris Boswell,K,PIT,,,,,,,,,,,,,,10.0,6.0,34.0,,,,,,
york_K_CLE,Cade York,K,CLE,,,,,,,,,,,,,,10.0,6.0,39.0,,,,,,
fry_K_DEN,Elliott Fry,K,DEN,,,,,,,,,,,,,,10.0,6.0,38.0,,,,,,
fairbairn_K_HOU,Ka'imi Fairbairn,K,HOU,,,,,,,,,,,,,,10.0,6.0,32.0,,,,,,
lutz_K_NO,Wil Lutz,K,NO,,,,,,,,,,,,,,10.0,6.0,36.0,,,,,,
carlson_K_GB,Anders Carlson,K,GB,,,,,,,,,,,,,,10.0,6.0,32.0,,,,,,
ryland_K_NE,Chad Ryland,K,NE,,,,,,,,,,,,,,10.0,6.0,31.0,,,,,,
mclaughlin_K_TB,Chase McLaughlin,K,TB,,,,,,,,,,,,,,9.0,6.0,29.0,,,,,,
slye_K_WSH,Joey Slye,K,WSH,,,,,,,,,,,,,,9.0,6.0,27.0,,,,,,
vizcaino_K_DAL,Tristan Vizcaino,K,DAL,,,,,,,,,,,,,,10.0,6.0,42.0,,,,,,
shudak_K_TEN,Caleb Shudak,K,TEN,,,,,,,,,,,,,,9.0,6.0,29.0,,,,,,
jaguars_DST_JAX,Jaguars,DST,JAX,,,,,,,,,,,,,,,,,24.0,39.0,,9.0,3.0,14.0
chargers_DST_LAC,Chargers,DST,LAC,,,,,,,,,,,,,,,,,24.5,41.0,,9.0,2.0,14.0
colts_DST_IND,Colts,DST,IND,,,,,,,,,,,,,,,,,23.875,40.0,,9.0,2.0,13.0
vikings_DST_MIN,Vikings,DST,MIN,,,,,,,,,,,,,,,,,26.25,39.0,,9.0,3.0,13.0
giants_DST_NYG,Giants,DST,NYG,,,,,,,,,,,,,,,,,24.75,40.0,,9.0,2.0,13.0
lions_DST_DET,Lions,DST,DET,,,,,,,,,,,,,,,,,25.8125,41.0,,9.0,2.0,15.0
rams_DST_LAR,Rams,DST,LAR,,,,,,,,,,,,,,,,,27.75,40.0,,9.0,2.0,12.0
bears_DST_CHI,Bears,DST,CHI,,,,,,,,,,,,,,,,,25.9375,37.0,,9.0,2.0,13.0
cardinals_DST_ARI,Cardinals,DST,ARI,,,,,,,,,,,,,,,,,26.6875,37.0,,8.0,2.0,13.0
raiders_DST_LV,Raiders,DST,LV,,,,,,,,,,,,,,,,,28.1875,38.0,,9.0,2.0,12.0
palmer_WR_LAC,Joshua Palmer,WR,LAC,,,,0.0,0.0,28.0,2.0,298.0,,,,,,,,,,,,,,
agnew_WR_JAX,Jamal Agnew,WR,JAX,,,,0.0,57.0,22.0,2.0,237.0,,,,,,,,,,,,,,
moore_WR_TEN,Chris Moore,WR,TEN,,,,0.0,0.0,27.0,1.0,334.0,,,,,,,,,,,,,,
watkins_WR_PHI,Quez Watkins,WR,PHI,,,,0.0,0.0,25.0,2.0,310.0,,,,,,,,,,,,,,
reynolds_WR_DET,Josh Reynolds,WR,DET,,,,0.0,0.0,23.0,3.0,293.0,,,,,,,,,,,,,,
dortch_WR_ARI,Greg Dortch,WR,ARI,,,,0.0,26.0,26.0,1.0,246.0,,,,,,,,,,,,,,
chosen_WR_MIA,Robbie Chosen,WR,MIA,,,,0.0,0.0,19.0,2.0,269.0,,,,,,,,,,,,,,
mims_WR_DEN,Marvin Mims Jr.,WR,DEN,,,,0.0,0.0,20.0,2.0,245.0,,,,,,,,,,,,,,
raymond_WR_DET,Kalif Raymond,WR,DET,,,,0.0,31.0,20.0,1.0,226.0,,,,,,,,,,,,,,
harty_WR_BUF,Deonte Harty,WR,BUF,,,,0.0,25.0,20.0,1.0,225.0,,,,,,,,,,,,,,
atwell_WR_LAR,Tutu Atwell,WR,LAR,,,,0.0,0.0,18.0,1.0,256.0,,,,,,,,,,,,,,
irwin_WR_CIN,Trenton Irwin,WR,CIN,,,,0.0,0.0,18.0,2.0,229.0,,,,,,,,,,,,,,
cobb_WR_NYJ,Randall Cobb,WR,NYJ,,,,0.0,0.0,20.0,2.0,208.0,,,,,,,,,,,,,,
fortson_TE_KC,Jody Fortson,TE,KC,,,,0.0,0.0,16.0,2.0,172.0,,,,,,,,,,,,,,
bryant_TE_CLE,Harrison Bryant,TE,CLE,,,,0.0,0.0,18.0,2.0,172.0,,,,,,,,,,,,,,
goodwin_WR_CLE,Marquise Goodwin,WR,CLE,,,,0.0,14.0,15.0,1.0,201.0,,,,,,,,,,,,,,
hendershot_TE_DAL,Peyton Hendershot,TE,DAL,,,,0.0,0.0,17.0,2.0,179.0,,,,,,,,,,,,,,
wesco_TE_TEN,Trevon Wesco,TE,TEN,,,,0.0,0.0,17.0,1.0,190.0,,,,,,,,,,,,,,
aliecox_TE_IND,Mo Alie-Cox,TE,IND,,,,0.0,0.0,15.0,2.0,179.0,,,,,,,,,,,,,,
mckenzie_WR_IND,Isaiah McKenzie,WR,IND,,,,0.0,54.0,15.0,1.0,149.0,,,,,,,,,,,,,,
oliver_TE_MIN,Josh Oliver,TE,MIN,,,,0.0,0.0,16.0,1.0,174.0,,,,,,,,,,,,,,
smith_WR_NO,Tre'Quan Smith,WR,NO,,,,0.0,0.0,15.0,1.0,180.0,,,,,,,,,,,,,,
heyward_TE_PIT,Connor Heyward,TE,PIT,,,,0.0,15.0,15.0,1.0,156.0,,,,,,,,,,,,,,
saubert_TE_MIA,Eric Saubert,TE,MIA,,,,0.0,0.0,15.0,2.0,156.0,,,,,,,,,,,,,,
strange_TE_JAX,Brenton Strange,TE,JAX,,,,0.0,0.0,15.0,1.0,160.0,,,,,,,,,,,,,,
uzomah_TE_NYJ,C.J. Uzomah,TE,NYJ,,,,0.0,0.0,17.0,1.0,149.0,,,,,,,,,,,,,,
ingold_RB_MIA,Alec Ingold,RB,MIA,,,,0.0,17.0,17.0,1.0,128.0,,,,,,,,,,,,,,
sherfield_WR_BUF,Trent Sherfield,WR,BUF,,,,0.0,0.0,13.0,1.0,174.0,,,,,,,,,,,,,,
pascal_WR_ARI,Zach Pascal,WR,ARI,,,,0.0,0.0,15.0,1.0,168.0,,,,,,,,,,,,,,
hodge_WR_ATL,KhaDarel Hodge,WR,ATL,,,,0.0,0.0,14.0,1.0,179.0,,,,,,,,,,,,,,
hyatt_WR_NYG,Jalin Hyatt,WR,NYG,,,,0.0,0.0,15.0,1.0,165.0,,,,,,,,,,,,,,
tolbert_WR_DAL,Jalen Tolbert,WR,DAL,,,,0.0,0.0,13.0,1.0,170.0,,,,,,,,,,,,,,
shenault_WR_CAR,Laviska Shenault Jr.,WR,CAR,,,,0.0,77.0,12.0,1.0,124.0,,,,,,,,,,,,,,
washington_WR_JAX,Parker Washington,WR,JAX,,,,0.0,0.0,14.0,1.0,160.0,,,,,,,,,,,,,,
moore_WR_TB,David Moore,WR,TB,,,,0.0,0.0,13.0,1.0,173.0,,,,,,,,,,,,,,
austin_WR_PIT,Calvin Austin III,WR,PIT,,,,0.0,0.0,14.0,1.0,158.0,,,,,,,,,,,,,,
rader_TE_TEN,Kevin Rader,TE,TEN,,,,0.0,0.0,14.0,1.0,152.0,,,,,,,,,,,,,,
whyle_TE_TEN,Josh Whyle,TE,TEN,,,,0.0,0.0,14.0,1.0,148.0,,,,,,,,,,,,,,
thomas_TE_CAR,Ian Thomas,TE,CAR,,,,0.0,0.0,14.0,1.0,156.0,,,,,,,,,,,,,,
agholor_WR_BAL,Nelson Agholor,WR,BAL,,,,0.0,0.0,11.0,1.0,152.0,,,,,,,,,,,,,,
toure_WR_GB,Samori Toure,WR,GB,,,,0.0,0.0,13.0,1.0,155.0,,,,,,,,,,,,,,
mcmath_WR_TEN,Racey McMath,WR,TEN,,,,0.0,0.0,12.0,1.0,166.0,,,,,,,,,,,,,,
brown_WR_WSH,Dyami Brown,WR,WSH,,,,0.0,0.0,12.0,1.0,164.0,,,,,,,,,,,,,,
brown_WR_CHI,Equanimeous St. Brown,WR,CHI,,,,0.0,15.0,11.0,1.0,142.0,,,,,,,,,,,,,,
clifford_QB_GB,Sean Clifford,QB,GB,3.0,496.0,2.0,0.0,27.0,,,,,,,,,,,,,,,,,
zaccheaus_WR_PHI,Olamide Zaccheaus,WR,PHI,,,,0.0,0.0,12.0,1.0,146.0,,,,,,,,,,,,,,
powell_WR_MIN,Brandon Powell,WR,MIN,,,,0.0,11.0,12.0,1.0,129.0,,,,,,,,,,,,,,
wright_TE_DET,Brock Wright,TE,DET,,,,0.0,0.0,11.0,1.0,125.0,,,,,,,,,,,,,,
nacua_WR_LAR,Puka Nacua,WR,LAR,,,,0.0,0.0,12.0,1.0,143.0,,,,,,,,,,,,,,
eskridge_WR_SEA,Dee Eskridge,WR,SEA,,,,0.0,28.0,9.0,1.0,117.0,,,,,,,,,,,,,,
scott_RB_PHI,Boston Scott,RB,PHI,,,,1.0,123.0,4.0,0.0,26.0,,,,,,,,,,,,,,
trubisky_QB_PIT,Mitch Trubisky,QB,PIT,2.0,443.0,2.0,0.0,27.0,,,,,,,,,,,,,,,,,
parkinson_TE_SEA,Colby Parkinson,TE,SEA,,,,0.0,0.0,11.0,1.0,115.0,,,,,,,,,,,,,,
wilson_WR_MIA,Cedrick Wilson Jr.,WR,MIA,,,,0.0,0.0,11.0,1.0,126.0,,,,,,,,,,,,,,
juszczyk_RB_SF,Kyle Juszczyk,RB,SF,,,,0.0,20.0,12.0,1.0,92.0,,,,,,,,,,,,,,
taylor_RB_GB,Patrick Taylor,RB,GB,,,,1.0,126.0,6.0,0.0,42.0,,,,,,,,,,,,,,
akins_TE_CLE,Jordan Akins,TE,CLE,,,,0.0,0.0,10.0,1.0,118.0,,,,,,,,,,,,,,
washington_TE_PIT,Darnell Washington,TE,PIT,,,,0.0,0.0,11.0,1.0,118.0,,,,,,,,,,,,,,
watson_WR_KC,Justin Watson,WR,KC,,,,0.0,0.0,9.0,1.0,124.0,,,,,,,,,,,,,,
duvernay_WR_BAL,Devin Duvernay,WR,BAL,,,,0.0,49.0,7.0,1.0,65.0,,,,,,,,,,,,,,
trautman_TE_DEN,Adam Trautman,TE,DEN,,,,0.0,0.0,11.0,1.0,110.0,,,,,,,,,,,,,,
davisprice_RB_SF,Tyrion Davis-Price,RB,SF,,,,1.0,137.0,4.0,0.0,26.0,,,,,,,,,,,,,,
walker_QB_CHI,PJ Walker,QB,CHI,3.0,410.0,2.0,0.0,22.0,,,,,,,,,,,,,,,,,
evans_RB_CIN,Chris Evans,RB,CIN,,,,0.0,65.0,9.0,0.0,65.0,,,,,,,,,,,,,,
tillman_WR_CLE,Cedric Tillman,WR,CLE,,,,0.0,0.0,10.0,1.0,117.0,,,,,,,,,,,,,,
tonyan_TE_CHI,Robert Tonyan,TE,CHI,,,,0.0,0.0,12.0,1.0,98.0,,,,,,,,,,,,,,
bates_TE_WSH,John Bates,TE,WSH,,,,0.0,0.0,11.0,1.0,108.0,,,,,,,,,,,,,,
olszewski_WR_PIT,Gunner Olszewski,WR,PIT,,,,0.0,53.0,6.0,0.0,75.0,,,,,,,,,,,,,,
turpin_WR_DAL,KaVontae Turpin,WR,DAL,,,,0.0,30.0,7.0,1.0,82.0,,,,,,,,,,,,,,
zylstra_TE_DET,Shane Zylstra,TE,DET,,,,0.0,0.0,9.0,1.0,95.0,,,,,,,,,,,,,,
mallory_TE_IND,Will Mallory,TE,IND,,,,0.0,0.0,9.0,1.0,102.0,,,,,,,,,,,,,,
jones_WR_CHI,Velus Jones Jr.,WR,CHI,,,,0.0,33.0,6.0,1.0,70.0,,,,,,,,,,,,,,
mccloud_WR_SF,Ray-Ray McCloud III,WR,SF,,,,0.0,37.0,6.0,0.0,65.0,,,,,,,,,,,,,,
deguara_TE_GB,Josiah Deguara,TE,GB,,,,0.0,0.0,9.0,1.0,94.0,,,,,,,,,,,,,,
hart_WR_ATL,Penny Hart,WR,ATL,,,,0.0,0.0,9.0,0.0,104.0,,,,,,,,,,,,,,
ham_RB_MIN,C.J. Ham,RB,MIN,,,,0.0,17.0,9.0,0.0,70.0,,,,,,,,,,,,,,
washington_WR_NO,James Washington,WR,NO,,,,0.0,0.0,7.0,1.0,105.0,,,,,,,,,,,,,,
chestnut_RB_TEN,Julius Chestnut,RB,TEN,,,,0.0,38.0,8.0,0.0,58.0,,,,,,,,,,,,,,
latu_TE_SF,Cameron Latu,TE,SF,,,,0.0,0.0,8.0,1.0,88.0,,,,,,,,,,,,,,
mckitty_TE_LAC,Tre' McKitty,TE,LAC,,,,0.0,0.0,8.0,1.0,81.0,,,,,,,,,,,,,,
badie_RB_DEN,Tyler Badie,RB,DEN,,,,1.0,82.0,4.0,0.0,31.0,,,,,,,,,,,,,,
williams_RB_ARI,Ty'Son Williams,RB,ARI,,,,1.0,92.0,4.0,0.0,29.0,,,,,,,,,,,,,,
jones_WR_CIN,Charlie Jones,WR,CIN,,,,0.0,0.0,8.0,1.0,90.0,,,,,,,,,,,,,,
sample_TE_CIN,Drew Sample,TE,CIN,,,,0.0,0.0,9.0,1.0,79.0,,,,,,,,,,,,,,
kroft_TE_MIA,Tyler Kroft,TE,MIA,,,,0.0,0.0,7.0,1.0,78.0,,,,,,,,,,,,,,
mundt_TE_MIN,Johnny Mundt,TE,MIN,,,,0.0,0.0,9.0,1.0,81.0,,,,,,,,,,,,,,
hopkins_TE_LAR,Brycen Hopkins,TE,LAR,,,,0.0,0.0,8.0,1.0,87.0,,,,,,,,,,,,,,
shorter_WR_BUF,Justin Shorter,WR,BUF,,,,0.0,0.0,7.0,1.0,84.0,,,,,,,,,,,,,,
tucker_RB_TB,Sean Tucker,RB,TB,,,,1.0,82.0,4.0,0.0,30.0,,,,,,,,,,,,,,
tucker_WR_LV,Tre Tucker,WR,LV,,,,0.0,0.0,7.0,1.0,90.0,,,,,,,,,,,,,,
gabbert_QB_KC,Blaine Gabbert,QB,KC,2.0,263.0,1.0,0.0,8.0,,,,,,,,,,,,,,,,,
thompkins_WR_TB,Deven Thompkins,WR,TB,,,,0.0,0.0,6.0,0.0,77.0,,,,,,,,,,,,,,
rountree_RB_LAC,Larry Rountree III,RB,LAC,,,,1.0,65.0,4.0,0.0,31.0,,,,,,,,,,,,,,
ezukanma_WR_MIA,Erik Ezukanma,WR,MIA,,,,0.0,0.0,7.0,1.0,79.0,,,,,,,,,,,,,,
hamler_WR_DEN,KJ Hamler,WR,DEN,,,,0.0,13.0,6.0,0.0,83.0,,,,,,,,,,,,,,
stick_QB_LAC,Easton Stick,QB,LAC,2.0,257.0,1.0,0.0,16.0,,,,,,,,,,,,,,,,,
siemian_QB_CIN,Trevor Siemian,QB,CIN,2.0,242.0,1.0,0.0,14.0,,,,,,,,,,,,,,,,,
james_WR_KC,Richie James,WR,KC,,,,0.0,0.0,7.0,1.0,65.0,,,,,,,,,,,,,,
young_WR_SEA,Dareke Young,WR,SEA,,,,0.0,0.0,7.0,1.0,79.0,,,,,,,,,,,,,,
ricard_RB_BAL,Patrick Ricard,RB,BAL,,,,0.0,21.0,7.0,0.0,51.0,,,,,,,,,,,,,,
reagor_WR_MIN,Jalen Reagor,WR,MIN,,,,0.0,12.0,5.0,0.0,69.0,,,,,,,,,,,,,,
manhertz_TE_DEN,Chris Manhertz,TE,DEN,,,,0.0,0.0,7.0,1.0,74.0,,,,,,,,,,,,,,
dorsett_WR_LV,Phillip Dorsett,WR,LV,,,,0.0,0.0,6.0,0.0,89.0,,,,,,,,,,,,,,
lock_QB_SEA,Drew Lock,QB,SEA,2.0,242.0,1.0,0.0,16.0,,,,,,,,,,,,,,,,,
mullens_QB_MIN,Nick Mullens,QB,MIN,2.0,279.0,1.0,0.0,7.0,,,,,,,,,,,,,,,,,
hairston_RB_HOU,Troy Hairston,RB,HOU,,,,0.0,0.0,8.0,1.0,62.0,,,,,,,,,,,,,,
arnold_TE_PHI,Dan Arnold,TE,PHI,,,,0.0,0.0,7.0,1.0,76.0,,,,,,,,,,,,,,
kolar_TE_BAL,Charlie Kolar,TE,BAL,,,,0.0,0.0,7.0,1.0,67.0,,,,,,,,,,,,,,
jefferson_RB_DET,Jermar Jefferson,RB,DET,,,,1.0,56.0,4.0,0.0,30.0,,,,,,,,,,,,,,
hull_RB_IND,Evan Hull,RB,IND,,,,0.0,77.0,3.0,0.0,25.0,,,,,,,,,,,,,,
boutte_WR_NE,Kayshon Boutte,WR,NE,,,,0.0,0.0,7.0,0.0,79.0,,,,,,,,,,,,,,
ogunbowale_RB_HOU,Dare Ogunbowale,RB,HOU,,,,1.0,66.0,4.0,0.0,27.0,,,,,,,,,,,,,,
covey_WR_PHI,Britain Covey,WR,PHI,,,,0.0,0.0,6.0,0.0,68.0,,,,,,,,,,,,,,
smith_WR_CAR,Shi Smith,WR,CAR,,,,0.0,0.0,6.0,0.0,76.0,,,,,,,,,,,,,,
stidham_QB_DEN,Jarrett Stidham,QB,DEN,2.0,233.0,1.0,0.0,14.0,,,,,,,,,,,,,,,,,
beathard_QB_JAX,C.J. Beathard,QB,JAX,2.0,236.0,1.0,0.0,14.0,,,,,,,,,,,,,,,,,
milne_WR_WSH,Dax Milne,WR,WSH,,,,0.0,0.0,7.0,0.0,70.0,,,,,,,,,,,,,,
allen_TE_CHI,Chase Allen,TE,CHI,,,,0.0,0.0,6.0,1.0,64.0,,,,,,,,,,,,,,
bell_WR_CLE,David Bell,WR,CLE,,,,0.0,0.0,7.0,0.0,72.0,,,,,,,,,,,,,,
mason_RB_SF,Jordan Mason,RB,SF,,,,0.0,59.0,4.0,0.0,26.0,,,,,,,,,,,,,,
brown_WR_HOU,Noah Brown,WR,HOU,,,,0.0,0.0,6.0,0.0,73.0,,,,,,,,,,,,,,
guyton_WR_LAC,Jalen Guyton,WR,LAC,,,,0.0,0.0,5.0,1.0,73.0,,,,,,,,,,,,,,
gray_WR_SF,Danny Gray,WR,SF,,,,0.0,0.0,6.0,0.0,71.0,,,,,,,,,,,,,,
asiasi_TE_CIN,Devin Asiasi,TE,CIN,,,,0.0,0.0,6.0,1.0,62.0,,,,,,,,,,,,,,
dobbs_QB_CLE,Joshua Dobbs,QB,CLE,1.0,219.0,1.0,0.0,20.0,,,,,,,,,,,,,,,,,
abanikanda_RB_NYJ,Israel Abanikanda,RB,NYJ,,,,0.0,42.0,5.0,0.0,34.0,,,,,,,,,,,,,,
rush_QB_DAL,Cooper Rush,QB,DAL,2.0,220.0,1.0,0.0,11.0,,,,,,,,,,,,,,,,,
gray_RB_NYG,Eric Gray,RB,NYG,,,,0.0,51.0,4.0,0.0,28.0,,,,,,,,,,,,,,
wilson_QB_NYJ,Zach Wilson,QB,NYJ,2.0,228.0,1.0,0.0,12.0,,,,,,,,,,,,,,,,,
huntley_RB_ATL,Caleb Huntley,RB,ATL,,,,0.0,61.0,4.0,0.0,25.0,,,,,,,,,,,,,,
brown_RB_CAR,Spencer Brown,RB,CAR,,,,0.0,53.0,4.0,0.0,29.0,,,,,,,,,,,,,,
winston_QB_NO,Jameis Winston,QB,NO,2.0,236.0,1.0,0.0,12.0,,,,,,,,,,,,,,,,,
benson_WR_DET,Trinity Benson,WR,DET,,,,0.0,0.0,6.0,0.0,75.0,,,,,,,,,,,,,,
benjamin_RB_NO,Eno Benjamin,RB,NO,,,,0.0,26.0,5.0,0.0,43.0,,,,,,,,,,,,,,
barkley_QB_BUF,Matt Barkley,QB,BUF,1.0,252.0,1.0,0.0,9.0,,,,,,,,,,,,,,,,,
mitchell_TE_DET,James Mitchell,TE,DET,,,,0.0,0.0,6.0,0.0,60.0,,,,,,,,,,,,,,
ruckert_TE_NYJ,Jeremy Ruckert,TE,NYJ,,,,0.0,0.0,6.0,0.0,57.0,,,,,,,,,,,,,,
miller_WR_ATL,Scotty Miller,WR,ATL,,,,0.0,0.0,6.0,0.0,67.0,,,,,,,,,,,,,,
patterson_RB_WSH,Jaret Patterson,RB,WSH,,,,0.0,49.0,4.0,0.0,27.0,,,,,,,,,,,,,,
dulin_WR_IND,Ashton Dulin,WR,IND,,,,0.0,0.0,5.0,0.0,64.0,,,,,,,,,,,,,,
mcbride_RB_MIN,DeWayne McBride,RB,MIN,,,,1.0,62.0,2.0,0.0,16.0,,,,,,,,,,,,,,
durham_TE_TB,Payne Durham,TE,TB,,,,0.0,0.0,5.0,0.0,59.0,,,,,,,,,,,,,,
ahmed_RB_MIA,Salvon Ahmed,RB,MIA,,,,0.0,63.0,2.0,0.0,15.0,,,,,,,,,,,,,,
turner_TE_WSH,Cole Turner,TE,WSH,,,,0.0,0.0,5.0,0.0,56.0,,,,,,,,,,,,,,
mccrary_RB_CLE,Nate McCrary,RB,CLE,,,,0.0,39.0,4.0,0.0,27.0,,,,,,,,,,,,,,
horvath_RB_LAC,Zander Horvath,RB,LAC,,,,0.0,18.0,5.0,0.0,34.0,,,,,,,,,,,,,,
stoll_TE_PHI,Jack Stoll,TE,PHI,,,,0.0,0.0,5.0,0.0,47.0,,,,,,,,,,,,,,
carter_WR_LV,DeAndre Carter,WR,LV,,,,0.0,0.0,4.0,0.0,42.0,,,,,,,,,,,,,,
burton_RB_DEN,Michael Burton,RB,DEN,,,,0.0,18.0,4.0,0.0,30.0,,,,,,,,,,,,,,
prentice_RB_NO,Adam Prentice,RB,NO,,,,0.0,20.0,4.0,0.0,32.0,,,,,,,,,,,,,,
hesse_TE_ATL,Parker Hesse,TE,ATL,,,,0.0,0.0,5.0,0.0,47.0,,,,,,,,,,,,,,
conner_RB_JAX,Snoop Conner,RB,JAX,,,,0.0,50.0,2.0,0.0,15.0,,,,,,,,,,,,,,
rodgers_WR_HOU,Amari Rodgers,WR,HOU,,,,0.0,26.0,3.0,0.0,37.0,,,,,,,,,,,,,,
ross_WR_KC,Justyn Ross,WR,KC,,,,0.0,0.0,4.0,0.0,46.0,,,,,,,,,,,,,,
rivers_RB_LAR,Ronnie Rivers,RB,LAR,,,,0.0,45.0,2.0,0.0,16.0,,,,,,,,,,,,,,
taylor_WR_CIN,Trent Taylor,WR,CIN,,,,0.0,0.0,3.0,0.0,42.0,,,,,,,,,,,,,,
allen_TE_LAR,Davis Allen,TE,LAR,,,,0.0,0.0,4.0,0.0,45.0,,,,,,,,,,,,,,
morris_TE_BUF,Quintin Morris,TE,BUF,,,,0.0,0.0,4.0,0.0,40.0,,,,,,,,,,,,,,
cabinda_RB_DET,Jason Cabinda,RB,DET,,,,0.0,10.0,4.0,0.0,33.0,,,,,,,,,,,,,,
higgins_TE_MIA,Elijah Higgins,TE,MIA,,,,0.0,0.0,4.0,0.0,40.0,,,,,,,,,,,,,,
hinton_WR_DEN,Kendall Hinton,WR,DEN,,,,0.0,13.0,3.0,0.0,37.0,,,,,,,,,,,,,,
bell_TE_KC,Blake Bell,TE,KC,,,,0.0,0.0,4.0,0.0,40.0,,,,,,,,,,,,,,
smartt_TE_LAC,Stone Smartt,TE,LAC,,,,0.0,0.0,4.0,0.0,40.0,,,,,,,,,,,,,,
muse_TE_MIN,Nick Muse,TE,MIN,,,,0.0,0.0,4.0,0.0,41.0,,,,,,,,,,,,,,
taylor_RB_NE,J.J. Taylor,RB,NE,,,,0.0,16.0,4.0,0.0,29.0,,,,,,,,,,,,,,
edwards_WR_NO,Bryan Edwards,WR,NO,,,,0.0,0.0,3.0,0.0,43.0,,,,,,,,,,,,,,
howard_TE_LV,O.J. Howard,TE,LV,,,,0.0,0.0,3.0,0.0,44.0,,,,,,,,,,,,,,
mccutcheon_WR_LAR,Lance McCutcheon,WR,LAR,,,,0.0,0.0,4.0,0.0,45.0,,,,,,,,,,,,,,
gilliam_RB_BUF,Reggie Gilliam,RB,BUF,,,,0.0,0.0,4.0,0.0,33.0,,,,,,,,,,,,,,
johnson_RB_LV,Jakob Johnson,RB,LV,,,,0.0,0.0,4.0,0.0,33.0,,,,,,,,,,,,,,
okwuegbunam_TE_DEN,Albert Okwuegbunam,TE,DEN,,,,0.0,0.0,3.0,0.0,37.0,,,,,,,,,,,,,,
farrell_TE_JAX,Luke Farrell,TE,JAX,,,,0.0,0.0,4.0,0.0,37.0,,,,,,,,,,,,,,
mckeon_TE_DAL,Sean McKeon,TE,DAL,,,,0.0,0.0,4.0,0.0,36.0,,,,,,,,,,,,,,
mabry_TE_SEA,Tyler Mabry,TE,SEA,,,,0.0,0.0,3.0,0.0,36.0,,,,,,,,,,,,,,
huntley_RB_PIT,Jason Huntley,RB,PIT,,,,0.0,37.0,2.0,0.0,14.0,,,,,,,,,,,,,,
sokol_TE_NE,Matt Sokol,TE,NE,,,,0.0,0.0,4.0,0.0,38.0,,,,,,,,,,,,,,
gentry_TE_PIT,Zach Gentry,TE,PIT,,,,0.0,0.0,4.0,0.0,34.0,,,,,,,,,,,,,,
fehoko_WR_DAL,Simi Fehoko,WR,DAL,,,,0.0,0.0,3.0,0.0,40.0,,,,,,,,,,,,,,
sullivan_TE_CAR,Stephen Sullivan,TE,CAR,,,,0.0,0.0,3.0,0.0,39.0,,,,,,,,,,,,,,
jordan_TE_HOU,Brevin Jordan,TE,HOU,,,,0.0,0.0,3.0,0.0,38.0,,,,,,,,,,,,,,
mims_WR_NYJ,Denzel Mims,WR,NYJ,,,,0.0,0.0,3.0,0.0,42.0,,,,,,,,,,,,,,
douglas_WR_NE,Demario Douglas,WR,NE,,,,0.0,0.0,3.0,0.0,39.0,,,,,,,,,,,,,,
nichols_RB_GB,Lew Nichols III,RB,GB,,,,0.0,35.0,2.0,0.0,14.0,,,,,,,,,,,,,,
beck_TE_HOU,Andrew Beck,TE,HOU,,,,0.0,0.0,3.0,0.0,36.0,,,,,,,,,,,,,,
cager_TE_NYG,Lawrence Cager,TE,NYG,,,,0.0,0.0,3.0,0.0,35.0,,,,,,,,,,,,,,
johnson_WR_SEA,Cade Johnson,WR,SEA,,,,0.0,0.0,3.0,0.0,38.0,,,,,,,,,,,,,,
firkser_TE_NE,Anthony Firkser,TE,NE,,,,0.0,0.0,4.0,0.0,35.0,,,,,,,,,,,,,,
boykin_WR_PIT,Miles Boykin,WR,PIT,,,,0.0,0.0,3.0,0.0,37.0,,,,,,,,,,,,,,
dubose_WR_GB,Grant DuBose,WR,GB,,,,0.0,0.0,3.0,0.0,36.0,,,,,,,,,,,,,,
dwelley_TE_SF,Ross Dwelley,TE,SF,,,,0.0,0.0,3.0,0.0,33.0,,,,,,,,,,,,,,
baccellia_WR_ARI,Andre Baccellia,WR,ARI,,,,0.0,0.0,3.0,0.0,36.0,,,,,,,,,,,,,,
conley_WR_SF,Chris Conley,WR,SF,,,,0.0,0.0,3.0,0.0,37.0,,,,,,,,,,,,,,
scott_WR_CHI,Tyler Scott,WR,CHI,,,,0.0,0.0,3.0,0.0,33.0,,,,,,,,,,,,,,
davis_WR_LAC,Derius Davis,WR,LAC,,,,0.0,0.0,2.0,0.0,21.0,,,,,,,,,,,,,,
smith_RB_ATL,Keith Smith,RB,ATL,,,,0.0,0.0,4.0,0.0,27.0,,,,,,,,,,,,,,
kemp_WR_WSH,Marcus Kemp,WR,WSH,,,,0.0,0.0,3.0,0.0,36.0,,,,,,,,,,,,,,
togiai_TE_ARI,Noah Togiai,TE,ARI,,,,0.0,0.0,3.0,0.0,31.0,,,,,,,,,,,,,,
kinsey_WR_TEN,Mason Kinsey,WR,TEN,,,,0.0,0.0,3.0,0.0,37.0,,,,,,,,,,,,,,
perriman_WR_IND,Breshad Perriman,WR,IND,,,,0.0,0.0,2.0,0.0,38.0,,,,,,,,,,,,,,
proche_WR_BAL,James Proche II,WR,BAL,,,,0.0,0.0,3.0,0.0,32.0,,,,,,,,,,,,,,
darby_WR_ATL,Frank Darby,WR,ATL,,,,0.0,0.0,3.0,0.0,33.0,,,,,,,,,,,,,,
granson_TE_IND,Kylen Granson,TE,IND,,,,0.0,0.0,3.0,0.0,30.0,,,,,,,,,,,,,,
mcintosh_RB_SEA,Kenny McIntosh,RB,SEA,,,,0.0,17.0,2.0,0.0,15.0,,,,,,,,,,,,,,
hudson_TE_CIN,Tanner Hudson,TE,CIN,,,,0.0,0.0,2.0,0.0,21.0,,,,,,,,,,,,,,
nailor_WR_MIN,Jalen Nailor,WR,MIN,,,,0.0,0.0,2.0,0.0,22.0,,,,,,,,,,,,,,
james_TE_NO,Jesse James,TE,NO,,,,0.0,0.0,2.0,0.0,24.0,,,,,,,,,,,,,,
kuntz_TE_NYJ,Zack Kuntz,TE,NYJ,,,,0.0,0.0,2.0,0.0,18.0,,,,,,,,,,,,,,
davis_TE_GB,Tyler Davis,TE,GB,,,,0.0,0.0,2.0,0.0,18.0,,,,,,,,,,,,,,
wells_TE_TB,David Wells,TE,TB,,,,0.0,0.0,2.0,0.0,19.0,,,,,,,,,,,,,,
washington_WR_DEN,Montrell Washington,WR,DEN,,,,0.0,13.0,0.0,0.0,0.0,,,,,,,,,,,,,,
calcaterra_TE_PHI,Grant Calcaterra,TE,PHI,,,,0.0,0.0,2.0,0.0,17.0,,,,,,,,,,,,,,
grant_WR_CLE,Jakeem Grant Sr.,WR,CLE,,,,0.0,0.0,0.0,0.0,0.0,,,,,,,,,,,,,,
woerner_TE_SF,Charlie Woerner,TE,SF,,,,0.0,0.0,2.0,0.0,16.0,,,,,,,,,,,,,,
fitzpatrick_TE_ATL,John FitzPatrick,TE,ATL,,,,0.0,0.0,2.0,0.0,16.0,,,,,,,,,,,,,,
kennedy_WR_DET,Tom Kennedy,WR,DET,,,,0.0,0.0,1.0,0.0,15.0,,,,,,,,,,,,,,
sims_WR_HOU,Steven Sims,WR,HOU,,,,0.0,0.0,0.0,0.0,0.0,,,,,,,,,,,,,,
slater_WR_NE,Matthew Slater,WR,NE,,,,,,,,,,,,,,,,,,,,,,
schreck_TE_HOU,Mason Schreck,TE,HOU,,,,,,,,,,,,,,,,,,,,,,
treadwell_WR_BAL,Laquon Treadwell,WR,BAL,,,,,,,,,,,,,,,,,,,,,,
cracraft_WR_MIA,River Cracraft,WR,MIA,,,,,,,,,,,,,,,,,,,,,,
kirkwood_WR_NO,Keith Kirkwood,WR,NO,,,,,,,,,,,,,,,,,,,,,,
byrd_WR_CAR,Damiere Byrd,WR,CAR,,,,,,,,,,,,,,,,,,,,,,
turner_WR_IND,Malik Turner,WR,IND,,,,,,,,,,,,,,,,,,,,,,
armah_RB_WSH,Alex Armah,RB,WSH,,,,,,,,,,,,,,,,,,,,,,
sudfeld_QB_DET,Nate Sudfeld,QB,DET,,,,,,,,,,,,,,,,,,,,,,
allen_QB_SF,Brandon Allen,QB,SF,,,,,,,,,,,,,,,,,,,,,,
driskel_QB_ARI,Jeff Driskel,QB,ARI,,,,,,,,,,,,,,,,,,,,,,
peterman_QB_CHI,Nathan Peterman,QB,CHI,,,,,,,,,,,,,,,,,,,,,,
mickens_WR_NYG,Jaydon Mickens,WR,NYG,,,,,,,,,,,,,,,,,,,,,,
rudolph_QB_PIT,Mason Rudolph,QB,PIT,,,,,,,,,,,,,,,,,,,,,,
fountain_WR_CHI,Daurice Fountain,WR,CHI,,,,,,,,,,,,,,,,,,,,,,
bawden_RB_NYJ,Nick Bawden,RB,NYJ,,,,,,,,,,,,,,,,,,,,,,
thomas_WR_BAL,Mike Thomas,WR,BAL,,,,,,,,,,,,,,,,,,,,,,
smith_WR_IND,Vyncint Smith,WR,IND,,,,,,,,,,,,,,,,,,,,,,
etling_QB_GB,Danny Etling,QB,GB,,,,,,,,,,,,,,,,,,,,,,
cole_WR_LV,Keelan Cole,WR,LV,,,,,,,,,,,,,,,,,,,,,,
johnson_WR_BUF,KeeSean Johnson,WR,BUF,,,,,,,,,,,,,,,,,,,,,,
smith_TE_IND,Kaden Smith,TE,IND,,,,,,,,,,,,,,,,,,,,,,
winfree_WR_IND,Juwann Winfree,WR,IND,,,,,,,,,,,,,,,,,,,,,,
rypien_QB_LAR,Brett Rypien,QB,LAR,,,,,,,,,,,,,,,,,,,,,,
sweeney_TE_NYG,Tommy Sweeney,TE,NYG,,,,,,,,,,,,,,,,,,,,,,
mcsorley_QB_NE,Trace McSorley,QB,NE,,,,,,,,,,,,,,,,,,,,,,
woodside_QB_ATL,Logan Woodside,QB,ATL,,,,,,,,,,,,,,,,,,,,,,
boyle_QB_NYJ,Tim Boyle,QB,NYJ,,,,,,,,,,,,,,,,,,,,,,
bellore_RB_SEA,Nick Bellore,RB,SEA,,,,,,,,,,,,,,,,,,,,,,
gaskin_RB_MIA,Myles Gaskin,RB,MIA,,,,,,,,,,,,,,,,,,,,,,
isabella_WR_BAL,Andy Isabella,WR,BAL,,,,,,,,,,,,,,,,,,,,,,
arcegawhiteside_TE_ATL,J.J. Arcega-Whiteside,TE,ATL,,,,,,,,,,,,,,,,,,,,,,
grier_QB_DAL,Will Grier,QB,DAL,,,,,,,,,,,,,,,,,,,,,,
ollison_RB_JAX,Qadree Ollison,RB,JAX,,,,,,,,,,,,,,,,,,,,,,
butler_WR_PIT,Hakeem Butler,WR,PIT,,,,,,,,,,,,,,,,,,,,,,
pettis_WR_CHI,Dante Pettis,WR,CHI,,,,,,,,,,,,,,,,,,,,,,
sims_WR_LV,Cam Sims,WR,LV,,,,,,,,,,,,,,,,,,,,,,
crowder_WR_NYG,Jamison Crowder,WR,NYG,,,,,,,,,,,,,,,,,,,,,,
snead_WR_SF,Willie Snead IV,WR,SF,,,,,,,,,,,,,,,,,,,,,,
murray_RB_BUF,Latavius Murray,RB,BUF,,,,,,,,,,,,,,,,,,,,,,
keenum_QB_HOU,Case Keenum,QB,HOU,,,,,,,,,,,,,,,,,,,,,,
johnson_QB_BAL,Josh Johnson,QB,BAL,,,,,,,,,,,,,,,,,,,,,,
jackson_TE_PHI,Tyree Jackson,TE,PHI,,,,,,,,,,,,,,,,,,,,,,
humphrey_WR_DEN,Lil'Jordan Humphrey,WR,DEN,,,,,,,,,,,,,,,,,,,,,,
doss_WR_LAC,Keelan Doss,WR,LAC,,,,,,,,,,,,,,,,,,,,,,
webster_WR_CHI,Nsimba Webster,WR,CHI,,,,,,,,,,,,,,,,,,,,,,
johnson_RB_JAX,D'Ernest Johnson,RB,JAX,,,,,,,,,,,,,,,,,,,,,,
laird_RB_TB,Patrick Laird,RB,TB,,,,,,,,,,,,,,,,,,,,,,
blough_QB_ARI,David Blough,QB,ARI,,,,,,,,,,,,,,,,,,,,,,
horsted_TE_LV,Jesper Horsted,TE,LV,,,,,,,,,,,,,,,,,,,,,,
blasingame_RB_CHI,Khari Blasingame,RB,CHI,,,,,,,,,,,,,,,,,,,,,,
morgan_WR_CIN,Stanley Morgan,WR,CIN,,,,,,,,,,,,,,,,,,,,,,
spencer_WR_NYJ,Diontae Spencer,WR,NYJ,,,,,,,,,,,,,,,,,,,,,,
blanton_TE_KC,Kendall Blanton,TE,KC,,,,,,,,,,,,,,,,,,,,,,
smith_WR_NYG,Jeff Smith,WR,NYG,,,,,,,,,,,,,,,,,,,,,,
brown_TE_IND,Pharaoh Brown,TE,IND,,,,,,,,,,,,,,,,,,,,,,
dillon_TE_WSH,Brandon Dillon,TE,WSH,,,,,,,,,,,,,,,,,,,,,,
walter_RB_LV,Austin Walter,RB,LV,,,,,,,,,,,,,,,,,,,,,,
ward_WR_PHI,Greg Ward,WR,PHI,,,,,,,,,,,,,,,,,,,,,,
perine_RB_KC,La'Mical Perine,RB,KC,,,,,,,,,,,,,,,,,,,,,,
johnson_WR_LAR,Tyler Johnson,WR,LAR,,,,,,,,,,,,,,,,,,,,,,
reed_WR_CHI,Joe Reed,WR,CHI,,,,,,,,,,,,,,,,,,,,,,
keene_TE_PHI,Dalton Keene,TE,PHI,,,,,,,,,,,,,,,,,,,,,,
hightower_WR_LAC,John Hightower,WR,LAC,,,,,,,,,,,,,,,,,,,,,,
johnson_WR_NYG,Collin Johnson,WR,NYG,,,,,,,,,,,,,,,,,,,,,,
swain_WR_MIA,Freddie Swain,WR,MIA,,,,,,,,,,,,,,,,,,,,,,
patmon_WR_BUF,Dezmon Patmon,WR,BUF,,,,,,,,,,,,,,,,,,,,,,
cleveland_WR_PHI,Tyrie Cleveland,WR,PHI,,,,,,,,,,,,,,,,,,,,,,
coulter_WR_BUF,Isaiah Coulter,WR,BUF,,,,,,,,,,,,,,,,,,,,,,
dinucci_QB_DEN,Ben DiNucci,QB,DEN,,,,,,,,,,,,,,,,,,,,,,
fromm_QB_WSH,Jake Fromm,QB,WSH,,,,,,,,,,,,,,,,,,,,,,
callaway_WR_DEN,Marquez Callaway,WR,DEN,,,,,,,,,,,,,,,,,,,,,,
merritt_WR_NO,Kirk Merritt,WR,NO,,,,,,,,,,,,,,,,,,,,,,
dowdle_RB_DAL,Rico Dowdle,RB,DAL,,,,,,,,,,,,,,,,,,,,,,
taylor_WR_NYJ,Malik Taylor,WR,NYJ,,,,,,,,,,,,,,,,,,,,,,
wolford_QB_TB,John Wolford,QB,TB,,,,,,,,,,,,,,,,,,,,,,
jackson_WR_MIN,Trishton Jackson,WR,MIN,,,,,,,,,,,,,,,,,,,,,,
chisena_WR_PIT,Dan Chisena,WR,PIT,,,,,,,,,,,,,,,,,,,,,,
streveler_QB_NYJ,Chris Streveler,QB,NYJ,,,,,,,,,,,,,,,,,,,,,,
lovett_RB_MIA,John Lovett,RB,MIA,,,,,,,,,,,,,,,,,,,,,,
johnson_WR_DAL,Tyron Johnson,WR,DAL,,,,,,,,,,,,,,,,,,,,,,
ward_RB_TEN,Jonathan Ward,RB,TEN,,,,,,,,,,,,,,,,,,,,,,
dafney_TE_TB,Dominique Dafney,TE,TB,,,,,,,,,,,,,,,,,,,,,,
bradley_WR_PIT,Ja'Marcus Bradley,WR,PIT,,,,,,,,,,,,,,,,,,,,,,
myarick_TE_NYG,Chris Myarick,TE,NYG,,,,,,,,,,,,,,,,,,,,,,
wilkerson_WR_LV,Kristian Wilkerson,WR,LV,,,,,,,,,,,,,,,,,,,,,,
bargas_RB_NO,Jake Bargas,RB,NO,,,,,,,,,,,,,,,,,,,,,,
bachman_WR_HOU,Alex Bachman,WR,HOU,,,,,,,,,,,,,,,,,,,,,,
sermon_RB_PHI,Trey Sermon,RB,PHI,,,,,,,,,,,,,,,,,,,,,,
fitzpatrick_WR_PIT,Dez Fitzpatrick,WR,PIT,,,,,,,,,,,,,,,,,,,,,,
schwartz_WR_CLE,Anthony Schwartz,WR,CLE,,,,,,,,,,,,,,,,,,,,,,
mond_QB_CLE,Kellen Mond,QB,CLE,,,,,,,,,,,,,,,,,,,,,,
darden_WR_CLE,Jaelon Darden,WR,CLE,,,,,,,,,,,,,,,,,,,,,,
powell_WR_KC,Cornell Powell,WR,KC,,,,,,,,,,,,,,,,,,,,,,
felton_WR_CLE,Demetric Felton Jr.,WR,CLE,,,,,,,,,,,,,,,,,,,,,,
harris_WR_JAX,Jacob Harris,WR,JAX,,,,,,,,,,,,,,,,,,,,,,
smithmarsette_WR_KC,Ihmir Smith-Marsette,WR,KC,,,,,,,,,,,,,,,,,,,,,,
newsome_WR_SF,Dazz Newsome,WR,SF,,,,,,,,,,,,,,,,,,,,,,
wallace_WR_BAL,Tylan Wallace,WR,BAL,,,,,,,,,,,,,,,,,,,,,,
mason_RB_BAL,Ben Mason,RB,BAL,,,,,,,,,,,,,,,,,,,,,,
williams_WR_JAX,Seth Williams,WR,JAX,,,,,,,,,,,,,,,,,,,,,,
williams_RB_ATL,Avery Williams,RB,ATL,,,,,,,,,,,,,,,,,,,,,,
baker_WR_NO,Kawaan Baker,WR,NO,,,,,,,,,,,,,,,,,,,,,,
book_QB_PHI,Ian Book,QB,PHI,,,,,,,,,,,,,,,,,,,,,,
nixon_WR_NE,Tre Nixon,WR,NE,,,,,,,,,,,,,,,,,,,,,,
strachan_WR_IND,Mike Strachan,WR,IND,,,,,,,,,,,,,,,,,,,,,,
davidson_TE_BUF,Zach Davidson,TE,BUF,,,,,,,,,,,,,,,,,,,,,,
ehlinger_QB_IND,Sam Ehlinger,QB,IND,,,,,,,,,,,,,,,,,,,,,,
funk_RB_IND,Jake Funk,RB,IND,,,,,,,,,,,,,,,,,,,,,,
camp_WR_HOU,Jalen Camp,WR,HOU,,,,,,,,,,,,,,,,,,,,,,
doaks_RB_HOU,Gerrid Doaks,RB,HOU,,,,,,,,,,,,,,,,,,,,,,
stevenson_WR_CAR,Marquez Stevenson,WR,CAR,,,,,,,,,,,,,,,,,,,,,,
franks_TE_ATL,Feleipe Franks,TE,ATL,,,,,,,,,,,,,,,,,,,,,,
yeboah_TE_NYJ,Kenny Yeboah,TE,NYJ,,,,,,,,,,,,,,,,,,,,,,
reyes_TE_JAX,Sammis Reyes,TE,JAX,,,,,,,,,,,,,,,,,,,,,,
hudson_TE_DEN,Tommy Hudson,TE,DEN,,,,,,,,,,,,,,,,,,,,,,
white_WR_PIT,Cody White,WR,PIT,,,,,,,,,,,,,,,,,,,,,,
forristall_TE_NO,Miller Forristall,TE,NO,,,,,,,,,,,,,,,,,,,,,,
ricci_TE_CAR,Giovanni Ricci,TE,CAR,,,,,,,,,,,,,,,,,,,,,,
winston_WR_SEA,Easop Winston Jr.,WR,SEA,,,,,,,,,,,,,,,,,,,,,,
cotton_WR_GB,Jeff Cotton,WR,GB,,,,,,,,,,,,,,,,,,,,,,
saunders_WR_CAR,C.J. Saunders,WR,CAR,,,,,,,,,,,,,,,,,,,,,,
kampmoyer_TE_LAC,Hunter Kampmoyer,TE,LAC,,,,,,,,,,,,,,,,,,,,,,
bushman_TE_KC,Matt Bushman,TE,KC,,,,,,,,,,,,,,,,,,,,,,
black_WR_BAL,Tarik Black,WR,BAL,,,,,,,,,,,,,,,,,,,,,,
bowers_TE_CIN,Nick Bowers,TE,CIN,,,,,,,,,,,,,,,,,,,,,,
sills_WR_NYG,David Sills V,WR,NYG,,,,,,,,,,,,,,,,,,,,,,
thompson_WR_SEA,Cody Thompson,WR,SEA,,,,,,,,,,,,,,,,,,,,,,
corral_QB_CAR,Matt Corral,QB,CAR,,,,,,,,,,,,,,,,,,,,,,
willis_QB_TEN,Malik Willis,QB,TEN,,,,,,,,,,,,,,,,,,,,,,
ebner_RB_CHI,Trestan Ebner,RB,CHI,,,,,,,,,,,,,,,,,,,,,,
ogletree_TE_IND,Andrew Ogletree,TE,IND,,,,,,,,,,,,,,,,,,,,,,
woods_WR_CLE,Michael Woods II,WR,CLE,,,,,,,,,,,,,,,,,,,,,,
melton_WR_GB,Bo Melton,WR,GB,,,,,,,,,,,,,,,,,,,,,,
thompson_QB_MIA,Skylar Thompson,QB,MIA,,,,,,,,,,,,,,,,,,,,,,
oladokun_QB_KC,Chris Oladokun,QB,KC,,,,,,,,,,,,,,,,,,,,,,
brown_RB_LV,Brittain Brown,RB,LV,,,,,,,,,,,,,,,,,,,,,,
smith_WR_ARI,Brandon Smith,WR,ARI,,,,,,,,,,,,,,,,,,,,,,
allen_WR_PHI,Devon Allen,WR,PHI,,,,,,,,,,,,,,,,,,,,,,
turner_WR_LV,DJ Turner,WR,LV,,,,,,,,,,,,,,,,,,,,,,
tonges_TE_CHI,Jake Tonges,TE,CHI,,,,,,,,,,,,,,,,,,,,,,
rogers_TE_WSH,Armani Rogers,TE,WSH,,,,,,,,,,,,,,,,,,,,,,
virgil_WR_DEN,Jalen Virgil,WR,DEN,,,,,,,,,,,,,,,,,,,,,,
conner_TE_MIA,Tanner Conner,TE,MIA,,,,,,,,,,,,,,,,,,,,,,
buechele_QB_KC,Shane Buechele,QB,KC,,,,,,,,,,,,,,,,,,,,,,
pryor_WR_JAX,Kendric Pryor,WR,JAX,,,,,,,,,,,,,,,,,,,,,,
webb_WR_NE,Raleigh Webb,WR,NE,,,,,,,,,,,,,,,,,,,,,,
geiger_WR_TB,Kaylon Geiger,WR,TB,,,,,,,,,,,,,,,,,,,,,,
baldwin_WR_CLE,Daylen Baldwin,WR,CLE,,,,,,,,,,,,,,,,,,,,,,
trammell_WR_LAR,Austin Trammell,WR,LAR,,,,,,,,,,,,,,,,,,,,,,
brown_QB_BAL,Anthony Brown,QB,BAL,,,,,,,,,,,,,,,,,,,,,,
fernea_WR_IND,Ethan Fernea,WR,IND,,,,,,,,,,,,,,,,,,,,,,
krull_TE_NO,Lucas Krull,TE,NO,,,,,,,,,,,,,,,,,,,,,,
ali_WR_ATL,Josh Ali,WR,ATL,,,,,,,,,,,,,,,,,,,,,,
houston_WR_DAL,Dennis Houston,WR,DAL,,,,,,,,,,,,,,,,,,,,,,
mcgowan_WR_WSH,Kyric McGowan,WR,WSH,,,,,,,,,,,,,,,,,,,,,,
johnson_WR_DEN,Brandon Johnson,WR,DEN,,,,,,,,,,,,,,,,,,,,,,
martin_WR_SF,Tay Martin,WR,SF,,,,,,,,,,,,,,,,,,,,,,
lassiter_WR_CIN,Kwamie Lassiter II,WR,CIN,,,,,,,,,,,,,,,,,,,,,,
johnson_WR_HOU,Johnny Johnson III,WR,HOU,,,,,,,,,,,,,,,,,,,,,,
sanders_WR_MIA,Braylon Sanders,WR,MIA,,,,,,,,,,,,,,,,,,,,,,
alexander_WR_DET,Maurice Alexander,WR,DET,,,,,,,,,,,,,,,,,,,,,,
washington_TE_NE,Scotty Washington,TE,NE,,,,,,,,,,,,,,,,,,,,,,
iosivas_WR_CIN,Andrei Iosivas,WR,CIN,,,,,,,,,,,,,,,,,,,,,,
mckee_QB_PHI,Tanner McKee,QB,PHI,,,,,,,,,,,,,,,,,,,,,,
haener_QB_NO,Jake Haener,QB,NO,,,,,,,,,,,,,,,,,,,,,,
rodriguez_RB_WSH,Chris Rodriguez Jr.,RB,WSH,,,,,,,,,,,,,,,,,,,,,,
thompsonrobinson_QB_CLE,Dorian Thompson-Robinson,QB,CLE,,,,,,,,,,,,,,,,,,,,,,
bell_WR_SF,Ronnie Bell,WR,SF,,,,,,,,,,,,,,,,,,,,,,
green_WR_DET,Antoine Green,WR,DET,,,,,,,,,,,,,,,,,,,,,,
hall_QB_MIN,Jaren Hall,QB,MIN,,,,,,,,,,,,,,,,,,,,,,
oconnell_QB_LV,Aidan O'Connell,QB,LV,,,,,,,,,,,,,,,,,,,,,,
palmer_WR_TB,Trey Palmer,WR,TB,,,,,,,,,,,,,,,,,,,,,,
tune_QB_ARI,Clayton Tune,QB,ARI,,,,,,,,,,,,,,,,,,,,,,
willis_TE_SF,Brayden Willis,TE,SF,,,,,,,,,,,,,,,,,,,,,,
duggan_QB_LAC,Max Duggan,QB,LAC,,,,,,,,,,,,,,,,,,,,,,
brooks_WR_DAL,Jalen Brooks,WR,DAL,,,,,,,,,,,,,,,,,,,,,,
hutchinson_WR_HOU,Xavier Hutchinson,WR,HOU,,,,,,,,,,,,,,,,,,,,,,
perry_WR_NO,A.T. Perry,WR,NO,,,,,,,,,,,,,,,,,,,,,,
dowell_WR_TEN,Colton Dowell,WR,TEN,,,,,,,,,,,,,,,,,,,,,,
henne_QB_KC,Chad Henne,QB,KC,,,,,,,,,,,,,,,,,,,,,,
jarwin_TE_DAL,Blake Jarwin,TE,DAL,,,,,,,,,,,,,,,,,,,,,,
carter_TE_MIA,Cethan Carter,TE,MIA,,,,,,,,,,,,,,,,,,,,,,
hogan_WR_NO,Chris Hogan,WR,NO,,,,,,,,,,,,,,,,,,,,,,
brady_QB_TB,Tom Brady,QB,TB,,,,,,,,,,,,,,,,,,,,,,
johnson_RB_NYJ,Ty Johnson,RB,NYJ,,,,,,,,,,,,,,,,,,,,,,
smith_RB_LV,Sutton Smith,RB,LV,,,,,,,,,,,,,,,,,,,,,,
coutee_WR_NO,Keke Coutee,WR,NO,,,,,,,,,,,,,,,,,,,,,,
michel_RB_LAR,Sony Michel,RB,LAR,,,,,,,,,,,,,,,,,,,,,,
badgley_K_DET,Michael Badgley,K,DET,,,,,,,,,,,,,,,,,,,,,,
gonzalez_K_SF,Zane Gonzalez,K,SF,,,,,,,,,,,,,,,,,,,,,,
white_RB_NE,James White,RB,NE,,,,,,,,,,,,,,,,,,,,,,
doyle_TE_IND,Jack Doyle,TE,IND,,,,,,,,,,,,,,,,,,,,,,
hyde_RB_JAX,Carlos Hyde,RB,JAX,,,,,,,,,,,,,,,,,,,,,,
hopkins_K_LAC,Dustin Hopkins,K,LAC,,,,,,,,,,,,,,,,,,,,,,
newton_QB_CAR,Cam Newton,QB,CAR,,,,,,,,,,,,,,,,,,,,,,
folk_K_NE,Nick Folk,K,NE,,,,,,,,,,,,,,,,,,,,,,
roethlisberger_QB_PIT,Ben Roethlisberger,QB,PIT,,,,,,,,,,,,,,,,,,,,,,
fitzpatrick_QB_WSH,Ryan Fitzpatrick,QB,WSH,,,,,,,,,,,,,,,,,,,,,,
bowden_WR_NO,Lynn Bowden Jr.,WR,NO,,,,,,,,,,,,,,,,,,,,,,
gandygolden_TE_WSH,Antonio Gandy-Golden,TE,WSH,,,,,,,,,,,,,,,,,,,,,,
perry_WR_NE,Malcolm Perry,WR,NE,,,,,,,,,,,,,,,,,,,,,,
blankenship_K_TB,Rodrigo Blankenship,K,TB,,,,,,,,,,,,,,,,,,,,,,
ellefson_TE_MIN,Ben Ellefson,TE,MIN,,,,,,,,,,,,,,,,,,,,,,
mccourt_K_JAX,James McCourt,K,JAX,,,,,,,,,,,,,,,,,,,,,,
bernhardt_WR_ATL,Jared Bernhardt,WR,ATL,,,,,,,,,,,,,,,,,,,,,,
berryhill_WR_DET,Stanley Berryhill,WR,DET,,,,,,,,,,,,,,,,,,,,,,
brown_K_LAR,Tanner Brown,K,LAR,,,,,,,,,,,,,,,,,,,,,,
