"name_espn","pos","team_espn","positionRank_espn","overallRank_espn","passAtt_espn","passComp_espn","passYds_espn","passTds_espn","passInt_espn","rushYds_espn","rushTds_espn","recYds_espn","recTds_espn","twoPts_espn","fumbles_espn","pts_espn"
"Aaron Rodgers","QB","GB",1,1,540,360,4279,39,7,271,3,0,0,NA,NA,352
"Drew Brees","QB","NO",2,2,660,427,5170,40,18,7,1,0,0,NA,NA,334
"Tom Brady","QB","NE",4,3,605,393,4765,34,8,57,2,0,0,NA,NA,325
"Peyton Manning","QB","DEN",3,4,602,400,4870,38,13,4,1,0,0,NA,NA,324
"Cam Newton","QB","CAR",5,5,497,296,3883,20,13,726,8,0,0,NA,NA,323
"Matt Ryan","QB","ATL",6,6,610,402,4737,33,11,130,1,0,0,NA,NA,314
"Colin Kaepernick","QB","SF",7,7,450,282,3833,20,10,590,7,0,0,NA,NA,306
"Matthew Stafford","QB","DET",9,8,707,446,4975,28,16,91,1,0,0,NA,NA,288
"Tony Romo","QB","DAL",12,9,627,417,4756,30,15,40,1,0,0,NA,NA,284
"Russell Wilson","QB","SEA",10,10,437,281,3150,26,13,526,5,0,0,NA,NA,280
"Andrew Luck","QB","IND",11,10,613,372,4061,26,12,289,3,0,0,NA,NA,280
"Adrian Peterson","RB","MIN",1,12,0,0,0,0,0,1692,13,308,1,NA,NA,279
"Robert Griffin III","QB","WAS",8,13,377,237,3067,17,7,624,6,0,0,NA,NA,268
"Arian Foster","RB","HOU",2,14,0,0,0,0,0,1354,13,406,2,NA,NA,261
"Calvin Johnson","WR","DET",1,15,0,0,0,0,0,15,0,1698,12,NA,NA,236
"Marshawn Lynch","RB","SEA",3,16,0,0,0,0,0,1439,12,165,1,NA,NA,233
"Eli Manning","QB","NYG",13,17,532,318,4037,25,17,31,1,0,0,NA,NA,232
"Ray Rice","RB","BAL",4,17,0,0,0,0,0,1190,9,498,2,NA,NA,232
"Matt Schaub","QB","HOU",22,19,570,354,4117,23,12,7,0,0,0,NA,NA,230
"Jamaal Charles","RB","KC",6,20,0,0,0,0,0,1499,4,474,2,NA,NA,228
"C.J. Spiller","RB","BUF",7,21,0,0,0,0,0,1498,5,429,2,NA,NA,227
"Doug Martin","RB","TB",5,22,0,0,0,0,0,1294,8,470,1,NA,NA,226
"Trent Richardson","RB","CLE",8,22,0,0,0,0,0,1251,10,374,1,NA,NA,226
"Ben Roethlisberger","QB","PIT",14,24,449,287,3275,25,9,101,1,0,0,NA,NA,221
"Carson Palmer","QB","ARI",21,24,535,321,4087,25,18,21,0,0,0,NA,NA,221
"Alfred Morris","RB","WAS",9,26,0,0,0,0,0,1497,11,101,0,NA,NA,219
"Josh Freeman","QB","TB",20,27,550,298,3771,24,17,149,0,0,0,NA,NA,218
"Philip Rivers","QB","SD",23,28,552,352,3789,26,16,35,0,0,0,NA,NA,216
"Joe Flacco","QB","BAL",15,29,525,320,3892,21,11,27,1,0,0,NA,NA,215
"Andy Dalton","QB","CIN",18,30,520,307,3446,24,16,131,1,0,0,NA,NA,210
"Sam Bradford","QB","STL",17,31,531,322,3523,23,14,104,0,0,0,NA,NA,206
"Ryan Tannehill","QB","MIA",24,32,477,283,3249,18,11,227,2,0,0,NA,NA,205
"Dez Bryant","WR","DAL",3,33,0,0,0,0,0,3,0,1405,11,NA,NA,202
"A.J. Green","WR","CIN",2,34,0,0,0,0,0,37,0,1287,12,NA,NA,201
"Jay Cutler","QB","CHI",19,35,456,278,3141,21,14,232,1,0,0,NA,NA,200
"LeSean McCoy","RB","PHI",10,35,0,0,0,0,0,1120,4,529,3,NA,NA,200
"Michael Vick","QB","PHI",16,37,378,225,2676,18,13,417,2,0,0,NA,NA,198
"Brandon Marshall","WR","CHI",4,38,0,0,0,0,0,3,0,1365,10,NA,NA,196
"Steven Jackson","RB","ATL",11,39,0,0,0,0,0,976,9,371,1,NA,NA,192
"Julio Jones","WR","ATL",5,40,0,0,0,0,0,64,0,1227,10,NA,NA,186
"Matt Forte","RB","CHI",12,41,0,0,0,0,0,1043,4,448,2,NA,NA,182
"Stevan Ridley","RB","NE",13,42,0,0,0,0,0,1247,10,37,0,NA,NA,181
"Demaryius Thomas","WR","DEN",6,43,0,0,0,0,0,0,0,1249,10,NA,NA,180
"Frank Gore","RB","SF",14,44,0,0,0,0,0,1102,8,187,1,NA,NA,178
"Roddy White","WR","ATL",7,45,0,0,0,0,0,0,0,1290,8,NA,NA,177
"Andre Johnson","WR","HOU",9,45,0,0,0,0,0,0,0,1412,6,NA,NA,177
"Vincent Jackson","WR","TB",8,47,0,0,0,0,0,0,0,1334,7,NA,NA,175
"Jimmy Graham","TE","NO",1,48,0,0,0,0,0,0,0,1167,10,NA,NA,174
"Rob Gronkowski","TE","NE",2,49,0,0,0,0,0,0,0,978,13,NA,NA,173
"Chris Johnson","RB","TEN",15,50,0,0,0,0,0,1198,5,292,0,NA,NA,172
"Maurice Jones-Drew","RB","JAC",16,50,0,0,0,0,0,1042,6,288,1,NA,NA,172
"Randall Cobb","WR","GB",10,52,0,0,0,0,0,133,0,1186,7,NA,NA,171
"Alex Smith","QB","KC",25,53,361,217,2466,17,6,147,1,0,0,NA,NA,170
"Jake Locker","QB","TEN",26,53,378,209,2705,15,14,309,1,0,0,NA,NA,170
"Brandon Weeden","QB","CLE",27,53,448,249,3177,17,15,97,0,0,0,NA,NA,170
"Darren McFadden","RB","OAK",18,56,0,0,0,0,0,1088,5,306,1,NA,NA,168
"Larry Fitzgerald","WR","ARI",11,57,0,0,0,0,0,0,0,1256,7,NA,NA,167
"Christian Ponder","QB","MIN",28,58,422,260,2679,17,13,204,1,0,0,NA,NA,165
"David Wilson","RB","NYG",17,59,0,0,0,0,0,1067,4,267,2,NA,NA,164
"Reggie Bush","RB","DET",22,60,0,0,0,0,0,703,3,610,3,NA,NA,161
"Eddie Lacy","RB","GB",19,61,0,0,0,0,0,1009,8,133,0,NA,NA,159
"Darren Sproles","RB","NO",21,62,0,0,0,0,0,313,2,696,7,NA,NA,154
"Wes Welker","WR","DEN",12,62,0,0,0,0,0,16,0,1170,6,NA,NA,154
"Mike Wallace","WR","MIA",16,62,0,0,0,0,0,47,0,1108,7,NA,NA,154
"E.J. Manuel","QB","BUF",29,65,289,159,2109,11,17,403,4,0,0,NA,NA,152
"Victor Cruz","WR","NYG",13,65,0,0,0,0,0,0,0,1043,8,NA,NA,152
"DeMarco Murray","RB","DAL",20,67,0,0,0,0,0,975,5,289,0,NA,NA,151
"Marques Colston","WR","NO",14,68,0,0,0,0,0,0,0,1065,8,NA,NA,150
"Reggie Wayne","WR","IND",15,69,0,0,0,0,0,0,0,1210,5,NA,NA,149
"James Jones","WR","GB",22,70,0,0,0,0,0,0,0,1045,7,NA,NA,146
"Montee Ball","RB","DEN",23,71,0,0,0,0,0,814,8,98,1,NA,NA,142
"Ryan Mathews","RB","SD",25,72,0,0,0,0,0,915,3,298,1,NA,NA,140
"Lamar Miller","RB","MIA",26,73,0,0,0,0,0,905,5,220,0,NA,NA,138
"Torrey Smith","WR","BAL",28,73,0,0,0,0,0,24,0,946,7,NA,NA,138
"Steve Smith","WR","CAR",19,75,0,0,0,0,0,43,0,1117,4,NA,NA,137
"Matt Flynn","QB","OAK",30,76,313,184,2145,14,9,99,1,0,0,NA,NA,134
"Eric Decker","WR","DEN",20,76,0,0,0,0,0,0,0,883,8,NA,NA,134
"Antonio Brown","WR","PIT",23,76,0,0,0,0,0,42,0,980,6,NA,NA,134
"Jordy Nelson","WR","GB",24,76,0,0,0,0,0,0,0,1003,6,NA,NA,134
"Sidney Rice","WR","SEA",33,76,0,0,0,0,0,0,0,940,7,NA,NA,134
"Rashard Mendenhall","RB","ARI",31,81,0,0,0,0,0,806,6,137,1,NA,NA,133
"Tony Gonzalez","TE","ATL",3,81,0,0,0,0,0,0,0,856,8,NA,NA,133
"Dwayne Bowe","WR","KC",21,83,0,0,0,0,0,0,0,982,6,NA,NA,132
"Cecil Shorts","WR","JAC",26,84,0,0,0,0,0,0,0,970,6,NA,NA,131
"Daryl Richardson","RB","STL",33,85,0,0,0,0,0,706,5,289,1,NA,NA,130
"DeSean Jackson","WR","PHI",27,85,0,0,0,0,0,55,0,995,5,NA,NA,130
"Giovani Bernard","RB","CIN",29,87,0,0,0,0,0,704,3,390,1,NA,NA,129
"Chris Ivory","RB","NYJ",24,88,0,0,0,0,0,855,7,57,0,NA,NA,128
"Ahmad Bradshaw","RB","IND",27,88,0,0,0,0,0,654,6,233,1,NA,NA,128
"DeAngelo Williams","RB","CAR",28,88,0,0,0,0,0,779,5,195,1,NA,NA,128
"Shane Vereen","RB","NE",32,88,0,0,0,0,0,587,4,386,2,NA,NA,128
"Steve Johnson","WR","BUF",32,88,0,0,0,0,0,0,0,1008,5,NA,NA,128
"BenJarvus Green-Ellis","RB","CIN",30,93,0,0,0,0,0,846,6,98,0,NA,NA,127
"T.Y. Hilton","WR","IND",34,94,0,0,0,0,0,21,0,902,6,NA,NA,126
"Anquan Boldin","WR","SF",31,95,0,0,0,0,0,12,0,887,6,NA,NA,125
"Hakeem Nicks","WR","NYG",18,96,0,0,0,0,0,0,0,884,6,NA,NA,124
"Pierre Garcon","WR","WAS",25,97,0,0,0,0,0,18,0,889,6,NA,NA,123
"Mike Williams","WR","TB",36,97,0,0,0,0,0,0,0,954,5,NA,NA,123
"Jason Witten","TE","DAL",4,97,0,0,0,0,0,0,0,936,5,NA,NA,123
"Greg Jennings","WR","MIN",29,100,0,0,0,0,0,0,0,806,7,NA,NA,122
"Tavon Austin","WR","STL",30,101,0,0,0,0,0,78,0,823,5,NA,NA,119
"Miles Austin","WR","DAL",35,102,0,0,0,0,0,0,0,840,6,NA,NA,118
"Josh Gordon","WR","CLE",42,102,0,0,0,0,0,0,0,901,5,NA,NA,118
"Lance Moore","WR","NO",37,104,0,0,0,0,0,0,0,758,7,NA,NA,117
"Chris Givens","WR","STL",41,104,0,0,0,0,0,24,0,934,4,NA,NA,117
"Danny Amendola","WR","NE",17,106,0,0,0,0,0,21,0,754,7,NA,NA,115
"Denarius Moore","WR","OAK",40,106,0,0,0,0,0,17,0,809,6,NA,NA,115
"Vernon Davis","TE","SF",5,108,0,0,0,0,0,0,0,785,6,NA,NA,114
"Andre Brown","RB","NYG",35,109,0,0,0,0,0,543,7,117,1,NA,NA,113
"Golden Tate","WR","SEA",45,110,0,0,0,0,0,25,0,687,7,NA,NA,112
"Kendall Wright","WR","TEN",49,110,0,0,0,0,0,0,0,846,5,NA,NA,112
"Ronnie Hillman","RB","DEN",37,112,0,0,0,0,0,686,2,238,2,NA,NA,111
"Emmanuel Sanders","WR","PIT",39,113,0,0,0,0,0,14,0,877,4,NA,NA,110
"Vincent Brown","WR","SD",43,114,0,0,0,0,0,0,0,723,6,NA,NA,108
"Ryan Broyles","WR","DET",48,115,0,0,0,0,0,0,0,879,4,NA,NA,107
"Vick Ballard","RB","IND",34,116,0,0,0,0,0,630,6,90,0,NA,NA,106
"Rueben Randle","WR","NYG",47,117,0,0,0,0,0,0,0,774,5,NA,NA,105
"Mark Ingram","RB","NO",36,118,0,0,0,0,0,655,5,81,0,NA,NA,103
"Geno Smith","QB","NYJ",31,119,263,144,1871,9,10,107,2,0,0,NA,NA,102
"Greg Olsen","TE","CAR",8,119,0,0,0,0,0,0,0,747,5,NA,NA,102
"Malcom Floyd","WR","SD",46,121,0,0,0,0,0,0,0,696,5,NA,NA,99
"Antonio Gates","TE","SD",9,121,0,0,0,0,0,0,0,573,7,NA,NA,99
"Kyle Rudolph","TE","MIN",6,123,0,0,0,0,0,0,0,503,8,NA,NA,98
"Owen Daniels","TE","HOU",7,123,0,0,0,0,0,0,0,702,5,NA,NA,98
"Brandon Myers","TE","NYG",10,123,0,0,0,0,0,0,0,685,5,NA,NA,98
"Jermichael Finley","TE","GB",12,123,0,0,0,0,0,0,0,743,4,NA,NA,98
"Jared Cook","TE","STL",11,127,0,0,0,0,0,0,0,662,5,NA,NA,94
"Kenny Britt","WR","TEN",38,128,0,0,0,0,0,0,0,656,5,NA,NA,93
"Martellus Bennett","TE","CHI",13,128,0,0,0,0,0,0,0,573,6,NA,NA,93
"Alshon Jeffery","WR","CHI",51,130,0,0,0,0,0,0,0,765,3,NA,NA,92
"Blaine Gabbert","QB","JAC",32,131,297,174,1746,10,14,53,1,0,0,NA,NA,90
"Andre Roberts","WR","ARI",52,132,0,0,0,0,0,21,0,678,3,NA,NA,87
"DeAndre Hopkins","WR","HOU",50,133,0,0,0,0,0,0,0,562,5,NA,NA,86
"Isaac Redman","RB","PIT",40,134,0,0,0,0,0,533,4,123,0,NA,NA,85
"Michael Floyd","WR","ARI",44,135,0,0,0,0,0,0,0,686,3,NA,NA,84
"Jacquizz Rodgers","RB","ATL",47,136,0,0,0,0,0,396,1,345,1,NA,NA,83
"Jeremy Kerley","WR","NYJ",63,136,0,0,0,0,0,21,0,754,2,NA,NA,83
"Michael Bush","RB","CHI",52,138,0,0,0,0,0,458,6,35,0,NA,NA,82
"Austin Collie","WR","SF",57,138,0,0,0,0,0,0,0,523,5,NA,NA,82
"Brandon Pettigrew","TE","DET",14,138,0,0,0,0,0,0,0,547,5,NA,NA,82
"Brian Hartline","WR","MIA",54,141,0,0,0,0,0,0,0,657,3,NA,NA,81
"Mikel Leshoure","RB","DET",43,142,0,0,0,0,0,454,5,91,0,NA,NA,80
"Shonn Greene","RB","TEN",48,142,0,0,0,0,0,430,6,59,0,NA,NA,80
"Bilal Powell","RB","NYJ",49,142,0,0,0,0,0,481,4,102,0,NA,NA,80
"Danny Woodhead","RB","SD",59,145,0,0,0,0,0,365,0,391,1,NA,NA,79
"Braylon Edwards","WR","NYJ",64,145,0,0,0,0,0,0,0,512,5,NA,NA,79
"Pierre Thomas","RB","NO",58,147,0,0,0,0,0,422,0,327,1,NA,NA,78
"Justin Blackmon","WR","JAC",55,147,0,0,0,0,0,20,0,601,3,NA,NA,78
"Fred Davis","TE","WAS",15,147,0,0,0,0,0,0,0,605,3,NA,NA,78
"Jacoby Jones","WR","BAL",59,150,0,0,0,0,0,18,0,620,3,NA,NA,77
"Le'Veon Bell","RB","PIT",39,151,0,0,0,0,0,398,4,155,0,NA,NA,76
"Brandon LaFell","WR","CAR",67,151,0,0,0,0,0,23,0,644,2,NA,NA,76
"Isaiah Pead","RB","STL",38,153,0,0,0,0,0,502,2,98,1,NA,NA,75
"Bryce Brown","RB","PHI",41,153,0,0,0,0,0,556,3,89,0,NA,NA,75
"Greg Little","WR","CLE",56,153,0,0,0,0,0,16,0,567,3,NA,NA,75
"Jordan Cameron","TE","CLE",16,153,0,0,0,0,0,0,0,599,3,NA,NA,75
"Roy Helu","RB","WAS",53,157,0,0,0,0,0,311,1,278,2,NA,NA,74
"Kenbrell Thompkins","WR","NE",53,157,0,0,0,0,0,0,0,588,3,NA,NA,74
"Brandon Lloyd","WR","FA",74,157,0,0,0,0,0,0,0,564,3,NA,NA,74
"Jonathan Stewart","RB","CAR",44,160,0,0,0,0,0,434,3,140,0,NA,NA,73
"Johnathan Franklin","RB","GB",51,160,0,0,0,0,0,287,2,237,2,NA,NA,73
"Michael Turner","RB","FA",69,160,0,0,0,0,0,371,6,25,0,NA,NA,73
"Jonathan Dwyer","RB","PIT",50,163,0,0,0,0,0,383,4,109,0,NA,NA,72
"Marcel Reece","RB","OAK",61,163,0,0,0,0,0,208,0,482,1,NA,NA,72
"Ben Tate","RB","HOU",46,165,0,0,0,0,0,487,3,62,0,NA,NA,70
"Santana Moss","WR","WAS",58,165,0,0,0,0,0,12,0,533,3,NA,NA,70
"Darrius Heyward-Bey","WR","IND",60,165,0,0,0,0,0,18,0,530,3,NA,NA,70
"Julius Thomas","TE","DEN",22,165,0,0,0,0,0,0,0,547,3,NA,NA,70
"Bernard Pierce","RB","BAL",42,169,0,0,0,0,0,539,2,46,0,NA,NA,69
"Fred Jackson","RB","BUF",45,169,0,0,0,0,0,387,3,118,1,NA,NA,69
"Robert Woods","WR","BUF",61,169,0,0,0,0,0,24,0,514,3,NA,NA,69
"Andrew Hawkins","WR","CIN",68,169,0,0,0,0,0,27,0,554,2,NA,NA,69
"Jermaine Gresham","TE","CIN",20,169,0,0,0,0,0,0,0,533,3,NA,NA,69
"Robert Turbin","RB","SEA",54,174,0,0,0,0,0,420,3,89,0,NA,NA,68
"Zac Stacy","RB","STL",55,174,0,0,0,0,0,419,4,51,0,NA,NA,68
"Nate Burleson","WR","DET",66,174,0,0,0,0,0,14,0,596,2,NA,NA,68
"Coby Fleener","TE","IND",17,174,0,0,0,0,0,0,0,467,4,NA,NA,68
"Aaron Dobson","WR","NE",62,178,0,0,0,0,0,0,0,454,4,NA,NA,67
"Brian Quick","WR","STL",69,178,0,0,0,0,0,0,0,571,2,NA,NA,67
"Ed Dickson","TE","BAL",18,178,0,0,0,0,0,0,0,456,4,NA,NA,67
"Mike Tolbert","RB","CAR",57,181,0,0,0,0,0,176,5,198,0,NA,NA,66
"Marcedes Lewis","TE","JAC",28,181,0,0,0,0,0,0,0,564,2,NA,NA,66
"Rod Streater","WR","OAK",73,183,0,0,0,0,0,0,0,498,3,NA,NA,65
"Brandon Gibson","WR","MIA",78,183,0,0,0,0,0,14,0,403,4,NA,NA,65
"Dwayne Allen","TE","IND",19,183,0,0,0,0,0,0,0,434,4,NA,NA,65
"Mohamed Sanu","WR","CIN",81,186,0,0,0,0,0,26,0,403,4,NA,NA,64
"Tyler Eifert","TE","CIN",24,186,0,0,0,0,0,0,0,529,2,NA,NA,64
"Nick Foles","QB","PHI",36,188,197,118,1304,7,6,15,0,0,0,NA,NA,63
"Eddie Royal","WR","SD",79,188,0,0,0,0,0,14,0,506,2,NA,NA,63
"Rob Housler","TE","ARI",21,188,0,0,0,0,0,0,0,510,2,NA,NA,63
"Brent Celek","TE","PHI",26,188,0,0,0,0,0,0,0,590,1,NA,NA,63
"Heath Miller","TE","PIT",30,188,0,0,0,0,0,0,0,475,3,NA,NA,63
"Kendall Hunter","RB","SF",60,193,0,0,0,0,0,472,2,58,0,NA,NA,62
"Julian Edelman","WR","NE",77,193,0,0,0,0,0,45,0,488,2,NA,NA,62
"Davone Bess","WR","CLE",80,193,0,0,0,0,0,0,0,525,2,NA,NA,62
"Jason Avant","WR","PHI",85,193,0,0,0,0,0,0,0,602,1,NA,NA,62
"Daniel Thomas","RB","MIA",56,197,0,0,0,0,0,388,3,72,0,NA,NA,61
"Scott Chandler","TE","BUF",27,198,0,0,0,0,0,0,0,385,4,NA,NA,60
"Kevin Kolb","QB","BUF",35,199,155,92,995,8,7,48,0,0,0,NA,NA,59
"Lance Dunbar","RB","DAL",67,199,0,0,0,0,0,351,2,61,1,NA,NA,59
"Riley Cooper","WR","PHI",84,199,0,0,0,0,0,0,0,458,3,NA,NA,59
"Zach Miller","TE","SEA",25,199,0,0,0,0,0,0,0,438,3,NA,NA,59
"Cordarrelle Patterson","WR","MIN",70,203,0,0,0,0,0,25,0,388,3,NA,NA,58
"Justin Hunter","WR","TEN",72,203,0,0,0,0,0,0,0,426,3,NA,NA,58
"Santonio Holmes","WR","NYJ",65,205,0,0,0,0,0,0,0,412,3,NA,NA,57
"Jarius Wright","WR","MIN",76,206,0,0,0,0,0,37,0,492,1,NA,NA,56
"Josh Morgan","WR","WAS",92,206,0,0,0,0,0,20,0,488,1,NA,NA,56
"Dexter McCluster","WR","KC",95,206,0,0,0,0,0,76,0,476,1,NA,NA,56
"Keenan Allen","WR","SD",71,209,0,0,0,0,0,18,0,389,3,NA,NA,55
"Jacoby Ford","WR","OAK",99,209,0,0,0,0,0,39,0,486,1,NA,NA,55
"Delanie Walker","TE","TEN",32,209,0,0,0,0,0,0,0,394,3,NA,NA,55
"LaRod Stephens-Howling","RB","PIT",63,212,0,0,0,0,0,216,1,235,1,NA,NA,54
"Joseph Randle","RB","DAL",68,213,0,0,0,0,0,279,1,187,1,NA,NA,53
"Willis McGahee","RB","FA",80,213,0,0,0,0,0,363,2,76,0,NA,NA,53
"Cedric Benson","RB","FA",82,213,0,0,0,0,0,376,2,65,0,NA,NA,53
"Nate Washington","WR","TEN",82,213,0,0,0,0,0,12,0,342,3,NA,NA,53
"Leonard Hankerson","WR","WAS",94,213,0,0,0,0,0,16,0,460,1,NA,NA,53
"Zach Sudfeld","TE","NE",23,213,0,0,0,0,0,0,0,376,3,NA,NA,53
"Zach Ertz","TE","PHI",29,213,0,0,0,0,0,0,0,413,2,NA,NA,53
"DuJuan Harris","RB","GB",64,220,0,0,0,0,0,317,1,154,0,NA,NA,52
"Toby Gerhart","RB","MIN",72,220,0,0,0,0,0,287,1,145,1,NA,NA,52
"Rashad Jennings","RB","OAK",73,220,0,0,0,0,0,372,1,130,0,NA,NA,52
"Doug Baldwin","WR","SEA",86,220,0,0,0,0,0,0,0,409,2,NA,NA,52
"Donnie Avery","WR","KC",88,220,0,0,0,0,0,2,0,484,1,NA,NA,52
"Kellen Winslow","TE","NYJ",36,220,0,0,0,0,0,0,0,427,2,NA,NA,52
"LaMichael James","RB","SF",71,226,0,0,0,0,0,190,3,105,1,NA,NA,51
"Joique Bell","RB","DET",76,226,0,0,0,0,0,180,1,271,0,NA,NA,51
"Stephen Hill","WR","NYJ",75,226,0,0,0,0,0,0,0,356,3,NA,NA,51
"Domenik Hixon","WR","CAR",93,229,0,0,0,0,0,0,0,400,2,NA,NA,50
"Dallas Clark","TE","BAL",31,229,0,0,0,0,0,0,0,343,3,NA,NA,50
"Chad Henne","QB","JAC",33,231,157,88,961,6,8,57,0,0,0,NA,NA,49
"Ryan Williams","RB","ARI",65,231,0,0,0,0,0,265,2,98,1,NA,NA,49
"Justin Forsett","RB","JAC",66,231,0,0,0,0,0,359,1,89,0,NA,NA,49
"Kenny Stills","WR","NO",87,231,0,0,0,0,0,0,0,311,3,NA,NA,49
"Travis Kelce","TE","KC",33,231,0,0,0,0,0,0,0,377,2,NA,NA,49
"Christine Michael","RB","SEA",62,236,0,0,0,0,0,239,3,91,0,NA,NA,48
"Mike Gillislee","RB","MIA",70,236,0,0,0,0,0,301,1,126,0,NA,NA,48
"Jordan Shipley","WR","JAC",104,236,0,0,0,0,0,0,0,445,1,NA,NA,48
"Terrance Williams","WR","DAL",91,239,0,0,0,0,0,0,0,410,1,NA,NA,47
"Quinton Patton","WR","SF",105,239,0,0,0,0,0,0,0,353,2,NA,NA,47
"Luke Stocker","TE","TB",35,239,0,0,0,0,0,0,0,358,2,NA,NA,47
"Mark Sanchez","QB","NYJ",34,242,166,92,1046,5,10,36,1,0,0,NA,NA,46
"Harry Douglas","WR","ATL",100,242,0,0,0,0,0,4,0,404,1,NA,NA,46
"Knile Davis","RB","KC",75,244,0,0,0,0,0,314,2,56,0,NA,NA,44
"Jerome Simpson","WR","MIN",83,244,0,0,0,0,0,0,0,349,2,NA,NA,44
"Tony Scheffler","TE","DET",34,246,0,0,0,0,0,0,0,332,2,NA,NA,43
"Dwayne Harris","WR","DAL",107,247,0,0,0,0,0,0,0,362,1,NA,NA,42
"Jacob Tamme","TE","DEN",38,248,0,0,0,0,0,0,0,286,2,NA,NA,40
"T.J. Graham","WR","BUF",96,249,0,0,0,0,0,27,0,256,2,NA,NA,39
"Tom Crabtree","TE","TB",39,249,0,0,0,0,0,0,0,278,2,NA,NA,39
"Ronnie Brown","RB","SD",84,251,0,0,0,0,0,145,0,265,0,NA,NA,38
"Earl Bennett","WR","CHI",118,251,0,0,0,0,0,0,0,340,1,NA,NA,38
"Brandon Jackson","RB","CLE",79,253,0,0,0,0,0,154,1,121,1,NA,NA,37
"Beanie Wells","RB","FA",81,253,0,0,0,0,0,261,2,17,0,NA,NA,37
"David Paulson","TE","PIT",37,253,0,0,0,0,0,0,0,257,2,NA,NA,37
"Markus Wheaton","WR","PIT",97,256,0,0,0,0,0,0,0,305,1,NA,NA,36
"A.J. Jenkins","WR","KC",98,256,0,0,0,0,0,0,0,268,2,NA,NA,36
"Corey Fuller","WR","DET",102,256,0,0,0,0,0,0,0,249,2,NA,NA,36
"Tiquan Underwood","WR","TB",112,256,0,0,0,0,0,0,0,304,1,NA,NA,36
"Kyle Williams","WR","SF",109,260,0,0,0,0,0,0,0,298,1,NA,NA,35
"Knowshon Moreno","RB","DEN",74,261,0,0,0,0,0,213,1,78,0,NA,NA,34
"Shaun Draughn","RB","KC",86,261,0,0,0,0,0,123,0,246,0,NA,NA,34
"Stedman Bailey","WR","STL",117,261,0,0,0,0,0,0,0,285,1,NA,NA,34
"Louis Murphy","WR","NYG",120,261,0,0,0,0,0,6,0,284,1,NA,NA,34
"Kirk Cousins","QB","WAS",40,265,64,38,441,4,2,41,0,0,0,NA,NA,33
"Jon Baldwin","WR","SF",106,265,0,0,0,0,0,0,0,290,1,NA,NA,33
"Taylor Thompson","TE","TEN",40,265,0,0,0,0,0,0,0,278,1,NA,NA,33
"Lestar Jean","WR","HOU",103,268,0,0,0,0,0,0,0,261,1,NA,NA,32
"Felix Jones","RB","PIT",83,269,0,0,0,0,0,222,0,117,0,NA,NA,31
"Michael Crabtree","WR","SF",90,269,0,0,0,0,0,0,0,199,2,NA,NA,31
"Marvin Jones","WR","CIN",108,269,0,0,0,0,0,14,0,243,1,NA,NA,31
"Tandon Doss","WR","BAL",111,269,0,0,0,0,0,0,0,257,1,NA,NA,31
"Matt Cassel","QB","MIN",37,273,78,45,485,4,4,39,0,0,0,NA,NA,30
"Jason Snelling","RB","ATL",96,273,0,0,0,0,0,66,0,187,1,NA,NA,30
"Jason Campbell","QB","CLE",38,275,102,61,652,3,5,15,0,0,0,NA,NA,29
"Bruce Gradkowski","QB","PIT",39,275,120,65,768,3,6,12,0,0,0,NA,NA,29
"Andre Ellington","RB","ARI",87,275,0,0,0,0,0,135,0,104,1,NA,NA,29
"Robert Meachem","WR","SD",101,275,0,0,0,0,0,11,0,223,1,NA,NA,29
"Josh Boyce","WR","NE",115,275,0,0,0,0,0,0,0,234,1,NA,NA,29
"Evan Royster","RB","WAS",77,280,0,0,0,0,0,165,0,128,0,NA,NA,28
"Montario Hardesty","RB","CLE",92,281,0,0,0,0,0,154,2,0,0,NA,NA,27
"Donald Brown","RB","IND",88,282,0,0,0,0,0,220,0,68,0,NA,NA,26
"Percy Harvin","WR","SEA",89,283,0,0,0,0,0,45,0,165,1,NA,NA,24
"Chris Polk","RB","PHI",78,284,0,0,0,0,0,205,0,35,0,NA,NA,23
"Stepfan Taylor","RB","ARI",90,284,0,0,0,0,0,119,1,60,0,NA,NA,23
"Aaron Mellette","WR","BAL",119,284,0,0,0,0,0,0,0,172,1,NA,NA,23
"Da'Rick Rogers","WR","BUF",116,287,0,0,0,0,0,14,0,151,1,NA,NA,22
"Mike Goodson","RB","NYJ",85,288,0,0,0,0,0,120,0,54,1,NA,NA,21
"Chris Ogbonnaya","RB","CLE",103,289,0,0,0,0,0,27,0,204,0,NA,NA,20
"Mario Manningham","WR","SF",114,289,0,0,0,0,0,0,0,201,0,NA,NA,20
"Marlon Moore","WR","SF",113,291,0,0,0,0,0,0,0,136,1,NA,NA,19
"Brandon Bolden","RB","NE",93,292,0,0,0,0,0,121,1,0,0,NA,NA,18
"Bernard Scott","RB","CIN",97,292,0,0,0,0,0,94,0,92,0,NA,NA,18
"Peyton Hillis","RB","TB",95,294,0,0,0,0,0,72,1,47,0,NA,NA,17
"Latavius Murray","RB","OAK",91,295,0,0,0,0,0,112,0,56,0,NA,NA,16
"Rex Burkhead","RB","CIN",98,296,0,0,0,0,0,75,1,22,0,NA,NA,15
"Nick Toon","WR","NO",110,296,0,0,0,0,0,0,0,99,1,NA,NA,15
"Delone Carter","RB","BAL",94,298,0,0,0,0,0,86,1,0,0,NA,NA,14
"Le'Ron McClain","RB","SD",109,298,0,0,0,0,0,52,1,37,0,NA,NA,14
"Joe McKnight","RB","NYJ",102,300,0,0,0,0,0,124,0,0,0,NA,NA,12
"Armando Allen","RB","CHI",108,300,0,0,0,0,0,137,0,14,0,NA,NA,12
"Leon Washington","RB","NE",107,302,0,0,0,0,0,96,0,44,0,NA,NA,11
"Alex Green","RB","GB",111,302,0,0,0,0,0,104,0,34,0,NA,NA,11
"LeGarrette Blount","RB","NE",89,304,0,0,0,0,0,46,1,0,0,NA,NA,10
"Denard Robinson","RB","JAC",104,304,0,0,0,0,0,67,0,49,0,NA,NA,10
"Tashard Choice","RB","BUF",101,306,0,0,0,0,0,77,0,17,0,NA,NA,8
"Cierre Wood","RB","HOU",99,307,0,0,0,0,0,66,0,17,0,NA,NA,7
"Anthony Allen","RB","BAL",100,308,0,0,0,0,0,54,0,14,0,NA,NA,6
"Da'Rel Scott","RB","NYG",105,308,0,0,0,0,0,55,0,14,0,NA,NA,6
"James Starks","RB","GB",110,310,0,0,0,0,0,49,0,7,0,NA,NA,4
"Ray Graham","RB","HOU",106,311,0,0,0,0,0,0,0,0,0,NA,NA,0
"Cyrus Gray","RB","KC",112,311,0,0,0,0,0,0,0,0,0,NA,NA,0
"Kenjon Barner","RB","CAR",113,311,0,0,0,0,0,0,0,0,0,NA,NA,0
"Terrance Ganaway","RB","STL",114,311,0,0,0,0,0,0,0,0,0,NA,NA,0
"Kerwynn Williams","RB","IND",115,311,0,0,0,0,0,0,0,0,0,NA,NA,0
"Marcus Lattimore","RB","SF",116,311,0,0,0,0,0,0,0,0,0,NA,NA,0
"Brandon Jacobs","RB","FA",117,311,0,0,0,0,0,0,0,0,0,NA,NA,0
"Javon Ringer","RB","FA",118,311,0,0,0,0,0,0,0,0,0,NA,NA,0
"Jackie Battle","RB","TEN",119,311,0,0,0,0,0,0,0,0,0,NA,NA,0
"Mike James","RB","TB",120,311,0,0,0,0,0,0,0,0,0,NA,NA,0
