key,name,pos,team,pass_tds,pass_yds,pass_ints,rush_tds,rush_yds,receptions,reception_tds,reception_yds,two_pts,fumbles,kick_0_19,kick_20_29,kick_30_39,kick_40_49,kick_50,kick_extra_points,df_points_allowed_per_game,df_sacks,df_safeties,df_fumbles,df_tds,df_ints
mccaffrey_RB_SF,Christian McCaffrey,RB,SF,,,,12.0,1221.0,67.0,4.0,526.0,,,,,,,,,,,,,,
lamb_WR_DAL,CeeDee Lamb,WR,DAL,,,,1.0,86.0,113.0,9.0,1408.0,,,,,,,,,,,,,,
hall_RB_NYJ,Breece Hall,RB,NYJ,,,,8.0,1051.0,68.0,3.0,546.0,,,,,,,,,,,,,,
robinson_RB_ATL,Bijan Robinson,RB,ATL,,,,8.0,1032.0,64.0,4.0,565.0,,,,,,,,,,,,,,
hill_WR_MIA,Tyreek Hill,WR,MIA,,,,0.0,25.0,106.0,8.0,1437.0,,,,,,,,,,,,,,
chase_WR_CIN,Ja'Marr Chase,WR,CIN,,,,0.0,18.0,106.0,8.0,1347.0,,,,,,,,,,,,,,
brown_WR_DET,Amon-Ra St. Brown,WR,DET,,,,0.0,29.0,110.0,7.0,1264.0,,,,,,,,,,,,,,
jefferson_WR_MIN,Justin Jefferson,WR,MIN,,,,0.0,10.0,106.0,7.0,1355.0,,,,,,,,,,,,,,
taylor_RB_IND,Jonathan Taylor,RB,IND,,,,10.0,1180.0,41.0,1.0,318.0,,,,,,,,,,,,,,
brown_WR_PHI,A.J. Brown,WR,PHI,,,,0.0,0.0,93.0,8.0,1305.0,,,,,,,,,,,,,,
barkley_RB_PHI,Saquon Barkley,RB,PHI,,,,9.0,1043.0,46.0,2.0,360.0,,,,,,,,,,,,,,
wilson_WR_NYJ,Garrett Wilson,WR,NYJ,,,,0.0,24.0,80.0,9.0,1139.0,,,,,,,,,,,,,,
nacua_WR_LAR,Puka Nacua,WR,LAR,,,,1.0,77.0,88.0,6.0,1238.0,,,,,,,,,,,,,,
gibbs_RB_DET,Jahmyr Gibbs,RB,DET,,,,8.0,872.0,51.0,2.0,375.0,,,,,,,,,,,,,,
williams_RB_LAR,Kyren Williams,RB,LAR,,,,10.0,1076.0,35.0,2.0,285.0,,,,,,,,,,,,,,
pacheco_RB_KC,Isiah Pacheco,RB,KC,,,,8.0,979.0,46.0,2.0,290.0,,,,,,,,,,,,,,
olave_WR_NO,Chris Olave,WR,NO,,,,0.0,0.0,87.0,6.0,1262.0,,,,,,,,,,,,,,
henry_RB_BAL,Derrick Henry,RB,BAL,,,,11.0,1059.0,27.0,1.0,223.0,,,,,,,,,,,,,,
etienne_RB_JAX,Travis Etienne Jr.,RB,JAX,,,,7.0,950.0,47.0,1.0,355.0,,,,,,,,,,,,,,
pittman_WR_IND,Michael Pittman Jr.,WR,IND,,,,0.0,0.0,99.0,4.0,1084.0,,,,,,,,,,,,,,
harrison_WR_ARI,Marvin Harrison Jr.,WR,ARI,,,,0.0,0.0,83.0,6.0,1120.0,,,,,,,,,,,,,,
adams_WR_LV,Davante Adams,WR,LV,,,,0.0,0.0,89.0,5.0,1150.0,,,,,,,,,,,,,,
london_WR_ATL,Drake London,WR,ATL,,,,0.0,0.0,83.0,7.0,1022.0,,,,,,,,,,,,,,
mixon_RB_HOU,Joe Mixon,RB,HOU,,,,7.0,884.0,42.0,3.0,297.0,,,,,,,,,,,,,,
cook_RB_BUF,James Cook,RB,BUF,,,,4.0,936.0,49.0,2.0,407.0,,,,,,,,,,,,,,
achane_RB_MIA,De'Von Achane,RB,MIA,,,,6.0,750.0,47.0,3.0,392.0,,,,,,,,,,,,,,
collins_WR_HOU,Nico Collins,WR,HOU,,,,0.0,0.0,78.0,7.0,1059.0,,,,,,,,,,,,,,
evans_WR_TB,Mike Evans,WR,TB,,,,0.0,0.0,77.0,7.0,1136.0,,,,,,,,,,,,,,
kelce_TE_KC,Travis Kelce,TE,KC,,,,0.0,1.0,83.0,7.0,837.0,,,,,,,,,,,,,,
white_RB_TB,Rachaad White,RB,TB,,,,6.0,868.0,53.0,2.0,395.0,,,,,,,,,,,,,,
laporta_TE_DET,Sam LaPorta,TE,DET,,,,0.0,0.0,84.0,7.0,860.0,,,,,,,,,,,,,,
metcalf_WR_SEA,DK Metcalf,WR,SEA,,,,0.0,0.0,70.0,8.0,1078.0,,,,,,,,,,,,,,
kamara_RB_NO,Alvin Kamara,RB,NO,,,,5.0,750.0,67.0,2.0,488.0,,,,,,,,,,,,,,
diggs_WR_HOU,Stefon Diggs,WR,HOU,,,,0.0,12.0,86.0,6.0,1040.0,,,,,,,,,,,,,,
jacobs_RB_GB,Josh Jacobs,RB,GB,,,,7.0,946.0,37.0,1.0,287.0,,,,,,,,,,,,,,
aiyuk_WR_SF,Brandon Aiyuk,WR,SF,,,,0.0,0.0,75.0,7.0,1067.0,,,,,,,,,,,,,,
smith_WR_PHI,DeVonta Smith,WR,PHI,,,,0.0,0.0,84.0,6.0,1040.0,,,,,,,,,,,,,,
moore_WR_CHI,DJ Moore,WR,CHI,,,,0.0,13.0,77.0,7.0,1048.0,,,,,,,,,,,,,,
waddle_WR_MIA,Jaylen Waddle,WR,MIA,,,,0.0,25.0,81.0,5.0,1068.0,,,,,,,,,,,,,,
walker_RB_SEA,Kenneth Walker III,RB,SEA,,,,8.0,1016.0,31.0,1.0,231.0,,,,,,,,,,,,,,
kupp_WR_LAR,Cooper Kupp,WR,LAR,,,,0.0,12.0,78.0,7.0,996.0,,,,,,,,,,,,,,
allen_QB_BUF,Josh Allen,QB,BUF,23.0,3747.0,12.0,9.0,496.0,,,,,,,,,,,,,,,,,
hurts_QB_PHI,Jalen Hurts,QB,PHI,21.0,3624.0,11.0,10.0,535.0,,,,,,,,,,,,,,,,,
richardson_QB_IND,Anthony Richardson,QB,IND,16.0,3378.0,12.0,9.0,546.0,,,,,,,,,,,,,,,,,
mahomes_QB_KC,Patrick Mahomes,QB,KC,33.0,4031.0,11.0,1.0,337.0,,,,,,,,,,,,,,,,,
samuel_WR_SF,Deebo Samuel Sr.,WR,SF,,,,3.0,165.0,62.0,6.0,923.0,,,,,,,,,,,,,,
nabers_WR_NYG,Malik Nabers,WR,NYG,,,,0.0,0.0,82.0,5.0,1082.0,,,,,,,,,,,,,,
stevenson_RB_NE,Rhamondre Stevenson,RB,NE,,,,5.0,791.0,46.0,1.0,335.0,,,,,,,,,,,,,,
andrews_TE_BAL,Mark Andrews,TE,BAL,,,,0.0,0.0,74.0,7.0,819.0,,,,,,,,,,,,,,
jackson_QB_BAL,Lamar Jackson,QB,BAL,22.0,3395.0,11.0,6.0,737.0,,,,,,,,,,,,,,,,,
jones_RB_MIN,Aaron Jones,RB,MIN,,,,4.0,741.0,43.0,2.0,342.0,,,,,,,,,,,,,,
flowers_WR_BAL,Zay Flowers,WR,BAL,,,,1.0,55.0,78.0,6.0,971.0,,,,,,,,,,,,,,
mcbride_TE_ARI,Trey McBride,TE,ARI,,,,0.0,0.0,83.0,4.0,796.0,,,,,,,,,,,,,,
ridley_WR_TEN,Calvin Ridley,WR,TEN,,,,0.0,19.0,73.0,7.0,1000.0,,,,,,,,,,,,,,
dell_WR_HOU,Tank Dell,WR,HOU,,,,1.0,93.0,70.0,6.0,934.0,,,,,,,,,,,,,,
higgins_WR_CIN,Tee Higgins,WR,CIN,,,,0.0,0.0,70.0,7.0,1034.0,,,,,,,,,,,,,,
pickens_WR_PIT,George Pickens,WR,PIT,,,,0.0,29.0,71.0,5.0,1091.0,,,,,,,,,,,,,,
kincaid_TE_BUF,Dalton Kincaid,TE,BUF,,,,0.0,0.0,75.0,4.0,736.0,,,,,,,,,,,,,,
white_RB_LV,Zamir White,RB,LV,,,,5.0,866.0,35.0,1.0,246.0,,,,,,,,,,,,,,
brooks_RB_CAR,Jonathon Brooks,RB,CAR,,,,5.0,656.0,24.0,1.0,174.0,,,,,,,,,,,,,,
stroud_QB_HOU,C.J. Stroud,QB,HOU,27.0,4059.0,11.0,3.0,182.0,,,,,,,,,,,,,,,,,
montgomery_RB_DET,David Montgomery,RB,DET,,,,9.0,795.0,22.0,1.0,162.0,,,,,,,,,,,,,,
swift_RB_CHI,D'Andre Swift,RB,CHI,,,,5.0,832.0,35.0,1.0,249.0,,,,,,,,,,,,,,
conner_RB_ARI,James Conner,RB,ARI,,,,6.0,815.0,33.0,1.0,224.0,,,,,,,,,,,,,,
engram_TE_JAX,Evan Engram,TE,JAX,,,,0.0,0.0,87.0,3.0,788.0,,,,,,,,,,,,,,
godwin_WR_TB,Chris Godwin,WR,TB,,,,0.0,24.0,81.0,5.0,971.0,,,,,,,,,,,,,,
cooper_WR_CLE,Amari Cooper,WR,CLE,,,,0.0,0.0,73.0,5.0,1043.0,,,,,,,,,,,,,,
pitts_TE_ATL,Kyle Pitts,TE,ATL,,,,0.0,0.0,60.0,4.0,822.0,,,,,,,,,,,,,,
allen_WR_CHI,Keenan Allen,WR,CHI,,,,0.0,12.0,85.0,5.0,883.0,,,,,,,,,,,,,,
warren_RB_PIT,Jaylen Warren,RB,PIT,,,,3.0,598.0,54.0,1.0,370.0,,,,,,,,,,,,,,
robinson_RB_WSH,Brian Robinson Jr.,RB,WSH,,,,5.0,826.0,35.0,1.0,279.0,,,,,,,,,,,,,,
mclaurin_WR_WSH,Terry McLaurin,WR,WSH,,,,0.0,0.0,72.0,3.0,983.0,,,,,,,,,,,,,,
kittle_TE_SF,George Kittle,TE,SF,,,,0.0,0.0,63.0,5.0,845.0,,,,,,,,,,,,,,
reed_WR_GB,Jayden Reed,WR,GB,,,,1.0,86.0,63.0,5.0,769.0,,,,,,,,,,,,,,
burrow_QB_CIN,Joe Burrow,QB,CIN,27.0,4132.0,11.0,3.0,174.0,,,,,,,,,,,,,,,,,
kirk_WR_JAX,Christian Kirk,WR,JAX,,,,0.0,12.0,84.0,4.0,952.0,,,,,,,,,,,,,,
johnson_WR_CAR,Diontae Johnson,WR,CAR,,,,0.0,13.0,71.0,6.0,986.0,,,,,,,,,,,,,,
harris_RB_PIT,Najee Harris,RB,PIT,,,,6.0,890.0,28.0,1.0,169.0,,,,,,,,,,,,,,
rice_WR_KC,Rashee Rice,WR,KC,,,,0.0,11.0,75.0,8.0,877.0,,,,,,,,,,,,,,
prescott_QB_DAL,Dak Prescott,QB,DAL,27.0,4075.0,12.0,2.0,227.0,,,,,,,,,,,,,,,,,
spears_RB_TEN,Tyjae Spears,RB,TEN,,,,3.0,528.0,50.0,2.0,402.0,,,,,,,,,,,,,,
williams_RB_DEN,Javonte Williams,RB,DEN,,,,4.0,664.0,49.0,1.0,299.0,,,,,,,,,,,,,,
murray_QB_ARI,Kyler Murray,QB,ARI,18.0,3550.0,12.0,5.0,488.0,,,,,,,,,,,,,,,,,
watson_WR_GB,Christian Watson,WR,GB,,,,0.0,38.0,55.0,8.0,844.0,,,,,,,,,,,,,,
hopkins_WR_TEN,DeAndre Hopkins,WR,TEN,,,,0.0,0.0,66.0,5.0,861.0,,,,,,,,,,,,,,
moss_RB_CIN,Zack Moss,RB,CIN,,,,6.0,647.0,30.0,1.0,206.0,,,,,,,,,,,,,,
brown_WR_KC,Marquise Brown,WR,KC,,,,0.0,10.0,44.0,5.0,640.0,,,,,,,,,,,,,,
pollard_RB_TEN,Tony Pollard,RB,TEN,,,,5.0,726.0,38.0,1.0,245.0,,,,,,,,,,,,,,
smithnjigba_WR_SEA,Jaxon Smith-Njigba,WR,SEA,,,,0.0,0.0,76.0,5.0,890.0,,,,,,,,,,,,,,
elliott_RB_DAL,Ezekiel Elliott,RB,DAL,,,,6.0,751.0,32.0,1.0,217.0,,,,,,,,,,,,,,
njoku_TE_CLE,David Njoku,TE,CLE,,,,0.0,0.0,64.0,5.0,752.0,,,,,,,,,,,,,,
addison_WR_MIN,Jordan Addison,WR,MIN,,,,0.0,0.0,70.0,5.0,875.0,,,,,,,,,,,,,,
ekeler_RB_WSH,Austin Ekeler,RB,WSH,,,,3.0,440.0,50.0,2.0,444.0,,,,,,,,,,,,,,
mcconkey_WR_LAC,Ladd McConkey,WR,LAC,,,,0.0,14.0,64.0,5.0,799.0,,,,,,,,,,,,,,
singletary_RB_NYG,Devin Singletary,RB,NYG,,,,5.0,786.0,35.0,1.0,226.0,,,,,,,,,,,,,,
mostert_RB_MIA,Raheem Mostert,RB,MIA,,,,8.0,722.0,26.0,1.0,189.0,,,,,,,,,,,,,,
odunze_WR_CHI,Rome Odunze,WR,CHI,,,,0.0,13.0,60.0,6.0,805.0,,,,,,,,,,,,,,
sutton_WR_DEN,Courtland Sutton,WR,DEN,,,,0.0,0.0,71.0,5.0,899.0,,,,,,,,,,,,,,
love_QB_GB,Jordan Love,QB,GB,26.0,3725.0,13.0,3.0,209.0,,,,,,,,,,,,,,,,,
coleman_WR_BUF,Keon Coleman,WR,BUF,,,,0.0,0.0,59.0,5.0,816.0,,,,,,,,,,,,,,
cooks_WR_DAL,Brandin Cooks,WR,DAL,,,,0.0,26.0,57.0,5.0,668.0,,,,,,,,,,,,,,
mims_WR_DEN,Marvin Mims Jr.,WR,DEN,,,,0.0,44.0,35.0,2.0,449.0,,,,,,,,,,,,,,
davis_WR_JAX,Gabe Davis,WR,JAX,,,,0.0,0.0,53.0,6.0,798.0,,,,,,,,,,,,,,
lions_DST_DET,Lions,DST,DET,,,,,,,,,,,,,,,,,22.875,42.0,,9.0,3.0,15.0
thielen_WR_CAR,Adam Thielen,WR,CAR,,,,0.0,0.0,74.0,5.0,706.0,,,,,,,,,,,,,,
mcpherson_K_CIN,Evan McPherson,K,CIN,,,,,,,,,,,,,,9.0,7.0,42.0,,,,,,
tracy_RB_NYG,Tyrone Tracy Jr.,RB,NYG,,,,2.0,275.0,18.0,1.0,121.0,,,,,,,,,,,,,,
mitchell_RB_SF,Elijah Mitchell,RB,SF,,,,3.0,346.0,12.0,0.0,79.0,,,,,,,,,,,,,,
wicks_WR_GB,Dontayvion Wicks,WR,GB,,,,0.0,0.0,47.0,4.0,574.0,,,,,,,,,,,,,,
koo_K_ATL,Younghoe Koo,K,ATL,,,,,,,,,,,,,,9.0,7.0,41.0,,,,,,
butker_K_KC,Harrison Butker,K,KC,,,,,,,,,,,,,,9.0,7.0,49.0,,,,,,
cousins_QB_ATL,Kirk Cousins,QB,ATL,25.0,3957.0,11.0,2.0,118.0,,,,,,,,,,,,,,,,,
dolphins_DST_MIA,Dolphins,DST,MIA,,,,,,,,,,,,,,,,,21.0,42.0,,9.0,3.0,13.0
freiermuth_TE_PIT,Pat Freiermuth,TE,PIT,,,,0.0,0.0,57.0,4.0,590.0,,,,,,,,,,,,,,
dotson_WR_PHI,Jahan Dotson,WR,PHI,,,,0.0,0.0,50.0,3.0,591.0,,,,,,,,,,,,,,
zuerlein_K_NYJ,Greg Zuerlein,K,NYJ,,,,,,,,,,,,,,9.0,7.0,44.0,,,,,,
gay_K_IND,Matt Gay,K,IND,,,,,,,,,,,,,,9.0,7.0,37.0,,,,,,
chiefs_DST_KC,Chiefs,DST,KC,,,,,,,,,,,,,,,,,22.3125,44.0,,9.0,3.0,13.0
chargers_DST_LAC,Chargers,DST,LAC,,,,,,,,,,,,,,,,,24.1875,42.0,,9.0,3.0,14.0
bourne_WR_NE,Kendrick Bourne,WR,NE,,,,0.0,13.0,50.0,3.0,577.0,,,,,,,,,,,,,,
bates_K_DET,Jake Bates,K,DET,,,,,,,,,,,,,,9.0,7.0,43.0,,,,,,
schultz_TE_HOU,Dalton Schultz,TE,HOU,,,,0.0,0.0,53.0,4.0,539.0,,,,,,,,,,,,,,
hubbard_RB_CAR,Chuba Hubbard,RB,CAR,,,,4.0,558.0,30.0,1.0,198.0,,,,,,,,,,,,,,
bengals_DST_CIN,Bengals,DST,CIN,,,,,,,,,,,,,,,,,22.0,45.0,,9.0,3.0,13.0
moody_K_SF,Jake Moody,K,SF,,,,,,,,,,,,,,9.0,7.0,47.0,,,,,,
tolbert_WR_DAL,Jalen Tolbert,WR,DAL,,,,0.0,0.0,43.0,3.0,575.0,,,,,,,,,,,,,,
downs_WR_IND,Josh Downs,WR,IND,,,,0.0,0.0,50.0,2.0,556.0,,,,,,,,,,,,,,
davis_RB_BUF,Ray Davis,RB,BUF,,,,2.0,352.0,13.0,1.0,94.0,,,,,,,,,,,,,,
jaguars_DST_JAX,Jaguars,DST,JAX,,,,,,,,,,,,,,,,,22.25,41.0,,9.0,3.0,13.0
mitchell_RB_BAL,Keaton Mitchell,RB,BAL,,,,1.0,183.0,10.0,1.0,78.0,,,,,,,,,,,,,,
polk_WR_NE,Ja'Lynn Polk,WR,NE,,,,0.0,0.0,56.0,3.0,695.0,,,,,,,,,,,,,,
mattison_RB_LV,Alexander Mattison,RB,LV,,,,3.0,495.0,13.0,1.0,86.0,,,,,,,,,,,,,,
watson_QB_CLE,Deshaun Watson,QB,CLE,21.0,3784.0,11.0,3.0,362.0,,,,,,,,,,,,,,,,,
kmet_TE_CHI,Cole Kmet,TE,CHI,,,,0.0,1.0,46.0,3.0,404.0,,,,,,,,,,,,,,
bills_DST_BUF,Bills,DST,BUF,,,,,,,,,,,,,,,,,24.3125,40.0,,9.0,3.0,14.0
pearsall_WR_SF,Ricky Pearsall,WR,SF,,,,0.0,29.0,27.0,2.0,354.0,,,,,,,,,,,,,,
palmer_WR_LAC,Joshua Palmer,WR,LAC,,,,0.0,0.0,60.0,4.0,724.0,,,,,,,,,,,,,,
lawrence_QB_JAX,Trevor Lawrence,QB,JAX,20.0,3770.0,12.0,3.0,281.0,,,,,,,,,,,,,,,,,
herbert_QB_LAC,Justin Herbert,QB,LAC,23.0,3560.0,10.0,2.0,256.0,,,,,,,,,,,,,,,,,
fant_TE_SEA,Noah Fant,TE,SEA,,,,0.0,0.0,46.0,2.0,456.0,,,,,,,,,,,,,,
vidal_RB_LAC,Kimani Vidal,RB,LAC,,,,1.0,176.0,8.0,0.0,55.0,,,,,,,,,,,,,,
bears_DST_CHI,Bears,DST,CHI,,,,,,,,,,,,,,,,,22.1875,39.0,,9.0,2.0,14.0
dicker_K_LAC,Cameron Dicker,K,LAC,,,,,,,,,,,,,,9.0,7.0,38.0,,,,,,
hopkins_K_CLE,Dustin Hopkins,K,CLE,,,,,,,,,,,,,,9.0,7.0,36.0,,,,,,
sinnott_TE_WSH,Ben Sinnott,TE,WSH,,,,0.0,0.0,33.0,2.0,332.0,,,,,,,,,,,,,,
santos_K_CHI,Cairo Santos,K,CHI,,,,,,,,,,,,,,9.0,7.0,37.0,,,,,,
bass_K_BUF,Tyler Bass,K,BUF,,,,,,,,,,,,,,9.0,7.0,40.0,,,,,,
giants_DST_NYG,Giants,DST,NYG,,,,,,,,,,,,,,,,,25.625,43.0,,9.0,3.0,13.0
conklin_TE_NYJ,Tyler Conklin,TE,NYJ,,,,0.0,0.0,53.0,4.0,529.0,,,,,,,,,,,,,,
wilson_WR_ARI,Michael Wilson,WR,ARI,,,,0.0,0.0,55.0,3.0,652.0,,,,,,,,,,,,,,
davis_RB_NYJ,Isaiah Davis,RB,NYJ,,,,2.0,277.0,9.0,0.0,63.0,,,,,,,,,,,,,,
hines_RB_CLE,Nyheim Hines,RB,CLE,,,,1.0,104.0,18.0,1.0,133.0,,,,,,,,,,,,,,
carter_RB_ARI,Michael Carter,RB,ARI,,,,1.0,189.0,16.0,0.0,107.0,,,,,,,,,,,,,,
sermon_RB_IND,Trey Sermon,RB,IND,,,,1.0,244.0,10.0,0.0,68.0,,,,,,,,,,,,,,
freeman_RB_DAL,Royce Freeman,RB,DAL,,,,2.0,223.0,9.0,0.0,66.0,,,,,,,,,,,,,,
johnson_RB_JAX,D'Ernest Johnson,RB,JAX,,,,1.0,241.0,9.0,0.0,62.0,,,,,,,,,,,,,,
williams_RB_CIN,Trayveon Williams,RB,CIN,,,,1.0,182.0,9.0,0.0,60.0,,,,,,,,,,,,,,
palmer_WR_TB,Trey Palmer,WR,TB,,,,0.0,24.0,35.0,3.0,439.0,,,,,,,,,,,,,,
reynolds_WR_DEN,Josh Reynolds,WR,DEN,,,,0.0,0.0,31.0,3.0,373.0,,,,,,,,,,,,,,
seahawks_DST_SEA,Seahawks,DST,SEA,,,,,,,,,,,,,,,,,22.9375,40.0,,9.0,3.0,14.0
colts_DST_IND,Colts,DST,IND,,,,,,,,,,,,,,,,,23.375,41.0,,9.0,3.0,14.0
pineiro_K_CAR,Eddy Pineiro,K,CAR,,,,,,,,,,,,,,9.0,7.0,34.0,,,,,,
mclaughlin_K_TB,Chase McLaughlin,K,TB,,,,,,,,,,,,,,9.0,7.0,36.0,,,,,,
likely_TE_BAL,Isaiah Likely,TE,BAL,,,,0.0,0.0,34.0,3.0,382.0,,,,,,,,,,,,,,
smith_TE_MIA,Jonnu Smith,TE,MIA,,,,0.0,2.0,31.0,2.0,370.0,,,,,,,,,,,,,,
knox_TE_BUF,Dawson Knox,TE,BUF,,,,0.0,0.0,29.0,3.0,327.0,,,,,,,,,,,,,,
raymond_WR_DET,Kalif Raymond,WR,DET,,,,0.0,30.0,32.0,2.0,359.0,,,,,,,,,,,,,,
mccloud_WR_ATL,Ray-Ray McCloud III,WR,ATL,,,,0.0,32.0,32.0,2.0,327.0,,,,,,,,,,,,,,
iosivas_WR_CIN,Andrei Iosivas,WR,CIN,,,,0.0,0.0,31.0,3.0,346.0,,,,,,,,,,,,,,
jefferson_WR_PIT,Van Jefferson,WR,PIT,,,,0.0,0.0,28.0,2.0,403.0,,,,,,,,,,,,,,
hull_RB_IND,Evan Hull,RB,IND,,,,1.0,201.0,8.0,0.0,56.0,,,,,,,,,,,,,,
dillon_RB_GB,AJ Dillon,RB,GB,,,,1.0,187.0,9.0,0.0,65.0,,,,,,,,,,,,,,
nix_QB_DEN,Bo Nix,QB,DEN,16.0,3159.0,13.0,2.0,189.0,,,,,,,,,,,,,,,,,
carr_QB_NO,Derek Carr,QB,NO,21.0,3819.0,11.0,0.0,83.0,,,,,,,,,,,,,,,,,
maye_QB_NE,Drake Maye,QB,NE,15.0,2982.0,12.0,2.0,288.0,,,,,,,,,,,,,,,,,
darnold_QB_MIN,Sam Darnold,QB,MIN,17.0,3117.0,13.0,2.0,180.0,,,,,,,,,,,,,,,,,
tillman_WR_CLE,Cedric Tillman,WR,CLE,,,,0.0,0.0,29.0,2.0,374.0,,,,,,,,,,,,,,
mingo_WR_CAR,Jonathan Mingo,WR,CAR,,,,0.0,0.0,28.0,2.0,364.0,,,,,,,,,,,,,,
agholor_WR_BAL,Nelson Agholor,WR,BAL,,,,0.0,0.0,26.0,2.0,325.0,,,,,,,,,,,,,,
moore_WR_CLE,Elijah Moore,WR,CLE,,,,0.0,22.0,25.0,2.0,324.0,,,,,,,,,,,,,,
gipson_WR_NYJ,Xavier Gipson,WR,NYJ,,,,0.0,28.0,21.0,2.0,257.0,,,,,,,,,,,,,,
rodriguez_RB_WSH,Chris Rodriguez Jr.,RB,WSH,,,,1.0,116.0,12.0,0.0,85.0,,,,,,,,,,,,,,
abdullah_RB_LV,Ameer Abdullah,RB,LV,,,,1.0,102.0,13.0,0.0,94.0,,,,,,,,,,,,,,
estime_RB_DEN,Audric Estime,RB,DEN,,,,1.0,158.0,8.0,0.0,59.0,,,,,,,,,,,,,,
patterson_RB_PIT,Cordarrelle Patterson,RB,PIT,,,,1.0,125.0,7.0,0.0,54.0,,,,,,,,,,,,,,
ogunbowale_RB_HOU,Dare Ogunbowale,RB,HOU,,,,1.0,127.0,10.0,0.0,74.0,,,,,,,,,,,,,,
chestnut_RB_TEN,Julius Chestnut,RB,TEN,,,,1.0,115.0,9.0,0.0,61.0,,,,,,,,,,,,,,
shipley_RB_PHI,Will Shipley,RB,PHI,,,,1.0,140.0,8.0,0.0,56.0,,,,,,,,,,,,,,
austin_WR_PIT,Calvin Austin III,WR,PIT,,,,0.0,54.0,21.0,1.0,278.0,,,,,,,,,,,,,,
texans_DST_HOU,Texans,DST,HOU,,,,,,,,,,,,,,,,,24.0,41.0,,10.0,3.0,14.0
sanders_K_MIA,Jason Sanders,K,MIA,,,,,,,,,,,,,,9.0,7.0,39.0,,,,,,
folk_K_TEN,Nick Folk,K,TEN,,,,,,,,,,,,,,9.0,7.0,33.0,,,,,,
johnson_TE_NYG,Theo Johnson,TE,NYG,,,,0.0,0.0,36.0,2.0,352.0,,,,,,,,,,,,,,
everett_TE_CHI,Gerald Everett,TE,CHI,,,,0.0,2.0,31.0,2.0,293.0,,,,,,,,,,,,,,
parkinson_TE_LAR,Colby Parkinson,TE,LAR,,,,0.0,0.0,32.0,3.0,319.0,,,,,,,,,,,,,,
dulcich_TE_DEN,Greg Dulcich,TE,DEN,,,,0.0,0.0,29.0,1.0,330.0,,,,,,,,,,,,,,
turpin_WR_DAL,KaVontae Turpin,WR,DAL,,,,0.0,60.0,18.0,2.0,230.0,,,,,,,,,,,,,,
hodge_WR_ATL,KhaDarel Hodge,WR,ATL,,,,0.0,0.0,21.0,2.0,279.0,,,,,,,,,,,,,,
minshew_QB_LV,Gardner Minshew,QB,LV,10.0,2163.0,7.0,2.0,100.0,,,,,,,,,,,,,,,,,
packers_DST_GB,Packers,DST,GB,,,,,,,,,,,,,,,,,23.3125,40.0,,9.0,3.0,14.0
carlson_K_LV,Daniel Carlson,K,LV,,,,,,,,,,,,,,9.0,7.0,30.0,,,,,,
karty_K_LAR,Joshua Karty,K,LAR,,,,,,,,,,,,,,9.0,7.0,39.0,,,,,,
carlson_K_GB,Anders Carlson,K,GB,,,,,,,,,,,,,,9.0,7.0,38.0,,,,,,
reichard_K_MIN,Will Reichard,K,MIN,,,,,,,,,,,,,,9.0,7.0,32.0,,,,,,
little_K_JAX,Cam Little,K,JAX,,,,,,,,,,,,,,9.0,7.0,34.0,,,,,,
grupe_K_NO,Blake Grupe,K,NO,,,,,,,,,,,,,,9.0,7.0,32.0,,,,,,
gano_K_NYG,Graham Gano,K,NYG,,,,,,,,,,,,,,9.0,7.0,27.0,,,,,,
lutz_K_DEN,Wil Lutz,K,DEN,,,,,,,,,,,,,,9.0,7.0,28.0,,,,,,
ryland_K_NE,Chad Ryland,K,NE,,,,,,,,,,,,,,9.0,7.0,27.0,,,,,,
york_K_WSH,Cade York,K,WSH,,,,,,,,,,,,,,,,,,,,,,
raiders_DST_LV,Raiders,DST,LV,,,,,,,,,,,,,,,,,24.0625,40.0,,9.0,3.0,12.0
titans_DST_TEN,Titans,DST,TEN,,,,,,,,,,,,,,,,,24.625,40.0,,9.0,3.0,13.0
commanders_DST_WSH,Commanders,DST,WSH,,,,,,,,,,,,,,,,,25.0625,44.0,,9.0,3.0,13.0
buccaneers_DST_TB,Buccaneers,DST,TB,,,,,,,,,,,,,,,,,24.125,41.0,,9.0,3.0,13.0
rams_DST_LAR,Rams,DST,LAR,,,,,,,,,,,,,,,,,25.5,40.0,,9.0,3.0,14.0
patriots_DST_NE,Patriots,DST,NE,,,,,,,,,,,,,,,,,25.3125,35.0,,9.0,3.0,13.0
broncos_DST_DEN,Broncos,DST,DEN,,,,,,,,,,,,,,,,,25.625,39.0,,9.0,3.0,12.0
cardinals_DST_ARI,Cardinals,DST,ARI,,,,,,,,,,,,,,,,,26.9375,37.0,,9.0,2.0,13.0
wilson_WR_PIT,Roman Wilson,WR,PIT,,,,0.0,0.0,22.0,1.0,279.0,,,,,,,,,,,,,,
burks_WR_TEN,Treylon Burks,WR,TEN,,,,0.0,22.0,21.0,1.0,285.0,,,,,,,,,,,,,,
atwell_WR_LAR,Tutu Atwell,WR,LAR,,,,0.0,12.0,20.0,1.0,265.0,,,,,,,,,,,,,,
jennings_WR_SF,Jauan Jennings,WR,SF,,,,0.0,0.0,21.0,2.0,266.0,,,,,,,,,,,,,,
brown_WR_HOU,Noah Brown,WR,HOU,,,,0.0,0.0,18.0,2.0,236.0,,,,,,,,,,,,,,
wilson_WR_NO,Cedrick Wilson Jr.,WR,NO,,,,0.0,0.0,18.0,1.0,221.0,,,,,,,,,,,,,,
dortch_WR_ARI,Greg Dortch,WR,ARI,,,,0.0,26.0,18.0,1.0,200.0,,,,,,,,,,,,,,
powell_WR_MIN,Brandon Powell,WR,MIN,,,,0.0,21.0,19.0,1.0,190.0,,,,,,,,,,,,,,
watson_WR_KC,Justin Watson,WR,KC,,,,0.0,0.0,15.0,2.0,216.0,,,,,,,,,,,,,,
bobo_WR_SEA,Jake Bobo,WR,SEA,,,,1.0,51.0,15.0,1.0,158.0,,,,,,,,,,,,,,
ogletree_TE_IND,Drew Ogletree,TE,IND,,,,0.0,0.0,17.0,1.0,180.0,,,,,,,,,,,,,,
walker_WR_BAL,Devontez Walker,WR,BAL,,,,0.0,0.0,16.0,1.0,189.0,,,,,,,,,,,,,,
thornton_WR_NE,Tyquan Thornton,WR,NE,,,,0.0,12.0,15.0,1.0,199.0,,,,,,,,,,,,,,
franklin_WR_DEN,Troy Franklin,WR,DEN,,,,0.0,0.0,16.0,1.0,201.0,,,,,,,,,,,,,,
moreau_TE_NO,Foster Moreau,TE,NO,,,,0.0,0.0,16.0,1.0,182.0,,,,,,,,,,,,,,
irwin_WR_CIN,Trenton Irwin,WR,CIN,,,,0.0,0.0,16.0,1.0,177.0,,,,,,,,,,,,,,
whyle_TE_TEN,Josh Whyle,TE,TEN,,,,0.0,0.0,16.0,1.0,166.0,,,,,,,,,,,,,,
campbell_WR_PHI,Parris Campbell,WR,PHI,,,,0.0,0.0,17.0,1.0,169.0,,,,,,,,,,,,,,
wright_TE_DET,Brock Wright,TE,DET,,,,0.0,0.0,16.0,1.0,155.0,,,,,,,,,,,,,,
means_WR_NO,Bub Means,WR,NO,,,,0.0,0.0,14.0,1.0,175.0,,,,,,,,,,,,,,
pierce_WR_IND,Alec Pierce,WR,IND,,,,0.0,0.0,13.0,1.0,188.0,,,,,,,,,,,,,,
aliecox_TE_IND,Mo Alie-Cox,TE,IND,,,,0.0,0.0,14.0,1.0,163.0,,,,,,,,,,,,,,
lazard_WR_NYJ,Allen Lazard,WR,NYJ,,,,0.0,0.0,13.0,1.0,170.0,,,,,,,,,,,,,,
smythe_TE_MIA,Durham Smythe,TE,MIA,,,,0.0,0.0,18.0,1.0,144.0,,,,,,,,,,,,,,
akins_TE_CLE,Jordan Akins,TE,CLE,,,,0.0,0.0,15.0,1.0,149.0,,,,,,,,,,,,,,
flournoy_WR_DAL,Ryan Flournoy,WR,DAL,,,,0.0,0.0,13.0,1.0,156.0,,,,,,,,,,,,,,
higgins_TE_ARI,Elijah Higgins,TE,ARI,,,,0.0,0.0,16.0,1.0,152.0,,,,,,,,,,,,,,
thomas_TE_CAR,Ian Thomas,TE,CAR,,,,0.0,0.0,15.0,1.0,156.0,,,,,,,,,,,,,,
rush_QB_DAL,Cooper Rush,QB,DAL,4.0,512.0,2.0,0.0,16.0,,,,,,,,,,,,,,,,,
washington_TE_PIT,Darnell Washington,TE,PIT,,,,0.0,0.0,14.0,1.0,143.0,,,,,,,,,,,,,,
brown_WR_WSH,Dyami Brown,WR,WSH,,,,0.0,0.0,12.0,1.0,174.0,,,,,,,,,,,,,,
dobbs_QB_SF,Joshua Dobbs,QB,SF,3.0,439.0,2.0,1.0,36.0,,,,,,,,,,,,,,,,,
farrell_TE_JAX,Luke Farrell,TE,JAX,,,,0.0,0.0,8.0,1.0,77.0,,,,,,,,,,,,,,
kieft_TE_TB,Ko Kieft,TE,TB,,,,0.0,0.0,7.0,1.0,76.0,,,,,,,,,,,,,,
valdesscantling_WR_BUF,Marquez Valdes-Scantling,WR,BUF,,,,0.0,0.0,6.0,1.0,95.0,,,,,,,,,,,,,,
krull_TE_DEN,Lucas Krull,TE,DEN,,,,0.0,0.0,7.0,0.0,78.0,,,,,,,,,,,,,,
rice_WR_LAC,Brenden Rice,WR,LAC,,,,0.0,0.0,7.0,0.0,76.0,,,,,,,,,,,,,,
gould_WR_IND,Anthony Gould,WR,IND,,,,0.0,0.0,6.0,0.0,70.0,,,,,,,,,,,,,,
reiman_TE_ARI,Tip Reiman,TE,ARI,,,,0.0,0.0,8.0,0.0,75.0,,,,,,,,,,,,,,
calcaterra_TE_PHI,Grant Calcaterra,TE,PHI,,,,0.0,0.0,7.0,1.0,70.0,,,,,,,,,,,,,,
bates_TE_WSH,John Bates,TE,WSH,,,,0.0,0.0,8.0,0.0,73.0,,,,,,,,,,,,,,
gaskin_RB_MIN,Myles Gaskin,RB,MIN,,,,1.0,98.0,2.0,0.0,14.0,,,,,,,,,,,,,,
ali_RB_BAL,Rasheen Ali,RB,BAL,,,,0.0,70.0,4.0,0.0,26.0,,,,,,,,,,,,,,
patterson_RB_LAC,Jaret Patterson,RB,LAC,,,,0.0,71.0,4.0,0.0,28.0,,,,,,,,,,,,,,
zaccheaus_WR_WSH,Olamide Zaccheaus,WR,WSH,,,,0.0,0.0,7.0,0.0,76.0,,,,,,,,,,,,,,
berrios_WR_MIA,Braxton Berrios,WR,MIA,,,,0.0,0.0,6.0,0.0,54.0,,,,,,,,,,,,,,
scott_WR_CHI,Tyler Scott,WR,CHI,,,,0.0,26.0,5.0,0.0,55.0,,,,,,,,,,,,,,
bell_WR_CLE,David Bell,WR,CLE,,,,0.0,0.0,7.0,0.0,71.0,,,,,,,,,,,,,,
miller_WR_PIT,Scotty Miller,WR,PIT,,,,0.0,0.0,6.0,0.0,75.0,,,,,,,,,,,,,,
brooks_RB_MIA,Chris Brooks,RB,MIA,,,,0.0,50.0,4.0,0.0,29.0,,,,,,,,,,,,,,
sherfield_WR_MIN,Trent Sherfield Sr.,WR,MIN,,,,0.0,0.0,5.0,0.0,71.0,,,,,,,,,,,,,,
brooks_WR_DAL,Jalen Brooks,WR,DAL,,,,0.0,0.0,6.0,0.0,65.0,,,,,,,,,,,,,,
tucker_RB_TB,Sean Tucker,RB,TB,,,,0.0,47.0,4.0,0.0,29.0,,,,,,,,,,,,,,
akers_RB_HOU,Cam Akers,RB,HOU,,,,0.0,75.0,2.0,0.0,16.0,,,,,,,,,,,,,,
blackshear_RB_CAR,Raheem Blackshear,RB,CAR,,,,0.0,52.0,3.0,0.0,18.0,,,,,,,,,,,,,,
perine_RB_PIT,La'Mical Perine,RB,PIT,,,,0.0,53.0,4.0,0.0,26.0,,,,,,,,,,,,,,
nwangwu_RB_MIN,Kene Nwangwu,RB,MIN,,,,0.0,45.0,2.0,0.0,14.0,,,,,,,,,,,,,,
smithmarsette_WR_CAR,Ihmir Smith-Marsette,WR,CAR,,,,0.0,28.0,3.0,0.0,38.0,,,,,,,,,,,,,,
metchie_WR_HOU,John Metchie III,WR,HOU,,,,0.0,0.0,5.0,0.0,61.0,,,,,,,,,,,,,,
dallas_RB_ARI,DeeJay Dallas,RB,ARI,,,,0.0,35.0,4.0,0.0,25.0,,,,,,,,,,,,,,
shepard_WR_TB,Sterling Shepard,WR,TB,,,,0.0,0.0,5.0,0.0,50.0,,,,,,,,,,,,,,
williams_RB_ATL,Avery Williams,RB,ATL,,,,0.0,18.0,4.0,0.0,29.0,,,,,,,,,,,,,,
evans_RB_BUF,Darrynton Evans,RB,BUF,,,,0.0,33.0,4.0,0.0,29.0,,,,,,,,,,,,,,
burton_RB_DEN,Michael Burton,RB,DEN,,,,0.0,32.0,4.0,0.0,29.0,,,,,,,,,,,,,,
turner_WR_LV,DJ Turner,WR,LV,,,,0.0,0.0,5.0,0.0,57.0,,,,,,,,,,,,,,
miller_RB_NYG,Dante Miller,RB,NYG,,,,0.0,29.0,4.0,0.0,28.0,,,,,,,,,,,,,,
vaki_RB_DET,Sione Vaki,RB,DET,,,,0.0,53.0,2.0,0.0,14.0,,,,,,,,,,,,,,
luepke_RB_DAL,Hunter Luepke,RB,DAL,,,,0.0,18.0,5.0,0.0,33.0,,,,,,,,,,,,,,
jones_WR_CIN,Charlie Jones,WR,CIN,,,,0.0,0.0,4.0,0.0,41.0,,,,,,,,,,,,,,
harris_RB_NE,Kevin Harris,RB,NE,,,,0.0,31.0,4.0,0.0,29.0,,,,,,,,,,,,,,
beck_RB_HOU,Andrew Beck,RB,HOU,,,,0.0,17.0,4.0,0.0,30.0,,,,,,,,,,,,,,
prentice_RB_NO,Adam Prentice,RB,NO,,,,0.0,18.0,4.0,0.0,32.0,,,,,,,,,,,,,,
prince_RB_KC,Deneric Prince,RB,KC,,,,0.0,45.0,2.0,0.0,15.0,,,,,,,,,,,,,,
stephens_TE_DAL,John Stephens Jr.,TE,DAL,,,,0.0,0.0,4.0,0.0,41.0,,,,,,,,,,,,,,
wiley_TE_KC,Jared Wiley,TE,KC,,,,0.0,0.0,4.0,0.0,39.0,,,,,,,,,,,,,,
harty_WR_BAL,Deonte Harty,WR,BAL,,,,0.0,0.0,3.0,0.0,37.0,,,,,,,,,,,,,,
perry_WR_NO,A.T. Perry,WR,NO,,,,0.0,0.0,4.0,0.0,44.0,,,,,,,,,,,,,,
dwelley_TE_ATL,Ross Dwelley,TE,ATL,,,,0.0,0.0,4.0,0.0,40.0,,,,,,,,,,,,,,
parham_TE_LAC,Donald Parham Jr.,TE,LAC,,,,0.0,0.0,4.0,0.0,36.0,,,,,,,,,,,,,,
stover_TE_HOU,Cade Stover,TE,HOU,,,,0.0,0.0,4.0,0.0,38.0,,,,,,,,,,,,,,
sims_TE_GB,Ben Sims,TE,GB,,,,0.0,0.0,2.0,0.0,18.0,,,,,,,,,,,,,,
davis_TE_GB,Tyler Davis,TE,GB,,,,0.0,0.0,2.0,0.0,18.0,,,,,,,,,,,,,,
cracraft_WR_MIA,River Cracraft,WR,MIA,,,,0.0,0.0,2.0,0.0,20.0,,,,,,,,,,,,,,
russell_TE_SEA,Brady Russell,TE,SEA,,,,0.0,0.0,2.0,0.0,18.0,,,,,,,,,,,,,,
kennedy_WR_DET,Tom Kennedy,WR,DET,,,,0.0,0.0,2.0,0.0,20.0,,,,,,,,,,,,,,
jarrett_WR_TB,Rakim Jarrett,WR,TB,,,,0.0,0.0,2.0,0.0,20.0,,,,,,,,,,,,,,
philips_WR_TEN,Kyle Philips,WR,TEN,,,,0.0,0.0,2.0,0.0,20.0,,,,,,,,,,,,,,
latu_TE_SF,Cameron Latu,TE,SF,,,,0.0,0.0,2.0,0.0,17.0,,,,,,,,,,,,,,
turner_TE_WSH,Cole Turner,TE,WSH,,,,0.0,0.0,2.0,0.0,17.0,,,,,,,,,,,,,,
gray_WR_SF,Danny Gray,WR,SF,,,,0.0,0.0,2.0,0.0,19.0,,,,,,,,,,,,,,
guyton_WR_LV,Jalen Guyton,WR,LV,,,,0.0,0.0,2.0,0.0,21.0,,,,,,,,,,,,,,
gentry_TE_LV,Zach Gentry,TE,LV,,,,0.0,0.0,2.0,0.0,18.0,,,,,,,,,,,,,,
blasingame_RB_CHI,Khari Blasingame,RB,CHI,,,,0.0,0.0,2.0,0.0,14.0,,,,,,,,,,,,,,
long_TE_LAR,Hunter Long,TE,LAR,,,,0.0,0.0,1.0,0.0,12.0,,,,,,,,,,,,,,
davisprice_RB_PHI,Tyrion Davis-Price,RB,PHI,,,,0.0,17.0,0.0,0.0,0.0,,,,,,,,,,,,,,
mims_RB_NO,Jordan Mims,RB,NO,,,,0.0,17.0,0.0,0.0,0.0,,,,,,,,,,,,,,
mcnichols_RB_WSH,Jeremy McNichols,RB,WSH,,,,0.0,16.0,0.0,0.0,0.0,,,,,,,,,,,,,,
bell_WR_SF,Ronnie Bell,WR,SF,,,,0.0,0.0,0.0,0.0,0.0,,,,,,,,,,,,,,
jackson_WR_TEN,Jha'Quan Jackson,WR,TEN,,,,0.0,0.0,0.0,0.0,0.0,,,,,,,,,,,,,,
carter_WR_CHI,DeAndre Carter,WR,CHI,,,,0.0,0.0,0.0,0.0,0.0,,,,,,,,,,,,,,
olszewski_WR_NYG,Gunner Olszewski,WR,NYG,,,,0.0,0.0,0.0,0.0,0.0,,,,,,,,,,,,,,
proche_WR_CLE,James Proche II,WR,CLE,,,,0.0,0.0,0.0,0.0,0.0,,,,,,,,,,,,,,
robinson_RB_JAX,Keilan Robinson,RB,JAX,,,,0.0,0.0,0.0,0.0,0.0,,,,,,,,,,,,,,
strong_RB_CLE,Pierre Strong Jr.,RB,CLE,,,,0.0,0.0,0.0,0.0,0.0,,,,,,,,,,,,,,
wallace_WR_BAL,Tylan Wallace,WR,BAL,,,,0.0,0.0,0.0,0.0,0.0,,,,,,,,,,,,,,
toure_WR_GB,Samori Toure,WR,GB,,,,0.0,0.0,0.0,0.0,0.0,,,,,,,,,,,,,,
vele_WR_DEN,Devaughn Vele,WR,DEN,,,,0.0,0.0,0.0,0.0,0.0,,,,,,,,,,,,,,
pettis_WR_CHI,Dante Pettis,WR,CHI,,,,0.0,0.0,0.0,0.0,0.0,,,,,,,,,,,,,,
pascal_WR_ARI,Zach Pascal,WR,ARI,,,,,,,,,,,,,,,,,,,,,,
treadwell_WR_IND,Laquon Treadwell,WR,IND,,,,,,,,,,,,,,,,,,,,,,
hollister_TE_CAR,Jacob Hollister,TE,CAR,,,,,,,,,,,,,,,,,,,,,,
gage_WR_BAL,Russell Gage,WR,BAL,,,,,,,,,,,,,,,,,,,,,,
taylor_WR_SF,Trent Taylor,WR,SF,,,,,,,,,,,,,,,,,,,,,,
kirkwood_WR_BAL,Keith Kirkwood,WR,BAL,,,,,,,,,,,,,,,,,,,,,,
tomlinson_TE_IND,Eric Tomlinson,TE,IND,,,,,,,,,,,,,,,,,,,,,,
firkser_TE_NYJ,Anthony Firkser,TE,NYJ,,,,,,,,,,,,,,,,,,,,,,
byrd_WR_BUF,Damiere Byrd,WR,BUF,,,,,,,,,,,,,,,,,,,,,,
sudfeld_QB_DET,Nate Sudfeld,QB,DET,,,,,,,,,,,,,,,,,,,,,,
allen_QB_SF,Brandon Allen,QB,SF,,,,,,,,,,,,,,,,,,,,,,
allen_QB_PIT,Kyle Allen,QB,PIT,,,,,,,,,,,,,,,,,,,,,,
driskel_QB_WSH,Jeff Driskel,QB,WSH,,,,,,,,,,,,,,,,,,,,,,
peterman_QB_LV,Nathan Peterman,QB,LV,,,,,,,,,,,,,,,,,,,,,,
bawden_RB_HOU,Nick Bawden,RB,HOU,,,,,,,,,,,,,,,,,,,,,,
pringle_WR_WSH,Byron Pringle,WR,WSH,,,,,,,,,,,,,,,,,,,,,,
heinicke_QB_ATL,Taylor Heinicke,QB,ATL,,,,,,,,,,,,,,,,,,,,,,
beathard_QB_JAX,C.J. Beathard,QB,JAX,,,,,,,,,,,,,,,,,,,,,,
dorsett_WR_DEN,Phillip Dorsett,WR,DEN,,,,,,,,,,,,,,,,,,,,,,
winfree_WR_IND,Juwann Winfree,WR,IND,,,,,,,,,,,,,,,,,,,,,,
rypien_QB_CHI,Brett Rypien,QB,CHI,,,,,,,,,,,,,,,,,,,,,,
jones_RB_ARI,Tony Jones Jr.,RB,ARI,,,,,,,,,,,,,,,,,,,,,,
cager_TE_NYG,Lawrence Cager,TE,NYG,,,,,,,,,,,,,,,,,,,,,,
rader_TE_NO,Kevin Rader,TE,NO,,,,,,,,,,,,,,,,,,,,,,
sokol_TE_PIT,Matt Sokol,TE,PIT,,,,,,,,,,,,,,,,,,,,,,
myarick_TE_JAX,Chris Myarick,TE,JAX,,,,,,,,,,,,,,,,,,,,,,
marshall_WR_CAR,Terrace Marshall Jr.,WR,CAR,,,,,,,,,,,,,,,,,,,,,,
moore_WR_ATL,Rondale Moore,WR,ATL,,,,,,,,,,,,,,,,,,,,,,
wilson_QB_DEN,Zach Wilson,QB,DEN,,,,,,,,,,,,,,,,,,,,,,
lance_QB_DAL,Trey Lance,QB,DAL,,,,,,,,,,,,,,,,,,,,,,
evans_RB_CIN,Chris Evans,RB,CIN,,,,0.0,0.0,0.0,0.0,0.0,,,,,,,,,,,,,,
jefferson_RB_DET,Jermar Jefferson,RB,DET,,,,,,,,,,,,,,,,,,,,,,
mills_QB_HOU,Davis Mills,QB,HOU,,,,,,,,,,,,,,,,,,,,,,
fitzpatrick_WR_PIT,Dez Fitzpatrick,WR,PIT,,,,,,,,,,,,,,,,,,,,,,
schwartz_WR_MIA,Anthony Schwartz,WR,MIA,,,,,,,,,,,,,,,,,,,,,,
brightwell_RB_JAX,Gary Brightwell,RB,JAX,,,,,,,,,,,,,,,,,,,,,,
darden_WR_CLE,Jaelon Darden,WR,CLE,,,,,,,,,,,,,,,,,,,,,,
powell_WR_KC,Cornell Powell,WR,KC,,,,,,,,,,,,,,,,,,,,,,
felton_RB_IND,Demetric Felton,RB,IND,,,,,,,,,,,,,,,,,,,,,,
harris_WR_PHI,Jacob Harris,WR,PHI,,,,,,,,,,,,,,,,,,,,,,
fehoko_WR_LAC,Simi Fehoko,WR,LAC,,,,,,,,,,,,,,,,,,,,,,
mckitty_TE_BUF,Tre' McKitty,TE,BUF,,,,,,,,,,,,,,,,,,,,,,
williams_WR_JAX,Seth Williams,WR,JAX,,,,,,,,,,,,,,,,,,,,,,
baker_WR_NE,Kawaan Baker,WR,NE,,,,,,,,,,,,,,,,,,,,,,
book_QB_KC,Ian Book,QB,KC,,,,,,,,,,,,,,,,,,,,,,
surratt_TE_ARI,Sage Surratt,TE,ARI,,,,,,,,,,,,,,,,,,,,,,
strachan_WR_CAR,Mike Strachan,WR,CAR,,,,,,,,,,,,,,,,,,,,,,
davidson_TE_BUF,Zach Davidson,TE,BUF,,,,,,,,,,,,,,,,,,,,,,
ehlinger_QB_IND,Sam Ehlinger,QB,IND,,,,,,,,,,,,,,,,,,,,,,
funk_RB_DET,Jake Funk,RB,DET,,,,,,,,,,,,,,,,,,,,,,
mcmath_WR_DAL,Racey McMath,WR,DAL,,,,,,,,,,,,,,,,,,,,,,
milne_WR_LV,Dax Milne,WR,LV,,,,,,,,,,,,,,,,,,,,,,
skowronek_WR_HOU,Ben Skowronek,WR,HOU,,,,,,,,,,,,,,,,,,,,,,
franks_TE_CAR,Feleipe Franks,TE,CAR,,,,,,,,,,,,,,,,,,,,,,
fortson_TE_MIA,Jody Fortson Jr.,TE,MIA,,,,,,,,,,,,,,,,,,,,,,
mccrary_RB_GB,Nate McCrary,RB,GB,,,,,,,,,,,,,,,,,,,,,,
reyes_TE_MIN,Sammis Reyes,TE,MIN,,,,,,,,,,,,,,,,,,,,,,
white_WR_SEA,Cody White,WR,SEA,,,,,,,,,,,,,,,,,,,,,,
forristall_TE_LAR,Miller Forristall,TE,LAR,,,,,,,,,,,,,,,,,,,,,,
hesse_TE_DET,Parker Hesse,TE,DET,,,,,,,,,,,,,,,,,,,,,,
jackson_RB_NYJ,Deon Jackson,RB,NYJ,,,,,,,,,,,,,,,,,,,,,,
wells_TE_TB,David Wells,TE,TB,,,,,,,,,,,,,,,,,,,,,,
wilcox_TE_NE,Mitchell Wilcox,TE,NE,,,,,,,,,,,,,,,,,,,,,,
stoll_TE_NYG,Jack Stoll,TE,NYG,,,,,,,,,,,,,,,,,,,,,,
zylstra_TE_DET,Shane Zylstra,TE,DET,,,,,,,,,,,,,,,,,,,,,,
bandy_WR_DEN,Michael Bandy,WR,DEN,,,,,,,,,,,,,,,,,,,,,,
winston_WR_SEA,Easop Winston Jr.,WR,SEA,,,,,,,,,,,,,,,,,,,,,,
taylor_RB_SF,Patrick Taylor Jr.,RB,SF,,,,,,,,,,,,,,,,,,,,,,
kampmoyer_TE_DEN,Hunter Kampmoyer,TE,DEN,,,,,,,,,,,,,,,,,,,,,,
kinsey_WR_TEN,Mason Kinsey,WR,TEN,,,,,,,,,,,,,,,,,,,,,,
mabry_TE_SEA,Tyler Mabry,TE,SEA,,,,,,,,,,,,,,,,,,,,,,
dubose_WR_GB,Grant DuBose,WR,GB,,,,,,,,,,,,,,,,,,,,,,
kuntz_TE_NYJ,Zack Kuntz,TE,NYJ,,,,,,,,,,,,,,,,,,,,,,
mckee_QB_PHI,Tanner McKee,QB,PHI,,,,,,,,,,,,,,,,,,,,,,
haener_QB_NO,Jake Haener,QB,NO,,,,,,,,,,,,,,,,,,,,,,
thompsonrobinson_QB_CLE,Dorian Thompson-Robinson,QB,CLE,,,,,,,,,,,,,,,,,,,,,,
green_WR_DET,Antoine Green,WR,DET,,,,,,,,,,,,,,,,,,,,,,
hall_QB_MIN,Jaren Hall,QB,MIN,,,,,,,,,,,,,,,,,,,,,,
tune_QB_ARI,Clayton Tune,QB,ARI,,,,,,,,,,,,,,,,,,,,,,
mcbride_RB_MIN,DeWayne McBride,RB,MIN,,,,,,,,,,,,,,,,,,,,,,
dowell_WR_TEN,Colton Dowell,WR,TEN,,,,,,,,,,,,,,,,,,,,,,
ngata_WR_PHI,Joseph Ngata,WR,PHI,,,,,,,,,,,,,,,,,,,,,,
dotson_RB_LAC,Elijah Dotson,RB,LAC,,,,,,,,,,,,,,,,,,,,,,
watkins_WR_PHI,Austin Watkins Jr.,WR,PHI,,,,,,,,,,,,,,,,,,,,,,
demercado_RB_ARI,Emari Demercado,RB,ARI,,,,,,,,,,,,,,,,,,,,,,
cota_WR_NYG,Chase Cota,WR,NYG,,,,,,,,,,,,,,,,,,,,,,
cunningham_WR_BAL,Malik Cunningham,WR,BAL,,,,,,,,,,,,,,,,,,,,,,
tinsley_WR_WSH,Mitchell Tinsley,WR,WSH,,,,,,,,,,,,,,,,,,,,,,
wilson_RB_GB,Emanuel Wilson,RB,GB,,,,,,,,,,,,,,,,,,,,,,
charles_WR_NYJ,Irvin Charles,WR,NYJ,,,,,,,,,,,,,,,,,,,,,,
cooks_WR_JAX,Elijah Cooks,WR,JAX,,,,,,,,,,,,,,,,,,,,,,
valladay_RB_NYJ,Xazavian Valladay,RB,NYJ,,,,,,,,,,,,,,,,,,,,,,
fant_TE_DAL,Princeton Fant,TE,DAL,,,,,,,,,,,,,,,,,,,,,,
fisk_TE_LAC,Tucker Fisk,TE,LAC,,,,,,,,,,,,,,,,,,,,,,
jackson_WR_CIN,Shedrick Jackson,WR,CIN,,,,,,,,,,,,,,,,,,,,,,
miller_WR_TB,Ryan Miller,WR,TB,,,,,,,,,,,,,,,,,,,,,,
williams_TE_PIT,Rodney Williams,TE,PIT,,,,,,,,,,,,,,,,,,,,,,
devito_QB_NYG,Tommy DeVito,QB,NYG,,,,,,,,,,,,,,,,,,,,,,
merriweather_RB_GB,Ellis Merriweather,RB,GB,,,,,,,,,,,,,,,,,,,,,,
pearson_TE_GB,Henry Pearson,TE,GB,,,,,,,,,,,,,,,,,,,,,,
jackson_WR_MIN,Lucky Jackson,WR,MIN,,,,,,,,,,,,,,,,,,,,,,
vokolek_TE_ARI,Travis Vokolek,TE,ARI,,,,,,,,,,,,,,,,,,,,,,
fotheringham_TE_LV,Cole Fotheringham,TE,LV,,,,,,,,,,,,,,,,,,,,,,
wright_RB_BAL,Owen Wright,RB,BAL,,,,,,,,,,,,,,,,,,,,,,
bynum_WR_LV,Terrell Bynum,WR,LV,,,,,,,,,,,,,,,,,,,,,,
drummond_WR_ATL,Dylan Drummond,WR,ATL,,,,,,,,,,,,,,,,,,,,,,
mccarthy_QB_MIN,J.J. McCarthy,QB,MIN,,,,,,,,,,,,,,,,,,,,,,
jordan_RB_HOU,Jawhar Jordan,RB,HOU,,,,,,,,,,,,,,,,,,,,,,
johnson_WR_LAC,Cornelius Johnson,WR,LAC,,,,,,,,,,,,,,,,,,,,,,
washington_WR_MIA,Tahj Washington,WR,MIA,,,,,,,,,,,,,,,,,,,,,,
palmer_WR_ARI,Tejhaun Palmer,WR,ARI,,,,,,,,,,,,,,,,,,,,,,
milton_QB_NE,Joe Milton III,QB,NE,,,,,,,,,,,,,,,,,,,,,,
travis_QB_NYJ,Jordan Travis,QB,NYJ,,,,,,,,,,,,,,,,,,,,,,
leary_QB_BAL,Devin Leary,QB,BAL,,,,,,,,,,,,,,,,,,,,,,
pratt_QB_GB,Michael Pratt,QB,GB,,,,,,,,,,,,,,,,,,,,,,
mclachlan_TE_CIN,Tanner McLachlan,TE,CIN,,,,,,,,,,,,,,,,,,,,,,
reeszammit_RB_KC,Louis Rees-Zammit,RB,KC,,,,,,,,,,,,,,,,,,,,,,
watson_RB_DEN,Blake Watson,RB,DEN,,,,,,,,,,,,,,,,,,,,,,
wiley_RB_WSH,Michael Wiley,RB,WSH,,,,,,,,,,,,,,,,,,,,,,
gallup_WR_LV,Michael Gallup,WR,LV,,,,,,,,,,,,,,,,,,,,,,
seibert_K_NYJ,Austin Seibert,K,NYJ,,,,,,,,,,,,,,,,,,,,,,
joseph_K_GB,Greg Joseph,K,GB,,,,,,,,,,,,,,,,,,,,,,
harris_RB_BUF,Damien Harris,RB,BUF,,,,,,,,,,,,,,,,,,,,,,
jackson_RB_DET,Justin Jackson,RB,DET,,,,,,,,,,,,,,,,,,,,,,
michel_RB_LAR,Sony Michel,RB,LAR,,,,,,,,,,,,,,,,,,,,,,
badgley_K_DET,Michael Badgley,K,DET,,,,,,,,,,,,,,,,,,,,,,
davis_WR_NYJ,Corey Davis,WR,NYJ,,,,,,,,,,,,,,,,,,,,,,
parker_WR_PHI,DeVante Parker,WR,PHI,,,,,,,,,,,,,,,,,,,,,,
ellefson_TE_MIN,Ben Ellefson,TE,MIN,,,,,,,,,,,,,,,,,,,,,,
wright_K_PIT,Matthew Wright,K,PIT,,,,,,,,,,,,,,,,,,,,,,
