"name","pos","name_espn","team_espn","positionRank_espn","overallRank_espn","pts_espn","passAtt_espn","passComp_espn","passYds_espn","passTds_espn","passInt_espn","rushAtt_espn","rushYds_espn","rushTds_espn","rec_espn","recYds_espn","recTds_espn","returnTds_espn","twoPts_espn","fumbles_espn"
"PEYTONMANNING","QB","Peyton Manning","DEN",1,1,368,640,435,5210,48,12,32,-14,0,0,0,0,NA,NA,NA
"AARONRODGERS","QB","Aaron Rodgers","GB",2,2,347,514,348,4378,39,7,47,225,2,0,0,0,NA,NA,NA
"DREWBREES","QB","Drew Brees","NO",3,3,329,626,435,4880,39,15,27,64,1,0,0,0,NA,NA,NA
"ROBERTGRIFFIN","QB","Robert Griffin III","WAS",7,4,285,490,294,3789,22,13,101,563,4,0,0,0,NA,NA,NA
"MATTHEWSTAFFORD","QB","Matthew Stafford","DET",4,5,284,649,397,4471,32,18,34,84,2,0,0,0,NA,NA,NA
"ANDREWLUCK","QB","Andrew Luck","IND",5,6,282,581,357,4071,23,10,63,365,3,0,0,0,NA,NA,NA
"NICKFOLES","QB","Nick Foles","PHI",8,7,277,467,299,3969,26,11,70,273,3,0,0,0,NA,NA,NA
"CAMNEWTON","QB","Cam Newton","CAR",6,8,275,433,259,3154,19,14,111,599,8,0,0,0,NA,NA,NA
"RUSSELLWILSON","QB","Russell Wilson","SEA",10,9,269,400,257,3264,25,10,92,497,3,0,0,0,NA,NA,NA
"COLINKAEPERNICK","QB","Colin Kaepernick","SF",9,10,266,427,248,3378,22,11,101,474,4,0,0,0,NA,NA,NA
"TONYROMO","QB","Tony Romo","DAL",13,11,264,633,413,4654,28,15,23,29,0,0,0,0,NA,NA,NA
"MATTRYAN","QB","Matt Ryan","ATL",11,12,261,627,419,4377,28,14,24,86,0,0,0,0,NA,NA,NA
"PHILIPRIVERS","QB","Philip Rivers","SD",14,12,261,544,364,4392,28,12,26,45,0,0,0,0,NA,NA,NA
"TOMBRADY","QB","Tom Brady","NE",12,12,261,626,402,4287,26,9,24,21,1,0,0,0,NA,NA,NA
"ADRIANPETERSON","RB","Adrian Peterson","MIN",1,15,250,0,0,0,0,0,298,1365,13,40,289,2,NA,NA,NA
"JAYCUTLER","QB","Jay Cutler","CHI",15,16,245,485,302,3653,28,16,32,196,1,0,0,0,NA,NA,NA
"JAMAALCHARLES","RB","Jamaal Charles","KC",3,17,244,0,0,0,0,0,247,1260,7,64,587,4,NA,NA,NA
"LESEANMCCOY","RB","LeSean McCoy","PHI",2,18,242,0,0,0,0,0,294,1402,9,42,342,3,NA,NA,NA
"ANDYDALTON","QB","Andy Dalton","CIN",17,19,237,520,317,3562,27,15,54,137,2,0,0,0,NA,NA,NA
"CALVINJOHNSON","WR","Calvin Johnson","DET",1,20,236,0,0,0,0,0,0,0,0,94,1664,12,NA,NA,NA
"BENROETHLISBERGER","QB","Ben Roethlisberger","PIT",16,21,235,511,319,3744,26,13,26,100,1,0,0,0,NA,NA,NA
"MATTFORTE","RB","Matt Forte","CHI",4,21,235,0,0,0,0,0,270,1227,8,70,576,2,NA,NA,NA
"MARSHAWNLYNCH","RB","Marshawn Lynch","SEA",5,23,229,0,0,0,0,0,303,1285,12,33,279,1,NA,NA,NA
"ELIMANNING","QB","Eli Manning","NYG",18,24,222,550,340,3912,25,16,20,27,0,0,0,0,NA,NA,NA
"CARSONPALMER","QB","Carson Palmer","ARI",19,25,221,566,346,4191,23,17,19,23,0,0,0,0,NA,NA,NA
"RYANTANNEHILL","QB","Ryan Tannehill","MIA",22,26,220,545,325,3672,23,17,42,209,1,0,0,0,NA,NA,NA
"DEMARYIUSTHOMAS","WR","Demaryius Thomas","DEN",2,27,216,0,0,0,0,0,0,0,0,93,1400,13,NA,NA,NA
"EDDIELACY","RB","Eddie Lacy","GB",6,28,214,0,0,0,0,0,288,1220,10,42,301,1,NA,NA,NA
"ALEXSMITH","QB","Alex Smith","KC",23,29,212,503,304,3122,18,8,65,327,1,0,0,0,NA,NA,NA
"JOEFLACCO","QB","Joe Flacco","BAL",21,29,212,554,329,3905,22,18,36,61,1,0,0,0,NA,NA,NA
"JOSHMCCOWN","QB","Josh McCown","TB",20,31,210,415,246,3365,22,10,20,87,1,0,0,0,NA,NA,NA
"DEZBRYANT","WR","Dez Bryant","DAL",4,32,200,0,0,0,0,0,1,8,0,100,1327,12,NA,NA,NA
"DOUGMARTIN","RB","Doug Martin","TB",8,32,200,0,0,0,0,0,296,1192,8,43,316,1,NA,NA,NA
"AJGREEN","WR","A.J. Green","CIN",3,34,199,0,0,0,0,0,0,0,0,90,1336,11,NA,NA,NA
"BRANDONMARSHALL","WR","Brandon Marshall","CHI",5,35,195,0,0,0,0,0,0,0,0,95,1230,12,NA,NA,NA
"LEVEONBELL","RB","Le'Veon Bell","PIT",10,36,192,0,0,0,0,0,281,1073,8,52,358,1,NA,NA,NA
"JULIOJONES","WR","Julio Jones","ATL",6,37,191,0,0,0,0,0,1,19,0,97,1387,9,NA,NA,NA
"DEMARCOMURRAY","RB","DeMarco Murray","DAL",9,38,190,0,0,0,0,0,206,989,8,56,425,1,NA,NA,NA
"JIMMYGRAHAM","TE","Jimmy Graham","NO",1,39,189,0,0,0,0,0,0,0,0,84,1115,13,NA,NA,NA
"ALSHONJEFFERY","WR","Alshon Jeffery","CHI",8,40,188,0,0,0,0,0,14,85,1,85,1284,8,NA,NA,NA
"JORDYNELSON","WR","Jordy Nelson","GB",7,40,188,0,0,0,0,0,0,0,0,82,1286,10,NA,NA,NA
"ANTONIOBROWN","WR","Antonio Brown","PIT",9,42,187,0,0,0,0,0,8,47,0,109,1435,7,NA,NA,NA
"ARIANFOSTER","RB","Arian Foster","HOU",7,43,183,0,0,0,0,0,220,1034,8,37,307,1,NA,NA,NA
"RANDALLCOBB","WR","Randall Cobb","GB",10,43,183,0,0,0,0,0,10,123,0,87,1233,8,NA,NA,NA
"ALFREDMORRIS","RB","Alfred Morris","WAS",12,45,182,0,0,0,0,0,269,1287,9,8,62,0,NA,NA,NA
"ZACSTACY","RB","Zac Stacy","STL",11,45,182,0,0,0,0,0,286,1187,9,21,127,0,NA,NA,NA
"EJMANUEL","QB","EJ Manuel","BUF",28,47,180,397,224,2558,14,11,87,304,3,0,0,0,NA,NA,NA
"MONTEEBALL","RB","Montee Ball","DEN",13,48,179,0,0,0,0,0,217,943,9,54,333,1,NA,NA,NA
"ANDREJOHNSON","WR","Andre Johnson","HOU",11,49,178,0,0,0,0,0,0,0,0,100,1367,7,NA,NA,NA
"GIOVANIBERNARD","RB","Giovani Bernard","CIN",14,50,177,0,0,0,0,0,210,927,3,52,478,4,NA,NA,NA
"REGGIEBUSH","RB","Reggie Bush","DET",15,51,175,0,0,0,0,0,195,904,5,50,456,3,NA,NA,NA
"GENOSMITH","QB","Geno Smith","NYJ",25,52,174,324,195,2183,18,13,59,296,3,0,0,0,NA,NA,NA
"VINCENTJACKSON","WR","Vincent Jackson","TB",12,53,172,0,0,0,0,0,1,12,0,73,1235,8,NA,NA,NA
"BENTATE","RB","Ben Tate","CLE",16,54,169,0,0,0,0,0,247,1026,7,40,311,0,NA,NA,NA
"FRANKGORE","RB","Frank Gore","SF",19,54,169,0,0,0,0,0,259,1123,8,15,130,0,NA,NA,NA
"JOHNNYMANZIEL","QB","Johnny Manziel","CLE",24,54,169,348,195,2366,12,15,70,351,5,0,0,0,NA,NA,NA
"ANDREELLINGTON","RB","Andre Ellington","ARI",20,57,165,0,0,0,0,0,166,867,3,48,457,3,NA,NA,NA
"CJSPILLER","RB","C.J. Spiller","BUF",18,57,165,0,0,0,0,0,201,1001,5,37,316,1,NA,NA,NA
"JULIUSTHOMAS","TE","Julius Thomas","DEN",2,59,164,0,0,0,0,0,0,0,0,72,923,12,NA,NA,NA
"RYANMATHEWS","RB","Ryan Mathews","SD",17,60,163,0,0,0,0,0,230,1065,7,19,176,0,NA,NA,NA
"JAKELOCKER","QB","Jake Locker","TEN",26,61,162,347,209,2413,14,9,40,262,1,0,0,0,NA,NA,NA
"RAYRICE","RB","Ray Rice","BAL",23,62,161,0,0,0,0,0,217,901,6,54,330,1,NA,NA,NA
"JOIQUEBELL","RB","Joique Bell","DET",26,63,160,0,0,0,0,0,202,812,6,43,417,1,NA,NA,NA
"CHRISJOHNSON","RB","Chris Johnson","NYJ",25,64,157,0,0,0,0,0,201,802,6,38,330,2,NA,NA,NA
"RYANFITZPATRICK","QB","Ryan Fitzpatrick","HOU",29,64,157,402,245,2645,15,13,30,208,1,0,0,0,NA,NA,NA
"STEVANRIDLEY","RB","Stevan Ridley","NE",29,66,156,0,0,0,0,0,254,1107,8,8,60,0,NA,NA,NA
"RASHADJENNINGS","RB","Rashad Jennings","NYG",22,67,155,0,0,0,0,0,217,960,7,31,218,0,NA,NA,NA
"LARRYFITZGERALD","WR","Larry Fitzgerald","ARI",13,68,154,0,0,0,0,0,2,11,0,88,1057,8,NA,NA,NA
"KEENANALLEN","WR","Keenan Allen","SD",15,69,150,0,0,0,0,0,0,0,0,85,1045,8,NA,NA,NA
"TOBYGERHART","RB","Toby Gerhart","JAC",21,69,150,0,0,0,0,0,253,931,6,33,253,0,NA,NA,NA
"DEREKCARR","QB","Derek Carr","OAK",30,71,149,348,202,2291,19,15,39,160,2,0,0,0,NA,NA,NA
"STEVENJACKSON","RB","Steven Jackson","ATL",28,71,149,0,0,0,0,0,219,877,6,27,221,1,NA,NA,NA
"TRENTRICHARDSON","RB","Trent Richardson","IND",24,73,148,0,0,0,0,0,234,828,5,43,326,1,NA,NA,NA
"DESEANJACKSON","WR","DeSean Jackson","WAS",18,74,147,0,0,0,0,0,4,26,0,65,1031,7,NA,NA,NA
"PIERREGARCON","WR","Pierre Garcon","WAS",14,74,147,0,0,0,0,0,2,19,0,96,1129,6,NA,NA,NA
"SHANEVEREEN","RB","Shane Vereen","NE",27,76,145,0,0,0,0,0,95,436,2,72,687,4,NA,NA,NA
"VICTORCRUZ","WR","Victor Cruz","NYG",16,77,144,0,0,0,0,0,0,0,0,80,1042,7,NA,NA,NA
"SHAUNHILL","QB","Shaun Hill","STL",32,78,142,352,216,2253,17,12,16,65,1,0,0,0,NA,NA,NA
"TORREYSMITH","WR","Torrey Smith","BAL",21,78,142,0,0,0,0,0,2,12,0,61,1056,6,NA,NA,NA
"MICHAELCRABTREE","WR","Michael Crabtree","SF",20,80,141,0,0,0,0,0,1,12,0,80,1043,6,NA,NA,NA
"ROBGRONKOWSKI","TE","Rob Gronkowski","NE",3,81,140,0,0,0,0,0,0,0,0,63,920,8,NA,NA,NA
"RODDYWHITE","WR","Roddy White","ATL",17,81,140,0,0,0,0,0,0,0,0,80,1004,7,NA,NA,NA
"TYHILTON","WR","T.Y. Hilton","IND",26,81,140,0,0,0,0,0,4,26,0,74,1087,5,NA,NA,NA
"EMMANUELSANDERS","WR","Emmanuel Sanders","DEN",27,84,139,0,0,0,0,0,1,19,0,78,984,7,NA,NA,NA
"GOLDENTATE","WR","Golden Tate","DET",30,84,139,0,0,0,0,0,6,50,0,84,1041,5,NA,NA,NA
"REGGIEWAYNE","WR","Reggie Wayne","IND",28,86,138,0,0,0,0,0,0,0,0,90,1108,5,NA,NA,NA
"CORDARRELLEPATTERSON","WR","Cordarrelle Patterson","MIN",23,87,137,0,0,0,0,0,15,104,1,73,814,7,NA,NA,NA
"JULIANEDELMAN","WR","Julian Edelman","NE",24,88,136,0,0,0,0,0,4,34,0,96,935,7,NA,NA,NA
"MICHAELFLOYD","WR","Michael Floyd","ARI",22,89,135,0,0,0,0,0,0,0,0,70,1076,5,NA,NA,NA
"MATTCASSEL","QB","Matt Cassel","MIN",27,90,131,315,193,2128,14,10,33,129,1,0,0,0,NA,NA,NA
"MIKEWALLACE","WR","Mike Wallace","MIA",33,90,131,0,0,0,0,0,4,31,0,76,986,5,NA,NA,NA
"VERNONDAVIS","TE","Vernon Davis","SF",4,90,131,0,0,0,0,0,0,0,0,56,835,11,NA,NA,NA
"JORDANCAMERON","TE","Jordan Cameron","CLE",6,93,129,0,0,0,0,0,0,0,0,74,879,7,NA,NA,NA
"KNOWSHONMORENO","RB","Knowshon Moreno","MIA",40,93,129,0,0,0,0,0,180,710,5,31,240,1,NA,NA,NA
"DENNISPITTA","TE","Dennis Pitta","BAL",8,95,128,0,0,0,0,0,0,0,0,73,800,8,NA,NA,NA
"ERICDECKER","WR","Eric Decker","NYJ",32,95,128,0,0,0,0,0,0,0,0,64,947,6,NA,NA,NA
"JEREMYMACLIN","WR","Jeremy Maclin","PHI",25,97,127,0,0,0,0,0,0,0,0,63,875,7,NA,NA,NA
"KENDALLWRIGHT","WR","Kendall Wright","TEN",31,97,127,0,0,0,0,0,1,8,0,91,1051,4,NA,NA,NA
"PERCYHARVIN","WR","Percy Harvin","SEA",19,97,127,0,0,0,0,0,17,81,1,77,916,4,NA,NA,NA
"TERRANCEWILLIAMS","WR","Terrance Williams","DAL",34,97,127,0,0,0,0,0,4,19,0,57,928,6,NA,NA,NA
"BISHOPSANKEY","RB","Bishop Sankey","TEN",30,101,125,0,0,0,0,0,186,745,5,26,191,1,NA,NA,NA
"MARQUESCOLSTON","WR","Marques Colston","NO",29,102,124,0,0,0,0,0,0,0,0,73,907,6,NA,NA,NA
"DANNYWOODHEAD","RB","Danny Woodhead","SD",39,103,123,0,0,0,0,0,102,385,1,67,534,5,NA,NA,NA
"JASONWITTEN","TE","Jason Witten","DAL",5,103,123,0,0,0,0,0,0,0,0,74,818,7,NA,NA,NA
"CHADHENNE","QB","Chad Henne","JAC",33,105,122,366,216,2435,11,12,24,79,0,0,0,0,NA,NA,NA
"DEANGELOWILLIAMS","RB","DeAngelo Williams","CAR",35,105,122,0,0,0,0,0,206,814,3,23,210,1,NA,NA,NA
"ANQUANBOLDIN","WR","Anquan Boldin","SF",36,107,121,0,0,0,0,0,2,14,0,69,967,4,NA,NA,NA
"DEANDREHOPKINS","WR","DeAndre Hopkins","HOU",37,108,119,0,0,0,0,0,0,0,0,64,970,4,NA,NA,NA
"MAURICEJONESDREW","RB","Maurice Jones-Drew","OAK",32,108,119,0,0,0,0,0,143,559,6,36,260,1,NA,NA,NA
"CECILSHORTS","WR","Cecil Shorts","JAC",35,110,118,0,0,0,0,0,0,0,0,63,882,5,NA,NA,NA
"PIERRETHOMAS","RB","Pierre Thomas","NO",31,110,118,0,0,0,0,0,98,380,2,69,469,4,NA,NA,NA
"GREGOLSEN","TE","Greg Olsen","CAR",7,112,114,0,0,0,0,0,0,0,0,70,842,5,NA,NA,NA
"RILEYCOOPER","WR","Riley Cooper","PHI",40,113,111,0,0,0,0,0,0,0,0,50,816,5,NA,NA,NA
"FREDJACKSON","RB","Fred Jackson","BUF",33,114,110,0,0,0,0,0,127,563,4,36,286,1,NA,NA,NA
"SAMMYWATKINS","WR","Sammy Watkins","BUF",39,115,109,0,0,0,0,0,6,36,0,57,783,5,NA,NA,NA
"KYLERUDOLPH","TE","Kyle Rudolph","MIN",9,116,105,0,0,0,0,0,0,0,0,56,576,8,NA,NA,NA
"DWAYNEBOWE","WR","Dwayne Bowe","KC",44,117,103,0,0,0,0,0,0,0,0,57,673,6,NA,NA,NA
"MARTELLUSBENNETT","TE","Martellus Bennett","CHI",11,117,103,0,0,0,0,0,0,0,0,63,735,5,NA,NA,NA
"JORDANREED","TE","Jordan Reed","WAS",10,119,102,0,0,0,0,0,0,0,0,61,689,6,NA,NA,NA
"HAKEEMNICKS","WR","Hakeem Nicks","IND",46,120,100,0,0,0,0,0,0,0,0,47,761,4,NA,NA,NA
"MIKEEVANS","WR","Mike Evans","TB",47,120,100,0,0,0,0,0,0,0,0,55,842,3,NA,NA,NA
"GREGJENNINGS","WR","Greg Jennings","MIN",42,122,99,0,0,0,0,0,0,0,0,66,752,4,NA,NA,NA
"DANNYAMENDOLA","WR","Danny Amendola","NE",41,123,98,0,0,0,0,0,0,0,0,65,767,4,NA,NA,NA
"JAMESJONES","WR","James Jones","OAK",53,123,98,0,0,0,0,0,0,0,0,57,703,5,NA,NA,NA
"MICHAELVICK","QB","Michael Vick","NYJ",34,125,97,183,104,1382,8,7,35,227,1,0,0,0,NA,NA,NA
"DARRENSPROLES","RB","Darren Sproles","PHI",34,126,96,0,0,0,0,0,40,176,1,73,598,3,NA,NA,NA
"JUSTINHUNTER","WR","Justin Hunter","TEN",45,126,96,0,0,0,0,0,0,0,0,43,722,4,NA,NA,NA
"KHIRYROBINSON","RB","Khiry Robinson","NO",36,126,96,0,0,0,0,0,166,733,4,4,34,0,NA,NA,NA
"RUEBENRANDLE","WR","Rueben Randle","NYG",48,129,95,0,0,0,0,0,0,0,0,43,675,5,NA,NA,NA
"STEVESMITH","WR","Steve Smith","BAL",43,129,95,0,0,0,0,0,0,0,0,56,676,5,NA,NA,NA
"WESWELKER","WR","Wes Welker","DEN",38,131,93,0,0,0,0,0,0,0,0,54,655,5,NA,NA,NA
"JARRETTBOYKIN","WR","Jarrett Boykin","GB",50,132,92,0,0,0,0,0,0,0,0,50,680,4,NA,NA,NA
"JEREMYHILL","RB","Jeremy Hill","CIN",45,132,92,0,0,0,0,0,112,509,7,7,45,0,NA,NA,NA
"CHRISIVORY","RB","Chris Ivory","NYJ",38,134,91,0,0,0,0,0,121,607,5,2,11,0,NA,NA,NA
"MARKUSWHEATON","WR","Markus Wheaton","PIT",52,135,90,0,0,0,0,0,0,0,0,60,666,4,NA,NA,NA
"AARONDOBSON","WR","Aaron Dobson","NE",64,136,89,0,0,0,0,0,0,0,0,43,612,5,NA,NA,NA
"BRANDINCOOKS","WR","Brandin Cooks","NO",51,136,89,0,0,0,0,0,9,52,0,47,566,5,NA,NA,NA
"KELVINBENJAMIN","WR","Kelvin Benjamin","CAR",66,136,89,0,0,0,0,0,0,0,0,47,691,4,NA,NA,NA
"BRIANHARTLINE","WR","Brian Hartline","MIA",62,139,88,0,0,0,0,0,0,0,0,59,786,2,NA,NA,NA
"MIKEWILLIAMS","WR","Mike Williams","BUF",68,139,88,0,0,0,0,0,0,0,0,51,704,3,NA,NA,NA
"ZACHERTZ","TE","Zach Ertz","PHI",13,139,88,0,0,0,0,0,0,0,0,50,646,4,NA,NA,NA
"DELANIEWALKER","TE","Delanie Walker","TEN",12,142,87,0,0,0,0,0,0,0,0,55,598,5,NA,NA,NA
"JERRICHOCOTCHERY","WR","Jerricho Cotchery","CAR",65,142,87,0,0,0,0,0,0,0,0,59,699,3,NA,NA,NA
"TERRANCEWEST","RB","Terrance West","CLE",47,142,87,0,0,0,0,0,136,517,5,10,80,0,NA,NA,NA
"MALCOMFLOYD","WR","Malcom Floyd","SD",75,145,86,0,0,0,0,0,0,0,0,39,628,4,NA,NA,NA
"MARQISELEE","WR","Marqise Lee","JAC",55,145,86,0,0,0,0,0,2,17,0,50,694,3,NA,NA,NA
"BRANDONLAFELL","WR","Brandon LaFell","NE",60,147,85,0,0,0,0,0,2,12,0,42,609,4,NA,NA,NA
"CHARLESCLAY","TE","Charles Clay","MIA",14,147,85,0,0,0,0,0,0,0,0,61,673,5,NA,NA,NA
"DENARIUSMOORE","WR","Denarius Moore","OAK",59,147,85,0,0,0,0,0,0,0,0,43,671,3,NA,NA,NA
"ANDREWHAWKINS","WR","Andrew Hawkins","CLE",54,150,84,0,0,0,0,0,6,25,0,62,645,3,NA,NA,NA
"ANTONIOGATES","TE","Antonio Gates","SD",15,150,84,0,0,0,0,0,0,0,0,54,604,4,NA,NA,NA
"TAVONAUSTIN","WR","Tavon Austin","STL",49,150,84,0,0,0,0,0,13,121,1,46,524,3,NA,NA,NA
"DOUGBALDWIN","WR","Doug Baldwin","SEA",56,153,83,0,0,0,0,0,2,14,0,52,646,3,NA,NA,NA
"SHONNGREENE","RB","Shonn Greene","TEN",41,153,83,0,0,0,0,0,140,519,5,6,41,0,NA,NA,NA
"DONNIEAVERY","WR","Donnie Avery","KC",80,155,82,0,0,0,0,0,3,12,0,43,632,3,NA,NA,NA
"KENNYSTILLS","WR","Kenny Stills","NO",57,155,82,0,0,0,0,0,3,24,0,34,563,4,NA,NA,NA
"LADARIUSGREEN","TE","Ladarius Green","SD",16,155,82,0,0,0,0,0,0,0,0,38,584,4,NA,NA,NA
"LAMARMILLER","RB","Lamar Miller","MIA",37,155,82,0,0,0,0,0,115,470,3,21,191,0,NA,NA,NA
"BERNARDPIERCE","RB","Bernard Pierce","BAL",43,159,81,0,0,0,0,0,147,526,3,22,110,0,NA,NA,NA
"ANDREROBERTS","WR","Andre Roberts","WAS",69,160,79,0,0,0,0,0,3,17,0,40,545,4,NA,NA,NA
"DARRENMCFADDEN","RB","Darren McFadden","OAK",42,161,78,0,0,0,0,0,108,443,4,17,123,0,NA,NA,NA
"DEXTERMCCLUSTER","RB","Dexter McCluster","TEN",61,161,78,0,0,0,0,0,43,177,1,53,476,2,NA,NA,NA
"RODSTREATER","WR","Rod Streater","OAK",61,161,78,0,0,0,0,0,2,17,0,44,617,3,NA,NA,NA
"MARKINGRAM","RB","Mark Ingram","NO",44,164,76,0,0,0,0,0,139,531,3,12,77,0,NA,NA,NA
"MARVINJONES","WR","Marvin Jones","CIN",79,164,76,0,0,0,0,0,6,48,0,41,483,4,NA,NA,NA
"HARRYDOUGLAS","WR","Harry Douglas","ATL",74,166,75,0,0,0,0,0,0,0,0,56,657,2,NA,NA,NA
"HEATHMILLER","TE","Heath Miller","PIT",19,166,75,0,0,0,0,0,0,0,0,61,632,2,NA,NA,NA
"ODELLBECKHAM","WR","Odell Beckham","NYG",67,166,75,0,0,0,0,0,3,15,0,33,523,4,NA,NA,NA
"CHRISGIVENS","WR","Chris Givens","STL",93,169,74,0,0,0,0,0,4,31,0,41,671,1,NA,NA,NA
"KENNYBRITT","WR","Kenny Britt","STL",70,169,74,0,0,0,0,0,0,0,0,37,525,4,NA,NA,NA
"CARLOSHYDE","RB","Carlos Hyde","SF",49,171,73,0,0,0,0,0,113,495,3,16,108,0,NA,NA,NA
"COBYFLEENER","TE","Coby Fleener","IND",17,171,73,0,0,0,0,0,0,0,0,37,433,5,NA,NA,NA
"JORDANTODMAN","RB","Jordan Todman","JAC",59,171,73,0,0,0,0,0,92,330,2,29,224,1,NA,NA,NA
"MIKETOLBERT","RB","Mike Tolbert","CAR",67,171,73,0,0,0,0,0,74,273,4,29,167,1,NA,NA,NA
"ROBERTWOODS","WR","Robert Woods","BUF",71,171,73,0,0,0,0,0,2,11,0,40,545,3,NA,NA,NA
"NATEWASHINGTON","WR","Nate Washington","TEN",78,176,72,0,0,0,0,0,0,0,0,39,600,2,NA,NA,NA
"TEDDYBRIDGEWATER","QB","Teddy Bridgewater","MIN",31,176,72,176,107,1161,7,5,17,45,1,0,0,0,NA,NA,NA
"DONALDBROWN","RB","Donald Brown","SD",46,178,71,0,0,0,0,0,84,375,2,22,169,1,NA,NA,NA
"ERICEBRON","TE","Eric Ebron","DET",18,178,71,0,0,0,0,0,0,0,0,33,476,4,NA,NA,NA
"JAREDCOOK","TE","Jared Cook","STL",25,178,71,0,0,0,0,0,0,0,0,47,537,3,NA,NA,NA
"KENBRELLTHOMPKINS","WR","Kenbrell Thompkins","NE",76,178,71,0,0,0,0,0,0,0,0,39,538,3,NA,NA,NA
"CJANDERSON","RB","C.J. Anderson","DEN",52,182,70,0,0,0,0,0,127,511,2,20,115,0,NA,NA,NA
"LANCEMOORE","WR","Lance Moore","PIT",77,182,70,0,0,0,0,0,0,0,0,50,602,2,NA,NA,NA
"ROYHELU","RB","Roy Helu","WAS",53,184,69,0,0,0,0,0,53,216,2,37,281,2,NA,NA,NA
"SANTONIOHOLMES","WR","Santonio Holmes","CHI",83,184,69,0,0,0,0,0,0,0,0,41,536,3,NA,NA,NA
"TIMWRIGHT","TE","Tim Wright","NE",22,186,68,0,0,0,0,0,0,0,0,39,445,4,NA,NA,NA
"TYLEREIFERT","TE","Tyler Eifert","CIN",21,186,68,0,0,0,0,0,0,0,0,45,505,3,NA,NA,NA
"JERMAINEKEARSE","WR","Jermaine Kearse","SEA",81,188,67,0,0,0,0,0,0,0,0,33,492,3,NA,NA,NA
"JORDANMATTHEWS","WR","Jordan Matthews","PHI",72,188,67,0,0,0,0,0,0,0,0,36,513,3,NA,NA,NA
"BLAKEBORTLES","QB","Blake Bortles","JAC",37,190,66,142,83,955,8,6,17,83,1,0,0,0,NA,NA,NA
"GARRETTGRAHAM","TE","Garrett Graham","HOU",26,190,66,0,0,0,0,0,0,0,0,39,425,4,NA,NA,NA
"MOHAMEDSANU","WR","Mohamed Sanu","CIN",100,190,66,0,0,0,0,0,6,29,0,48,540,2,NA,NA,NA
"JAMESSTARKS","RB","James Starks","GB",50,193,65,0,0,0,0,0,94,402,3,9,70,0,NA,NA,NA
"KNILEDAVIS","RB","Knile Davis","KC",51,193,65,0,0,0,0,0,89,362,4,12,71,0,NA,NA,NA
"MILESAUSTIN","WR","Miles Austin","CLE",88,193,65,0,0,0,0,0,0,0,0,34,496,3,NA,NA,NA
"MARCELREECE","RB","Marcel Reece","OAK",66,196,64,0,0,0,0,0,47,216,1,42,398,0,NA,NA,NA
"DWAYNEALLEN","TE","Dwayne Allen","IND",20,197,63,0,0,0,0,0,0,0,0,40,470,3,NA,NA,NA
"EDDIEROYAL","WR","Eddie Royal","SD",87,198,62,0,0,0,0,0,3,13,0,42,431,3,NA,NA,NA
"LEGARRETTEBLOUNT","RB","LeGarrette Blount","PIT",48,198,62,0,0,0,0,0,109,391,4,2,11,0,NA,NA,NA
"TEDGINN","WR","Ted Ginn","ARI",101,198,62,0,0,0,0,0,5,28,0,27,421,3,NA,NA,NA
"TRAVISKELCE","TE","Travis Kelce","KC",28,198,62,0,0,0,0,0,0,0,0,33,446,3,NA,NA,NA
"JOHNBROWN","WR","John Brown","ARI",85,202,60,0,0,0,0,0,0,0,0,33,422,3,NA,NA,NA
"LATAVIUSMURRAY","RB","Latavius Murray","OAK",63,202,60,0,0,0,0,0,89,403,1,13,106,1,NA,NA,NA
"MARLONBROWN","WR","Marlon Brown","BAL",84,202,60,0,0,0,0,0,0,0,0,33,363,4,NA,NA,NA
"ANDREWILLIAMS","RB","Andre Williams","NYG",54,205,59,0,0,0,0,0,95,415,3,7,45,0,NA,NA,NA
"JARVISLANDRY","WR","Jarvis Landry","MIA",92,205,59,0,0,0,0,0,0,0,0,36,476,2,NA,NA,NA
"MYCHALRIVERA","TE","Mychal Rivera","OAK",27,205,59,0,0,0,0,0,0,0,0,37,414,3,NA,NA,NA
"ANDREHOLMES","WR","Andre Holmes","OAK",73,208,58,0,0,0,0,0,0,0,0,35,463,2,NA,NA,NA
"BRIANHOYER","QB","Brian Hoyer","CLE",35,209,57,159,98,1049,8,8,17,49,0,0,0,0,NA,NA,NA
"JEROMESIMPSON","WR","Jerome Simpson","MIN",82,209,57,0,0,0,0,0,0,0,0,38,473,2,NA,NA,NA
"JONATHANSTEWART","RB","Jonathan Stewart","CAR",55,209,57,0,0,0,0,0,76,302,1,20,154,1,NA,NA,NA
"AUSTINSEFERIANJENKINS","TE","Austin Seferian-Jenkins","TB",23,212,56,0,0,0,0,0,0,0,0,32,381,3,NA,NA,NA
"JEREMYKERLEY","WR","Jeremy Kerley","NYJ",86,212,56,0,0,0,0,0,4,15,0,38,459,2,NA,NA,NA
"JERRELJERNIGAN","WR","Jerrel Jernigan","NYG",91,212,56,0,0,0,0,0,3,26,0,31,386,3,NA,NA,NA
"STEVEJOHNSON","WR","Steve Johnson","SF",63,212,56,0,0,0,0,0,0,0,0,33,406,3,NA,NA,NA
"TREMASON","RB","Tre Mason","STL",72,212,56,0,0,0,0,0,69,316,2,19,155,0,NA,NA,NA
"JACEAMARO","TE","Jace Amaro","NYJ",24,217,55,0,0,0,0,0,0,0,0,31,376,3,NA,NA,NA
"JONATHANGRIMES","RB","Jonathan Grimes","HOU",69,217,55,0,0,0,0,0,112,414,1,13,85,0,NA,NA,NA
"SCOTTCHANDLER","TE","Scott Chandler","BUF",32,217,55,0,0,0,0,0,0,0,0,42,439,2,NA,NA,NA
"COLEBEASLEY","WR","Cole Beasley","DAL",95,220,54,0,0,0,0,0,0,0,0,46,423,2,NA,NA,NA
"DEVONTAFREEMAN","RB","Devonta Freeman","ATL",56,220,54,0,0,0,0,0,58,276,2,23,176,0,NA,NA,NA
"OWENDANIELS","TE","Owen Daniels","BAL",30,222,52,0,0,0,0,0,0,0,0,33,341,3,NA,NA,NA
"CHRISTINEMICHAEL","RB","Christine Michael","SEA",57,223,51,0,0,0,0,0,77,348,2,9,74,0,NA,NA,NA
"CODYLATIMER","WR","Cody Latimer","DEN",89,223,51,0,0,0,0,0,0,0,0,30,393,2,NA,NA,NA
"ROBERTTURBIN","RB","Robert Turbin","SEA",62,223,51,0,0,0,0,0,87,343,2,9,58,0,NA,NA,NA
"AHMADBRADSHAW","RB","Ahmad Bradshaw","IND",58,226,50,0,0,0,0,0,60,250,3,13,79,0,NA,NA,NA
"ANDREWQUARLESS","TE","Andrew Quarless","GB",37,226,50,0,0,0,0,0,0,0,0,38,387,2,NA,NA,NA
"JERMAINEGRESHAM","TE","Jermaine Gresham","CIN",31,226,50,0,0,0,0,0,0,0,0,32,324,3,NA,NA,NA
"ALLENROBINSON","WR","Allen Robinson","JAC",98,229,49,0,0,0,0,0,0,0,0,29,371,2,NA,NA,NA
"JONATHANDWYER","RB","Jonathan Dwyer","ARI",65,230,48,0,0,0,0,0,82,334,2,8,59,0,NA,NA,NA
"MARCEDESLEWIS","TE","Marcedes Lewis","JAC",36,230,48,0,0,0,0,0,0,0,0,36,368,2,NA,NA,NA
"MARTAVISBRYANT","WR","Martavis Bryant","PIT",99,230,48,0,0,0,0,0,0,0,0,27,380,2,NA,NA,NA
"BRENTCELEK","TE","Brent Celek","PHI",38,233,47,0,0,0,0,0,0,0,0,30,355,2,NA,NA,NA
"CJFIEDOROWICZ","TE","C.J. Fiedorowicz","HOU",35,233,47,0,0,0,0,0,0,0,0,30,351,2,NA,NA,NA
"LANCEDUNBAR","RB","Lance Dunbar","DAL",61,233,47,0,0,0,0,0,50,218,2,15,88,1,NA,NA,NA
"BRYCEBROWN","RB","Bryce Brown","BUF",60,236,46,0,0,0,0,0,80,328,2,7,43,0,NA,NA,NA
"JACQUIZZRODGERS","RB","Jacquizz Rodgers","ATL",74,236,46,0,0,0,0,0,37,145,0,38,287,1,NA,NA,NA
"JASONAVANT","WR","Jason Avant","CAR",96,236,46,0,0,0,0,0,0,0,0,35,361,2,NA,NA,NA
"RONNIEHILLMAN","RB","Ronnie Hillman","DEN",78,239,45,0,0,0,0,0,65,277,0,27,204,0,NA,NA,NA
"ZACHMILLER","TE","Zach Miller","SEA",34,239,45,0,0,0,0,0,0,0,0,34,390,1,NA,NA,NA
"BENNYCUNNINGHAM","RB","Benny Cunningham","STL",75,241,44,0,0,0,0,0,57,276,2,6,50,0,NA,NA,NA
"BRANDONBOLDEN","RB","Brandon Bolden","NE",68,241,44,0,0,0,0,0,54,250,2,15,76,0,NA,NA,NA
"JUSTINFORSETT","RB","Justin Forsett","BAL",96,241,44,0,0,0,0,0,59,236,1,13,94,1,NA,NA,NA
"BRANDONPETTIGREW","TE","Brandon Pettigrew","DET",33,244,43,0,0,0,0,0,0,0,0,24,257,3,NA,NA,NA
"DAVANTEADAMS","WR","Davante Adams","GB",94,244,43,0,0,0,0,0,0,0,0,26,334,2,NA,NA,NA
"BILALPOWELL","RB","Bilal Powell","NYJ",83,246,42,0,0,0,0,0,60,232,1,20,131,0,NA,NA,NA
"JOHNCARLSON","TE","John Carlson","ARI",39,246,42,0,0,0,0,0,0,0,0,27,300,2,NA,NA,NA
"BRANDONBOSTICK","TE","Brandon Bostick","GB",29,248,41,0,0,0,0,0,0,0,0,23,295,2,NA,NA,NA
"ACESANDERS","WR","Ace Sanders","JAC",104,249,40,0,0,0,0,0,4,16,0,36,338,1,NA,NA,NA
"ANDRECALDWELL","WR","Andre Caldwell","DEN",90,249,40,0,0,0,0,0,0,0,0,29,342,1,NA,NA,NA
"MATTSCHAUB","QB","Matt Schaub","OAK",38,249,40,125,74,797,4,4,5,14,0,0,0,0,NA,NA,NA
"STEPFANTAYLOR","RB","Stepfan Taylor","ARI",73,249,40,0,0,0,0,0,65,211,2,11,70,0,NA,NA,NA
"JAMESWHITE","RB","James White","NE",76,253,39,0,0,0,0,0,44,198,1,13,101,1,NA,NA,NA
"SHAUNDRAUGHN","RB","Shaun Draughn","CHI",84,253,39,0,0,0,0,0,56,224,0,18,117,1,NA,NA,NA
"BENJARVUSGREENELLIS","RB","BenJarvus Green-Ellis","CIN",77,255,38,0,0,0,0,0,62,250,2,2,14,0,NA,NA,NA
"RYANGRIFFIN","TE","Ryan Griffin","HOU",40,256,37,0,0,0,0,0,0,0,0,23,259,2,NA,NA,NA
"BOBBYRAINEY","RB","Bobby Rainey","TB",71,257,36,0,0,0,0,0,84,317,0,9,58,0,NA,NA,NA
"KADEEMCAREY","RB","Ka'Deem Carey","CHI",70,257,36,0,0,0,0,0,56,222,1,17,107,0,NA,NA,NA
"KIRKCOUSINS","QB","Kirk Cousins","WAS",36,259,35,87,51,566,5,3,7,17,0,0,0,0,NA,NA,NA
"MIKEGLENNON","QB","Mike Glennon","TB",39,259,35,78,49,546,6,6,10,41,0,0,0,0,NA,NA,NA
"JERICKMCKINNON","RB","Jerick McKinnon","MIN",79,261,34,0,0,0,0,0,24,108,1,19,123,1,NA,NA,NA
"CHRISPOLK","RB","Chris Polk","PHI",80,262,33,0,0,0,0,0,47,208,1,11,70,0,NA,NA,NA
"DEANTHONYTHOMAS","RB","De'Anthony Thomas","KC",92,263,32,0,0,0,0,0,14,43,0,32,244,1,NA,NA,NA
"JOSEPHRANDLE","RB","Joseph Randle","DAL",81,264,31,0,0,0,0,0,48,185,1,13,72,0,NA,NA,NA
"MATTASIATA","RB","Matt Asiata","MIN",82,265,30,0,0,0,0,0,48,190,2,3,16,0,NA,NA,NA
"RONNIEBROWN","RB","Ronnie Brown","HOU",97,266,29,0,0,0,0,0,33,116,0,18,128,1,NA,NA,NA
"PEYTONHILLIS","RB","Peyton Hillis","NYG",99,267,28,0,0,0,0,0,46,160,1,8,61,0,NA,NA,NA
"MIKEJAMES","RB","Mike James","TB",85,268,23,0,0,0,0,0,45,197,1,2,9,0,NA,NA,NA
"THEORIDDICK","RB","Theo Riddick","DET",98,269,22,0,0,0,0,0,26,108,1,10,65,0,NA,NA,NA
"ALFREDBLUE","RB","Alfred Blue","HOU",86,270,21,0,0,0,0,0,32,131,1,4,28,0,NA,NA,NA
"LORENZOTALIAFERRO","RB","Lorenzo Taliaferro","BAL",90,270,21,0,0,0,0,0,26,123,1,6,37,0,NA,NA,NA
"DENARDROBINSON","RB","Denard Robinson","JAC",88,272,20,0,0,0,0,0,39,155,1,3,18,0,NA,NA,NA
"ISAIAHCROWELL","RB","Isaiah Crowell","CLE",91,273,16,0,0,0,0,0,20,76,1,6,37,0,NA,NA,NA
"STORMJOHNSON","RB","Storm Johnson","JAC",89,274,15,0,0,0,0,0,28,120,0,5,36,0,NA,NA,NA
"MARCUSLATTIMORE","RB","Marcus Lattimore","SF",105,275,14,0,0,0,0,0,14,69,1,3,20,0,NA,NA,NA
"TRAVARISCADET","RB","Travaris Cadet","NO",100,275,14,0,0,0,0,0,19,79,0,12,79,0,NA,NA,NA
"CHARLESSIMS","RB","Charles Sims","TB",106,277,12,0,0,0,0,0,6,25,0,6,44,1,NA,NA,NA
"MARKSANCHEZ","QB","Mark Sanchez","PHI",40,278,6,26,14,153,2,3,6,6,0,0,0,0,NA,NA,NA
"ANDREBROWN","RB","Andre Brown","HOU",112,279,0,0,0,0,0,0,0,0,0,0,0,0,NA,NA,NA
"ANTONESMITH","RB","Antone Smith","ATL",103,279,0,0,0,0,0,0,0,0,0,0,0,0,NA,NA,NA
"BRIANQUICK","WR","Brian Quick","STL",107,279,0,0,0,0,0,0,0,0,0,0,0,0,NA,NA,NA
"CHRISOGBONNAYA","RB","Chris Ogbonnaya","CLE",117,279,0,0,0,0,0,0,0,0,0,0,0,0,NA,NA,NA
"CHRISOWUSU","WR","Chris Owusu","TB",109,279,0,0,0,0,0,0,0,0,0,0,0,0,NA,NA,NA
"CHRISTHOMPSON","RB","Chris Thompson","WAS",120,279,0,0,0,0,0,0,0,0,0,0,0,0,NA,NA,NA
"DAMIENWILLIAMS","RB","Damien Williams","MIA",93,279,0,0,0,0,0,0,0,0,0,0,0,0,NA,NA,NA
"DANHERRON","RB","Dan Herron","IND",95,279,0,0,0,0,0,0,0,0,0,0,0,0,NA,NA,NA
"DANIELTHOMAS","RB","Daniel Thomas","MIA",110,279,0,0,0,0,0,0,0,0,0,0,0,0,NA,NA,NA
"DARICKROGERS","WR","Da'Rick Rogers","IND",118,279,0,0,0,0,0,0,0,0,0,0,0,0,NA,NA,NA
"DARYLRICHARDSON","RB","Daryl Richardson","NYJ",118,279,0,0,0,0,0,0,0,0,0,0,0,0,NA,NA,NA
"DAVIDNELSON","WR","David Nelson","NYJ",106,279,0,0,0,0,0,0,0,0,0,0,0,0,NA,NA,NA
"DEVIERPOSEY","WR","DeVier Posey","HOU",110,279,0,0,0,0,0,0,0,0,0,0,0,0,NA,NA,NA
"DEVINHESTER","WR","Devin Hester","ATL",120,279,0,0,0,0,0,0,0,0,0,0,0,0,NA,NA,NA
"DIONLEWIS","RB","Dion Lewis","CLE",111,279,0,0,0,0,0,0,0,0,0,0,0,0,NA,NA,NA
"DONTEMONCRIEF","WR","Donte Moncrief","IND",117,279,0,0,0,0,0,0,0,0,0,0,0,0,NA,NA,NA
"DRIARCHER","RB","Dri Archer","PIT",94,279,0,0,0,0,0,0,0,0,0,0,0,0,NA,NA,NA
"DUJUANHARRIS","RB","DuJuan Harris","GB",101,279,0,0,0,0,0,0,0,0,0,0,0,0,NA,NA,NA
"DWAYNEHARRIS","WR","Dwayne Harris","DAL",112,279,0,0,0,0,0,0,0,0,0,0,0,0,NA,NA,NA
"FOZZYWHITTAKER","RB","Fozzy Whittaker","CAR",102,279,0,0,0,0,0,0,0,0,0,0,0,0,NA,NA,NA
"JACOBYJONES","WR","Jacoby Jones","BAL",105,279,0,0,0,0,0,0,0,0,0,0,0,0,NA,NA,NA
"JARIUSWRIGHT","WR","Jarius Wright","MIN",119,279,0,0,0,0,0,0,0,0,0,0,0,0,NA,NA,NA
"JOEMORGAN","WR","Joe Morgan","NO",97,279,0,0,0,0,0,0,0,0,0,0,0,0,NA,NA,NA
"JUNIORHEMINGWAY","WR","Junior Hemingway","KC",108,279,0,0,0,0,0,0,0,0,0,0,0,0,NA,NA,NA
"JUWANTHOMPSON","RB","Juwan Thompson","DEN",87,279,0,0,0,0,0,0,0,0,0,0,0,0,NA,NA,NA
"KENJONBARNER","RB","Kenjon Barner","PHI",114,279,0,0,0,0,0,0,0,0,0,0,0,0,NA,NA,NA
"LACHESEASTRUNK","RB","Lache Seastrunk","WAS",115,279,0,0,0,0,0,0,0,0,0,0,0,0,NA,NA,NA
"LAMICHAELJAMES","RB","LaMichael James","SF",104,279,0,0,0,0,0,0,0,0,0,0,0,0,NA,NA,NA
"LOUISMURPHY","WR","Louis Murphy","TB",115,279,0,0,0,0,0,0,0,0,0,0,0,0,NA,NA,NA
"MARIONGRICE","RB","Marion Grice","SD",108,279,0,0,0,0,0,0,0,0,0,0,0,0,NA,NA,NA
"MARQUISEGOODWIN","WR","Marquise Goodwin","BUF",111,279,0,0,0,0,0,0,0,0,0,0,0,0,NA,NA,NA
"MICHAELCOX","RB","Michael Cox","NYG",119,279,0,0,0,0,0,0,0,0,0,0,0,0,NA,NA,NA
"MIKEBROWN","WR","Mike Brown","JAC",114,279,0,0,0,0,0,0,0,0,0,0,0,0,NA,NA,NA
"MIKELLESHOURE","RB","Mikel Leshoure","DET",113,279,0,0,0,0,0,0,0,0,0,0,0,0,NA,NA,NA
"PAULRICHARDSON","WR","Paul Richardson","SEA",116,279,0,0,0,0,0,0,0,0,0,0,0,0,NA,NA,NA
"QUINTONPATTON","WR","Quinton Patton","SF",103,279,0,0,0,0,0,0,0,0,0,0,0,0,NA,NA,NA
"RYANBROYLES","WR","Ryan Broyles","DET",102,279,0,0,0,0,0,0,0,0,0,0,0,0,NA,NA,NA
"RYANWILLIAMS","RB","Ryan Williams","DAL",116,279,0,0,0,0,0,0,0,0,0,0,0,0,NA,NA,NA
"SILASREDD","RB","Silas Redd","WAS",107,279,0,0,0,0,0,0,0,0,0,0,0,0,NA,NA,NA
"TRAVISBENJAMIN","WR","Travis Benjamin","CLE",113,279,0,0,0,0,0,0,0,0,0,0,0,0,NA,NA,NA
"TREYWATTS","RB","Trey Watts","STL",109,279,0,0,0,0,0,0,0,0,0,0,0,0,NA,NA,NA
