key,name,pos,team,pass_tds,pass_yds,pass_ints,rush_tds,rush_yds,receptions,reception_tds,reception_yds,two_pts,fumbles,kick_0_19,kick_20_29,kick_30_39,kick_40_49,kick_50,kick_extra_points,df_points_allowed_per_game,df_sacks,df_safeties,df_fumbles,df_tds,df_ints
barkley_RB_NYG,Saquon Barkley,RB,NYG,,,,9.0,1289.0,88.0,3.0,711.0,,,,,,,,,,,,,,
kamara_RB_NO,Alvin Kamara,RB,NO,,,,10.0,907.0,82.0,4.0,734.0,,,,,,,,,,,,,,
mccaffrey_RB_CAR,Christian McCaffrey,RB,CAR,,,,7.0,1020.0,93.0,4.0,765.0,,,,,,,,,,,,,,
elliott_RB_DAL,Ezekiel Elliott,RB,DAL,,,,10.0,1376.0,74.0,3.0,586.0,,,,,,,,,,,,,,
johnson_RB_ARI,David Johnson,RB,ARI,,,,8.0,1090.0,64.0,3.0,629.0,,,,,,,,,,,,,,
hopkins_WR_HOU,DeAndre Hopkins,WR,HOU,,,,0.0,0.0,103.0,9.0,1380.0,,,,,,,,,,,,,,
adams_WR_GB,Davante Adams,WR,GB,,,,0.0,0.0,98.0,11.0,1205.0,,,,,,,,,,,,,,
bell_RB_NYJ,Le'Veon Bell,RB,NYJ,,,,6.0,1139.0,65.0,3.0,515.0,,,,,,,,,,,,,,
jones_WR_ATL,Julio Jones,WR,ATL,,,,0.0,11.0,96.0,8.0,1428.0,,,,,,,,,,,,,,
beckham_WR_CLE,Odell Beckham Jr.,WR,CLE,,,,0.0,23.0,88.0,10.0,1218.0,,,,,,,,,,,,,,
hill_WR_KC,Tyreek Hill,WR,KC,,,,1.0,125.0,84.0,9.0,1280.0,,,,,,,,,,,,,,
thomas_WR_NO,Michael Thomas,WR,NO,,,,0.0,0.0,114.0,8.0,1318.0,,,,,,,,,,,,,,
evans_WR_TB,Mike Evans,WR,TB,,,,0.0,0.0,84.0,7.0,1351.0,,,,,,,,,,,,,,
gurley_RB_LAR,Todd Gurley II,RB,LAR,,,,13.0,1068.0,46.0,3.0,429.0,,,,,,,,,,,,,,
kelce_TE_KC,Travis Kelce,TE,KC,,,,0.0,0.0,98.0,10.0,1231.0,,,,,,,,,,,,,,
mixon_RB_CIN,Joe Mixon,RB,CIN,,,,9.0,1163.0,52.0,2.0,397.0,,,,,,,,,,,,,,
conner_RB_PIT,James Conner,RB,PIT,,,,10.0,1025.0,50.0,2.0,411.0,,,,,,,,,,,,,,
chubb_RB_CLE,Nick Chubb,RB,CLE,,,,9.0,1181.0,36.0,2.0,290.0,,,,,,,,,,,,,,
smithschuster_WR_PIT,JuJu Smith-Schuster,WR,PIT,,,,0.0,0.0,103.0,8.0,1308.0,,,,,,,,,,,,,,
brown_WR_OAK,Antonio Brown,WR,OAK,,,,0.0,0.0,99.0,8.0,1215.0,,,,,,,,,,,,,,
cooper_WR_DAL,Amari Cooper,WR,DAL,,,,0.0,12.0,86.0,7.0,1148.0,,,,,,,,,,,,,,
cook_RB_MIN,Dalvin Cook,RB,MIN,,,,6.0,1171.0,54.0,2.0,421.0,,,,,,,,,,,,,,
henry_RB_TEN,Derrick Henry,RB,TEN,,,,12.0,1278.0,18.0,1.0,151.0,,,,,,,,,,,,,,
freeman_RB_ATL,Devonta Freeman,RB,ATL,,,,8.0,875.0,50.0,3.0,423.0,,,,,,,,,,,,,,
jacobs_RB_OAK,Josh Jacobs,RB,OAK,,,,7.0,1023.0,44.0,2.0,357.0,,,,,,,,,,,,,,
johnson_RB_DET,Kerryon Johnson,RB,DET,,,,5.0,985.0,55.0,2.0,398.0,,,,,,,,,,,,,,
allen_WR_LAC,Keenan Allen,WR,LAC,,,,0.0,26.0,98.0,7.0,1233.0,,,,,,,,,,,,,,
cooks_WR_LAR,Brandin Cooks,WR,LAR,,,,0.0,51.0,75.0,6.0,1120.0,,,,,,,,,,,,,,
kittle_TE_SF,George Kittle,TE,SF,,,,0.0,0.0,82.0,6.0,1153.0,,,,,,,,,,,,,,
ertz_TE_PHI,Zach Ertz,TE,PHI,,,,0.0,0.0,86.0,8.0,873.0,,,,,,,,,,,,,,
carson_RB_SEA,Chris Carson,RB,SEA,,,,9.0,1065.0,32.0,1.0,261.0,,,,,,,,,,,,,,
fournette_RB_JAX,Leonard Fournette,RB,JAX,,,,9.0,909.0,49.0,1.0,396.0,,,,,,,,,,,,,,
jones_RB_GB,Aaron Jones,RB,GB,,,,8.0,932.0,37.0,2.0,280.0,,,,,,,,,,,,,,
michel_RB_NE,Sony Michel,RB,NE,,,,11.0,1068.0,13.0,1.0,108.0,,,,,,,,,,,,,,
williams_RB_KC,Damien Williams,RB,KC,,,,8.0,642.0,49.0,4.0,401.0,,,,,,,,,,,,,,
edelman_WR_NE,Julian Edelman,WR,NE,,,,0.0,69.0,95.0,6.0,1162.0,,,,,,,,,,,,,,
thielen_WR_MIN,Adam Thielen,WR,MIN,,,,0.0,28.0,88.0,6.0,1095.0,,,,,,,,,,,,,,
woods_WR_LAR,Robert Woods,WR,LAR,,,,0.0,87.0,73.0,5.0,971.0,,,,,,,,,,,,,,
golladay_WR_DET,Kenny Golladay,WR,DET,,,,0.0,13.0,73.0,6.0,1021.0,,,,,,,,,,,,,,
diggs_WR_MIN,Stefon Diggs,WR,MIN,,,,0.0,48.0,86.0,7.0,930.0,,,,,,,,,,,,,,
hilton_WR_IND,T.Y. Hilton,WR,IND,,,,0.0,0.0,70.0,5.0,1106.0,,,,,,,,,,,,,,
kupp_WR_LAR,Cooper Kupp,WR,LAR,,,,0.0,23.0,68.0,7.0,895.0,,,,,,,,,,,,,,
mahomes_QB_KC,Patrick Mahomes,QB,KC,35.0,4729.0,12.0,3.0,223.0,,,,,,,,,,,,,,,,,
montgomery_RB_CHI,David Montgomery,RB,CHI,,,,6.0,938.0,32.0,1.0,266.0,,,,,,,,,,,,,,
gordon_RB_LAC,Melvin Gordon,RB,LAC,,,,6.0,780.0,44.0,2.0,384.0,,,,,,,,,,,,,,
godwin_WR_TB,Chris Godwin,WR,TB,,,,0.0,0.0,71.0,6.0,966.0,,,,,,,,,,,,,,
lockett_WR_SEA,Tyler Lockett,WR,SEA,,,,0.0,56.0,69.0,6.0,962.0,,,,,,,,,,,,,,
williams_WR_LAC,Mike Williams,WR,LAC,,,,0.0,41.0,64.0,8.0,916.0,,,,,,,,,,,,,,
jeffery_WR_PHI,Alshon Jeffery,WR,PHI,,,,0.0,0.0,68.0,8.0,892.0,,,,,,,,,,,,,,
moore_WR_CAR,DJ Moore,WR,CAR,,,,0.0,127.0,72.0,4.0,949.0,,,,,,,,,,,,,,
robinson_WR_CHI,Allen Robinson,WR,CHI,,,,0.0,0.0,68.0,6.0,950.0,,,,,,,,,,,,,,
gordon_WR_NE,Josh Gordon,WR,NE,,,,0.0,0.0,58.0,6.0,962.0,,,,,,,,,,,,,,
ridley_WR_ATL,Calvin Ridley,WR,ATL,,,,0.0,37.0,69.0,7.0,880.0,,,,,,,,,,,,,,
boyd_WR_CIN,Tyler Boyd,WR,CIN,,,,0.0,11.0,80.0,4.0,1009.0,,,,,,,,,,,,,,
watkins_WR_KC,Sammy Watkins,WR,KC,,,,0.0,21.0,63.0,6.0,914.0,,,,,,,,,,,,,,
shepard_WR_NYG,Sterling Shepard,WR,NYG,,,,0.0,31.0,73.0,6.0,946.0,,,,,,,,,,,,,,
ingram_RB_BAL,Mark Ingram II,RB,BAL,,,,8.0,1028.0,36.0,1.0,275.0,,,,,,,,,,,,,,
mack_RB_IND,Marlon Mack,RB,IND,,,,6.0,1048.0,27.0,1.0,211.0,,,,,,,,,,,,,,
lindsay_RB_DEN,Phillip Lindsay,RB,DEN,,,,5.0,763.0,35.0,1.0,254.0,,,,,,,,,,,,,,
guice_RB_WSH,Derrius Guice,RB,WSH,,,,6.0,814.0,33.0,1.0,257.0,,,,,,,,,,,,,,
johnson_RB_HOU,Duke Johnson Jr.,RB,HOU,,,,3.0,702.0,48.0,2.0,433.0,,,,,,,,,,,,,,
white_RB_NE,James White,RB,NE,,,,3.0,241.0,81.0,5.0,700.0,,,,,,,,,,,,,,
drake_RB_MIA,Kenyan Drake,RB,MIA,,,,4.0,624.0,63.0,2.0,523.0,,,,,,,,,,,,,,
coleman_RB_SF,Tevin Coleman,RB,SF,,,,4.0,637.0,33.0,2.0,329.0,,,,,,,,,,,,,,
howard_TE_TB,O.J. Howard,TE,TB,,,,0.0,0.0,58.0,5.0,799.0,,,,,,,,,,,,,,
engram_TE_NYG,Evan Engram,TE,NYG,,,,0.0,14.0,66.0,5.0,791.0,,,,,,,,,,,,,,
henry_TE_LAC,Hunter Henry,TE,LAC,,,,0.0,0.0,54.0,7.0,688.0,,,,,,,,,,,,,,
cook_TE_NO,Jared Cook,TE,NO,,,,0.0,0.0,57.0,6.0,730.0,,,,,,,,,,,,,,
sanders_RB_PHI,Miles Sanders,RB,PHI,,,,5.0,775.0,30.0,1.0,235.0,,,,,,,,,,,,,,
freeman_RB_DEN,Royce Freeman,RB,DEN,,,,5.0,660.0,25.0,1.0,189.0,,,,,,,,,,,,,,
watson_QB_HOU,Deshaun Watson,QB,HOU,25.0,3985.0,11.0,4.0,612.0,,,,,,,,,,,,,,,,,
ryan_QB_ATL,Matt Ryan,QB,ATL,31.0,4626.0,8.0,1.0,116.0,,,,,,,,,,,,,,,,,
rodgers_QB_GB,Aaron Rodgers,QB,GB,30.0,4001.0,7.0,2.0,258.0,,,,,,,,,,,,,,,,,
anderson_WR_NYJ,Robby Anderson,WR,NYJ,,,,0.0,23.0,58.0,7.0,875.0,,,,,,,,,,,,,,
green_WR_CIN,A.J. Green,WR,CIN,,,,0.0,0.0,69.0,6.0,1014.0,,,,,,,,,,,,,,
landry_WR_CLE,Jarvis Landry,WR,CLE,,,,0.0,27.0,69.0,6.0,828.0,,,,,,,,,,,,,,
fuller_WR_HOU,Will Fuller V,WR,HOU,,,,0.0,0.0,52.0,5.0,744.0,,,,,,,,,,,,,,
westbrook_WR_JAX,Dede Westbrook,WR,JAX,,,,0.0,53.0,72.0,4.0,825.0,,,,,,,,,,,,,,
jones_WR_DET,Marvin Jones Jr.,WR,DET,,,,0.0,0.0,59.0,7.0,841.0,,,,,,,,,,,,,,
kirk_WR_ARI,Christian Kirk,WR,ARI,,,,0.0,22.0,62.0,4.0,830.0,,,,,,,,,,,,,,
samuel_WR_CAR,Curtis Samuel,WR,CAR,,,,1.0,87.0,53.0,5.0,660.0,,,,,,,,,,,,,,
penny_RB_SEA,Rashaad Penny,RB,SEA,,,,3.0,629.0,25.0,1.0,202.0,,,,,,,,,,,,,,
murray_RB_NO,Latavius Murray,RB,NO,,,,6.0,564.0,22.0,0.0,157.0,,,,,,,,,,,,,,
ekeler_RB_LAC,Austin Ekeler,RB,LAC,,,,3.0,565.0,42.0,2.0,371.0,,,,,,,,,,,,,,
cohen_RB_CHI,Tarik Cohen,RB,CHI,,,,2.0,324.0,61.0,3.0,569.0,,,,,,,,,,,,,,
breida_RB_SF,Matt Breida,RB,SF,,,,4.0,634.0,25.0,1.0,220.0,,,,,,,,,,,,,,
mayfield_QB_CLE,Baker Mayfield,QB,CLE,32.0,4153.0,15.0,1.0,162.0,,,,,,,,,,,,,,,,,
wentz_QB_PHI,Carson Wentz,QB,PHI,32.0,4009.0,10.0,2.0,209.0,,,,,,,,,,,,,,,,,
newton_QB_CAR,Cam Newton,QB,CAR,24.0,3847.0,12.0,5.0,509.0,,,,,,,,,,,,,,,,,
prescott_QB_DAL,Dak Prescott,QB,DAL,25.0,3804.0,9.0,6.0,333.0,,,,,,,,,,,,,,,,,
sanders_WR_DEN,Emmanuel Sanders,WR,DEN,,,,0.0,13.0,71.0,4.0,873.0,,,,,,,,,,,,,,
davis_WR_TEN,Corey Davis,WR,TEN,,,,0.0,24.0,56.0,4.0,742.0,,,,,,,,,,,,,,
crowder_WR_NYJ,Jamison Crowder,WR,NYJ,,,,0.0,23.0,62.0,4.0,752.0,,,,,,,,,,,,,,
sutton_WR_DEN,Courtland Sutton,WR,DEN,,,,0.0,0.0,51.0,4.0,766.0,,,,,,,,,,,,,,
gallup_WR_DAL,Michael Gallup,WR,DAL,,,,0.0,0.0,51.0,5.0,752.0,,,,,,,,,,,,,,
fitzgerald_WR_ARI,Larry Fitzgerald,WR,ARI,,,,0.0,0.0,70.0,5.0,781.0,,,,,,,,,,,,,,
washington_WR_PIT,James Washington,WR,PIT,,,,0.0,0.0,46.0,4.0,632.0,,,,,,,,,,,,,,
pettis_WR_SF,Dante Pettis,WR,SF,,,,0.0,0.0,50.0,4.0,719.0,,,,,,,,,,,,,,
mcdonald_TE_PIT,Vance McDonald,TE,PIT,,,,0.0,0.0,55.0,5.0,658.0,,,,,,,,,,,,,,
barber_RB_TB,Peyton Barber,RB,TB,,,,4.0,674.0,31.0,1.0,224.0,,,,,,,,,,,,,,
howard_RB_PHI,Jordan Howard,RB,PHI,,,,5.0,612.0,12.0,1.0,91.0,,,,,,,,,,,,,,
mccoy_RB_BUF,LeSean McCoy,RB,BUF,,,,3.0,563.0,25.0,1.0,195.0,,,,,,,,,,,,,,
thompson_RB_KC,Darwin Thompson,RB,KC,,,,2.0,276.0,15.0,1.0,118.0,,,,,,,,,,,,,,
hines_RB_IND,Nyheim Hines,RB,IND,,,,1.0,337.0,41.0,2.0,311.0,,,,,,,,,,,,,,
henderson_RB_LAR,Darrell Henderson,RB,LAR,,,,2.0,393.0,26.0,1.0,223.0,,,,,,,,,,,,,,
singletary_RB_BUF,Devin Singletary,RB,BUF,,,,2.0,342.0,21.0,1.0,177.0,,,,,,,,,,,,,,
valdesscantling_WR_GB,Marquez Valdes-Scantling,WR,GB,,,,0.0,20.0,46.0,4.0,646.0,,,,,,,,,,,,,,
coutee_WR_HOU,Keke Coutee,WR,HOU,,,,0.0,37.0,59.0,4.0,661.0,,,,,,,,,,,,,,
jackson_WR_PHI,DeSean Jackson,WR,PHI,,,,0.0,26.0,43.0,5.0,730.0,,,,,,,,,,,,,,
moncrief_WR_PIT,Donte Moncrief,WR,PIT,,,,0.0,0.0,54.0,5.0,709.0,,,,,,,,,,,,,,
njoku_TE_CLE,David Njoku,TE,CLE,,,,0.0,0.0,52.0,5.0,626.0,,,,,,,,,,,,,,
walker_TE_TEN,Delanie Walker,TE,TEN,,,,0.0,0.0,55.0,4.0,653.0,,,,,,,,,,,,,,
hooper_TE_ATL,Austin Hooper,TE,ATL,,,,0.0,0.0,61.0,5.0,619.0,,,,,,,,,,,,,,
brees_QB_NO,Drew Brees,QB,NO,29.0,4279.0,8.0,2.0,23.0,,,,,,,,,,,,,,,,,
roethlisberger_QB_PIT,Ben Roethlisberger,QB,PIT,29.0,4769.0,16.0,1.0,71.0,,,,,,,,,,,,,,,,,
wilson_QB_SEA,Russell Wilson,QB,SEA,27.0,3613.0,7.0,2.0,369.0,,,,,,,,,,,,,,,,,
murray_QB_ARI,Kyler Murray,QB,ARI,22.0,3833.0,14.0,4.0,565.0,,,,,,,,,,,,,,,,,
goff_QB_LAR,Jared Goff,QB,LAR,28.0,4271.0,10.0,2.0,107.0,,,,,,,,,,,,,,,,,
brady_QB_NE,Tom Brady,QB,NE,28.0,4425.0,11.0,1.0,49.0,,,,,,,,,,,,,,,,,
williams_WR_OAK,Tyrell Williams,WR,OAK,,,,0.0,0.0,53.0,4.0,787.0,,,,,,,,,,,,,,
miller_WR_CHI,Anthony Miller,WR,CHI,,,,0.0,20.0,46.0,5.0,600.0,,,,,,,,,,,,,,
allison_WR_GB,Geronimo Allison,WR,GB,,,,0.0,0.0,47.0,4.0,610.0,,,,,,,,,,,,,,
metcalf_WR_SEA,DK Metcalf,WR,SEA,,,,0.0,0.0,47.0,5.0,632.0,,,,,,,,,,,,,,
jackson_QB_BAL,Lamar Jackson,QB,BAL,14.0,3114.0,9.0,6.0,818.0,,,,,,,,,,,,,,,,,
trubisky_QB_CHI,Mitchell Trubisky,QB,CHI,25.0,3896.0,12.0,3.0,386.0,,,,,,,,,,,,,,,,,
brown_WR_BUF,John Brown,WR,BUF,,,,0.0,0.0,41.0,4.0,682.0,,,,,,,,,,,,,,
stills_WR_MIA,Kenny Stills,WR,MIA,,,,0.0,0.0,51.0,4.0,800.0,,,,,,,,,,,,,,
humphries_WR_TEN,Adam Humphries,WR,TEN,,,,0.0,25.0,58.0,3.0,623.0,,,,,,,,,,,,,,
tate_WR_NYG,Golden Tate,WR,NYG,,,,0.0,16.0,55.0,3.0,595.0,,,,,,,,,,,,,,
wilson_WR_MIA,Albert Wilson,WR,MIA,,,,0.0,57.0,48.0,2.0,589.0,,,,,,,,,,,,,,
burton_TE_CHI,Trey Burton,TE,CHI,,,,0.0,0.0,54.0,4.0,591.0,,,,,,,,,,,,,,
andrews_TE_BAL,Mark Andrews,TE,BAL,,,,0.0,0.0,48.0,4.0,650.0,,,,,,,,,,,,,,
ebron_TE_IND,Eric Ebron,TE,IND,,,,0.0,14.0,42.0,4.0,482.0,,,,,,,,,,,,,,
olsen_TE_CAR,Greg Olsen,TE,CAR,,,,0.0,0.0,47.0,5.0,599.0,,,,,,,,,,,,,,
ballage_RB_MIA,Kalen Ballage,RB,MIA,,,,3.0,565.0,22.0,1.0,171.0,,,,,,,,,,,,,,
richard_RB_OAK,Jalen Richard,RB,OAK,,,,1.0,194.0,55.0,1.0,450.0,,,,,,,,,,,,,,
harris_RB_NE,Damien Harris,RB,NE,,,,3.0,333.0,9.0,0.0,75.0,,,,,,,,,,,,,,
samuels_RB_PIT,Jaylen Samuels,RB,PIT,,,,2.0,322.0,31.0,1.0,241.0,,,,,,,,,,,,,,
brown_WR_BAL,Marquise Brown,WR,BAL,,,,0.0,33.0,41.0,3.0,616.0,,,,,,,,,,,,,,
sanu_WR_ATL,Mohamed Sanu,WR,ATL,,,,0.0,32.0,57.0,4.0,684.0,,,,,,,,,,,,,,
bears_DST_CHI,Bears,DST,CHI,,,,,,,,,,,,,,,,,19.5,44.0,,11.0,3.0,15.0
jaguars_DST_JAX,Jaguars,DST,JAX,,,,,,,,,,,,,,,,,19.6875,40.0,,7.0,3.0,11.0
bills_DST_BUF,Bills,DST,BUF,,,,,,,,,,,,,,,,,21.0,31.0,,10.0,3.0,17.0
rams_DST_LAR,Rams,DST,LAR,,,,,,,,,,,,,,,,,21.5,45.0,,9.0,3.0,15.0
vikings_DST_MIN,Vikings,DST,MIN,,,,,,,,,,,,,,,,,20.5,41.0,,7.0,3.0,12.0
saints_DST_NO,Saints,DST,NO,,,,,,,,,,,,,,,,,22.0,46.0,,9.0,3.0,13.0
chargers_DST_LAC,Chargers,DST,LAC,,,,,,,,,,,,,,,,,20.1875,41.0,,7.0,3.0,14.0
patriots_DST_NE,Patriots,DST,NE,,,,,,,,,,,,,,,,,20.625,37.0,,8.0,3.0,15.0
titans_DST_TEN,Titans,DST,TEN,,,,,,,,,,,,,,,,,20.625,41.0,,8.0,3.0,13.0
broncos_DST_DEN,Broncos,DST,DEN,,,,,,,,,,,,,,,,,22.375,42.0,,9.0,3.0,12.0
zuerlein_K_LAR,Greg Zuerlein,K,LAR,,,,,,,,,,,,,,12.0,6.0,46.0,,,,,,
tucker_K_BAL,Justin Tucker,K,BAL,,,,,,,,,,,,,,12.0,6.0,31.0,,,,,,
lutz_K_NO,Wil Lutz,K,NO,,,,,,,,,,,,,,9.0,5.0,47.0,,,,,,
butker_K_KC,Harrison Butker,K,KC,,,,,,,,,,,,,,9.0,5.0,50.0,,,,,,
gostkowski_K_NE,Stephen Gostkowski,K,NE,,,,,,,,,,,,,,9.0,5.0,47.0,,,,,,
fairbairn_K_HOU,Ka'imi Fairbairn,K,HOU,,,,,,,,,,,,,,10.0,5.0,37.0,,,,,,
gould_K_SF,Robbie Gould,K,SF,,,,,,,,,,,,,,10.0,5.0,37.0,,,,,,
badgley_K_LAC,Mike Badgley,K,LAC,,,,,,,,,,,,,,10.0,5.0,40.0,,,,,,
maher_K_DAL,Brett Maher,K,DAL,,,,,,,,,,,,,,10.0,5.0,39.0,,,,,,
prater_K_DET,Matt Prater,K,DET,,,,,,,,,,,,,,9.0,5.0,35.0,,,,,,
hamilton_WR_DEN,DaeSean Hamilton,WR,DEN,,,,0.0,0.0,57.0,3.0,626.0,,,,,,,,,,,,,,
funchess_WR_IND,Devin Funchess,WR,IND,,,,0.0,0.0,43.0,5.0,581.0,,,,,,,,,,,,,,
chark_WR_JAX,DJ Chark,WR,JAX,,,,0.0,0.0,47.0,3.0,599.0,,,,,,,,,,,,,,
doyle_TE_IND,Jack Doyle,TE,IND,,,,0.0,0.0,53.0,3.0,478.0,,,,,,,,,,,,,,
reed_TE_WSH,Jordan Reed,TE,WSH,,,,0.0,0.0,60.0,3.0,608.0,,,,,,,,,,,,,,
graham_TE_GB,Jimmy Graham,TE,GB,,,,0.0,0.0,45.0,4.0,530.0,,,,,,,,,,,,,,
winston_QB_TB,Jameis Winston,QB,TB,26.0,4373.0,17.0,1.0,277.0,,,,,,,,,,,,,,,,,
rivers_QB_LAC,Philip Rivers,QB,LAC,30.0,4237.0,12.0,0.0,33.0,,,,,,,,,,,,,,,,,
cousins_QB_MIN,Kirk Cousins,QB,MIN,26.0,3879.0,10.0,3.0,134.0,,,,,,,,,,,,,,,,,
lewis_RB_TEN,Dion Lewis,RB,TEN,,,,1.0,310.0,47.0,1.0,357.0,,,,,,,,,,,,,,
pollard_RB_DAL,Tony Pollard,RB,DAL,,,,1.0,100.0,10.0,0.0,78.0,,,,,,,,,,,,,,
bernard_RB_CIN,Giovani Bernard,RB,CIN,,,,2.0,307.0,42.0,1.0,336.0,,,,,,,,,,,,,,
jones_RB_TB,Ronald Jones,RB,TB,,,,3.0,486.0,22.0,1.0,170.0,,,,,,,,,,,,,,
jackson_RB_LAC,Justin Jackson,RB,LAC,,,,2.0,236.0,10.0,1.0,84.0,,,,,,,,,,,,,,
hardman_WR_KC,Mecole Hardman,WR,KC,,,,0.0,61.0,30.0,3.0,417.0,,,,,,,,,,,,,,
samuel_WR_SF,Deebo Samuel,WR,SF,,,,0.0,23.0,38.0,3.0,478.0,,,,,,,,,,,,,,
richardson_WR_WSH,Paul Richardson,WR,WSH,,,,0.0,22.0,45.0,3.0,656.0,,,,,,,,,,,,,,
smith_WR_NO,Tre'Quan Smith,WR,NO,,,,0.0,0.0,27.0,3.0,375.0,,,,,,,,,,,,,,
conley_WR_JAX,Chris Conley,WR,JAX,,,,0.0,0.0,51.0,3.0,586.0,,,,,,,,,,,,,,
brown_WR_TEN,A.J. Brown,WR,TEN,,,,0.0,0.0,40.0,3.0,506.0,,,,,,,,,,,,,,
ginn_WR_NO,Ted Ginn Jr.,WR,NO,,,,0.0,60.0,40.0,4.0,595.0,,,,,,,,,,,,,,
carr_QB_OAK,Derek Carr,QB,OAK,24.0,4129.0,11.0,1.0,85.0,,,,,,,,,,,,,,,,,
rudolph_TE_MIN,Kyle Rudolph,TE,MIN,,,,0.0,0.0,50.0,5.0,496.0,,,,,,,,,,,,,,
hill_RB_BAL,Justice Hill,RB,BAL,,,,1.0,201.0,13.0,0.0,105.0,,,,,,,,,,,,,,
crockett_RB_HOU,Damarea Crockett,RB,HOU,,,,3.0,453.0,12.0,1.0,92.0,,,,,,,,,,,,,,
brown_RB_LAR,Malcolm Brown,RB,LAR,,,,1.0,240.0,4.0,0.0,33.0,,,,,,,,,,,,,,
hunt_RB_CLE,Kareem Hunt,RB,CLE,,,,2.0,318.0,21.0,1.0,207.0,,,,,,,,,,,,,,
thompson_RB_WSH,Chris Thompson,RB,WSH,,,,1.0,167.0,47.0,1.0,373.0,,,,,,,,,,,,,,
texans_DST_HOU,Texans,DST,HOU,,,,,,,,,,,,,,,,,21.4375,35.0,,10.0,3.0,11.0
eagles_DST_PHI,Eagles,DST,PHI,,,,,,,,,,,,,,,,,20.4375,44.0,,9.0,3.0,11.0
elliott_K_PHI,Jake Elliott,K,PHI,,,,,,,,,,,,,,10.0,5.0,41.0,,,,,,
crosby_K_GB,Mason Crosby,K,GB,,,,,,,,,,,,,,10.0,5.0,40.0,,,,,,
herndon_TE_NYJ,Chris Herndon,TE,NYJ,,,,0.0,0.0,35.0,4.0,449.0,,,,,,,,,,,,,,
montgomery_RB_NYJ,Ty Montgomery,RB,NYJ,,,,1.0,160.0,24.0,1.0,207.0,,,,,,,,,,,,,,
ogunbowale_RB_TB,Dare Ogunbowale,RB,TB,,,,1.0,167.0,13.0,0.0,100.0,,,,,,,,,,,,,,
mclaurin_WR_WSH,Terry McLaurin,WR,WSH,,,,0.0,0.0,36.0,2.0,481.0,,,,,,,,,,,,,,
isabella_WR_ARI,Andy Isabella,WR,ARI,,,,0.0,24.0,30.0,2.0,402.0,,,,,,,,,,,,,,
beasley_WR_BUF,Cole Beasley,WR,BUF,,,,0.0,0.0,62.0,3.0,670.0,,,,,,,,,,,,,,
anderson_RB_DET,C.J. Anderson,RB,DET,,,,4.0,572.0,16.0,0.0,116.0,,,,,,,,,,,,,,
peterson_RB_WSH,Adrian Peterson,RB,WSH,,,,3.0,414.0,7.0,0.0,52.0,,,,,,,,,,,,,,
edwards_RB_BAL,Gus Edwards,RB,BAL,,,,2.0,510.0,3.0,0.0,28.0,,,,,,,,,,,,,,
edmonds_RB_ARI,Chase Edmonds,RB,ARI,,,,1.0,199.0,22.0,1.0,167.0,,,,,,,,,,,,,,
mattison_RB_MIN,Alexander Mattison,RB,MIN,,,,2.0,267.0,8.0,0.0,63.0,,,,,,,,,,,,,,
williams_RB_GB,Jamaal Williams,RB,GB,,,,3.0,438.0,24.0,1.0,200.0,,,,,,,,,,,,,,
hilliard_RB_CLE,Dontrell Hilliard,RB,CLE,,,,1.0,136.0,20.0,1.0,166.0,,,,,,,,,,,,,,
smith_RB_ATL,Ito Smith,RB,ATL,,,,2.0,288.0,18.0,1.0,137.0,,,,,,,,,,,,,,
gore_RB_BUF,Frank Gore,RB,BUF,,,,2.0,566.0,17.0,1.0,138.0,,,,,,,,,,,,,,
davis_RB_CHI,Mike Davis,RB,CHI,,,,1.0,186.0,8.0,0.0,62.0,,,,,,,,,,,,,,
waller_TE_OAK,Darren Waller,TE,OAK,,,,0.0,0.0,45.0,4.0,486.0,,,,,,,,,,,,,,
hockenson_TE_DET,T.J. Hockenson,TE,DET,,,,0.0,0.0,43.0,4.0,471.0,,,,,,,,,,,,,,
darnold_QB_NYJ,Sam Darnold,QB,NYJ,24.0,3772.0,16.0,2.0,149.0,,,,,,,,,,,,,,,,,
gabriel_WR_CHI,Taylor Gabriel,WR,CHI,,,,0.0,51.0,46.0,2.0,517.0,,,,,,,,,,,,,,
campbell_WR_IND,Parris Campbell,WR,IND,,,,0.0,57.0,33.0,2.0,356.0,,,,,,,,,,,,,,
harry_WR_NE,N'Keal Harry,WR,NE,,,,0.0,14.0,29.0,3.0,376.0,,,,,,,,,,,,,,
meyers_WR_NE,Jakobi Meyers,WR,NE,,,,0.0,0.0,15.0,1.0,187.0,,,,,,,,,,,,,,
cobb_WR_DAL,Randall Cobb,WR,DAL,,,,0.0,19.0,44.0,3.0,465.0,,,,,,,,,,,,,,
cain_WR_IND,Deon Cain,WR,IND,,,,0.0,0.0,20.0,1.0,254.0,,,,,,,,,,,,,,
allen_QB_BUF,Josh Allen,QB,BUF,17.0,3254.0,14.0,7.0,546.0,,,,,,,,,,,,,,,,,
garoppolo_QB_SF,Jimmy Garoppolo,QB,SF,24.0,4104.0,13.0,1.0,77.0,,,,,,,,,,,,,,,,,
colts_DST_IND,Colts,DST,IND,,,,,,,,,,,,,,,,,21.625,41.0,,10.0,3.0,12.0
browns_DST_CLE,Browns,DST,CLE,,,,,,,,,,,,,,,,,21.3125,42.0,,9.0,3.0,14.0
succop_K_TEN,Ryan Succop,K,TEN,,,,,,,,,,,,,,10.0,5.0,33.0,,,,,,
rosas_K_NYG,Aldrick Rosas,K,NYG,,,,,,,,,,,,,,10.0,5.0,33.0,,,,,,
parker_WR_MIA,DeVante Parker,WR,MIA,,,,0.0,0.0,45.0,3.0,605.0,,,,,,,,,,,,,,
jones_WR_BUF,Zay Jones,WR,BUF,,,,0.0,0.0,37.0,3.0,477.0,,,,,,,,,,,,,,
agholor_WR_PHI,Nelson Agholor,WR,PHI,,,,0.0,27.0,38.0,3.0,436.0,,,,,,,,,,,,,,
enunwa_WR_NYJ,Quincy Enunwa,WR,NYJ,,,,0.0,0.0,41.0,3.0,532.0,,,,,,,,,,,,,,
doctson_WR_WSH,Josh Doctson,WR,WSH,,,,0.0,0.0,39.0,4.0,523.0,,,,,,,,,,,,,,
quinn_WR_WSH,Trey Quinn,WR,WSH,,,,0.0,17.0,39.0,2.0,476.0,,,,,,,,,,,,,,
snead_WR_BAL,Willie Snead IV,WR,BAL,,,,0.0,0.0,48.0,2.0,559.0,,,,,,,,,,,,,,
ross_WR_CIN,John Ross III,WR,CIN,,,,0.0,21.0,33.0,3.0,401.0,,,,,,,,,,,,,,
williams_WR_MIA,Preston Williams,WR,MIA,,,,0.0,0.0,37.0,2.0,459.0,,,,,,,,,,,,,,
higgins_WR_CLE,Rashard Higgins,WR,CLE,,,,0.0,0.0,32.0,3.0,418.0,,,,,,,,,,,,,,
walton_RB_MIA,Mark Walton,RB,MIA,,,,1.0,144.0,4.0,0.0,35.0,,,,,,,,,,,,,,
armstead_RB_JAX,Ryquell Armstead,RB,JAX,,,,1.0,176.0,9.0,0.0,68.0,,,,,,,,,,,,,,
hyde_RB_KC,Carlos Hyde,RB,KC,,,,2.0,208.0,8.0,0.0,52.0,,,,,,,,,,,,,,
washington_RB_OAK,DeAndre Washington,RB,OAK,,,,,,,,,,,,,,,,,,,,,,
mckinnon_RB_SF,Jerick McKinnon,RB,SF,,,,2.0,242.0,17.0,1.0,131.0,,,,,,,,,,,,,,
sproles_RB_PHI,Darren Sproles,RB,PHI,,,,1.0,142.0,20.0,1.0,158.0,,,,,,,,,,,,,,
snell_RB_PIT,Benny Snell Jr.,RB,PIT,,,,1.0,150.0,7.0,0.0,57.0,,,,,,,,,,,,,,
blue_RB_JAX,Alfred Blue,RB,JAX,,,,1.0,276.0,13.0,0.0,102.0,,,,,,,,,,,,,,
stafford_QB_DET,Matthew Stafford,QB,DET,24.0,3869.0,11.0,1.0,113.0,,,,,,,,,,,,,,,,,
mariota_QB_TEN,Marcus Mariota,QB,TEN,17.0,3166.0,10.0,3.0,373.0,,,,,,,,,,,,,,,,,
brissett_QB_IND,Jacoby Brissett,QB,IND,24.0,3897.0,11.0,2.0,266.0,,,,,,,,,,,,,,,,,
eifert_TE_CIN,Tyler Eifert,TE,CIN,,,,0.0,0.0,39.0,4.0,464.0,,,,,,,,,,,,,,
dissly_TE_SEA,Will Dissly,TE,SEA,,,,0.0,0.0,36.0,4.0,443.0,,,,,,,,,,,,,,
fant_TE_DEN,Noah Fant,TE,DEN,,,,0.0,0.0,40.0,3.0,458.0,,,,,,,,,,,,,,
goedert_TE_PHI,Dallas Goedert,TE,PHI,,,,0.0,0.0,42.0,5.0,440.0,,,,,,,,,,,,,,
riddick_RB_DEN,Theo Riddick,RB,DEN,,,,0.0,88.0,32.0,1.0,228.0,,,,,,,,,,,,,,
renfrow_WR_OAK,Hunter Renfrow,WR,OAK,,,,0.0,0.0,35.0,2.0,371.0,,,,,,,,,,,,,,
arcegawhiteside_WR_PHI,JJ Arcega-Whiteside,WR,PHI,,,,0.0,0.0,16.0,2.0,218.0,,,,,,,,,,,,,,
ravens_DST_BAL,Ravens,DST,BAL,,,,,,,,,,,,,,,,,21.4375,31.0,,7.0,3.0,15.0
steelers_DST_PIT,Steelers,DST,PIT,,,,,,,,,,,,,,,,,22.3125,47.0,,8.0,3.0,11.0
tavecchio_K_ATL,Giorgio Tavecchio,K,ATL,,,,,,,,,,,,,,9.0,5.0,40.0,,,,,,
vinatieri_K_IND,Adam Vinatieri,K,IND,,,,,,,,,,,,,,9.0,5.0,33.0,,,,,,
everett_TE_LAR,Gerald Everett,TE,LAR,,,,0.0,0.0,30.0,3.0,344.0,,,,,,,,,,,,,,
thomas_TE_HOU,Jordan Thomas,TE,HOU,,,,0.0,0.0,25.0,3.0,274.0,,,,,,,,,,,,,,
witten_TE_DAL,Jason Witten,TE,DAL,,,,0.0,0.0,48.0,4.0,472.0,,,,,,,,,,,,,,
crabtree_WR_ARI,Michael Crabtree,WR,ARI,,,,0.0,0.0,28.0,2.0,332.0,,,,,,,,,,,,,,
foster_WR_BUF,Robert Foster,WR,BUF,,,,0.0,0.0,25.0,2.0,428.0,,,,,,,,,,,,,,
johnson_WR_ARI,KeeSean Johnson,WR,ARI,,,,0.0,0.0,27.0,2.0,358.0,,,,,,,,,,,,,,
amendola_WR_DET,Danny Amendola,WR,DET,,,,0.0,12.0,52.0,2.0,504.0,,,,,,,,,,,,,,
burkhead_RB_NE,Rex Burkhead,RB,NE,,,,2.0,150.0,18.0,1.0,163.0,,,,,,,,,,,,,,
dalton_QB_CIN,Andy Dalton,QB,CIN,22.0,4022.0,14.0,1.0,124.0,,,,,,,,,,,,,,,,,
manning_QB_NYG,Eli Manning,QB,NYG,15.0,2820.0,8.0,1.0,19.0,,,,,,,,,,,,,,,,,
foles_QB_JAX,Nick Foles,QB,JAX,18.0,3802.0,14.0,1.0,9.0,,,,,,,,,,,,,,,,,
flacco_QB_DEN,Joe Flacco,QB,DEN,14.0,2963.0,9.0,1.0,38.0,,,,,,,,,,,,,,,,,
fitzpatrick_QB_MIA,Ryan Fitzpatrick,QB,MIA,7.0,1695.0,8.0,1.0,105.0,,,,,,,,,,,,,,,,,
taylor_WR_SF,Trent Taylor,WR,SF,,,,0.0,0.0,32.0,2.0,339.0,,,,,,,,,,,,,,
goodwin_WR_SF,Marquise Goodwin,WR,SF,,,,0.0,11.0,22.0,2.0,368.0,,,,,,,,,,,,,,
johnson_WR_PIT,Diontae Johnson,WR,PIT,,,,0.0,0.0,24.0,2.0,307.0,,,,,,,,,,,,,,
callaway_WR_CLE,Antonio Callaway,WR,CLE,,,,0.0,0.0,16.0,2.0,230.0,,,,,,,,,,,,,,
perriman_WR_TB,Breshad Perriman,WR,TB,,,,0.0,20.0,27.0,2.0,394.0,,,,,,,,,,,,,,
gallman_RB_NYG,Wayne Gallman,RB,NYG,,,,1.0,169.0,8.0,0.0,61.0,,,,,,,,,,,,,,
powell_RB_NYJ,Bilal Powell,RB,NYJ,,,,1.0,229.0,8.0,0.0,61.0,,,,,,,,,,,,,,
love_RB_WSH,Bryce Love,RB,WSH,,,,0.0,32.0,5.0,0.0,43.0,,,,,,,,,,,,,,
yeldon_RB_BUF,T.J. Yeldon,RB,BUF,,,,0.0,107.0,7.0,0.0,57.0,,,,,,,,,,,,,,
wilkins_RB_IND,Jordan Wilkins,RB,IND,,,,1.0,150.0,4.0,0.0,32.0,,,,,,,,,,,,,,
ollison_RB_ATL,Qadree Ollison,RB,ATL,,,,1.0,129.0,4.0,0.0,35.0,,,,,,,,,,,,,,
artispayne_RB_CAR,Cameron Artis-Payne,RB,CAR,,,,1.0,149.0,8.0,0.0,65.0,,,,,,,,,,,,,,
scarlett_RB_CAR,Jordan Scarlett,RB,CAR,,,,1.0,82.0,4.0,0.0,31.0,,,,,,,,,,,,,,
moore_WR_SEA,David Moore,WR,SEA,,,,0.0,0.0,11.0,1.0,158.0,,,,,,,,,,,,,,
panthers_DST_CAR,Panthers,DST,CAR,,,,,,,,,,,,,,,,,23.4375,48.0,,10.0,3.0,12.0
redskins_DST_WSH,Redskins,DST,WSH,,,,,,,,,,,,,,,,,24.0625,46.0,,9.0,3.0,10.0
bailey_K_MIN,Dan Bailey,K,MIN,,,,,,,,,,,,,,,,,,,,,,
gano_K_CAR,Graham Gano,K,CAR,,,,,,,,,,,,,,9.0,5.0,38.0,,,,,,
gesicki_TE_MIA,Mike Gesicki,TE,MIA,,,,0.0,0.0,41.0,2.0,455.0,,,,,,,,,,,,,,
watson_TE_NE,Benjamin Watson,TE,NE,,,,0.0,0.0,25.0,2.0,279.0,,,,,,,,,,,,,,
lacosse_TE_NE,Matt LaCosse,TE,NE,,,,0.0,0.0,16.0,1.0,174.0,,,,,,,,,,,,,,
smith_TE_MIN,Irv Smith Jr.,TE,MIN,,,,0.0,0.0,17.0,2.0,202.0,,,,,,,,,,,,,,
hurst_TE_BAL,Hayden Hurst,TE,BAL,,,,0.0,0.0,26.0,2.0,295.0,,,,,,,,,,,,,,
boykin_WR_BAL,Miles Boykin,WR,BAL,,,,0.0,0.0,28.0,2.0,394.0,,,,,,,,,,,,,,
lee_WR_JAX,Marqise Lee,WR,JAX,,,,0.0,22.0,32.0,2.0,407.0,,,,,,,,,,,,,,
keenum_QB_WSH,Case Keenum,QB,WSH,9.0,1779.0,6.0,0.0,50.0,,,,,,,,,,,,,,,,,
chiefs_DST_KC,Chiefs,DST,KC,,,,,,,,,,,,,,,,,24.625,45.0,,8.0,3.0,13.0
cowboys_DST_DAL,Cowboys,DST,DAL,,,,,,,,,,,,,,,,,22.25,35.0,,9.0,3.0,10.0
cardinals_DST_ARI,Cardinals,DST,ARI,,,,,,,,,,,,,,,,,23.8125,43.0,,10.0,3.0,11.0
lions_DST_DET,Lions,DST,DET,,,,,,,,,,,,,,,,,22.75,36.0,,8.0,3.0,13.0
rosen_QB_MIA,Josh Rosen,QB,MIA,11.0,2517.0,10.0,1.0,100.0,,,,,,,,,,,,,,,,,
haskins_QB_WSH,Dwayne Haskins,QB,WSH,9.0,1767.0,7.0,0.0,29.0,,,,,,,,,,,,,,,,,
rawls_RB_JAX,Thomas Rawls,RB,JAX,,,,0.0,54.0,18.0,0.0,142.0,,,,,,,,,,,,,,
smith_RB_NYG,Rod Smith,RB,NYG,,,,1.0,105.0,4.0,0.0,36.0,,,,,,,,,,,,,,
ellington_RB_TB,Andre Ellington,RB,TB,,,,0.0,61.0,8.0,0.0,71.0,,,,,,,,,,,,,,
morris_RB_DAL,Alfred Morris,RB,DAL,,,,0.0,49.0,2.0,0.0,15.0,,,,,,,,,,,,,,
clement_RB_PHI,Corey Clement,RB,PHI,,,,0.0,53.0,4.0,0.0,37.0,,,,,,,,,,,,,,
williams_RB_CIN,Trayveon Williams,RB,CIN,,,,0.0,29.0,2.0,0.0,16.0,,,,,,,,,,,,,,
anderson_RB_CIN,Rodney Anderson,RB,CIN,,,,,,,,,,,,,,,,,,,,,,
jones_QB_NYG,Daniel Jones,QB,NYG,7.0,1248.0,6.0,1.0,76.0,,,,,,,,,,,,,,,,,
knox_TE_BUF,Dawson Knox,TE,BUF,,,,0.0,0.0,20.0,1.0,263.0,,,,,,,,,,,,,,
oliver_TE_JAX,Josh Oliver,TE,JAX,,,,0.0,0.0,19.0,1.0,221.0,,,,,,,,,,,,,,
davis_TE_WSH,Vernon Davis,TE,WSH,,,,0.0,0.0,26.0,1.0,340.0,,,,,,,,,,,,,,
brate_TE_TB,Cameron Brate,TE,TB,,,,0.0,0.0,23.0,2.0,249.0,,,,,,,,,,,,,,
lock_QB_DEN,Drew Lock,QB,DEN,5.0,1055.0,5.0,0.0,32.0,,,,,,,,,,,,,,,,,
hill_QB_NO,Taysom Hill,QB,NO,0.0,35.0,0.0,2.0,172.0,,,,,,,,,,,,,,,,,
mccoy_QB_WSH,Colt McCoy,QB,WSH,2.0,515.0,2.0,0.0,17.0,,,,,,,,,,,,,,,,,
mullens_QB_SF,Nick Mullens,QB,SF,2.0,279.0,1.0,0.0,1.0,,,,,,,,,,,,,,,,,
tannehill_QB_TEN,Ryan Tannehill,QB,TEN,1.0,240.0,1.0,0.0,22.0,,,,,,,,,,,,,,,,,
cannon_RB_NYJ,Trenton Cannon,RB,NYJ,,,,0.0,49.0,4.0,0.0,33.0,,,,,,,,,,,,,,
booker_RB_DEN,Devontae Booker,RB,DEN,,,,0.0,21.0,7.0,0.0,58.0,,,,,,,,,,,,,,
uzomah_TE_CIN,C.J. Uzomah,TE,CIN,,,,0.0,0.0,19.0,1.0,194.0,,,,,,,,,,,,,,
higbee_TE_LAR,Tyler Higbee,TE,LAR,,,,0.0,0.0,13.0,1.0,152.0,,,,,,,,,,,,,,
thomas_TE_CAR,Ian Thomas,TE,CAR,,,,0.0,0.0,18.0,1.0,188.0,,,,,,,,,,,,,,
sternberger_TE_GB,Jace Sternberger,TE,GB,,,,0.0,0.0,14.0,1.0,161.0,,,,,,,,,,,,,,
swaim_TE_JAX,Geoff Swaim,TE,JAX,,,,0.0,0.0,29.0,1.0,303.0,,,,,,,,,,,,,,
akins_TE_HOU,Jordan Akins,TE,HOU,,,,0.0,0.0,17.0,1.0,196.0,,,,,,,,,,,,,,
james_TE_DET,Jesse James,TE,DET,,,,0.0,0.0,19.0,1.0,190.0,,,,,,,,,,,,,,
kroft_TE_BUF,Tyler Kroft,TE,BUF,,,,0.0,0.0,19.0,1.0,200.0,,,,,,,,,,,,,,
aliecox_TE_IND,Mo Alie-Cox,TE,IND,,,,0.0,0.0,10.0,1.0,126.0,,,,,,,,,,,,,,
hollister_TE_SEA,Jacob Hollister,TE,SEA,,,,0.0,0.0,15.0,2.0,171.0,,,,,,,,,,,,,,
grimble_TE_PIT,Xavier Grimble,TE,PIT,,,,0.0,0.0,17.0,1.0,185.0,,,,,,,,,,,,,,
clay_TE_ARI,Charles Clay,TE,ARI,,,,0.0,0.0,18.0,1.0,183.0,,,,,,,,,,,,,,
grier_QB_CAR,Will Grier,QB,CAR,1.0,155.0,1.0,0.0,10.0,,,,,,,,,,,,,,,,,
rudolph_QB_PIT,Mason Rudolph,QB,PIT,,,,,,,,,,,,,,,,,,,,,,
bridgewater_QB_NO,Teddy Bridgewater,QB,NO,1.0,74.0,0.0,0.0,1.0,,,,,,,,,,,,,,,,,
minshew_QB_JAX,Gardner Minshew,QB,JAX,1.0,257.0,1.0,0.0,13.0,,,,,,,,,,,,,,,,,
kizer_QB_GB,DeShone Kizer,QB,GB,1.0,73.0,0.0,0.0,5.0,,,,,,,,,,,,,,,,,
bortles_QB_LAR,Blake Bortles,QB,LAR,1.0,72.0,0.0,0.0,5.0,,,,,,,,,,,,,,,,,
taylor_QB_LAC,Tyrod Taylor,QB,LAC,0.0,67.0,0.0,0.0,6.0,,,,,,,,,,,,,,,,,
hoyer_QB_NE,Brian Hoyer,QB,NE,1.0,83.0,0.0,0.0,0.0,,,,,,,,,,,,,,,,,
mccown_QB_PHI,Josh McCown,QB,PHI,2.0,187.0,1.0,0.0,4.0,,,,,,,,,,,,,,,,,
gabbert_QB_TB,Blaine Gabbert,QB,TB,2.0,300.0,1.0,0.0,16.0,,,,,,,,,,,,,,,,,
myers_K_SEA,Jason Myers,K,SEA,,,,,,,,,,,,,,8.0,4.0,41.0,,,,,,
carlson_K_OAK,Daniel Carlson,K,OAK,,,,,,,,,,,,,,10.0,5.0,32.0,,,,,,
boswell_K_PIT,Chris Boswell,K,PIT,,,,,,,,,,,,,,9.0,4.0,39.0,,,,,,
seibert_K_CLE,Austin Seibert,K,CLE,,,,,,,,,,,,,,9.0,5.0,40.0,,,,,,
gay_K_TB,Matt Gay,K,TB,,,,,,,,,,,,,,10.0,5.0,35.0,,,,,,
mcmanus_K_DEN,Brandon McManus,K,DEN,,,,,,,,,,,,,,9.0,4.0,28.0,,,,,,
hauschka_K_BUF,Stephen Hauschka,K,BUF,,,,,,,,,,,,,,9.0,5.0,30.0,,,,,,
pineiro_K_CHI,Eddy Pineiro,K,CHI,,,,,,,,,,,,,,9.0,5.0,35.0,,,,,,
lambo_K_JAX,Josh Lambo,K,JAX,,,,,,,,,,,,,,9.0,5.0,30.0,,,,,,
gonzalez_K_ARI,Zane Gonzalez,K,ARI,,,,,,,,,,,,,,10.0,5.0,31.0,,,,,,
bullock_K_CIN,Randy Bullock,K,CIN,,,,,,,,,,,,,,9.0,4.0,32.0,,,,,,
hopkins_K_WSH,Dustin Hopkins,K,WSH,,,,,,,,,,,,,,8.0,4.0,29.0,,,,,,
bertolet_K_NYJ,Taylor Bertolet,K,NYJ,,,,,,,,,,,,,,9.0,5.0,33.0,,,,,,
sanders_K_MIA,Jason Sanders,K,MIA,,,,,,,,,,,,,,9.0,4.0,27.0,,,,,,
jets_DST_NYJ,Jets,DST,NYJ,,,,,,,,,,,,,,,,,22.125,34.0,,8.0,3.0,12.0
falcons_DST_ATL,Falcons,DST,ATL,,,,,,,,,,,,,,,,,23.5,38.0,,9.0,3.0,13.0
packers_DST_GB,Packers,DST,GB,,,,,,,,,,,,,,,,,22.875,39.0,,6.0,3.0,11.0
seahawks_DST_SEA,Seahawks,DST,SEA,,,,,,,,,,,,,,,,,24.1875,34.0,,8.0,3.0,12.0
ers_DST_SF,49ers,DST,SF,,,,,,,,,,,,,,,,,24.1875,42.0,,9.0,3.0,9.0
bengals_DST_CIN,Bengals,DST,CIN,,,,,,,,,,,,,,,,,23.375,34.0,,7.0,3.0,14.0
giants_DST_NYG,Giants,DST,NYG,,,,,,,,,,,,,,,,,25.0625,35.0,,7.0,2.0,11.0
dolphins_DST_MIA,Dolphins,DST,MIA,,,,,,,,,,,,,,,,,24.9375,21.0,,7.0,3.0,16.0
buccaneers_DST_TB,Buccaneers,DST,TB,,,,,,,,,,,,,,,,,25.5,33.0,,8.0,3.0,9.0
raiders_DST_OAK,Raiders,DST,OAK,,,,,,,,,,,,,,,,,25.0625,26.0,,6.0,3.0,11.0
"vedvik_K, P_MIN",Kaare Vedvik,"K, P",MIN,,,,,,,,,,,,,,10.0,5.0,35.0,,,,,,
wright_WR_CAR,Jarius Wright,WR,CAR,,,,0.0,28.0,33.0,2.0,362.0,,,,,,,,,,,,,,
benjamin_WR_LAC,Travis Benjamin,WR,LAC,,,,0.0,49.0,24.0,2.0,351.0,,,,,,,,,,,,,,
brown_WR_SEA,Jaron Brown,WR,SEA,,,,0.0,0.0,23.0,3.0,340.0,,,,,,,,,,,,,,
beebe_WR_MIN,Chad Beebe,WR,MIN,,,,0.0,0.0,33.0,2.0,353.0,,,,,,,,,,,,,,
latimer_WR_NYG,Cody Latimer,WR,NYG,,,,0.0,0.0,21.0,2.0,291.0,,,,,,,,,,,,,,
juszczyk_RB_SF,Kyle Juszczyk,RB,SF,,,,0.0,16.0,23.0,1.0,207.0,,,,,,,,,,,,,,
patrick_WR_DEN,Tim Patrick,WR,DEN,,,,0.0,19.0,20.0,1.0,256.0,,,,,,,,,,,,,,
moore_WR_BAL,Chris Moore,WR,BAL,,,,0.0,30.0,18.0,1.0,228.0,,,,,,,,,,,,,,
switzer_WR_PIT,Ryan Switzer,WR,PIT,,,,0.0,31.0,18.0,1.0,190.0,,,,,,,,,,,,,,
hurd_WR_SF,Jalen Hurd,WR,SF,,,,0.0,80.0,13.0,1.0,177.0,,,,,,,,,,,,,,
grant_WR_MIA,Jakeem Grant,WR,MIA,,,,0.0,0.0,14.0,1.0,178.0,,,,,,,,,,,,,,
watson_WR_TB,Justin Watson,WR,TB,,,,0.0,0.0,18.0,2.0,224.0,,,,,,,,,,,,,,
hogan_WR_CAR,Chris Hogan,WR,CAR,,,,0.0,0.0,16.0,1.0,223.0,,,,,,,,,,,,,,
ferguson_RB_HOU,Josh Ferguson,RB,HOU,,,,1.0,213.0,8.0,0.0,62.0,,,,,,,,,,,,,,
jennings_WR_SEA,Gary Jennings Jr.,WR,SEA,,,,0.0,0.0,16.0,1.0,207.0,,,,,,,,,,,,,,
patterson_WR_CHI,Cordarrelle Patterson,WR,CHI,,,,0.0,91.0,13.0,1.0,127.0,,,,,,,,,,,,,,
cole_WR_JAX,Keelan Cole,WR,JAX,,,,0.0,0.0,16.0,1.0,225.0,,,,,,,,,,,,,,
hardy_WR_ATL,Justin Hardy,WR,ATL,,,,0.0,0.0,15.0,2.0,162.0,,,,,,,,,,,,,,
robinson_WR_KC,Demarcus Robinson,WR,KC,,,,0.0,0.0,14.0,2.0,179.0,,,,,,,,,,,,,,
prosise_RB_SEA,C.J. Prosise,RB,SEA,,,,,,,,,,,,,,,,,,,,,,
reynolds_WR_LAR,Josh Reynolds,WR,LAR,,,,0.0,23.0,12.0,2.0,156.0,,,,,,,,,,,,,,
kirkwood_WR_NO,Keith Kirkwood,WR,NO,,,,0.0,0.0,14.0,1.0,181.0,,,,,,,,,,,,,,
slayton_WR_NYG,Darius Slayton,WR,NYG,,,,0.0,0.0,13.0,1.0,195.0,,,,,,,,,,,,,,
oleary_TE_MIA,Nick O'Leary,TE,MIA,,,,0.0,0.0,15.0,1.0,184.0,,,,,,,,,,,,,,
butt_TE_DEN,Jake Butt,TE,DEN,,,,0.0,0.0,15.0,1.0,163.0,,,,,,,,,,,,,,
paulsen_TE_ATL,Logan Paulsen,TE,ATL,,,,0.0,0.0,14.0,1.0,147.0,,,,,,,,,,,,,,
grant_WR_OAK,Ryan Grant,WR,OAK,,,,0.0,0.0,4.0,0.0,40.0,,,,,,,,,,,,,,
oshaughnessy_TE_JAX,James O'Shaughnessy,TE,JAX,,,,0.0,0.0,15.0,1.0,155.0,,,,,,,,,,,,,,
harris_TE_CLE,Demetrius Harris,TE,CLE,,,,0.0,0.0,12.0,2.0,129.0,,,,,,,,,,,,,,
shaheen_TE_CHI,Adam Shaheen,TE,CHI,,,,0.0,0.0,13.0,1.0,139.0,,,,,,,,,,,,,,
austin_WR_DAL,Tavon Austin,WR,DAL,,,,0.0,65.0,10.0,1.0,91.0,,,,,,,,,,,,,,
green_TE_LAC,Virgil Green,TE,LAC,,,,0.0,0.0,11.0,1.0,121.0,,,,,,,,,,,,,,
hill_TE_NO,Josh Hill,TE,NO,,,,0.0,0.0,11.0,1.0,109.0,,,,,,,,,,,,,,
jarwin_TE_DAL,Blake Jarwin,TE,DAL,,,,0.0,0.0,11.0,1.0,121.0,,,,,,,,,,,,,,
ellison_TE_NYG,Rhett Ellison,TE,NYG,,,,0.0,0.0,12.0,1.0,117.0,,,,,,,,,,,,,,
boyle_TE_BAL,Nick Boyle,TE,BAL,,,,0.0,0.0,13.0,1.0,110.0,,,,,,,,,,,,,,
brown_WR_GB,Equanimeous St. Brown,WR,GB,,,,0.0,0.0,10.0,1.0,134.0,,,,,,,,,,,,,,
griffin_TE_NYJ,Ryan Griffin,TE,NYJ,,,,0.0,0.0,11.0,1.0,120.0,,,,,,,,,,,,,,
williams_TE_ARI,Maxx Williams,TE,ARI,,,,0.0,0.0,12.0,1.0,110.0,,,,,,,,,,,,,,
harmon_WR_WSH,Kelvin Harmon,WR,WSH,,,,0.0,0.0,10.0,1.0,132.0,,,,,,,,,,,,,,
lacy_WR_DET,Chris Lacy,WR,DET,,,,0.0,0.0,10.0,1.0,121.0,,,,,,,,,,,,,,
fulgham_WR_DET,Travis Fulgham,WR,DET,,,,0.0,0.0,10.0,1.0,124.0,,,,,,,,,,,,,,
kumerow_WR_GB,Jake Kumerow,WR,GB,,,,0.0,0.0,9.0,1.0,117.0,,,,,,,,,,,,,,
smith_WR_CAR,Torrey Smith,WR,CAR,,,,0.0,0.0,9.0,1.0,120.0,,,,,,,,,,,,,,
johnson_WR_MIN,Olabisi Johnson,WR,MIN,,,,0.0,0.0,3.0,0.0,39.0,,,,,,,,,,,,,,
warring_TE_HOU,Kahale Warring,TE,HOU,,,,0.0,0.0,10.0,1.0,107.0,,,,,,,,,,,,,,
gage_WR_ATL,Russell Gage,WR,ATL,,,,0.0,0.0,9.0,1.0,114.0,,,,,,,,,,,,,,
sealsjones_TE_ARI,Ricky Seals-Jones,TE,ARI,,,,0.0,0.0,9.0,1.0,113.0,,,,,,,,,,,,,,
higdon_RB_HOU,Karan Higdon,RB,HOU,,,,1.0,117.0,4.0,0.0,31.0,,,,,,,,,,,,,,
smith_TE_TEN,Jonnu Smith,TE,TEN,,,,0.0,0.0,9.0,1.0,99.0,,,,,,,,,,,,,,
thomas_WR_NE,Demaryius Thomas,WR,NE,,,,0.0,0.0,8.0,1.0,101.0,,,,,,,,,,,,,,
develin_RB_NE,James Develin,RB,NE,,,,0.0,14.0,9.0,0.0,71.0,,,,,,,,,,,,,,
rogers_WR_PIT,Eli Rogers,WR,PIT,,,,0.0,11.0,9.0,0.0,92.0,,,,,,,,,,,,,,
matthews_WR_SF,Jordan Matthews,WR,SF,,,,,,,,,,,,,,,,,,,,,,
bell_TE_KC,Blake Bell,TE,KC,,,,0.0,0.0,8.0,1.0,86.0,,,,,,,,,,,,,,
toilolo_TE_SF,Levine Toilolo,TE,SF,,,,0.0,0.0,6.0,0.0,67.0,,,,,,,,,,,,,,
penny_RB_NYG,Elijhaa Penny,RB,NYG,,,,0.0,16.0,8.0,0.0,72.0,,,,,,,,,,,,,,
miller_WR_TB,Scotty Miller,WR,TB,,,,0.0,0.0,7.0,0.0,83.0,,,,,,,,,,,,,,
erickson_WR_CIN,Alex Erickson,WR,CIN,,,,0.0,11.0,10.0,1.0,120.0,,,,,,,,,,,,,,
ridley_WR_CHI,Riley Ridley,WR,CHI,,,,0.0,0.0,7.0,1.0,89.0,,,,,,,,,,,,,,
wesco_TE_NYJ,Trevon Wesco,TE,NYJ,,,,0.0,0.0,8.0,1.0,83.0,,,,,,,,,,,,,,
line_RB_NO,Zach Line,RB,NO,,,,0.0,35.0,6.0,0.0,51.0,,,,,,,,,,,,,,
griffin_QB_BAL,Robert Griffin III,QB,BAL,1.0,244.0,1.0,0.0,37.0,,,,,,,,,,,,,,,,,
abdullah_RB_MIN,Ameer Abdullah,RB,MIN,,,,0.0,68.0,4.0,0.0,31.0,,,,,,,,,,,,,,
hurns_WR_MIA,Allen Hurns,WR,MIA,,,,0.0,0.0,7.0,0.0,94.0,,,,,,,,,,,,,,
carrier_TE_OAK,Derek Carrier,TE,OAK,,,,0.0,0.0,8.0,1.0,76.0,,,,,,,,,,,,,,
sprinkle_TE_WSH,Jeremy Sprinkle,TE,WSH,,,,0.0,0.0,7.0,1.0,80.0,,,,,,,,,,,,,,
washington_RB_NO,Dwayne Washington,RB,NO,,,,0.0,69.0,4.0,0.0,33.0,,,,,,,,,,,,,,
reynolds_WR_SEA,Keenan Reynolds,WR,SEA,,,,0.0,0.0,6.0,1.0,82.0,,,,,,,,,,,,,,
schultz_TE_DAL,Dalton Schultz,TE,DAL,,,,0.0,0.0,7.0,1.0,78.0,,,,,,,,,,,,,,
smythe_TE_MIA,Durham Smythe,TE,MIA,,,,0.0,0.0,7.0,0.0,82.0,,,,,,,,,,,,,,
heuerman_TE_DEN,Jeff Heuerman,TE,DEN,,,,0.0,0.0,7.0,0.0,78.0,,,,,,,,,,,,,,
moreau_TE_OAK,Foster Moreau,TE,OAK,,,,0.0,0.0,7.0,0.0,76.0,,,,,,,,,,,,,,
sample_TE_CIN,Drew Sample,TE,CIN,,,,0.0,0.0,7.0,0.0,76.0,,,,,,,,,,,,,,
dorsett_WR_NE,Phillip Dorsett,WR,NE,,,,0.0,14.0,5.0,0.0,72.0,,,,,,,,,,,,,,
mitchell_WR_MIN,Dillon Mitchell,WR,MIN,,,,,,,,,,,,,,,,,,,,,,
vannett_TE_SEA,Nick Vannett,TE,SEA,,,,0.0,0.0,6.0,1.0,66.0,,,,,,,,,,,,,,
bellamy_WR_NYJ,Joshua Bellamy,WR,NYJ,,,,0.0,0.0,6.0,0.0,79.0,,,,,,,,,,,,,,
logan_RB_ARI,T.J. Logan,RB,ARI,,,,0.0,51.0,4.0,0.0,35.0,,,,,,,,,,,,,,
firkser_TE_TEN,Anthony Firkser,TE,TEN,,,,0.0,0.0,6.0,0.0,73.0,,,,,,,,,,,,,,
harris_WR_OAK,Dwayne Harris,WR,OAK,,,,0.0,21.0,0.0,0.0,0.0,,,,,,,,,,,,,,
brown_TE_NYJ,Daniel Brown,TE,NYJ,,,,0.0,0.0,6.0,0.0,66.0,,,,,,,,,,,,,,
tate_WR_CIN,Auden Tate,WR,CIN,,,,,,,,,,,,,,,,,,,,,,
carter_WR_HOU,DeAndre Carter,WR,HOU,,,,0.0,0.0,3.0,0.0,41.0,,,,,,,,,,,,,,
taylor_WR_TEN,Taywan Taylor,WR,TEN,,,,0.0,0.0,6.0,0.0,74.0,,,,,,,,,,,,,,
hill_RB_ATL,Brian Hill,RB,ATL,,,,0.0,75.0,2.0,0.0,18.0,,,,,,,,,,,,,,
inman_WR_LAC,Dontrelle Inman,WR,LAC,,,,0.0,0.0,5.0,0.0,68.0,,,,,,,,,,,,,,
sharpe_WR_TEN,Tajae Sharpe,WR,TEN,,,,0.0,0.0,5.0,0.0,66.0,,,,,,,,,,,,,,
roberts_WR_BAL,Seth Roberts,WR,BAL,,,,0.0,0.0,6.0,0.0,65.0,,,,,,,,,,,,,,
fowler_WR_NYG,Bennie Fowler,WR,NYG,,,,0.0,0.0,5.0,0.0,61.0,,,,,,,,,,,,,,
ham_RB_MIN,CJ Ham,RB,MIN,,,,0.0,34.0,4.0,0.0,34.0,,,,,,,,,,,,,,
davis_WR_GB,Trevor Davis,WR,GB,,,,0.0,0.0,4.0,0.0,52.0,,,,,,,,,,,,,,
james_WR_SF,Richie James,WR,SF,,,,0.0,0.0,0.0,0.0,0.0,,,,,,,,,,,,,,
boone_RB_MIN,Mike Boone,RB,MIN,,,,1.0,88.0,0.0,0.0,0.0,,,,,,,,,,,,,,
willies_WR_CLE,Derrick Willies,WR,CLE,,,,0.0,0.0,4.0,0.0,55.0,,,,,,,,,,,,,,
fluellen_RB_TEN,David Fluellen,RB,TEN,,,,0.0,35.0,3.0,0.0,27.0,,,,,,,,,,,,,,
smith_WR_HOU,Vyncint Smith,WR,HOU,,,,0.0,0.0,3.0,0.0,42.0,,,,,,,,,,,,,,
rogers_WR_IND,Chester Rogers,WR,IND,,,,0.0,11.0,4.0,0.0,39.0,,,,,,,,,,,,,,
hundley_QB_ARI,Brett Hundley,QB,ARI,1.0,185.0,1.0,0.0,10.0,,,,,,,,,,,,,,,,,
mckissic_RB_SEA,J.D. McKissic,RB,SEA,,,,0.0,38.0,14.0,1.0,119.0,,,,,,,,,,,,,,
mostert_RB_SF,Raheem Mostert,RB,SF,,,,0.0,19.0,1.0,0.0,6.0,,,,,,,,,,,,,,
gentry_TE_PIT,Zach Gentry,TE,PIT,,,,0.0,0.0,4.0,0.0,44.0,,,,,,,,,,,,,,
wims_WR_CHI,Javon Wims,WR,CHI,,,,0.0,0.0,4.0,0.0,47.0,,,,,,,,,,,,,,
dortch_WR_NYJ,Greg Dortch,WR,NYJ,,,,0.0,0.0,3.0,0.0,39.0,,,,,,,,,,,,,,
stocker_TE_ATL,Luke Stocker,TE,ATL,,,,0.0,0.0,4.0,0.0,40.0,,,,,,,,,,,,,,
arnold_TE_NO,Dan Arnold,TE,NO,,,,0.0,0.0,4.0,0.0,42.0,,,,,,,,,,,,,,
cooper_WR_ARI,Pharoh Cooper,WR,ARI,,,,0.0,0.0,4.0,0.0,40.0,,,,,,,,,,,,,,
hollins_WR_PHI,Mack Hollins,WR,PHI,,,,0.0,0.0,3.0,0.0,44.0,,,,,,,,,,,,,,
culkin_TE_LAC,Sean Culkin,TE,LAC,,,,0.0,0.0,4.0,0.0,41.0,,,,,,,,,,,,,,
carr_WR_NO,Austin Carr,WR,NO,,,,0.0,0.0,3.0,0.0,43.0,,,,,,,,,,,,,,
tonyan_TE_GB,Robert Tonyan,TE,GB,,,,0.0,0.0,4.0,0.0,41.0,,,,,,,,,,,,,,
yelder_TE_KC,Deon Yelder,TE,KC,,,,0.0,0.0,4.0,0.0,39.0,,,,,,,,,,,,,,
perkins_TE_PHI,Josh Perkins,TE,PHI,,,,0.0,0.0,4.0,0.0,41.0,,,,,,,,,,,,,,
dwelley_TE_SF,Ross Dwelley,TE,SF,,,,0.0,0.0,4.0,0.0,42.0,,,,,,,,,,,,,,
manhertz_TE_CAR,Chris Manhertz,TE,CAR,,,,0.0,0.0,3.0,0.0,40.0,,,,,,,,,,,,,,
barkley_QB_BUF,Matt Barkley,QB,BUF,1.0,165.0,1.0,0.0,7.0,,,,,,,,,,,,,,,,,
sherman_RB_KC,Anthony Sherman,RB,KC,,,,0.0,0.0,4.0,0.0,37.0,,,,,,,,,,,,,,
lewis_TE_GB,Marcedes Lewis,TE,GB,,,,0.0,0.0,3.0,0.0,35.0,,,,,,,,,,,,,,
newsome_RB_LAC,Detrez Newsome,RB,LAC,,,,0.0,34.0,2.0,0.0,17.0,,,,,,,,,,,,,,
gaskin_RB_MIA,Myles Gaskin,RB,MIA,,,,0.0,69.0,0.0,0.0,0.0,,,,,,,,,,,,,,
wilson_TE_ARI,Caleb Wilson,TE,ARI,,,,0.0,0.0,4.0,0.0,39.0,,,,,,,,,,,,,,
roberts_WR_BUF,Andre Roberts,WR,BUF,,,,0.0,0.0,1.0,0.0,17.0,,,,,,,,,,,,,,
olawale_RB_DAL,Jamize Olawale,RB,DAL,,,,0.0,0.0,4.0,0.0,37.0,,,,,,,,,,,,,,
allen_TE_MIA,Dwayne Allen,TE,MIA,,,,0.0,0.0,4.0,0.0,37.0,,,,,,,,,,,,,,
peake_WR_NYJ,Charone Peake,WR,NYJ,,,,0.0,0.0,3.0,0.0,39.0,,,,,,,,,,,,,,
smith_RB_OAK,Keith Smith,RB,OAK,,,,0.0,0.0,4.0,0.0,35.0,,,,,,,,,,,,,,
thomas_WR_KC,De'Anthony Thomas,WR,KC,,,,0.0,20.0,2.0,0.0,20.0,,,,,,,,,,,,,,
wilson_WR_DAL,Cedrick Wilson,WR,DAL,,,,,,,,,,,,,,,,,,,,,,
sims_WR_WSH,Cam Sims,WR,WSH,,,,0.0,0.0,3.0,0.0,40.0,,,,,,,,,,,,,,
treadwell_WR_MIN,Laquon Treadwell,WR,MIN,,,,,,,,,,,,,,,,,,,,,,
janovich_RB_DEN,Andy Janovich,RB,DEN,,,,0.0,6.0,3.0,0.0,30.0,,,,,,,,,,,,,,
ratley_WR_CLE,Damion Ratley,WR,CLE,,,,,,,,,,,,,,,,,,,,,,
smith_TE_BUF,Lee Smith,TE,BUF,,,,0.0,0.0,3.0,0.0,32.0,,,,,,,,,,,,,,
saubert_TE_NE,Eric Saubert,TE,NE,,,,0.0,0.0,2.0,0.0,22.0,,,,,,,,,,,,,,
finley_QB_CIN,Ryan Finley,QB,CIN,1.0,154.0,1.0,0.0,2.0,,,,,,,,,,,,,,,,,
dimarco_RB_BUF,Patrick DiMarco,RB,BUF,,,,0.0,0.0,3.0,0.0,31.0,,,,,,,,,,,,,,
sweeney_TE_BUF,Tommy Sweeney,TE,BUF,,,,0.0,0.0,3.0,0.0,33.0,,,,,,,,,,,,,,
jennings_WR_TEN,Darius Jennings,WR,TEN,,,,0.0,0.0,1.0,0.0,17.0,,,,,,,,,,,,,,
kendricks_TE_NE,Lance Kendricks,TE,NE,,,,0.0,0.0,6.0,0.0,56.0,,,,,,,,,,,,,,
mckenzie_WR_BUF,Isaiah McKenzie,WR,BUF,,,,0.0,40.0,0.0,0.0,0.0,,,,,,,,,,,,,,
scott_WR_BAL,Jaleel Scott,WR,BAL,,,,0.0,0.0,3.0,0.0,33.0,,,,,,,,,,,,,,
carson_RB_GB,Tra Carson,RB,GB,,,,,,,,,,,,,,,,,,,,,,
mcbride_WR_JAX,Tre McBride,WR,JAX,,,,,,,,,,,,,,,,,,,,,,
moore_QB_KC,Matt Moore,QB,KC,,,,,,,,,,,,,,,,,,,,,,
armah_RB_CAR,Alex Armah,RB,CAR,,,,0.0,33.0,0.0,0.0,0.0,,,,,,,,,,,,,,
green_WR_ATL,Marcus Green,WR,ATL,,,,0.0,0.0,2.0,0.0,22.0,,,,,,,,,,,,,,
devalve_TE_CLE,Seth DeValve,TE,CLE,,,,0.0,0.0,2.0,0.0,22.0,,,,,,,,,,,,,,
auclair_TE_TB,Antony Auclair,TE,TB,,,,0.0,0.0,2.0,0.0,21.0,,,,,,,,,,,,,,
nix_RB_PIT,Roosevelt Nix,RB,PIT,,,,0.0,0.0,2.0,0.0,20.0,,,,,,,,,,,,,,
schaub_QB_ATL,Matt Schaub,QB,ATL,1.0,84.0,0.0,0.0,1.0,,,,,,,,,,,,,,,,,
simonson_TE_NYG,Scott Simonson,TE,NYG,,,,0.0,0.0,2.0,0.0,21.0,,,,,,,,,,,,,,
kelly_RB_LAR,John Kelly,RB,LAR,,,,0.0,36.0,0.0,0.0,0.0,,,,,,,,,,,,,,
pringle_WR_KC,Byron Pringle,WR,KC,,,,0.0,0.0,2.0,0.0,21.0,,,,,,,,,,,,,,
morgan_TE_MIN,David Morgan,TE,MIN,,,,0.0,0.0,2.0,0.0,20.0,,,,,,,,,,,,,,
mccarron_QB_HOU,AJ McCarron,QB,HOU,1.0,80.0,0.0,0.0,1.0,,,,,,,,,,,,,,,,,
hodge_WR_LAR,KhaDarel Hodge,WR,LAR,,,,0.0,0.0,2.0,0.0,21.0,,,,,,,,,,,,,,
davis_WR_LAC,Geremy Davis,WR,LAC,,,,0.0,0.0,2.0,0.0,21.0,,,,,,,,,,,,,,
braunecker_TE_CHI,Ben Braunecker,TE,CHI,,,,0.0,0.0,2.0,0.0,20.0,,,,,,,,,,,,,,
conklin_TE_MIN,Tyler Conklin,TE,MIN,,,,0.0,0.0,2.0,0.0,20.0,,,,,,,,,,,,,,
mack_TE_NO,Alize Mack,TE,NO,,,,0.0,0.0,2.0,0.0,19.0,,,,,,,,,,,,,,
daniel_QB_CHI,Chase Daniel,QB,CHI,1.0,81.0,0.0,0.0,1.0,,,,,,,,,,,,,,,,,
watt_RB_LAC,Derek Watt,RB,LAC,,,,0.0,17.0,1.0,0.0,9.0,,,,,,,,,,,,,,
johnson_WR_TB,Anthony Johnson,WR,TB,,,,0.0,0.0,2.0,0.0,21.0,,,,,,,,,,,,,,
siemian_QB_NYJ,Trevor Siemian,QB,NYJ,1.0,76.0,0.0,0.0,2.0,,,,,,,,,,,,,,,,,
glennon_QB_OAK,Mike Glennon,QB,OAK,0.0,83.0,0.0,0.0,1.0,,,,,,,,,,,,,,,,,
conrad_TE_NYG,C.J. Conrad,TE,NYG,,,,0.0,0.0,2.0,0.0,19.0,,,,,,,,,,,,,,
smith_QB_SEA,Geno Smith,QB,SEA,,,,,,,,,,,,,,,,,,,,,,
rush_QB_DAL,Cooper Rush,QB,DAL,0.0,78.0,0.0,0.0,1.0,,,,,,,,,,,,,,,,,
mannion_QB_MIN,Sean Mannion,QB,MIN,0.0,78.0,0.0,0.0,1.0,,,,,,,,,,,,,,,,,
schreck_TE_CIN,Mason Schreck,TE,CIN,,,,0.0,0.0,2.0,0.0,19.0,,,,,,,,,,,,,,
fumagalli_TE_DEN,Troy Fumagalli,TE,DEN,,,,0.0,0.0,2.0,0.0,19.0,,,,,,,,,,,,,,
winfree_WR_DEN,Juwann Winfree,WR,DEN,,,,0.0,0.0,2.0,0.0,20.0,,,,,,,,,,,,,,
nauta_TE_DET,Isaac Nauta,TE,DET,,,,0.0,0.0,2.0,0.0,18.0,,,,,,,,,,,,,,
stanton_QB_CLE,Drew Stanton,QB,CLE,1.0,69.0,0.0,0.0,0.0,,,,,,,,,,,,,,,,,
savage_QB_DET,Tom Savage,QB,DET,0.0,76.0,0.0,0.0,0.0,,,,,,,,,,,,,,,,,
hewitt_TE_TEN,Ryan Hewitt,TE,TEN,,,,0.0,0.0,2.0,0.0,17.0,,,,,,,,,,,,,,
mcsorley_QB_BAL,Trace McSorley,QB,BAL,0.0,0.0,0.0,0.0,27.0,,,,,,,,,,,,,,,,,
williams_WR_BUF,Duke Williams,WR,BUF,,,,0.0,0.0,1.0,0.0,17.0,,,,,,,,,,,,,,
hogan_QB_DEN,Kevin Hogan,QB,DEN,,,,,,,,,,,,,,,,,,,,,,
weber_RB_DAL,Mike Weber,RB,DAL,,,,0.0,16.0,0.0,0.0,0.0,,,,,,,,,,,,,,
ursua_WR_SEA,John Ursua,WR,SEA,,,,0.0,0.0,1.0,0.0,11.0,,,,,,,,,,,,,,
izzo_TE_NE,Ryan Izzo,TE,NE,,,,,,,,,,,,,,,,,,,,,,
foster_RB_ARI,D.J. Foster,RB,ARI,,,,0.0,17.0,0.0,0.0,0.0,,,,,,,,,,,,,,
whyte_RB_CHI,Kerrith Whyte Jr.,RB,CHI,,,,,,,,,,,,,,,,,,,,,,
cracraft_WR_DEN,River Cracraft,WR,DEN,,,,0.0,0.0,0.0,0.0,0.0,,,,,,,,,,,,,,
natson_WR_LAR,JoJo Natson,WR,LAR,,,,0.0,0.0,0.0,0.0,0.0,,,,,,,,,,,,,,
berrios_WR_NE,Braxton Berrios,WR,NE,,,,0.0,0.0,0.0,0.0,0.0,,,,,,,,,,,,,,
wilson_RB_SF,Jeff Wilson Jr.,RB,SF,,,,,,,,,,,,,,,,,,,,,,
wilson_WR_TB,Bobo Wilson,WR,TB,,,,0.0,0.0,0.0,0.0,0.0,,,,,,,,,,,,,,
mickens_WR_CAR,Jaydon Mickens,WR,CAR,,,,0.0,0.0,0.0,0.0,0.0,,,,,,,,,,,,,,
langley_WR_DEN,Brendan Langley,WR,DEN,,,,0.0,0.0,0.0,0.0,0.0,,,,,,,,,,,,,,
marshall_RB_WSH,Byron Marshall,RB,WSH,,,,0.0,0.0,0.0,0.0,0.0,,,,,,,,,,,,,,
scott_RB_PHI,Boston Scott,RB,PHI,,,,0.0,0.0,0.0,0.0,0.0,,,,,,,,,,,,,,
barner_RB_ATL,Kenjon Barner,RB,ATL,,,,0.0,0.0,0.0,0.0,0.0,,,,,,,,,,,,,,
pascal_WR_IND,Zach Pascal,WR,IND,,,,0.0,0.0,0.0,0.0,0.0,,,,,,,,,,,,,,
smith_RB_KC,Tremon Smith,RB,KC,,,,0.0,0.0,0.0,0.0,0.0,,,,,,,,,,,,,,
zylstra_WR_MIN,Brandon Zylstra,WR,MIN,,,,0.0,0.0,0.0,0.0,0.0,,,,,,,,,,,,,,
butler_WR_MIA,Brice Butler,WR,MIA,,,,,,,,,,,,,,,,,,,,,,
dickson_TE_SEA,Ed Dickson,TE,SEA,,,,,,,,,,,,,,,,,,,,,,
celek_TE_SF,Garrett Celek,TE,SF,,,,,,,,,,,,,,,,,,,,,,
thomas_TE_DET,Logan Thomas,TE,DET,,,,,,,,,,,,,,,,,,,,,,
henne_QB_KC,Chad Henne,QB,KC,1.0,84.0,0.0,0.0,1.0,,,,,,,,,,,,,,,,,
tanney_QB_NYG,Alex Tanney,QB,NYG,,,,,,,,,,,,,,,,,,,,,,
golden_WR_NYG,Brittan Golden,WR,NYG,,,,,,,,,,,,,,,,,,,,,,
williams_RB_NO,Kerwynn Williams,RB,NO,,,,,,,,,,,,,,,,,,,,,,
slater_WR_NE,Matthew Slater,WR,NE,,,,,,,,,,,,,,,,,,,,,,
charles_TE_DEN,Orson Charles,TE,DEN,,,,,,,,,,,,,,,,,,,,,,
ateman_WR_OAK,Marcell Ateman,WR,OAK,,,,0.0,0.0,13.0,1.0,161.0,,,,,,,,,,,,,,
williams_WR_ARI,Chad Williams,WR,ARI,,,,,,,,,,,,,,,,,,,,,,
burnett_WR_NYJ,Deontay Burnett,WR,NYJ,,,,,,,,,,,,,,,,,,,,,,
brown_WR_DAL,Noah Brown,WR,DAL,,,,0.0,0.0,3.0,0.0,39.0,,,,,,,,,,,,,,
lasley_WR_DET,Jordan Lasley,WR,DET,,,,,,,,,,,,,,,,,,,,,,
koyack_TE_JAX,Ben Koyack,TE,JAX,,,,,,,,,,,,,,,,,,,,,,
powell_WR_DET,Brandon Powell,WR,DET,,,,,,,,,,,,,,,,,,,,,,
coleman_WR_NYG,Corey Coleman,WR,NYG,,,,,,,,,,,,,,,,,,,,,,
hood_RB_JAX,Elijah Hood,RB,JAX,,,,,,,,,,,,,,,,,,,,,,
hatcher_WR_OAK,Keon Hatcher,WR,OAK,,,,,,,,,,,,,,,,,,,,,,
leggett_TE_TB,Jordan Leggett,TE,TB,,,,,,,,,,,,,,,,,,,,,,
bourne_WR_SF,Kendrick Bourne,WR,SF,,,,0.0,0.0,10.0,1.0,128.0,,,,,,,,,,,,,,
adeboyejo_WR_NYJ,Quincy Adeboyejo,WR,NYJ,,,,,,,,,,,,,,,,,,,,,,
sherfield_WR_ARI,Trent Sherfield,WR,ARI,,,,,,,,,,,,,,,,,,,,,,
lenoir_WR_DAL,Lance Lenoir Jr.,WR,DAL,,,,,,,,,,,,,,,,,,,,,,
louis_WR_MIA,Ricardo Louis,WR,MIA,,,,,,,,,,,,,,,,,,,,,,
ervin_RB_BAL,Tyler Ervin,RB,BAL,,,,,,,,,,,,,,,,,,,,,,
cunningham_TE_DET,Jerome Cunningham,TE,DET,,,,,,,,,,,,,,,,,,,,,,
wilson_RB_WSH,Shaun Wilson,RB,WSH,,,,,,,,,,,,,,,,,,,,,,
hall_WR_CHI,Marvin Hall,WR,CHI,,,,,,,,,,,,,,,,,,,,,,
williams_RB_DEN,David Williams,RB,DEN,,,,,,,,,,,,,,,,,,,,,,
thomas_RB_JAX,Roc Thomas,RB,JAX,,,,,,,,,,,,,,,,,,,,,,
dieter_WR_KC,Gehrig Dieter,WR,KC,,,,,,,,,,,,,,,,,,,,,,
core_WR_CIN,Cody Core,WR,CIN,,,,0.0,0.0,2.0,0.0,26.0,,,,,,,,,,,,,,
henderson_WR_JAX,Quadree Henderson,WR,JAX,,,,,,,,,,,,,,,,,,,,,,
batson_WR_TEN,Cameron Batson,WR,TEN,,,,,,,,,,,,,,,,,,,,,,
fells_TE_HOU,Darren Fells,TE,HOU,,,,,,,,,,,,,,,,,,,,,,
mccloud_WR_BUF,Ray-Ray McCloud III,WR,BUF,,,,,,,,,,,,,,,,,,,,,,
kemp_WR_KC,Marcus Kemp,WR,KC,,,,,,,,,,,,,,,,,,,,,,
griffin_TE_NO,Garrett Griffin,TE,NO,,,,,,,,,,,,,,,,,,,,,,
franks_TE_CIN,Jordan Franks,TE,CIN,,,,,,,,,,,,,,,,,,,,,,
tomlinson_TE_NYJ,Eric Tomlinson,TE,NYJ,,,,,,,,,,,,,,,,,,,,,,
cantrell_WR_LAC,Dylan Cantrell,WR,LAC,,,,,,,,,,,,,,,,,,,,,,
lewis_WR_DET,Tommylee Lewis,WR,DET,,,,,,,,,,,,,,,,,,,,,,
johnson_WR_IND,Marcus Johnson,WR,IND,,,,,,,,,,,,,,,,,,,,,,
agudosi_WR_PHI,Carlton Agudosi,WR,PHI,,,,,,,,,,,,,,,,,,,,,,
byrd_WR_ARI,Damiere Byrd,WR,ARI,,,,,,,,,,,,,,,,,,,,,,
tolliver_WR_KC,Jalen Tolliver,WR,KC,,,,,,,,,,,,,,,,,,,,,,
chesson_WR_WSH,Jehu Chesson,WR,WSH,,,,,,,,,,,,,,,,,,,,,,
turner_WR_SEA,Malik Turner,WR,SEA,,,,,,,,,,,,,,,,,,,,,,
perine_RB_WSH,Samaje Perine,RB,WSH,,,,,,,,,,,,,,,,,,,,,,
howell_RB_HOU,Buddy Howell,RB,HOU,,,,,,,,,,,,,,,,,,,,,,
jackson_RB_DAL,Darius Jackson,RB,DAL,,,,,,,,,,,,,,,,,,,,,,
callahan_QB_BAL,Joe Callahan,QB,BAL,,,,,,,,,,,,,,,,,,,,,,
sudfeld_QB_PHI,Nate Sudfeld,QB,PHI,,,,,,,,,,,,,,,,,,,,,,
dobbs_QB_PIT,Joshua Dobbs,QB,PIT,1.0,88.0,0.0,0.0,1.0,,,,,,,,,,,,,,,,,
allen_QB_LAR,Brandon Allen,QB,LAR,,,,,,,,,,,,,,,,,,,,,,
allen_QB_CAR,Kyle Allen,QB,CAR,,,,,,,,,,,,,,,,,,,,,,
jones_QB_LAC,Cardale Jones,QB,LAC,,,,,,,,,,,,,,,,,,,,,,
driskel_QB_CIN,Jeff Driskel,QB,CIN,,,,,,,,,,,,,,,,,,,,,,
webb_QB_NYJ,Davis Webb,QB,NYJ,,,,,,,,,,,,,,,,,,,,,,
lynch_QB_SEA,Paxton Lynch,QB,SEA,1.0,67.0,0.0,0.0,1.0,,,,,,,,,,,,,,,,,
lauletta_QB_NYG,Kyle Lauletta,QB,NYG,,,,,,,,,,,,,,,,,,,,,,
falk_QB_NYJ,Luke Falk,QB,NYJ,,,,,,,,,,,,,,,,,,,,,,
kessler_QB_PHI,Cody Kessler,QB,PHI,,,,,,,,,,,,,,,,,,,,,,
wick_TE_TEN,Cole Wick,TE,TEN,,,,,,,,,,,,,,,,,,,,,,
hemingway_TE_CAR,Temarrick Hemingway,TE,CAR,,,,,,,,,,,,,,,,,,,,,,
peterman_QB_OAK,Nathan Peterman,QB,OAK,,,,,,,,,,,,,,,,,,,,,,
smith_WR_DAL,Devin Smith,WR,DAL,,,,,,,,,,,,,,,,,,,,,,
pope_RB_LAC,Troymaine Pope,RB,LAC,,,,,,,,,,,,,,,,,,,,,,
gathers_TE_CLE,Rico Gathers,TE,CLE,,,,,,,,,,,,,,,,,,,,,,
holmes_TE_IND,Gabe Holmes,TE,IND,,,,,,,,,,,,,,,,,,,,,,
pruitt_TE_TEN,MyCole Pruitt,TE,TEN,,,,,,,,,,,,,,,,,,,,,,
carter_RB_CIN,Cethan Carter,RB,CIN,,,,,,,,,,,,,,,,,,,,,,
dupre_WR_LAC,Malachi Dupre,WR,LAC,,,,,,,,,,,,,,,,,,,,,,
dickerson_TE_NYG,Garrett Dickerson,TE,NYG,,,,,,,,,,,,,,,,,,,,,,
davis_WR_WSH,Robert Davis,WR,WSH,,,,,,,,,,,,,,,,,,,,,,
fountain_WR_IND,Daurice Fountain,WR,IND,,,,,,,,,,,,,,,,,,,,,,
raymond_WR_TEN,Kalif Raymond,WR,TEN,,,,,,,,,,,,,,,,,,,,,,
tye_TE_PHI,Will Tye,TE,PHI,,,,,,,,,,,,,,,,,,,,,,
russell_WR_NYG,Alonzo Russell,WR,NYG,,,,,,,,,,,,,,,,,,,,,,
ford_WR_MIA,Isaiah Ford,WR,MIA,,,,,,,,,,,,,,,,,,,,,,
bawden_RB_DET,Nick Bawden,RB,DET,,,,,,,,,,,,,,,,,,,,,,
mcnichols_RB_TEN,Jeremy McNichols,RB,TEN,,,,,,,,,,,,,,,,,,,,,,
davis_RB_LAR,Justin Davis,RB,LAR,,,,,,,,,,,,,,,,,,,,,,
gentry_WR_CHI,Tanner Gentry,WR,CHI,,,,,,,,,,,,,,,,,,,,,,
rudock_QB_MIA,Jake Rudock,QB,MIA,,,,,,,,,,,,,,,,,,,,,,
vitale_RB_GB,Danny Vitale,RB,GB,,,,,,,,,,,,,,,,,,,,,,
holton_WR_PIT,Johnny Holton,WR,PIT,,,,,,,,,,,,,,,,,,,,,,
hansen_WR_HOU,Chad Hansen,WR,HOU,,,,,,,,,,,,,,,,,,,,,,
hodges_TE_NYJ,Bucky Hodges,TE,NYJ,,,,,,,,,,,,,,,,,,,,,,
white_WR_CAR,DeAndrew White,WR,CAR,,,,,,,,,,,,,,,,,,,,,,
malone_WR_CIN,Josh Malone,WR,CIN,,,,0.0,0.0,8.0,1.0,104.0,,,,,,,,,,,,,,
johnson_RB_GB,Malcolm Johnson,RB,GB,,,,,,,,,,,,,,,,,,,,,,
proehl_WR_LAR,Austin Proehl,WR,LAR,,,,,,,,,,,,,,,,,,,,,,
ortiz_RB_ATL,Ricky Ortiz,RB,ATL,,,,,,,,,,,,,,,,,,,,,,
ellis_TE_PHI,Alex Ellis,TE,PHI,,,,,,,,,,,,,,,,,,,,,,
hikutini_TE_MIN,Cole Hikutini,TE,MIN,,,,,,,,,,,,,,,,,,,,,,
adams_TE_HOU,Jerell Adams,TE,HOU,,,,,,,,,,,,,,,,,,,,,,
heinicke_QB_CAR,Taylor Heinicke,QB,CAR,,,,,,,,,,,,,,,,,,,,,,
henderson_RB_DEN,De'Angelo Henderson,RB,DEN,,,,,,,,,,,,,,,,,,,,,,
thomas_WR_LAR,Mike Thomas,WR,LAR,,,,,,,,,,,,,,,,,,,,,,
phillips_WR_BUF,Cam Phillips,WR,BUF,,,,,,,,,,,,,,,,,,,,,,
white_QB_DAL,Mike White,QB,DAL,,,,,,,,,,,,,,,,,,,,,,
sharp_WR_CIN,Hunter Sharp,WR,CIN,,,,,,,,,,,,,,,,,,,,,,
kidsy_WR_WSH,Darvin Kidsy,WR,WSH,,,,,,,,,,,,,,,,,,,,,,
lewis_WR_IND,Roger Lewis,WR,IND,,,,,,,,,,,,,,,,,,,,,,
scarbrough_RB_SEA,Bo Scarbrough,RB,SEA,,,,,,,,,,,,,,,,,,,,,,
cobbs_WR_NO,Simmie Cobbs Jr.,WR,NO,,,,,,,,,,,,,,,,,,,,,,
lazard_WR_GB,Allen Lazard,WR,GB,,,,,,,,,,,,,,,,,,,,,,
baylis_TE_GB,Evan Baylis,TE,GB,,,,,,,,,,,,,,,,,,,,,,
mcgough_QB_JAX,Alex McGough,QB,JAX,,,,,,,,,,,,,,,,,,,,,,
ernsberger_TE_JAX,Donnie Ernsberger,TE,JAX,,,,,,,,,,,,,,,,,,,,,,
williams_RB_IND,Jonathan Williams,RB,IND,,,,,,,,,,,,,,,,,,,,,,
mayle_TE_LAC,Vince Mayle,TE,LAC,,,,,,,,,,,,,,,,,,,,,,
beathard_QB_SF,C.J. Beathard,QB,SF,,,,,,,,,,,,,,,,,,,,,,
mundt_TE_LAR,Johnny Mundt,TE,LAR,,,,,,,,,,,,,,,,,,,,,,
muhammad_RB_DEN,Khalfani Muhammad,RB,DEN,,,,,,,,,,,,,,,,,,,,,,
whitney_WR_HOU,Isaac Whitney,WR,HOU,,,,,,,,,,,,,,,,,,,,,,
daniels_TE_ARI,Darrell Daniels,TE,ARI,,,,,,,,,,,,,,,,,,,,,,
white_WR_NYJ,Tim White,WR,NYJ,,,,,,,,,,,,,,,,,,,,,,
etling_QB_ATL,Danny Etling,QB,ATL,,,,,,,,,,,,,,,,,,,,,,
yancey_WR_TEN,DeAngelo Yancey,WR,TEN,,,,,,,,,,,,,,,,,,,,,,
mays_RB_JAX,Devante Mays,RB,JAX,,,,,,,,,,,,,,,,,,,,,,
turner_RB_BAL,De'Lance Turner,RB,BAL,,,,,,,,,,,,,,,,,,,,,,
travis_TE_IND,Ross Travis,TE,IND,,,,,,,,,,,,,,,,,,,,,,
bohringer_TE_CIN,Moritz Bohringer,TE,CIN,,,,,,,,,,,,,,,,,,,,,,
anderson_TE_NE,Stephen Anderson,TE,NE,,,,,,,,,,,,,,,,,,,,,,
hogan_WR_IND,Krishawn Hogan,WR,IND,,,,,,,,,,,,,,,,,,,,,,
perkins_RB_NYG,Paul Perkins,RB,NYG,,,,,,,,,,,,,,,,,,,,,,
edmunds_RB_PIT,Trey Edmunds,RB,PIT,,,,,,,,,,,,,,,,,,,,,,
bolden_WR_BUF,Victor Bolden Jr.,WR,BUF,,,,,,,,,,,,,,,,,,,,,,
miller_WR_CLE,Braxton Miller,WR,CLE,,,,,,,,,,,,,,,,,,,,,,
flanagan_TE_WSH,Matt Flanagan,TE,WSH,,,,,,,,,,,,,,,,,,,,,,
pumphrey_RB_PHI,Donnel Pumphrey,RB,PHI,,,,,,,,,,,,,,,,,,,,,,
nelson_WR_OAK,J.J. Nelson,WR,OAK,,,,0.0,22.0,8.0,1.0,128.0,,,,,,,,,,,,,,
martin_RB_OAK,Doug Martin,RB,OAK,,,,2.0,205.0,4.0,0.0,32.0,,,,,,,,,,,,,,
willson_TE_OAK,Luke Willson,TE,OAK,,,,,,,,,,,,,,,,,,,,,,
meredith_WR_NE,Cameron Meredith,WR,NE,,,,,,,,,,,,,,,,,,,,,,
farrow_RB_MIA,Kenneth Farrow,RB,MIA,,,,,,,,,,,,,,,,,,,,,,
ware_RB_IND,Spencer Ware,RB,IND,,,,,,,,,,,,,,,,,,,,,,
smith_TE_SF,Kaden Smith,TE,SF,,,,0.0,0.0,2.0,0.0,19.0,,,,,,,,,,,,,,
croom_TE_BUF,Jason Croom,TE,BUF,,,,,,,,,,,,,,,,,,,,,,
ozigbo_RB_NO,Devine Ozigbo,RB,NO,,,,,,,,,,,,,,,,,,,,,,
rodgers_TE_PHI,Richard Rodgers,TE,PHI,,,,,,,,,,,,,,,,,,,,,,
griffin_QB_TB,Ryan Griffin,QB,TB,,,,,,,,,,,,,,,,,,,,,,
stidham_QB_NE,Jarrett Stidham,QB,NE,,,,,,,,,,,,,,,,,,,,,,
godwin_WR_CAR,Terry Godwin,WR,CAR,,,,,,,,,,,,,,,,,,,,,,
hall_WR_TB,Emanuel Hall,WR,TB,,,,,,,,,,,,,,,,,,,,,,
flowers_RB_CIN,Quinton Flowers,RB,CIN,,,,,,,,,,,,,,,,,,,,,,
rypien_QB_DEN,Brett Rypien,QB,DEN,,,,,,,,,,,,,,,,,,,,,,
stick_QB_LAC,Easton Stick,QB,LAC,,,,,,,,,,,,,,,,,,,,,,
gillaspia_RB_HOU,Cullen Gillaspia,RB,HOU,,,,,,,,,,,,,,,,,,,,,,
adams_RB_PHI,Josh Adams,RB,PHI,,,,,,,,,,,,,,,,,,,,,,
scott_WR_LAC,Artavis Scott,WR,LAC,,,,,,,,,,,,,,,,,,,,,,
holyfield_RB_CAR,Elijah Holyfield,RB,CAR,,,,,,,,,,,,,,,,,,,,,,
thorson_QB_PHI,Clayton Thorson,QB,PHI,,,,,,,,,,,,,,,,,,,,,,
wesley_WR_BAL,Antoine Wesley,WR,BAL,,,,,,,,,,,,,,,,,,,,,,
duarte_TE_ATL,Thomas Duarte,TE,ATL,,,,,,,,,,,,,,,,,,,,,,
mizzell_WR_CHI,Taquan Mizzell,WR,CHI,,,,,,,,,,,,,,,,,,,,,,
ford_RB_GB,Keith Ford,RB,GB,,,,,,,,,,,,,,,,,,,,,,
woodside_QB_TEN,Logan Woodside,QB,TEN,,,,,,,,,,,,,,,,,,,,,,
moore_WR_GB,J'Mon Moore,WR,GB,,,,,,,,,,,,,,,,,,,,,,
weah_WR_HOU,Jester Weah,WR,HOU,,,,,,,,,,,,,,,,,,,,,,
boyle_QB_GB,Tim Boyle,QB,GB,,,,,,,,,,,,,,,,,,,,,,
sloter_QB_MIN,Kyle Sloter,QB,MIN,,,,,,,,,,,,,,,,,,,,,,
quick_WR_WSH,Brian Quick,WR,WSH,,,,,,,,,,,,,,,,,,,,,,
bolden_RB_NE,Brandon Bolden,RB,NE,,,,,,,,,,,,,,,,,,,,,,
lucas_TE_DAL,Marcus Lucas,TE,DAL,,,,,,,,,,,,,,,,,,,,,,
webb_WR_HOU,Joe Webb III,WR,HOU,,,,,,,,,,,,,,,,,,,,,,
perry_RB_BUF,Senorise Perry,RB,BUF,,,,,,,,,,,,,,,,,,,,,,
gilbert_QB_CLE,Garrett Gilbert,QB,CLE,,,,,,,,,,,,,,,,,,,,,,
crowell_RB_OAK,Isaiah Crowell,RB,OAK,,,,,,,,,,,,,,,,,,,,,,
johnson_WR_PHI,Charles Johnson,WR,PHI,,,,,,,,,,,,,,,,,,,,,,
murphy_RB_BUF,Marcus Murphy,RB,BUF,,,,,,,,,,,,,,,,,,,,,,
smith_QB_WSH,Alex Smith,QB,WSH,,,,,,,,,,,,,,,,,,,,,,
bray_QB_CHI,Tyler Bray,QB,CHI,,,,,,,,,,,,,,,,,,,,,,
michel_WR_PHI,Marken Michel,WR,PHI,,,,,,,,,,,,,,,,,,,,,,
cox_RB_MIA,Chandler Cox,RB,MIA,,,,,,,,,,,,,,,,,,,,,,
bellore_RB_SEA,Nick Bellore,RB,SEA,,,,,,,,,,,,,,,,,,,,,,
anderson_RB_TB,Bruce Anderson,RB,TB,,,,,,,,,,,,,,,,,,,,,,
homer_RB_SEA,Travis Homer,RB,SEA,,,,0.0,36.0,3.0,0.0,28.0,,,,,,,,,,,,,,
butler_WR_ARI,Hakeem Butler,WR,ARI,,,,,,,,,,,,,,,,,,,,,,
thompson_WR_SF,Chris Thompson,WR,SF,,,,,,,,,,,,,,,,,,,,,,
smallwood_RB_PHI,Wendell Smallwood,RB,PHI,,,,,,,,,,,,,,,,,,,,,,
mcguire_RB_NYJ,Elijah McGuire,RB,NYJ,,,,,,,,,,,,,,,,,,,,,,
derby_TE_NO,A.J. Derby,TE,NO,,,,,,,,,,,,,,,,,,,,,,
hunt_RB_TEN,Akeem Hunt,RB,TEN,,,,,,,,,,,,,,,,,,,,,,
kelly_QB_IND,Chad Kelly,QB,IND,,,,,,,,,,,,,,,,,,,,,,
traylor_TE_DET,Austin Traylor,TE,DET,,,,,,,,,,,,,,,,,,,,,,
mcevoy_WR_TEN,Tanner McEvoy,WR,TEN,,,,,,,,,,,,,,,,,,,,,,
dixon_RB_BAL,Kenneth Dixon,RB,BAL,,,,,,,,,,,,,,,,,,,,,,
west_RB_IND,Charcandrick West,RB,IND,,,,,,,,,,,,,,,,,,,,,,
jones_WR_NYG,TJ Jones,WR,NYG,,,,,,,,,,,,,,,,,,,,,,
burton_RB_NO,Michael Burton,RB,NO,,,,,,,,,,,,,,,,,,,,,,
brown_RB_OAK,Mack Brown,RB,OAK,,,,,,,,,,,,,,,,,,,,,,
williams_WR_SF,Nick Williams,WR,SF,,,,,,,,,,,,,,,,,,,,,,
kearse_WR_DET,Jermaine Kearse,WR,DET,,,,,,,,,,,,,,,,,,,,,,
ross_WR_CAR,Rashad Ross,WR,CAR,,,,,,,,,,,,,,,,,,,,,,
thompson_WR_NYJ,Deonte Thompson,WR,NYJ,,,,,,,,,,,,,,,,,,,,,,
bohanon_RB_GB,Tommy Bohanon,RB,GB,,,,,,,,,,,,,,,,,,,,,,
miller_RB_HOU,Lamar Miller,RB,HOU,,,,,,,,,,,,,,,,,,,,,,
pryor_WR_JAX,Terrelle Pryor Sr.,WR,JAX,,,,0.0,0.0,2.0,0.0,30.0,,,,,,,,,,,,,,
rodgers_RB_NO,Jacquizz Rodgers,RB,NO,,,,,,,,,,,,,,,,,,,,,,
floyd_WR_BAL,Michael Floyd,WR,BAL,,,,,,,,,,,,,,,,,,,,,,
robinson_WR_CAR,Aldrick Robinson,WR,CAR,,,,,,,,,,,,,,,,,,,,,,
jones_RB_HOU,Taiwan Jones,RB,HOU,,,,,,,,,,,,,,,,,,,,,,
fitzgerald_QB_TB,Nick Fitzgerald,QB,TB,,,,,,,,,,,,,,,,,,,,,,
jackson_QB_BUF,Tyree Jackson,QB,BUF,,,,,,,,,,,,,,,,,,,,,,
hart_WR_IND,Penny Hart,WR,IND,,,,,,,,,,,,,,,,,,,,,,
dulin_WR_IND,Ashton Dulin,WR,IND,,,,,,,,,,,,,,,,,,,,,,
brady_WR_JAX,Tyre Brady,WR,JAX,,,,,,,,,,,,,,,,,,,,,,
mcknight_WR_DEN,Kelvin McKnight,WR,DEN,,,,,,,,,,,,,,,,,,,,,,
barnes_RB_TEN,Alex Barnes,RB,TEN,,,,,,,,,,,,,,,,,,,,,,
butler_WR_NO,Emmanuel Butler,WR,NO,,,,,,,,,,,,,,,,,,,,,,
humphrey_WR_NO,Lil'Jordan Humphrey,WR,NO,,,,,,,,,,,,,,,,,,,,,,
sims_TE_CHI,Dion Sims,TE,CHI,,,,,,,,,,,,,,,,,,,,,,
anderson_QB_BUF,Derek Anderson,QB,BUF,,,,,,,,,,,,,,,,,,,,,,
manuel_QB_KC,EJ Manuel,QB,KC,,,,,,,,,,,,,,,,,,,,,,
gresham_TE_ARI,Jermaine Gresham,TE,ARI,,,,,,,,,,,,,,,,,,,,,,
lengel_TE_CIN,Matt Lengel,TE,CIN,,,,,,,,,,,,,,,,,,,,,,
harris_WR_NE,Maurice Harris,WR,NE,,,,,,,,,,,,,,,,,,,,,,
gibson_WR_PHI,Shelton Gibson,WR,PHI,,,,,,,,,,,,,,,,,,,,,,
kelley_RB_NO,Rob Kelley,RB,NO,,,,,,,,,,,,,,,,,,,,,,
parker_TE_DEN,Brian Parker,TE,DEN,,,,,,,,,,,,,,,,,,,,,,
scott_WR_NYG,Da'Mari Scott,WR,NYG,,,,,,,,,,,,,,,,,,,,,,
cook_QB_DET,Connor Cook,QB,DET,,,,,,,,,,,,,,,,,,,,,,
carroo_WR_MIA,Leonte Carroo,WR,MIA,,,,,,,,,,,,,,,,,,,,,,
frazier_WR_CAR,Mose Frazier,WR,CAR,,,,,,,,,,,,,,,,,,,,,,
burbridge_WR_DEN,Aaron Burbridge,WR,DEN,,,,,,,,,,,,,,,,,,,,,,
bibbs_RB_GB,Kapri Bibbs,RB,GB,,,,,,,,,,,,,,,,,,,,,,
lee_QB_JAX,Tanner Lee,QB,JAX,,,,,,,,,,,,,,,,,,,,,,
grayson_QB_DEN,Garrett Grayson,QB,DEN,,,,,,,,,,,,,,,,,,,,,,
strong_WR_CLE,Jaelen Strong,WR,CLE,,,,0.0,0.0,3.0,0.0,34.0,,,,,,,,,,,,,,
walford_TE_MIA,Clive Walford,TE,MIA,,,,,,,,,,,,,,,,,,,,,,
jones_WR_NYJ,J.J. Jones,WR,NYJ,,,,,,,,,,,,,,,,,,,,,,
ripkowski_RB_KC,Aaron Ripkowski,RB,KC,,,,,,,,,,,,,,,,,,,,,,
langford_RB_ATL,Jeremy Langford,RB,ATL,,,,,,,,,,,,,,,,,,,,,,
taylor_WR_MIN,Jordan Taylor,WR,MIN,,,,0.0,0.0,20.0,2.0,252.0,,,,,,,,,,,,,,
swoopes_TE_SEA,Tyrone Swoopes,TE,SEA,,,,,,,,,,,,,,,,,,,,,,
wright_WR_IND,James Wright,WR,IND,,,,,,,,,,,,,,,,,,,,,,
kaaya_QB_CIN,Brad Kaaya,QB,CIN,,,,,,,,,,,,,,,,,,,,,,
dayes_RB_NO,Matt Dayes,RB,NO,,,,,,,,,,,,,,,,,,,,,,
coley_WR_NYJ,Stacy Coley,WR,NYJ,,,,,,,,,,,,,,,,,,,,,,
mccaffrey_WR_SF,Max McCaffrey,WR,SF,,,,,,,,,,,,,,,,,,,,,,
wilds_RB_SF,Brandon Wilds,RB,SF,,,,,,,,,,,,,,,,,,,,,,
darboh_WR_SEA,Amara Darboh,WR,SEA,,,,,,,,,,,,,,,,,,,,,,
madden_RB_SEA,Tre Madden,RB,SEA,,,,,,,,,,,,,,,,,,,,,,
williams_RB_DET,James Williams,RB,DET,,,,,,,,,,,,,,,,,,,,,,
roberts_TE_GB,Michael Roberts,TE,GB,,,,,,,,,,,,,,,,,,,,,,
sterling_TE_KC,Neal Sterling,TE,KC,,,,,,,,,,,,,,,,,,,,,,
ellington_WR_NE,Bruce Ellington,WR,NE,,,,,,,,,,,,,,,,,,,,,,
roberts_TE_LAC,Austin Roberts,TE,LAC,,,,,,,,,,,,,,,,,,,,,,
warren_RB_OAK,Chris Warren,RB,OAK,,,,,,,,,,,,,,,,,,,,,,
white_WR_ARI,Kevin White,WR,ARI,,,,,,,,,,,,,,,,,,,,,,
hansbrough_RB_WSH,Russell Hansbrough,RB,WSH,,,,,,,,,,,,,,,,,,,,,,
baldwin_WR_SEA,Doug Baldwin,WR,SEA,,,,,,,,,,,,,,,,,,,,,,
jones_QB_OAK,Landry Jones,QB,OAK,,,,,,,,,,,,,,,,,,,,,,
zenner_RB_DET,Zach Zenner,RB,DET,,,,1.0,136.0,8.0,0.0,65.0,,,,,,,,,,,,,,
marshall_WR_OAK,Jalin Marshall,WR,OAK,,,,,,,,,,,,,,,,,,,,,,
coates_WR_KC,Sammie Coates Jr.,WR,KC,,,,,,,,,,,,,,,,,,,,,,
dable_WR_ATL,Anthony Dable,WR,ATL,,,,,,,,,,,,,,,,,,,,,,
clark_WR_GB,Michael Clark,WR,GB,,,,,,,,,,,,,,,,,,,,,,
williams_WR_HOU,Wendall Williams,WR,HOU,,,,,,,,,,,,,,,,,,,,,,
williams_RB_SF,Joe Williams,RB,SF,,,,,,,,,,,,,,,,,,,,,,
blewitt_K_CHI,Chris Blewitt,K,CHI,,,,,,,,,,,,,,,,,,,,,,
joseph_K_CLE,Greg Joseph,K,CLE,,,,,,,,,,,,,,,,,,,,,,
stewart_WR_WSH,ArDarius Stewart,WR,WSH,,,,,,,,,,,,,,,,,,,,,,
stringfellow_WR_SEA,Damore'ea Stringfellow,WR,SEA,,,,,,,,,,,,,,,,,,,,,,
zamora_WR_OAK,Ishmael Zamora,WR,OAK,,,,,,,,,,,,,,,,,,,,,,
whitehead_WR_NYJ,Lucky Whitehead,WR,NYJ,,,,,,,,,,,,,,,,,,,,,,
hackenberg_QB_PHI,Christian Hackenberg,QB,PHI,,,,,,,,,,,,,,,,,,,,,,
mccrane_K_PIT,Matt McCrane,K,PIT,,,,,,,,,,,,,,,,,,,,,,
foreman_RB_IND,D'Onta Foreman,RB,IND,,,,,,,,,,,,,,,,,,,,,,
bowman_TE_LAC,Braedon Bowman,TE,LAC,,,,,,,,,,,,,,,,,,,,,,
adams_WR_MIN,Rodney Adams,WR,MIN,,,,,,,,,,,,,,,,,,,,,,
billingsley_WR_DET,Jace Billingsley,WR,DET,,,,,,,,,,,,,,,,,,,,,,
rudolph_WR_NYG,Travis Rudolph,WR,NYG,,,,,,,,,,,,,,,,,,,,,,
lee_TE_BUF,Khari Lee,TE,BUF,,,,,,,,,,,,,,,,,,,,,,
kriegercoble_TE_LAR,Henry Krieger-Coble,TE,LAR,,,,,,,,,,,,,,,,,,,,,,
franks_K_MIA,Andrew Franks,K,MIA,,,,,,,,,,,,,,,,,,,,,,
henderson_WR_WSH,Carlos Henderson,WR,WSH,,,,,,,,,,,,,,,,,,,,,,
jones_RB_PHI,Matt Jones,RB,PHI,,,,,,,,,,,,,,,,,,,,,,
smith_RB_NO,Shane Smith,RB,NO,,,,,,,,,,,,,,,,,,,,,,
jackson_RB_GB,Don Jackson,RB,GB,,,,,,,,,,,,,,,,,,,,,,
taylor_RB_CLE,Kelvin Taylor,RB,CLE,,,,,,,,,,,,,,,,,,,,,,
williams_RB_CLE,Marquez Williams,RB,CLE,,,,,,,,,,,,,,,,,,,,,,
daniels_RB_GB,LeShun Daniels Jr.,RB,GB,,,,,,,,,,,,,,,,,,,,,,
north_WR_LAR,Marquez North,WR,LAR,,,,,,,,,,,,,,,,,,,,,,
mccarron_WR_NE,Riley McCarron,WR,NE,,,,,,,,,,,,,,,,,,,,,,
grant_WR_BAL,Janarion Grant,WR,BAL,,,,,,,,,,,,,,,,,,,,,,
wadley_RB_TEN,Akrum Wadley,RB,TEN,,,,,,,,,,,,,,,,,,,,,,
aguayo_K_LAC,Roberto Aguayo,K,LAC,,,,,,,,,,,,,,,,,,,,,,
green_RB_IND,Tion Green,RB,IND,,,,,,,,,,,,,,,,,,,,,,
koo_K_LAC,Younghoe Koo,K,LAC,,,,,,,,,,,,,,,,,,,,,,
sandland_TE_GB,Beau Sandland,TE,GB,,,,,,,,,,,,,,,,,,,,,,
thomas_RB_NYJ,Jahad Thomas,RB,NYJ,,,,,,,,,,,,,,,,,,,,,,
stevenson_RB_CHI,Freddie Stevenson,RB,CHI,,,,,,,,,,,,,,,,,,,,,,
rogers_RB_BUF,Sam Rogers,RB,BUF,,,,,,,,,,,,,,,,,,,,,,
ayers_WR_CHI,Demarcus Ayers,WR,CHI,,,,,,,,,,,,,,,,,,,,,,
collins_RB_BAL,Alex Collins,RB,BAL,,,,,,,,,,,,,,,,,,,,,,
spruce_WR_LAC,Nelson Spruce,WR,LAC,,,,,,,,,,,,,,,,,,,,,,
ficken_K_GB,Sam Ficken,K,GB,,,,,,,,,,,,,,,,,,,,,,
lucien_WR_NE,Devin Lucien,WR,NE,,,,,,,,,,,,,,,,,,,,,,
cross_TE_TB,Alan Cross,TE,TB,,,,,,,,,,,,,,,,,,,,,,
williams_WR_IND,Kasen Williams,WR,IND,,,,,,,,,,,,,,,,,,,,,,
allen_RB_NO,Javorius Allen,RB,NO,,,,,,,,,,,,,,,,,,,,,,
ward_RB_ATL,Terron Ward,RB,ATL,,,,,,,,,,,,,,,,,,,,,,
scott_WR_MIA,Rashawn Scott,WR,MIA,,,,,,,,,,,,,,,,,,,,,,
turner_WR_NE,Paul Turner,WR,NE,,,,,,,,,,,,,,,,,,,,,,
watson_RB_LAC,Terrell Watson,RB,LAC,,,,,,,,,,,,,,,,,,,,,,
greene_WR_JAX,Rashad Greene,WR,JAX,,,,,,,,,,,,,,,,,,,,,,
pressley_RB_NYG,Jhurell Pressley,RB,NYG,,,,,,,,,,,,,,,,,,,,,,
grinnage_TE_JAX,David Grinnage,TE,JAX,,,,,,,,,,,,,,,,,,,,,,
gronkowski_RB_NE,Glenn Gronkowski,RB,NE,,,,,,,,,,,,,,,,,,,,,,
treggs_WR_PHI,Bryce Treggs,WR,PHI,,,,,,,,,,,,,,,,,,,,,,
braverman_WR_KC,Daniel Braverman,WR,KC,,,,,,,,,,,,,,,,,,,,,,
williams_WR_DET,Dom Williams,WR,DET,,,,,,,,,,,,,,,,,,,,,,
mitchell_WR_NE,Malcolm Mitchell,WR,NE,,,,,,,,,,,,,,,,,,,,,,
eagan_WR_NYG,Ed Eagan,WR,NYG,,,,,,,,,,,,,,,,,,,,,,
mcroberts_WR_LAR,Paul McRoberts,WR,LAR,,,,,,,,,,,,,,,,,,,,,,
listenbee_WR_IND,Kolby Listenbee,WR,IND,,,,,,,,,,,,,,,,,,,,,,
marquez_WR_DET,Bradley Marquez,WR,DET,,,,,,,,,,,,,,,,,,,,,,
fuller_WR_ATL,Devin Fuller,WR,ATL,,,,,,,,,,,,,,,,,,,,,,
payton_WR_CLE,Jordan Payton,WR,CLE,,,,,,,,,,,,,,,,,,,,,,
lasco_RB_NO,Daniel Lasco,RB,NO,,,,,,,,,,,,,,,,,,,,,,
rose_K_LAC,Nick Rose,K,LAC,,,,,,,,,,,,,,,,,,,,,,
cajuste_TE_CLE,Devon Cajuste,TE,CLE,,,,,,,,,,,,,,,,,,,,,,
brooks_RB_SEA,Zac Brooks,RB,SEA,,,,,,,,,,,,,,,,,,,,,,
lawler_WR_SEA,Kenny Lawler,WR,SEA,,,,,,,,,,,,,,,,,,,,,,
powe_WR_NYG,Darius Powe,WR,NYG,,,,,,,,,,,,,,,,,,,,,,
valles_TE_DET,Hakeem Valles,TE,DET,,,,,,,,,,,,,,,,,,,,,,
martino_WR_TB,Freddie Martino,WR,TB,,,,,,,,,,,,,,,,,,,,,,
coleman_WR_NO,Brandon Coleman,WR,NO,,,,,,,,,,,,,,,,,,,,,,
boykin_QB_SEA,Trevone Boykin,QB,SEA,,,,,,,,,,,,,,,,,,,,,,
doughty_QB_ARI,Brandon Doughty,QB,ARI,,,,,,,,,,,,,,,,,,,,,,
darkwa_RB_,Orleans Darkwa,RB,,,,,,,,,,,,,,,,,,,,,,,
hazel_WR_IND,Matt Hazel,WR,IND,,,,,,,,,,,,,,,,,,,,,,
fowler_RB_TEN,Jalston Fowler,RB,TEN,,,,,,,,,,,,,,,,,,,,,,
clay_WR_NYG,Kaelin Clay,WR,NYG,,,,,,,,,,,,,,,,,,,,,,
prosch_RB_HOU,Jay Prosch,RB,HOU,,,,,,,,,,,,,,,,,,,,,,
santos_K_TB,Cairo Santos,K,TB,,,,,,,,,,,,,,,,,,,,,,
janis_WR_CLE,Jeff Janis,WR,CLE,,,,,,,,,,,,,,,,,,,,,,
oliver_RB_IND,Branden Oliver,RB,IND,,,,,,,,,,,,,,,,,,,,,,
toussaint_RB_PIT,Fitzgerald Toussaint,RB,PIT,,,,,,,,,,,,,,,,,,,,,,
fales_QB_DET,David Fales,QB,DET,,,,,,,,,,,,,,,,,,,,,,
parkey_K_CHI,Cody Parkey,K,CHI,,,,,,,,,,,,,,,,,,,,,,
coons_K_LAC,Travis Coons,K,LAC,,,,,,,,,,,,,,,,,,,,,,
bryant_WR_OAK,Martavis Bryant,WR,OAK,,,,,,,,,,,,,,,,,,,,,,
grant_RB_GB,Corey Grant,RB,GB,,,,,,,,,,,,,,,,,,,,,,
mathews_WR_MIA,Mitch Mathews,WR,MIA,,,,,,,,,,,,,,,,,,,,,,
williams_RB_LAC,Andre Williams,RB,LAC,,,,,,,,,,,,,,,,,,,,,,
campanaro_WR_TEN,Michael Campanaro,WR,TEN,,,,,,,,,,,,,,,,,,,,,,
telfer_TE_CLE,Randall Telfer,TE,CLE,,,,,,,,,,,,,,,,,,,,,,
catanzaro_K_NYJ,Chandler Catanzaro,K,NYJ,,,,,,,,,,,,,,,,,,,,,,
ajayi_RB_PHI,Jay Ajayi,RB,PHI,,,,,,,,,,,,,,,,,,,,,,
leslie_WR_DEN,Jordan Leslie,WR,DEN,,,,,,,,,,,,,,,,,,,,,,
reedy_WR_TB,Bernard Reedy,WR,TB,,,,,,,,,,,,,,,,,,,,,,
bray_WR_HOU,Quan Bray,WR,HOU,,,,,,,,,,,,,,,,,,,,,,
swoope_TE_OAK,Erik Swoope,TE,OAK,,,,,,,,,,,,,,,,,,,,,,
brown_RB_KC,Algernon Brown,RB,KC,,,,,,,,,,,,,,,,,,,,,,
garrett_WR_CAR,Keyarris Garrett,WR,CAR,,,,,,,,,,,,,,,,,,,,,,
rush_WR_NO,Xavier Rush,WR,NO,,,,,,,,,,,,,,,,,,,,,,
abbrederis_WR_DET,Jared Abbrederis,WR,DET,,,,,,,,,,,,,,,,,,,,,,
petty_QB_MIA,Bryce Petty,QB,MIA,,,,,,,,,,,,,,,,,,,,,,
coleman_RB_ARI,Derrick Coleman,RB,ARI,,,,,,,,,,,,,,,,,,,,,,
cunningham_RB_JAX,Benny Cunningham,RB,JAX,,,,,,,,,,,,,,,,,,,,,,
whalen_WR_OAK,Griff Whalen,WR,OAK,,,,,,,,,,,,,,,,,,,,,,
dunbar_RB_LAR,Lance Dunbar,RB,LAR,,,,,,,,,,,,,,,,,,,,,,
sims_RB_TB,Charles Sims,RB,TB,,,,,,,,,,,,,,,,,,,,,,
escobar_TE_MIA,Gavin Escobar,TE,MIA,,,,,,,,,,,,,,,,,,,,,,
hunter_WR_PIT,Justin Hunter,WR,PIT,,,,,,,,,,,,,,,,,,,,,,
whittaker_RB_CAR,Fozzy Whittaker,RB,CAR,,,,,,,,,,,,,,,,,,,,,,
lacy_RB_,Eddie Lacy,RB,,,,,,,,,,,,,,,,,,,,,,,
michael_RB_IND,Christine Michael,RB,IND,,,,,,,,,,,,,,,,,,,,,,
momah_TE_ARI,Ifeanyi Momah,TE,ARI,,,,,,,,,,,,,,,,,,,,,,
wheaton_WR_PHI,Markus Wheaton,WR,PHI,,,,,,,,,,,,,,,,,,,,,,
williams_WR_DAL,Terrance Williams,WR,DAL,,,,,,,,,,,,,,,,,,,,,,
niklas_TE_TB,Troy Niklas,TE,TB,,,,,,,,,,,,,,,,,,,,,,
streater_WR_CLE,Rod Streater,WR,CLE,,,,,,,,,,,,,,,,,,,,,,
supernaw_TE_TEN,Phillip Supernaw,TE,TEN,,,,,,,,,,,,,,,,,,,,,,
king_WR_MIN,Tavarres King,WR,MIN,,,,,,,,,,,,,,,,,,,,,,
williams_TE_IND,Brandon Williams,TE,IND,,,,,,,,,,,,,,,,,,,,,,
gray_TE_MIA,MarQueis Gray,TE,MIA,,,,,,,,,,,,,,,,,,,,,,
sturgis_K_LAC,Caleb Sturgis,K,LAC,,,,,,,,,,,,,,,,,,,,,,
cadet_RB_CAR,Travaris Cadet,RB,CAR,,,,,,,,,,,,,,,,,,,,,,
rainey_RB_BAL,Bobby Rainey Jr.,RB,BAL,,,,,,,,,,,,,,,,,,,,,,
murray_K_TB,Patrick Murray,K,TB,,,,,,,,,,,,,,,,,,,,,,
gillislee_RB_NO,Mike Gillislee,RB,NO,,,,,,,,,,,,,,,,,,,,,,
mcgrath_TE_DET,Sean McGrath,TE,DET,,,,,,,,,,,,,,,,,,,,,,
benjamin_WR_KC,Kelvin Benjamin,WR,KC,,,,,,,,,,,,,,,,,,,,,,
hamilton_WR_IND,Cobi Hamilton,WR,IND,,,,,,,,,,,,,,,,,,,,,,
fiedorowicz_TE_HOU,C.J. Fiedorowicz,TE,HOU,,,,,,,,,,,,,,,,,,,,,,
bersin_WR_CAR,Brenton Bersin,WR,CAR,,,,,,,,,,,,,,,,,,,,,,
west_RB_NO,Terrance West,RB,NO,,,,,,,,,,,,,,,,,,,,,,
seferianjenkins_TE_NE,Austin Seferian-Jenkins,TE,NE,,,,,,,,,,,,,,,,,,,,,,
hill_RB_NE,Jeremy Hill,RB,NE,,,,,,,,,,,,,,,,,,,,,,
hanna_TE_DAL,James Hanna,TE,DAL,,,,,,,,,,,,,,,,,,,,,,
thomas_TE_,Julius Thomas,TE,,,,,,,,,,,,,,,,,,,,,,,
tolzien_QB_,Scott Tolzien,QB,,,,,,,,,,,,,,,,,,,,,,,
hoomanawanui_TE_NO,Michael Hoomanawanui,TE,NO,,,,,,,,,,,,,,,,,,,,,,
osweiler_QB_MIA,Brock Osweiler,QB,MIA,,,,,,,,,,,,,,,,,,,,,,
fleener_TE_,Coby Fleener,TE,,,,,,,,,,,,,,,,,,,,,,,
cumberland_TE_LAC,Jeff Cumberland,TE,LAC,,,,,,,,,,,,,,,,,,,,,,
ivory_RB_BUF,Chris Ivory,RB,BUF,,,,,,,,,,,,,,,,,,,,,,
turbin_RB_IND,Robert Turbin,RB,IND,,,,,,,,,,,,,,,,,,,,,,
wright_WR_ARI,Kendall Wright,WR,ARI,,,,,,,,,,,,,,,,,,,,,,
benn_WR_JAX,Arrelious Benn,WR,JAX,,,,,,,,,,,,,,,,,,,,,,
decker_WR_,Eric Decker,WR,,,,,,,,,,,,,,,,,,,,,,,
matthews_WR_BAL,Chris Matthews,WR,BAL,,,,,,,,,,,,,,,,,,,,,,
holmes_WR_DEN,Andre Holmes,WR,DEN,,,,,,,,,,,,,,,,,,,,,,
aiken_WR_PHI,Kamar Aiken,WR,PHI,,,,,,,,,,,,,,,,,,,,,,
murray_RB_,DeMarco Murray,RB,,,,,,,,,,,,,,,,,,,,,,,
forbath_K_JAX,Kai Forbath,K,JAX,,,,,,,,,,,,,,,,,,,,,,
luck_QB_IND,Andrew Luck,QB,IND,,,,,,,,,,,,,,,,,,,,,,
weeden_QB_HOU,Brandon Weeden,QB,HOU,,,,,,,,,,,,,,,,,,,,,,
vereen_RB_NO,Shane Vereen,RB,NO,,,,,,,,,,,,,,,,,,,,,,
ridley_RB_PIT,Stevan Ridley,RB,PIT,,,,,,,,,,,,,,,,,,,,,,
mallett_QB_,Ryan Mallett,QB,,,,,,,,,,,,,,,,,,,,,,,
gronkowski_TE_NE,Rob Gronkowski,TE,NE,,,,,,,,,,,,,,,,,,,,,,
yates_QB_,T.J. Yates,QB,,,,,,,,,,,,,,,,,,,,,,,
walsh_K_ATL,Blair Walsh,K,ATL,,,,,,,,,,,,,,,,,,,,,,
matthews_WR_NO,Rishard Matthews,WR,NO,,,,,,,,,,,,,,,,,,,,,,
bryant_WR_NO,Dez Bryant,WR,NO,,,,,,,,,,,,,,,,,,,,,,
davis_QB_TEN,Austin Davis,QB,TEN,,,,,,,,,,,,,,,,,,,,,,
kerley_WR_BUF,Jeremy Kerley,WR,BUF,,,,,,,,,,,,,,,,,,,,,,
paul_TE_SF,Niles Paul,TE,SF,,,,,,,,,,,,,,,,,,,,,,
phillips_TE_KC,John Phillips,TE,KC,,,,,,,,,,,,,,,,,,,,,,
mcfadden_RB_,Darren McFadden,RB,,,,,,,,,,,,,,,,,,,,,,,
charles_RB_JAX,Jamaal Charles,RB,JAX,,,,,,,,,,,,,,,,,,,,,,
woodhead_RB_,Danny Woodhead,RB,,,,,,,,,,,,,,,,,,,,,,,
celek_TE_PHI,Brent Celek,TE,PHI,,,,,,,,,,,,,,,,,,,,,,
garcon_WR_SF,Pierre Garcon,WR,SF,,,,,,,,,,,,,,,,,,,,,,
heywardbey_WR_PIT,Darrius Heyward-Bey,WR,PIT,,,,,,,,,,,,,,,,,,,,,,
blount_RB_DET,LeGarrette Blount,RB,DET,,,,,,,,,,,,,,,,,,,,,,
weems_WR_TEN,Eric Weems,WR,TEN,,,,,,,,,,,,,,,,,,,,,,
stewart_RB_NYG,Jonathan Stewart,RB,NYG,,,,,,,,,,,,,,,,,,,,,,
johnson_RB_TEN,Chris Johnson,RB,TEN,,,,,,,,,,,,,,,,,,,,,,
bennett_TE_,Martellus Bennett,TE,,,,,,,,,,,,,,,,,,,,,,,
douglas_WR_TEN,Harry Douglas,WR,TEN,,,,,,,,,,,,,,,,,,,,,,
tolbert_RB_BUF,Mike Tolbert,RB,BUF,,,,,,,,,,,,,,,,,,,,,,
maclin_WR_,Jeremy Maclin,WR,,,,,,,,,,,,,,,,,,,,,,,
wallace_WR_PHI,Mike Wallace,WR,PHI,,,,,,,,,,,,,,,,,,,,,,
miller_TE_CHI,Zach Miller,TE,CHI,,,,,,,,,,,,,,,,,,,,,,
lynch_RB_OAK,Marshawn Lynch,RB,OAK,,,,,,,,,,,,,,,,,,,,,,
dawson_K_CLE,Phil Dawson,K,CLE,,,,,,,,,,,,,,,,,,,,,,
janikowski_K_SEA,Sebastian Janikowski,K,SEA,,,,,,,,,,,,,,,,,,,,,,
folk_K_TB,Nick Folk,K,TB,,,,,,,,,,,,,,,,,,,,,,
bryant_K_ATL,Matt Bryant,K,ATL,,,,,,,,,,,,,,,,,,,,,,
palmer_QB_,Carson Palmer,QB,,,,,,,,,,,,,,,,,,,,,,,
gates_TE_LAC,Antonio Gates,TE,LAC,,,,,,,,,,,,,,,,,,,,,,
forte_RB_,Matt Forte,RB,,,,,,,,,,,,,,,,,,,,,,,
johnson_QB_DET,Josh Johnson,QB,DET,,,,,,,,,,,,,,,,,,,,,,
barth_K_CHI,Connor Barth,K,CHI,,,,,,,,,,,,,,,,,,,,,,
nugent_K_OAK,Mike Nugent,K,OAK,,,,,,,,,,,,,,,,,,,,,,
cassel_QB_DET,Matt Cassel,QB,DET,,,,,,,,,,,,,,,,,,,,,,
sanchez_QB_WSH,Mark Sanchez,QB,WSH,,,,,,,,,,,,,,,,,,,,,,
novak_K_LAC,Nick Novak,K,LAC,,,,,,,,,,,,,,,,,,,,,,
kuhn_RB_NO,John Kuhn,RB,NO,,,,,,,,,,,,,,,,,,,,,,
britt_WR_,Kenny Britt,WR,,,,,,,,,,,,,,,,,,,,,,,
cutler_QB_,Jay Cutler,QB,,,,,,,,,,,,,,,,,,,,,,,
lafell_WR_OAK,Brandon LaFell,WR,OAK,,,,,,,,,,,,,,,,,,,,,,
murphy_WR_SF,Louis Murphy,WR,SF,,,,,,,,,,,,,,,,,,,,,,
tate_WR_NO,Brandon Tate,WR,NO,,,,,,,,,,,,,,,,,,,,,,
clemens_QB_LAC,Kellen Clemens,QB,LAC,,,,,,,,,,,,,,,,,,,,,,
fasano_TE_MIA,Anthony Fasano,TE,MIA,,,,,,,,,,,,,,,,,,,,,,
bradford_QB_ARI,Sam Bradford,QB,ARI,,,,,,,,,,,,,,,,,,,,,,
marshall_WR_NO,Brandon Marshall,WR,NO,,,,,,,,,,,,,,,,,,,,,,
spiller_RB_KC,C.J. Spiller,RB,KC,,,,,,,,,,,,,,,,,,,,,,
willis_WR_CIN,Damion Willis,WR,CIN,,,,,,,,,,,,,,,,,,,,,,
wade_RB_BUF,Christian Wade,RB,BUF,,,,,,,,,,,,,,,,,,,,,,
ferguson_WR_SEA,Jazz Ferguson,WR,SEA,,,,,,,,,,,,,,,,,,,,,,
doss_WR_OAK,Keelan Doss,WR,OAK,,,,,,,,,,,,,,,,,,,,,,
