"name","pos","name_fox","team_fox","positionRank_fox","overallRank_fox","pts_fox","passAtt_fox","passComp_fox","passYds_fox","passTds_fox","passInt_fox","rushAtt_fox","rushYds_fox","rushTds_fox","rec_fox","recYds_fox","recTds_fox","returnTds_fox","twoPts_fox","fumbles_fox"
"DREWBREES","QB","Drew Brees","NO",1,1,394,NA,NA,5142,36,16,NA,9,0,NA,NA,NA,NA,1,0
"PEYTONMANNING","QB","Peyton Manning","DEN",2,2,372.8,NA,NA,4790,34,12,NA,1,0,NA,NA,NA,NA,1,0
"AARONRODGERS","QB","Aaron Rodgers","GB",3,3,367.3,NA,NA,4285,32,10,NA,176,1,NA,NA,NA,NA,1,0
"ROBERTGRIFFIN","QB","Robert Griffin III","WAS",4,4,358.3,NA,NA,3735,25,12,NA,568,4,NA,NA,NA,NA,1,1
"MATTRYAN","QB","Matt Ryan","ATL",5,5,357,NA,NA,4668,31,14,NA,89,0,NA,NA,NA,NA,1,0
"ANDREWLUCK","QB","Andrew Luck","IND",6,6,354.9,NA,NA,4107,29,13,NA,306,2,NA,NA,NA,NA,1,1
"MATTHEWSTAFFORD","QB","Matthew Stafford","DET",7,7,346.6,NA,NA,4656,30,16,NA,101,0,NA,NA,NA,NA,1,1
"CAMNEWTON","QB","Cam Newton","CAR",8,8,345.5,NA,NA,3593,24,12,NA,581,4,NA,NA,NA,NA,0,1
"BENROETHLISBERGER","QB","Ben Roethlisberger","PIT",9,9,339.6,NA,NA,4359,30,11,NA,62,0,NA,NA,NA,NA,1,0
"NICKFOLES","QB","Nick Foles","PHI",10,10,338.9,NA,NA,3998,27,9,NA,274,1,NA,NA,NA,NA,0,1
"PHILIPRIVERS","QB","Philip Rivers","SD",11,11,338.4,NA,NA,4408,31,13,NA,6,0,NA,NA,NA,NA,1,0
"TONYROMO","QB","Tony Romo","DAL",12,12,334.6,NA,NA,4570,29,13,NA,25,0,NA,NA,NA,NA,1,1
"JOSHMCCOWN","QB","Josh McCown","TB",13,13,334.1,NA,NA,4358,29,14,NA,85,1,NA,NA,NA,NA,0,0
"JAYCUTLER","QB","Jay Cutler","CHI",14,14,331.6,NA,NA,4271,29,16,NA,139,1,NA,NA,NA,NA,1,0
"TOMBRADY","QB","Tom Brady","NE",15,15,323,NA,NA,4183,29,10,NA,11,0,NA,NA,NA,NA,0,0
"ELIMANNING","QB","Eli Manning","NYG",16,16,320.1,NA,NA,4389,30,18,NA,0,0,NA,NA,NA,NA,0,0
"COLINKAEPERNICK","QB","Colin Kaepernick","SF",17,17,320,NA,NA,3454,23,9,NA,462,3,NA,NA,NA,NA,0,1
"RUSSELLWILSON","QB","Russell Wilson","SEA",18,18,317,NA,NA,3404,23,9,NA,454,3,NA,NA,NA,NA,0,1
"ANDYDALTON","QB","Andy Dalton","CIN",19,19,316.8,NA,NA,4014,27,14,NA,163,1,NA,NA,NA,NA,0,1
"RYANTANNEHILL","QB","Ryan Tannehill","MIA",20,20,311.8,NA,NA,3897,26,14,NA,192,1,NA,NA,NA,NA,0,1
"CARSONPALMER","QB","Carson Palmer","ARI",21,21,301.5,NA,NA,4241,28,18,NA,-1,0,NA,NA,NA,NA,0,0
"ALEXSMITH","QB","Alex Smith","KC",22,22,300.9,NA,NA,3491,22,8,NA,356,2,NA,NA,NA,NA,0,1
"CHADHENNE","QB","Chad Henne","JAC",23,23,297.6,NA,NA,4116,25,15,NA,84,0,NA,NA,NA,NA,0,1
"EJMANUEL","QB","EJ Manuel","BUF",24,24,296.2,NA,NA,3688,25,14,NA,237,1,NA,NA,NA,NA,0,1
"RYANFITZPATRICK","QB","Ryan Fitzpatrick","HOU",25,25,296,NA,NA,3771,24,14,NA,211,1,NA,NA,NA,NA,0,1
"JAKELOCKER","QB","Jake Locker","TEN",26,26,294.2,NA,NA,3558,23,12,NA,288,2,NA,NA,NA,NA,0,1
"JOEFLACCO","QB","Joe Flacco","BAL",27,27,292.5,NA,NA,3934,26,14,NA,58,0,NA,NA,NA,NA,0,1
"BRIANHOYER","QB","Brian Hoyer","CLE",28,28,289,NA,NA,4095,25,18,NA,72,0,NA,NA,NA,NA,1,1
"LESEANMCCOY","RB","LeSean McCoy","PHI",1,29,288.7,NA,NA,NA,NA,NA,NA,1440,14,NA,487,3,NA,1,4
"MATTFORTE","RB","Matt Forte","CHI",2,30,276,NA,NA,NA,NA,NA,NA,1382,12,NA,501,3,NA,1,4
"MATTSCHAUB","QB","Matt Schaub","OAK",29,31,275.8,NA,NA,4082,24,16,NA,2,0,NA,NA,NA,NA,0,0
"MATTCASSEL","QB","Matt Cassel","MIN",30,32,275.7,NA,NA,3730,24,16,NA,106,0,NA,NA,NA,NA,1,0
"SHAUNHILL","QB","Shaun Hill","STL",31,33,259.7,NA,NA,3687,21,16,NA,141,1,NA,NA,NA,NA,0,1
"GENOSMITH","QB","Geno Smith","NYJ",32,34,255.1,NA,NA,3197,19,17,NA,352,2,NA,NA,NA,NA,0,1
"EDDIELACY","RB","Eddie Lacy","GB",3,35,252,NA,NA,NA,NA,NA,NA,1335,14,NA,311,2,NA,1,5
"ADRIANPETERSON","RB","Adrian Peterson","MIN",4,36,243.6,NA,NA,NA,NA,NA,NA,1493,13,NA,168,1,NA,1,4
"JAMAALCHARLES","RB","Jamaal Charles","KC",5,37,242.7,NA,NA,NA,NA,NA,NA,1261,11,NA,418,2,NA,0,4
"ALFREDMORRIS","RB","Alfred Morris","WAS",6,38,237,NA,NA,NA,NA,NA,NA,1473,14,NA,82,1,NA,1,4
"DOUGMARTIN","RB","Doug Martin","TB",7,39,223.6,NA,NA,NA,NA,NA,NA,1238,11,NA,302,2,NA,1,5
"DEMARCOMURRAY","RB","DeMarco Murray","DAL",8,40,222.4,NA,NA,NA,NA,NA,NA,1147,12,NA,340,2,NA,1,4
"MONTEEBALL","RB","Montee Ball","DEN",9,41,218.4,NA,NA,NA,NA,NA,NA,1175,13,NA,222,1,NA,0,4
"LEVEONBELL","RB","Le'Veon Bell","PIT",10,42,217.3,NA,NA,NA,NA,NA,NA,1141,10,NA,371,2,NA,1,5
"ARIANFOSTER","RB","Arian Foster","HOU",11,43,211.1,NA,NA,NA,NA,NA,NA,1201,10,NA,270,2,NA,1,4
"GIOVANIBERNARD","RB","Giovani Bernard","CIN",12,44,208.9,NA,NA,NA,NA,NA,NA,1057,9,NA,390,2,NA,0,4
"CALVINJOHNSON","WR","Calvin Johnson","DET",1,45,203.2,NA,NA,NA,NA,NA,NA,0,0,NA,1510,9,NA,0,1
"RYANMATHEWS","RB","Ryan Mathews","SD",13,46,201.6,NA,NA,NA,NA,NA,NA,1141,10,NA,229,2,NA,1,4
"ANDREELLINGTON","RB","Andre Ellington","ARI",14,47,194.3,NA,NA,NA,NA,NA,NA,1016,9,NA,334,2,NA,0,4
"REGGIEBUSH","RB","Reggie Bush","DET",15,48,193.5,NA,NA,NA,NA,NA,NA,945,9,NA,366,2,NA,0,3
"CHRISJOHNSON","RB","Chris Johnson","NYJ",16,49,192,NA,NA,NA,NA,NA,NA,1185,10,NA,168,1,NA,0,4
"MARSHAWNLYNCH","RB","Marshawn Lynch","SEA",17,50,188.8,NA,NA,NA,NA,NA,NA,1098,10,NA,203,1,NA,0,4
"JORDYNELSON","WR","Jordy Nelson","GB",2,51,188.5,NA,NA,NA,NA,NA,NA,0,0,NA,1354,9,NA,0,1
"DEZBRYANT","WR","Dez Bryant","DAL",3,52,185.4,NA,NA,NA,NA,NA,NA,0,0,NA,1392,8,NA,0,1
"JOIQUEBELL","RB","Joique Bell","DET",18,53,181.7,NA,NA,NA,NA,NA,NA,703,8,NA,470,3,NA,0,3
"ZACSTACY","RB","Zac Stacy","STL",19,54,180.9,NA,NA,NA,NA,NA,NA,1148,9,NA,159,1,NA,0,4
"VINCENTJACKSON","WR","Vincent Jackson","TB",4,55,179.9,NA,NA,NA,NA,NA,NA,0,0,NA,1329,8,NA,0,1
"CJSPILLER","RB","C.J. Spiller","BUF",20,56,179.7,NA,NA,NA,NA,NA,NA,1047,9,NA,188,1,NA,0,4
"RODDYWHITE","WR","Roddy White","ATL",5,57,176.9,NA,NA,NA,NA,NA,NA,0,0,NA,1322,8,NA,0,1
"KNOWSHONMORENO","RB","Knowshon Moreno","MIA",21,58,176.7,NA,NA,NA,NA,NA,NA,831,8,NA,354,2,NA,0,3
"MARQUESCOLSTON","WR","Marques Colston","NO",6,59,174.2,NA,NA,NA,NA,NA,NA,0,0,NA,1293,8,NA,0,1
"ANDREJOHNSON","WR","Andre Johnson","HOU",7,60,171.5,NA,NA,NA,NA,NA,NA,0,0,NA,1283,7,NA,0,1
"VICTORCRUZ","WR","Victor Cruz","NYG",8,61,170.8,NA,NA,NA,NA,NA,NA,0,0,NA,1263,8,NA,0,1
"JULIOJONES","WR","Julio Jones","ATL",9,62,170.4,NA,NA,NA,NA,NA,NA,0,0,NA,1234,8,NA,0,1
"DEMARYIUSTHOMAS","WR","Demaryius Thomas","DEN",10,63,170.3,NA,NA,NA,NA,NA,NA,0,0,NA,1225,8,NA,0,1
"ANTONIOBROWN","WR","Antonio Brown","PIT",11,64,170.1,NA,NA,NA,NA,NA,NA,0,0,NA,1231,8,NA,0,1
"PERCYHARVIN","WR","Percy Harvin","SEA",12,65,169.8,NA,NA,NA,NA,NA,NA,193,2,NA,1024,6,NA,0,1
"TOBYGERHART","RB","Toby Gerhart","JAC",22,66,169.6,NA,NA,NA,NA,NA,NA,962,8,NA,247,1,NA,0,4
"BRANDONMARSHALL","WR","Brandon Marshall","CHI",13,67,169.1,NA,NA,NA,NA,NA,NA,0,0,NA,1229,8,NA,0,1
"RASHADJENNINGS","RB","Rashad Jennings","NYG",23,68,168.5,NA,NA,NA,NA,NA,NA,895,8,NA,271,2,NA,0,4
"LARRYFITZGERALD","WR","Larry Fitzgerald","ARI",14,69,166.2,NA,NA,NA,NA,NA,NA,0,0,NA,1252,7,NA,0,1
"RAYRICE","RB","Ray Rice","BAL",24,70,165.2,NA,NA,NA,NA,NA,NA,914,8,NA,259,2,NA,0,4
"AJGREEN","WR","A.J. Green","CIN",15,71,163.8,NA,NA,NA,NA,NA,NA,0,0,NA,1193,8,NA,0,1
"JONATHANSTEWART","RB","Jonathan Stewart","CAR",25,72,162.4,NA,NA,NA,NA,NA,NA,872,9,NA,198,1,NA,0,3
"BENTATE","RB","Ben Tate","CLE",26,73,162.3,NA,NA,NA,NA,NA,NA,916,8,NA,201,1,NA,0,4
"STEVANRIDLEY","RB","Stevan Ridley","NE",27,74,161.3,NA,NA,NA,NA,NA,NA,1037,9,NA,55,0,NA,0,3
"MAURICEJONESDREW","RB","Maurice Jones-Drew","OAK",28,75,158.6,NA,NA,NA,NA,NA,NA,937,7,NA,241,1,NA,0,4
"STEVENJACKSON","RB","Steven Jackson","ATL",29,76,155.7,NA,NA,NA,NA,NA,NA,836,8,NA,237,2,NA,0,4
"DENARDROBINSON","WR","Denard Robinson","JAC",16,77,155.3,NA,NA,NA,NA,NA,NA,377,4,NA,707,4,NA,0,1
"JIMMYGRAHAM","TE","Jimmy Graham","NO",1,78,152.9,NA,NA,NA,NA,NA,NA,0,0,NA,1103,7,NA,0,1
"SHANEVEREEN","RB","Shane Vereen","NE",30,79,152.7,NA,NA,NA,NA,NA,NA,659,7,NA,367,3,NA,0,3
"FRANKGORE","RB","Frank Gore","SF",30,79,152.7,NA,NA,NA,NA,NA,NA,944,8,NA,115,1,NA,0,4
"DEANGELOWILLIAMS","RB","DeAngelo Williams","CAR",32,81,152.6,NA,NA,NA,NA,NA,NA,865,7,NA,206,1,NA,0,4
"SHONNGREENE","RB","Shonn Greene","TEN",33,82,150.1,NA,NA,NA,NA,NA,NA,889,8,NA,168,1,NA,0,4
"AHMADBRADSHAW","RB","Ahmad Bradshaw","IND",34,83,150,NA,NA,NA,NA,NA,NA,812,8,NA,173,1,NA,0,3
"MIKEWALLACE","WR","Mike Wallace","MIA",17,84,149.9,NA,NA,NA,NA,NA,NA,0,0,NA,1110,7,NA,0,1
"LAMARMILLER","RB","Lamar Miller","MIA",35,85,149.5,NA,NA,NA,NA,NA,NA,877,8,NA,170,1,NA,0,4
"WESWELKER","WR","Wes Welker","DEN",18,86,146.8,NA,NA,NA,NA,NA,NA,0,0,NA,1032,7,NA,0,1
"KEENANALLEN","WR","Keenan Allen","SD",19,87,145.6,NA,NA,NA,NA,NA,NA,0,0,NA,1045,7,NA,0,1
"SAMMYWATKINS","WR","Sammy Watkins","BUF",20,88,144.2,NA,NA,NA,NA,NA,NA,0,0,NA,1059,7,NA,0,1
"DARRENSPROLES","RB","Darren Sproles","PHI",36,89,144.1,NA,NA,NA,NA,NA,NA,542,7,NA,379,3,NA,0,2
"RANDALLCOBB","WR","Randall Cobb","GB",21,90,143.9,NA,NA,NA,NA,NA,NA,0,0,NA,1020,7,NA,0,1
"MARKINGRAM","RB","Mark Ingram","NO",37,91,142.2,NA,NA,NA,NA,NA,NA,715,9,NA,151,1,NA,0,3
"ERICDECKER","WR","Eric Decker","NYJ",22,92,141.6,NA,NA,NA,NA,NA,NA,0,0,NA,1087,6,NA,0,1
"ALSHONJEFFERY","WR","Alshon Jeffery","CHI",23,93,140.7,NA,NA,NA,NA,NA,NA,0,0,NA,1019,7,NA,0,1
"GREGJENNINGS","WR","Greg Jennings","MIN",24,94,140.4,NA,NA,NA,NA,NA,NA,0,0,NA,1058,6,NA,0,1
"KENDALLWRIGHT","WR","Kendall Wright","TEN",25,95,139.5,NA,NA,NA,NA,NA,NA,0,0,NA,1018,6,NA,0,1
"REGGIEWAYNE","WR","Reggie Wayne","IND",26,96,139.2,NA,NA,NA,NA,NA,NA,0,0,NA,1042,6,NA,0,1
"DANNYAMENDOLA","WR","Danny Amendola","NE",27,97,138.6,NA,NA,NA,NA,NA,NA,0,0,NA,1031,6,NA,0,1
"MICHAELFLOYD","WR","Michael Floyd","ARI",28,98,136.8,NA,NA,NA,NA,NA,NA,0,0,NA,987,7,NA,0,1
"TYHILTON","WR","T.Y. Hilton","IND",29,99,136.5,NA,NA,NA,NA,NA,NA,0,0,NA,967,7,NA,0,1
"ANDREWILLIAMS","RB","Andre Williams","NYG",38,100,134.1,NA,NA,NA,NA,NA,NA,806,8,NA,67,1,NA,0,3
"BERNARDPIERCE","RB","Bernard Pierce","BAL",39,101,133.4,NA,NA,NA,NA,NA,NA,727,8,NA,141,1,NA,0,3
"JAMESJONES","WR","James Jones","OAK",30,102,131.7,NA,NA,NA,NA,NA,NA,0,0,NA,992,6,NA,0,1
"CECILSHORTS","WR","Cecil Shorts III","JAC",31,103,131.4,NA,NA,NA,NA,NA,NA,0,0,NA,997,6,NA,0,1
"MALCOMFLOYD","WR","Malcom Floyd","SD",32,104,131.1,NA,NA,NA,NA,NA,NA,0,0,NA,976,6,NA,0,1
"NATEWASHINGTON","WR","Nate Washington","TEN",33,105,130,NA,NA,NA,NA,NA,NA,0,0,NA,974,6,NA,0,1
"PIERRETHOMAS","RB","Pierre Thomas","NO",40,106,128.2,NA,NA,NA,NA,NA,NA,592,6,NA,273,2,NA,0,3
"PIERREGARCON","WR","Pierre Garcon","WAS",34,107,127.9,NA,NA,NA,NA,NA,NA,0,0,NA,926,6,NA,0,1
"CHRISIVORY","RB","Chris Ivory","NYJ",41,108,127.4,NA,NA,NA,NA,NA,NA,789,8,NA,13,0,NA,0,2
"DESEANJACKSON","WR","DeSean Jackson","WAS",35,109,127.3,NA,NA,NA,NA,NA,NA,0,0,NA,935,6,NA,0,1
"DWAYNEBOWE","WR","Dwayne Bowe","KC",36,110,126.8,NA,NA,NA,NA,NA,NA,0,0,NA,956,5,NA,0,1
"DARRENMCFADDEN","RB","Darren McFadden","OAK",42,111,126.5,NA,NA,NA,NA,NA,NA,677,6,NA,218,1,NA,0,4
"ANQUANBOLDIN","WR","Anquan Boldin","SF",37,112,126,NA,NA,NA,NA,NA,NA,0,0,NA,955,5,NA,0,1
"CORDARRELLEPATTERSON","WR","Cordarrelle Patterson","MIN",38,113,125.3,NA,NA,NA,NA,NA,NA,0,0,NA,913,6,NA,0,1
"JASONWITTEN","TE","Jason Witten","DAL",2,114,124,NA,NA,NA,NA,NA,NA,0,0,NA,911,6,NA,0,1
"JULIANEDELMAN","WR","Julian Edelman","NE",39,115,122.6,NA,NA,NA,NA,NA,NA,0,0,NA,900,6,NA,0,1
"BISHOPSANKEY","RB","Bishop Sankey","TEN",43,116,122.5,NA,NA,NA,NA,NA,NA,652,7,NA,131,1,NA,0,2
"JORDANCAMERON","TE","Jordan Cameron","CLE",3,117,122.3,NA,NA,NA,NA,NA,NA,0,0,NA,916,5,NA,0,1
"TORREYSMITH","WR","Torrey Smith","BAL",40,118,121.8,NA,NA,NA,NA,NA,NA,0,0,NA,884,6,NA,0,1
"STEVESMITH","WR","Steve Smith Sr.","BAL",41,119,121.3,NA,NA,NA,NA,NA,NA,0,0,NA,913,5,NA,0,1
"TRENTRICHARDSON","RB","Trent Richardson","IND",44,120,120.6,NA,NA,NA,NA,NA,NA,700,6,NA,170,1,NA,0,4
"MICHAELCRABTREE","WR","Michael Crabtree","SF",42,120,120.6,NA,NA,NA,NA,NA,NA,0,0,NA,877,6,NA,0,1
"KENNYSTILLS","WR","Kenny Stills","NO",43,122,119.7,NA,NA,NA,NA,NA,NA,0,0,NA,865,6,NA,0,1
"KENNYBRITT","WR","Kenny Britt","STL",44,123,117.7,NA,NA,NA,NA,NA,NA,0,0,NA,914,5,NA,0,1
"MIKEEVANS","WR","Mike Evans","TB",45,124,117.6,NA,NA,NA,NA,NA,NA,0,0,NA,864,5,NA,0,1
"LANCEMOORE","WR","Lance Moore","PIT",46,125,116.8,NA,NA,NA,NA,NA,NA,0,0,NA,849,6,NA,0,1
"BRIANHARTLINE","WR","Brian Hartline","MIA",47,126,116.4,NA,NA,NA,NA,NA,NA,0,0,NA,841,6,NA,0,1
"JEREMYMACLIN","WR","Jeremy Maclin","PHI",48,127,115.2,NA,NA,NA,NA,NA,NA,0,0,NA,852,5,NA,0,1
"TAVONAUSTIN","WR","Tavon Austin","STL",49,128,114.9,NA,NA,NA,NA,NA,NA,145,1,NA,716,4,NA,0,1
"GOLDENTATE","WR","Golden Tate","DET",50,129,113.3,NA,NA,NA,NA,NA,NA,0,0,NA,841,5,NA,0,1
"FREDJACKSON","RB","Fred Jackson","BUF",45,130,113.1,NA,NA,NA,NA,NA,NA,564,5,NA,208,1,NA,0,3
"JERRICHOCOTCHERY","WR","Jerricho Cotchery","CAR",51,131,112.1,NA,NA,NA,NA,NA,NA,0,0,NA,836,5,NA,0,1
"JEREMYHILL","RB","Jeremy Hill","CIN",46,132,111.7,NA,NA,NA,NA,NA,NA,617,6,NA,131,1,NA,0,3
"CARLOSHYDE","RB","Carlos Hyde","SF",47,133,111.6,NA,NA,NA,NA,NA,NA,668,7,NA,74,1,NA,0,3
"JULIUSTHOMAS","TE","Julius Thomas","DEN",4,134,110.8,NA,NA,NA,NA,NA,NA,0,0,NA,801,5,NA,0,1
"RUEBENRANDLE","WR","Rueben Randle","NYG",52,135,110.5,NA,NA,NA,NA,NA,NA,0,0,NA,807,5,NA,0,1
"TERRANCEWILLIAMS","WR","Terrance Williams","DAL",52,135,110.5,NA,NA,NA,NA,NA,NA,0,0,NA,812,5,NA,0,1
"JACQUIZZRODGERS","RB","Jacquizz Rodgers","ATL",48,137,108.7,NA,NA,NA,NA,NA,NA,423,5,NA,290,2,NA,0,2
"DOUGBALDWIN","WR","Doug Baldwin","SEA",54,138,108.2,NA,NA,NA,NA,NA,NA,0,0,NA,787,5,NA,0,1
"RONNIEHILLMAN","RB","Ronnie Hillman","DEN",49,139,106.3,NA,NA,NA,NA,NA,NA,344,4,NA,340,3,NA,0,2
"EMMANUELSANDERS","WR","Emmanuel Sanders","DEN",55,140,104.1,NA,NA,NA,NA,NA,NA,0,0,NA,757,5,NA,0,1
"DEANDREHOPKINS","WR","DeAndre Hopkins","HOU",56,141,103.7,NA,NA,NA,NA,NA,NA,0,0,NA,764,5,NA,0,1
"GREGOLSEN","TE","Greg Olsen","CAR",5,142,100.8,NA,NA,NA,NA,NA,NA,0,0,NA,730,5,NA,0,1
"STEPFANTAYLOR","RB","Stepfan Taylor","ARI",50,143,100,NA,NA,NA,NA,NA,NA,527,5,NA,177,1,NA,0,3
"MILESAUSTIN","WR","Miles Austin","CLE",57,144,99.5,NA,NA,NA,NA,NA,NA,0,0,NA,751,4,NA,0,1
"HARRYDOUGLAS","WR","Harry Douglas","ATL",58,145,99.4,NA,NA,NA,NA,NA,NA,0,0,NA,702,5,NA,0,1
"ODELLBECKHAM","WR","Odell Beckham Jr.","NYG",59,146,98.8,NA,NA,NA,NA,NA,NA,0,0,NA,681,5,NA,0,1
"KELVINBENJAMIN","WR","Kelvin Benjamin","CAR",60,147,98.4,NA,NA,NA,NA,NA,NA,0,0,NA,718,5,NA,0,1
"MARKUSWHEATON","WR","Markus Wheaton","PIT",61,148,97.9,NA,NA,NA,NA,NA,NA,0,0,NA,708,5,NA,0,1
"ROBGRONKOWSKI","TE","Rob Gronkowski","NE",6,149,97.7,NA,NA,NA,NA,NA,NA,0,0,NA,707,5,NA,0,1
"MARQISELEE","WR","Marqise Lee","JAC",62,150,97.3,NA,NA,NA,NA,NA,NA,0,0,NA,740,4,NA,0,1
"LEGARRETTEBLOUNT","RB","LeGarrette Blount","PIT",51,151,96.5,NA,NA,NA,NA,NA,NA,571,6,NA,27,0,NA,0,2
"KNILEDAVIS","RB","Knile Davis","KC",52,152,95.8,NA,NA,NA,NA,NA,NA,521,5,NA,132,1,NA,0,3
"MIKEWILLIAMS","WR","Mike Williams","BUF",63,153,95.6,NA,NA,NA,NA,NA,NA,0,0,NA,711,4,NA,0,1
"RODSTREATER","WR","Rod Streater","OAK",64,154,95.3,NA,NA,NA,NA,NA,NA,0,0,NA,719,4,NA,0,1
"HAKEEMNICKS","WR","Hakeem Nicks","IND",64,154,95.3,NA,NA,NA,NA,NA,NA,0,0,NA,661,5,NA,0,1
"DANNYWOODHEAD","RB","Danny Woodhead","SD",53,156,95,NA,NA,NA,NA,NA,NA,432,4,NA,215,2,NA,0,2
"ANDREHOLMES","WR","Andre Holmes","OAK",66,157,94.7,NA,NA,NA,NA,NA,NA,0,0,NA,722,4,NA,0,1
"NATEBURLESON","WR","Nate Burleson","CLE",67,158,94.2,NA,NA,NA,NA,NA,NA,0,0,NA,699,4,NA,0,1
"MARIOMANNINGHAM","WR","Mario Manningham","NYG",68,159,94.1,NA,NA,NA,NA,NA,NA,0,0,NA,646,5,NA,0,0
"ANDREWHAWKINS","WR","Andrew Hawkins","CLE",69,160,93.8,NA,NA,NA,NA,NA,NA,0,0,NA,708,4,NA,0,1
"JARRETTBOYKIN","WR","Jarrett Boykin","GB",70,161,93.7,NA,NA,NA,NA,NA,NA,0,0,NA,632,5,NA,0,1
"DENNISPITTA","TE","Dennis Pitta","BAL",7,162,93.5,NA,NA,NA,NA,NA,NA,0,0,NA,687,4,NA,0,1
"MARTELLUSBENNETT","TE","Martellus Bennett","CHI",8,163,92,NA,NA,NA,NA,NA,NA,0,0,NA,663,4,NA,0,1
"HEATHMILLER","TE","Heath Miller","PIT",8,163,92,NA,NA,NA,NA,NA,NA,0,0,NA,670,4,NA,0,1
"RILEYCOOPER","WR","Riley Cooper","PHI",71,165,91.2,NA,NA,NA,NA,NA,NA,0,0,NA,662,4,NA,0,1
"TREMASON","RB","Tre Mason","STL",54,166,90.6,NA,NA,NA,NA,NA,NA,467,4,NA,167,1,NA,0,2
"JORDANTODMAN","RB","Jordan Todman","JAC",55,167,90.5,NA,NA,NA,NA,NA,NA,458,4,NA,172,1,NA,0,2
"JUSTINHUNTER","WR","Justin Hunter","TEN",72,168,90,NA,NA,NA,NA,NA,NA,0,0,NA,652,4,NA,0,1
"JEREMYKERLEY","WR","Jeremy Kerley","NYJ",73,169,89.9,NA,NA,NA,NA,NA,NA,0,0,NA,677,4,NA,0,1
"JORDANREED","TE","Jordan Reed","WAS",10,170,89.2,NA,NA,NA,NA,NA,NA,0,0,NA,654,4,NA,0,1
"CHARLESCLAY","TE","Charles Clay","MIA",11,171,87.3,NA,NA,NA,NA,NA,NA,0,0,NA,633,4,NA,0,1
"AARONDOBSON","WR","Aaron Dobson","NE",74,172,86.9,NA,NA,NA,NA,NA,NA,0,0,NA,606,5,NA,0,1
"ROBERTTURBIN","RB","Robert Turbin","SEA",56,173,86.7,NA,NA,NA,NA,NA,NA,490,5,NA,102,1,NA,0,3
"ROBERTWOODS","WR","Robert Woods","BUF",75,174,86.6,NA,NA,NA,NA,NA,NA,0,0,NA,609,4,NA,0,1
"ROYHELU","RB","Roy Helu Jr.","WAS",57,175,85.7,NA,NA,NA,NA,NA,NA,405,4,NA,147,1,NA,0,2
"DONNIEAVERY","WR","Donnie Avery","KC",76,176,85.3,NA,NA,NA,NA,NA,NA,0,0,NA,644,4,NA,0,1
"KYLERUDOLPH","TE","Kyle Rudolph","MIN",12,177,85.2,NA,NA,NA,NA,NA,NA,0,0,NA,625,4,NA,0,1
"JERMAINEKEARSE","WR","Jermaine Kearse","SEA",77,178,84.2,NA,NA,NA,NA,NA,NA,0,0,NA,593,4,NA,0,1
"JAMESSTARKS","RB","James Starks","GB",58,179,83.7,NA,NA,NA,NA,NA,NA,442,5,NA,75,1,NA,0,2
"EDDIEROYAL","WR","Eddie Royal","SD",78,180,83.4,NA,NA,NA,NA,NA,NA,0,0,NA,581,4,NA,0,1
"BOBBYRAINEY","RB","Bobby Rainey","TB",59,181,83.3,NA,NA,NA,NA,NA,NA,490,5,NA,81,1,NA,0,2
"ZACHERTZ","TE","Zach Ertz","PHI",13,182,82,NA,NA,NA,NA,NA,NA,0,0,NA,599,4,NA,0,1
"VERNONDAVIS","TE","Vernon Davis","SF",14,183,80.6,NA,NA,NA,NA,NA,NA,0,0,NA,594,4,NA,0,1
"LEVINETOILOLO","TE","Levine Toilolo","ATL",15,184,78.6,NA,NA,NA,NA,NA,NA,0,0,NA,578,4,NA,0,1
"ERICEBRON","TE","Eric Ebron","DET",16,185,77.9,NA,NA,NA,NA,NA,NA,0,0,NA,545,4,NA,0,0
"STEVEJOHNSON","WR","Stevie Johnson","SF",79,186,77.6,NA,NA,NA,NA,NA,NA,0,0,NA,548,4,NA,0,0
"GARRETTGRAHAM","TE","Garrett Graham","HOU",17,186,77.6,NA,NA,NA,NA,NA,NA,0,0,NA,581,3,NA,0,1
"BRANDONGIBSON","WR","Brandon Gibson","MIA",80,188,77.4,NA,NA,NA,NA,NA,NA,0,0,NA,539,4,NA,0,1
"JASONAVANT","WR","Jason Avant","CAR",81,189,77.1,NA,NA,NA,NA,NA,NA,0,0,NA,540,4,NA,0,1
"LANCEDUNBAR","RB","Lance Dunbar","DAL",60,190,76.6,NA,NA,NA,NA,NA,NA,389,5,NA,90,1,NA,0,2
"ANTONIOGATES","TE","Antonio Gates","SD",18,191,76.1,NA,NA,NA,NA,NA,NA,0,0,NA,552,4,NA,0,1
"JEROMESIMPSON","WR","Jerome Simpson","MIN",82,192,76,NA,NA,NA,NA,NA,NA,0,0,NA,535,4,NA,0,1
"ADRIENROBINSON","TE","Adrien Robinson","NYG",19,193,75.8,NA,NA,NA,NA,NA,NA,0,0,NA,560,4,NA,0,1
"TYLEREIFERT","TE","Tyler Eifert","CIN",20,194,75.7,NA,NA,NA,NA,NA,NA,0,0,NA,551,4,NA,0,1
"DELANIEWALKER","TE","Delanie Walker","TEN",21,195,75.3,NA,NA,NA,NA,NA,NA,0,0,NA,552,4,NA,0,1
"NICKTOON","WR","Nick Toon","NO",83,196,73.2,NA,NA,NA,NA,NA,NA,0,0,NA,511,4,NA,0,1
"ANDREROBERTS","WR","Andre Roberts","WAS",84,197,72.9,NA,NA,NA,NA,NA,NA,0,0,NA,503,4,NA,0,1
"MOHAMEDSANU","WR","Mohamed Sanu","CIN",85,198,72.7,NA,NA,NA,NA,NA,NA,0,0,NA,517,4,NA,0,1
"JAREDCOOK","TE","Jared Cook","STL",22,199,72.5,NA,NA,NA,NA,NA,NA,0,0,NA,558,3,NA,0,1
"MARCEDESLEWIS","TE","Marcedes Lewis","JAC",23,200,71.8,NA,NA,NA,NA,NA,NA,0,0,NA,542,3,NA,0,1
"BRIANQUICK","WR","Brian Quick","STL",86,201,71.6,NA,NA,NA,NA,NA,NA,0,0,NA,531,3,NA,0,1
"BRANDONMYERS","TE","Brandon Myers","TB",24,202,71.4,NA,NA,NA,NA,NA,NA,0,0,NA,525,3,NA,0,1
"BRADSMITH","WR","Brad Smith","PHI",87,203,70.6,NA,NA,NA,NA,NA,NA,0,0,NA,513,3,NA,0,1
"TERRANCEWEST","RB","Terrance West","CLE",61,204,70.2,NA,NA,NA,NA,NA,NA,321,4,NA,115,1,NA,0,1
"MARVINJONES","WR","Marvin Jones","CIN",88,205,70,NA,NA,NA,NA,NA,NA,0,0,NA,512,3,NA,0,1
"ANDREWQUARLESS","TE","Andrew Quarless","GB",25,206,69.2,NA,NA,NA,NA,NA,NA,0,0,NA,488,4,NA,0,1
"COBYFLEENER","TE","Coby Fleener","IND",26,207,68.5,NA,NA,NA,NA,NA,NA,0,0,NA,494,3,NA,0,1
"TEDGINN","WR","Ted Ginn Jr.","ARI",89,208,68.4,NA,NA,NA,NA,NA,NA,0,0,NA,474,4,NA,0,1
"LADARIUSGREEN","TE","Ladarius Green","SD",27,208,68.4,NA,NA,NA,NA,NA,NA,0,0,NA,458,4,NA,0,0
"SCOTTCHANDLER","TE","Scott Chandler","BUF",28,210,67.8,NA,NA,NA,NA,NA,NA,0,0,NA,495,3,NA,0,1
"CHRISOGBONNAYA","RB","Chris Ogbonnaya","CLE",62,211,67.3,NA,NA,NA,NA,NA,NA,331,3,NA,114,1,NA,0,2
"ROBHOUSLER","TE","Rob Housler","ARI",29,212,67.1,NA,NA,NA,NA,NA,NA,0,0,NA,492,3,NA,0,1
"SHAUNDRAUGHN","RB","Shaun Draughn","CHI",63,213,66.7,NA,NA,NA,NA,NA,NA,389,4,NA,68,1,NA,0,2
"CHRISOWUSU","WR","Chris Owusu","TB",90,214,66.6,NA,NA,NA,NA,NA,NA,0,0,NA,482,3,NA,0,1
"ROBERTMEACHEM","WR","Robert Meachem","NO",91,215,65.6,NA,NA,NA,NA,NA,NA,0,0,NA,431,4,NA,0,0
"JONATHANGRIMES","RB","Jonathan Grimes","HOU",64,216,65.4,NA,NA,NA,NA,NA,NA,413,4,NA,39,0,NA,0,2
"DAVIDAUSBERRY","TE","David Ausberry","OAK",30,217,65.3,NA,NA,NA,NA,NA,NA,0,0,NA,492,3,NA,0,1
"MARLONBROWN","WR","Marlon Brown","BAL",92,218,64.5,NA,NA,NA,NA,NA,NA,0,0,NA,462,3,NA,0,1
"BRANDONPETTIGREW","TE","Brandon Pettigrew","DET",31,218,64.5,NA,NA,NA,NA,NA,NA,0,0,NA,477,3,NA,0,1
"DWAYNEHARRIS","WR","Dwayne Harris","DAL",93,220,63.7,NA,NA,NA,NA,NA,NA,0,0,NA,462,3,NA,0,1
"DEVIERPOSEY","WR","DeVier Posey","HOU",94,221,62.6,NA,NA,NA,NA,NA,NA,0,0,NA,439,3,NA,0,1
"ZACHMILLER","TE","Zach Miller","SEA",32,222,58.3,NA,NA,NA,NA,NA,NA,0,0,NA,424,3,NA,0,0
"JUNIORHEMINGWAY","WR","Junior Hemingway","KC",95,223,56.6,NA,NA,NA,NA,NA,NA,0,0,NA,413,3,NA,0,1
"JOSHMORGAN","WR","Josh Morgan","CHI",96,224,56.3,NA,NA,NA,NA,NA,NA,0,0,NA,395,3,NA,0,0
"MATTASIATA","RB","Matt Asiata","MIN",65,225,55.7,NA,NA,NA,NA,NA,NA,364,3,NA,15,0,NA,0,2
"TIMWRIGHT","TE","Tim Wright","NE",33,226,55.4,NA,NA,NA,NA,NA,NA,0,0,NA,374,3,NA,0,1
"LOUISMURPHY","WR","Louis Murphy Jr.","TB",97,227,55,NA,NA,NA,NA,NA,NA,0,0,NA,369,3,NA,0,0
"JEFFCUMBERLAND","TE","Jeff Cumberland","NYJ",34,228,54.7,NA,NA,NA,NA,NA,NA,0,0,NA,404,3,NA,0,1
"JOHNCARLSON","TE","John Carlson","ARI",35,229,54.4,NA,NA,NA,NA,NA,NA,0,0,NA,376,3,NA,0,0
"DAVIDNELSON","WR","David Nelson","NYJ",98,230,53.2,NA,NA,NA,NA,NA,NA,0,0,NA,390,3,NA,0,0
"BENJAMINWATSON","TE","Benjamin Watson","NO",36,230,53.2,NA,NA,NA,NA,NA,NA,0,0,NA,350,3,NA,0,1
"JARIUSWRIGHT","WR","Jarius Wright","MIN",99,232,53.1,NA,NA,NA,NA,NA,NA,0,0,NA,359,3,NA,0,0
"DWAYNEALLEN","TE","Dwayne Allen","IND",37,233,52.8,NA,NA,NA,NA,NA,NA,0,0,NA,350,3,NA,0,0
"JONATHANDWYER","RB","Jonathan Dwyer","ARI",66,234,52.7,NA,NA,NA,NA,NA,NA,281,3,NA,66,0,NA,0,2
"JERMAINEGRESHAM","TE","Jermaine Gresham","CIN",38,234,52.7,NA,NA,NA,NA,NA,NA,0,0,NA,346,3,NA,0,0
"SANTONIOHOLMES","WR","Santonio Holmes","CHI",100,236,52.5,NA,NA,NA,NA,NA,NA,0,0,NA,365,3,NA,0,0
"DAVANTEADAMS","WR","Davante Adams","GB",101,237,52,NA,NA,NA,NA,NA,NA,0,0,NA,327,3,NA,0,0
"ALLENROBINSON","WR","Allen Robinson","JAC",102,238,51.4,NA,NA,NA,NA,NA,NA,0,0,NA,365,3,NA,0,0
"JUSTINBROWN","WR","Justin Brown","PIT",103,239,49.3,NA,NA,NA,NA,NA,NA,0,0,NA,325,3,NA,0,0
"TRAVISBENJAMIN","WR","Travis Benjamin","CLE",104,240,48.3,NA,NA,NA,NA,NA,NA,0,0,NA,336,2,NA,0,0
"GAVINESCOBAR","TE","Gavin Escobar","DAL",39,240,48.3,NA,NA,NA,NA,NA,NA,0,0,NA,328,3,NA,0,0
"ANTHONYFASANO","TE","Anthony Fasano","KC",40,242,47,NA,NA,NA,NA,NA,NA,0,0,NA,348,2,NA,0,0
"OWENDANIELS","TE","Owen Daniels","BAL",41,243,45.6,NA,NA,NA,NA,NA,NA,0,0,NA,304,3,NA,0,0
"SANTANAMOSS","WR","Santana Moss","WAS",105,244,45.3,NA,NA,NA,NA,NA,NA,0,0,NA,322,2,NA,0,0
"MARCUSLATTIMORE","RB","Marcus Lattimore","SF",67,245,44.9,NA,NA,NA,NA,NA,NA,258,3,NA,23,0,NA,0,1
"KEVINOGLETREE","WR","Kevin Ogletree","DET",106,246,44.7,NA,NA,NA,NA,NA,NA,0,0,NA,315,2,NA,0,0
"JACKIEBATTLE","RB","Jackie Battle","TEN",68,247,44.6,NA,NA,NA,NA,NA,NA,316,3,NA,4,0,NA,0,1
"GREGLITTLE","WR","Greg Little","OAK",107,248,42.8,NA,NA,NA,NA,NA,NA,0,0,NA,311,2,NA,0,0
"BRANDONTATE","WR","Brandon Tate","CIN",108,249,42.1,NA,NA,NA,NA,NA,NA,0,0,NA,311,2,NA,0,0
"KENBRELLTHOMPKINS","WR","Kenbrell Thompkins","NE",109,250,40.8,NA,NA,NA,NA,NA,NA,0,0,NA,273,2,NA,0,0
"CHRISGIVENS","WR","Chris Givens","STL",110,251,40.7,NA,NA,NA,NA,NA,NA,0,0,NA,275,2,NA,0,0
"JACOBYJONES","WR","Jacoby Jones","BAL",111,252,39.6,NA,NA,NA,NA,NA,NA,0,0,NA,266,2,NA,0,0
"MYCHALRIVERA","TE","Mychal Rivera","OAK",42,253,37.3,NA,NA,NA,NA,NA,NA,0,0,NA,270,2,NA,0,0
"BRANDONBOLDEN","RB","Brandon Bolden","NE",69,254,37.1,NA,NA,NA,NA,NA,NA,191,2,NA,44,0,NA,0,1
"JORDANMATTHEWS","WR","Jordan Matthews","PHI",112,255,36.7,NA,NA,NA,NA,NA,NA,0,0,NA,249,2,NA,0,0
"ALFREDBLUE","RB","Alfred Blue","HOU",70,256,34.1,NA,NA,NA,NA,NA,NA,222,2,NA,8,0,NA,0,1
"KESHAWNMARTIN","WR","Keshawn Martin","HOU",113,257,33.4,NA,NA,NA,NA,NA,NA,0,0,NA,227,2,NA,0,0
"JACOBTAMME","TE","Jacob Tamme","DEN",43,258,33,NA,NA,NA,NA,NA,NA,0,0,NA,226,2,NA,0,0
"BRENTCELEK","TE","Brent Celek","PHI",43,258,33,NA,NA,NA,NA,NA,NA,0,0,NA,222,2,NA,0,0
"CHRISTINEMICHAEL","RB","Christine Michael","SEA",71,260,32.7,NA,NA,NA,NA,NA,NA,172,2,NA,28,0,NA,0,1
"DONALDBROWN","RB","Donald Brown","SD",71,260,32.7,NA,NA,NA,NA,NA,NA,152,2,NA,58,0,NA,0,1
"JACEAMARO","TE","Jace Amaro","NYJ",45,262,32.6,NA,NA,NA,NA,NA,NA,0,0,NA,230,2,NA,0,0
"AJJENKINS","WR","A.J. Jenkins","KC",114,263,32.1,NA,NA,NA,NA,NA,NA,0,0,NA,225,2,NA,0,0
"CLAYHARBOR","TE","Clay Harbor","JAC",46,264,31.4,NA,NA,NA,NA,NA,NA,0,0,NA,214,2,NA,0,0
"MARQUISEGOODWIN","WR","Marquise Goodwin","BUF",115,265,31.1,NA,NA,NA,NA,NA,NA,0,0,NA,208,2,NA,0,0
"COLEBEASLEY","WR","Cole Beasley","DAL",115,265,31.1,NA,NA,NA,NA,NA,NA,0,0,NA,211,2,NA,0,0
"DONTEMONCRIEF","WR","Donte Moncrief","IND",117,267,30.9,NA,NA,NA,NA,NA,NA,0,0,NA,200,2,NA,0,0
"TRAVISKELCE","TE","Travis Kelce","KC",47,268,30.1,NA,NA,NA,NA,NA,NA,0,0,NA,207,2,NA,0,0
"EDDICKSON","TE","Ed Dickson","CAR",48,269,29,NA,NA,NA,NA,NA,NA,0,0,NA,194,2,NA,0,0
"LANCEKENDRICKS","TE","Lance Kendricks","STL",49,270,28.7,NA,NA,NA,NA,NA,NA,0,0,NA,203,1,NA,0,0
"BENJARVUSGREENELLIS","RB","BenJarvus Green-Ellis","CIN",73,271,28.1,NA,NA,NA,NA,NA,NA,177,2,NA,5,0,NA,0,1
"DANIELHERRON","RB","Daniel Herron","IND",74,272,28,NA,NA,NA,NA,NA,NA,180,2,NA,6,0,NA,0,1
"SEYIAJIROTUTU","WR","Seyi Ajirotutu","SD",118,273,27.9,NA,NA,NA,NA,NA,NA,0,0,NA,185,2,NA,0,0
"DEVINHESTER","WR","Devin Hester","ATL",119,274,27.5,NA,NA,NA,NA,NA,NA,0,0,NA,186,2,NA,0,0
"DEANTHONYTHOMAS","RB","De'Anthony Thomas","KC",75,275,27.4,NA,NA,NA,NA,NA,NA,173,2,NA,8,0,NA,0,1
"GARYBARNIDGE","TE","Gary Barnidge","CLE",50,276,27.2,NA,NA,NA,NA,NA,NA,0,0,NA,199,1,NA,0,0
"JARVISLANDRY","WR","Jarvis Landry","MIA",120,277,26.5,NA,NA,NA,NA,NA,NA,0,0,NA,179,2,NA,0,0
"STEPHENHILL","WR","Stephen Hill","NYJ",121,278,26.2,NA,NA,NA,NA,NA,NA,0,0,NA,183,1,NA,0,0
"ANDRECALDWELL","WR","Andre Caldwell","DEN",122,279,25.7,NA,NA,NA,NA,NA,NA,0,0,NA,163,2,NA,0,0
"JERICKMCKINNON","RB","Jerick McKinnon","MIN",76,280,25.3,NA,NA,NA,NA,NA,NA,135,2,NA,24,0,NA,0,1
"BRYCEBROWN","RB","Bryce Brown","BUF",77,281,25.1,NA,NA,NA,NA,NA,NA,137,2,NA,20,0,NA,0,1
"PEYTONHILLIS","RB","Peyton Hillis","NYG",78,282,23.4,NA,NA,NA,NA,NA,NA,108,1,NA,42,0,NA,0,1
"LATAVIUSMURRAY","RB","Latavius Murray","OAK",79,283,23.3,NA,NA,NA,NA,NA,NA,130,1,NA,23,0,NA,0,1
"DARRIUSHEYWARDBEY","WR","Darrius Heyward-Bey","PIT",123,284,22.3,NA,NA,NA,NA,NA,NA,0,0,NA,144,1,NA,0,0
"BRANDONLLOYD","WR","Brandon Lloyd","SF",124,285,22.1,NA,NA,NA,NA,NA,NA,0,0,NA,147,1,NA,0,0
"CJANDERSON","RB","C.J. Anderson","DEN",80,286,22,NA,NA,NA,NA,NA,NA,100,2,NA,16,0,NA,0,0
"KHIRYROBINSON","RB","Khiry Robinson","NO",81,287,20.6,NA,NA,NA,NA,NA,NA,94,2,NA,17,0,NA,0,0
"KADEEMCAREY","RB","Ka'Deem Carey","CHI",82,288,19.9,NA,NA,NA,NA,NA,NA,120,1,NA,18,0,NA,0,1
"BRENTONBERSIN","WR","Brenton Bersin","CAR",125,289,19.3,NA,NA,NA,NA,NA,NA,0,0,NA,125,1,NA,0,0
"MIKEJAMES","RB","Mike James","TB",83,290,18.7,NA,NA,NA,NA,NA,NA,113,1,NA,7,0,NA,0,1
"BRANDINCOOKS","WR","Brandin Cooks","NO",126,291,18.2,NA,NA,NA,NA,NA,NA,0,0,NA,117,1,NA,0,0
"STEDMANBAILEY","WR","Stedman Bailey","STL",127,292,18.1,NA,NA,NA,NA,NA,NA,0,0,NA,134,1,NA,0,0
"MIKEBROWN","WR","Mike Brown","JAC",127,292,18.1,NA,NA,NA,NA,NA,NA,0,0,NA,111,1,NA,0,0
"ANTONESMITH","RB","Antone Smith","ATL",84,294,17.6,NA,NA,NA,NA,NA,NA,101,1,NA,15,0,NA,0,1
"JOHNKUHN","RB","John Kuhn","GB",85,295,17.5,NA,NA,NA,NA,NA,NA,63,1,NA,63,0,NA,0,1
"JUSTINFORSETT","RB","Justin Forsett","BAL",86,296,15.2,NA,NA,NA,NA,NA,NA,93,1,NA,4,0,NA,0,0
"DANIELTHOMAS","RB","Daniel Thomas","MIA",87,297,14.7,NA,NA,NA,NA,NA,NA,73,1,NA,14,0,NA,0,0
"VINCENTBROWN","WR","Vincent Brown","SD",129,298,14.6,NA,NA,NA,NA,NA,NA,0,0,NA,89,1,NA,0,0
"PAULRICHARDSON","WR","Paul Richardson","SEA",130,299,14.1,NA,NA,NA,NA,NA,NA,0,0,NA,96,1,NA,0,0
"BRUCEMILLER","RB","Bruce Miller","SF",88,300,13.2,NA,NA,NA,NA,NA,NA,5,0,NA,88,1,NA,0,0
"KRISDURHAM","WR","Kris Durham","DET",131,301,12.2,NA,NA,NA,NA,NA,NA,0,0,NA,82,1,NA,0,0
"DENARIUSMOORE","WR","Denarius Moore","OAK",132,302,12.1,NA,NA,NA,NA,NA,NA,0,0,NA,81,1,NA,0,0
"BENNYCUNNINGHAM","RB","Benny Cunningham","STL",89,303,11.4,NA,NA,NA,NA,NA,NA,53,1,NA,12,0,NA,0,0
"BRANDONLAFELL","WR","Brandon LaFell","NE",133,304,11.1,NA,NA,NA,NA,NA,NA,0,0,NA,62,1,NA,0,0
"MIKETOLBERT","RB","Mike Tolbert","CAR",90,305,10.9,NA,NA,NA,NA,NA,NA,54,1,NA,11,0,NA,0,0
"ANTHONYSHERMAN","RB","Anthony Sherman","KC",91,306,10.7,NA,NA,NA,NA,NA,NA,4,0,NA,78,1,NA,0,0
"DREWDAVIS","WR","Drew Davis","ATL",134,307,10,NA,NA,NA,NA,NA,NA,0,0,NA,67,1,NA,0,0
"BILALPOWELL","RB","Bilal Powell","NYJ",92,308,9.1,NA,NA,NA,NA,NA,NA,50,1,NA,7,0,NA,0,0
"DANESANZENBACHER","WR","Dane Sanzenbacher","CIN",135,309,8.8,NA,NA,NA,NA,NA,NA,0,0,NA,52,1,NA,0,0
"KYLEWILLIAMS","WR","Kyle Williams","KC",136,310,8.3,NA,NA,NA,NA,NA,NA,0,0,NA,55,0,NA,0,0
"RONNIEBROWN","RB","Ronnie Brown","HOU",93,311,7.7,NA,NA,NA,NA,NA,NA,50,0,NA,2,0,NA,0,0
"JARONBROWN","WR","Jaron Brown","ARI",137,312,7.4,NA,NA,NA,NA,NA,NA,0,0,NA,51,0,NA,0,0
"MIKETHOMAS","WR","Mike Thomas","HOU",138,313,7.3,NA,NA,NA,NA,NA,NA,0,0,NA,49,0,NA,0,0
"FRANKSUMMERS","RB","Frank Summers","BUF",94,314,7.2,NA,NA,NA,NA,NA,NA,42,0,NA,13,0,NA,0,0
"DARICKROGERS","WR","Da'Rick Rogers","IND",139,315,6.8,NA,NA,NA,NA,NA,NA,0,0,NA,40,0,NA,0,0
"DEREKHAGAN","WR","Derek Hagan","TEN",140,316,6.7,NA,NA,NA,NA,NA,NA,0,0,NA,48,0,NA,0,0
"JOSEPHRANDLE","RB","Joseph Randle","DAL",95,317,6.4,NA,NA,NA,NA,NA,NA,35,0,NA,1,0,NA,0,0
"MIKELLESHOURE","RB","Mikel Leshoure","DET",96,318,6.1,NA,NA,NA,NA,NA,NA,32,1,NA,1,0,NA,0,0
"CHRISTHOMPSON","RB","Chris Thompson","WAS",97,319,5.9,NA,NA,NA,NA,NA,NA,36,0,NA,2,0,NA,0,0
"RISHARDMATTHEWS","WR","Rishard Matthews","MIA",141,320,5.4,NA,NA,NA,NA,NA,NA,0,0,NA,34,0,NA,0,0
"JERRELJERNIGAN","WR","Jerrel Jernigan","NYG",142,321,5.2,NA,NA,NA,NA,NA,NA,0,0,NA,32,0,NA,0,0
"PHILLYBROWN","WR","Philly Brown","CAR",143,322,4.9,NA,NA,NA,NA,NA,NA,0,0,NA,29,0,NA,0,0
"QUINTONPATTON","WR","Quinton Patton","SF",144,323,4.7,NA,NA,NA,NA,NA,NA,0,0,NA,29,0,NA,0,0
"DUJUANHARRIS","RB","DuJuan Harris","GB",98,324,4.6,NA,NA,NA,NA,NA,NA,24,0,NA,2,0,NA,0,0
"ARRELIOUSBENN","WR","Arrelious Benn","PHI",145,325,4.5,NA,NA,NA,NA,NA,NA,0,0,NA,28,0,NA,0,0
"CHRISHOGAN","WR","Chris Hogan","BUF",146,326,4.3,NA,NA,NA,NA,NA,NA,0,0,NA,27,0,NA,0,0
"CHRISPOLK","RB","Chris Polk","PHI",99,327,4,NA,NA,NA,NA,NA,NA,24,0,NA,2,0,NA,0,0
"RICARDOLOCKETTE","WR","Ricardo Lockette","SEA",147,327,4,NA,NA,NA,NA,NA,NA,0,0,NA,25,0,NA,0,0
"DRIARCHER","RB","Dri Archer","PIT",100,329,3.9,NA,NA,NA,NA,NA,NA,19,0,NA,5,0,NA,0,0
"KEVINOZIER","WR","Kevin Ozier","ARI",148,330,3.7,NA,NA,NA,NA,NA,NA,2,0,NA,17,0,NA,0,0
"CLYDEGATES","WR","Clyde Gates","NYJ",149,331,3.2,NA,NA,NA,NA,NA,NA,0,0,NA,19,0,NA,0,0
"RYANBROYLES","WR","Ryan Broyles","DET",150,332,3.1,NA,NA,NA,NA,NA,NA,0,0,NA,21,0,NA,0,0
"JORDANLYNCH","QB","Jordan Lynch","CHI",33,333,0.1,NA,NA,0,0,0,NA,0,0,NA,NA,NA,NA,0,0
"ALEXTANNEY","QB","Alex Tanney","TB",34,334,0,NA,NA,0,0,0,NA,0,0,NA,NA,NA,NA,0,0
"GARRETTGILBERT","QB","Garrett Gilbert","STL",34,334,0,NA,NA,0,0,0,NA,0,0,NA,NA,NA,NA,0,0
"JORDANRODGERS","QB","Jordan Rodgers","MIA",34,334,0,NA,NA,0,0,0,NA,0,0,NA,NA,NA,NA,0,0
"TERRELLEPRYOR","QB","Terrelle Pryor","SEA",34,334,0,NA,NA,0,0,0,NA,0,0,NA,NA,NA,NA,0,0
"TYLERBRAY","QB","Tyler Bray","KC",34,334,0,NA,NA,0,0,0,NA,0,0,NA,NA,NA,NA,0,0
"TEDDYBRIDGEWATER","QB","Teddy Bridgewater","MIN",34,334,0,NA,NA,0,0,0,NA,0,0,NA,NA,NA,NA,0,0
"BLAINEGABBERT","QB","Blaine Gabbert","SF",34,334,0,NA,NA,0,0,0,NA,0,0,NA,NA,NA,NA,0,0
"JOHNNYMANZIEL","QB","Johnny Manziel","CLE",34,334,0,NA,NA,0,0,0,NA,0,0,NA,NA,NA,NA,0,0
"MATTBLANCHARD","QB","Matt Blanchard","CAR",34,334,0,NA,NA,0,0,0,NA,0,0,NA,NA,NA,NA,0,0
"BLAKEBORTLES","QB","Blake Bortles","JAC",34,334,0,NA,NA,0,0,0,NA,0,0,NA,NA,NA,NA,0,0
"TYLERWILSON","QB","Tyler Wilson","CIN",34,334,0,NA,NA,0,0,0,NA,0,0,NA,NA,NA,NA,0,0
"RYANNASSIB","QB","Ryan Nassib","NYG",34,334,0,NA,NA,0,0,0,NA,0,0,NA,NA,NA,NA,0,0
"BJDANIELS","QB","B.J. Daniels","SEA",34,334,0,NA,NA,0,0,0,NA,0,0,NA,NA,NA,NA,0,0
"ZACDYSERT","QB","Zac Dysert","DEN",34,334,0,NA,NA,0,0,0,NA,0,0,NA,NA,NA,NA,0,0
"MATTMCGLOIN","QB","Matt McGloin","OAK",34,334,0,NA,NA,0,0,0,NA,0,0,NA,NA,NA,NA,0,0
"BROCKOSWEILER","QB","Brock Osweiler","DEN",34,334,0,NA,NA,0,0,0,NA,0,0,NA,NA,NA,NA,0,0
