key,name,pos,team,pass_tds,pass_yds,pass_ints,rush_tds,rush_yds,receptions,reception_tds,reception_yds,two_pts,fumbles,kick_0_19,kick_20_29,kick_30_39,kick_40_49,kick_50,kick_extra_points,df_points_allowed_per_game,df_sacks,df_safeties,df_fumbles,df_tds,df_ints
allen_QB_BUF,Josh Allen,QB,BUF,32.76,4955.47,13.2,4.31,568.5,,,,1.08,2.76,,,,,,,,,,,,
mahomes_QB_KC,Patrick Mahomes,QB,KC,34.13,5214.22,14.72,3.08,405.76,,,,2.13,0.33,,,,,,,,,,,,
diggs_WR_BUF,Stefon Diggs,WR,BUF,,,0.01,,4.33,126.31,11.1,1727.25,,,,,,,,,,,,,,
rodgers_QB_GB,Aaron Rodgers,QB,GB,35.6,5176.98,10.26,2.17,232.18,,,,1.65,1.49,,,,,,,,,,,,
murray_QB_ARI,Kyler Murray,QB,ARI,27.9,4368.69,13.49,5.11,745.29,,,,1.59,1.13,,,,,,,,,,,,
adams_WR_GB,Davante Adams,WR,GB,,,0.01,,0.88,131.36,12.28,1543.4,,,,,,,,,,,,,,
jackson_QB_BAL,Lamar Jackson,QB,BAL,22.53,3434.06,12.07,6.67,1140.31,,,,0.53,2.01,,,,,,,,,,,,
hill_WR_KC,Tyreek Hill,WR,KC,,,0.01,0.2,90.38,115.8,10.4,1599.48,,0.04,,,,,,,,,,,,
mccaffrey_RB_CAR,Christian McCaffrey,RB,CAR,,,0.01,9.86,1168.29,78.23,4.44,658.75,0.53,,,,,,,,,,,,,
prescott_QB_DAL,Dak Prescott,QB,DAL,31.57,4933.47,14.24,2.91,283.64,,,,3.22,0.72,,,,,,,,,,,,
brady_QB_TB,Tom Brady,QB,TB,34.85,5289.23,11.61,1.74,87.54,,,,0.53,1.29,,,,,,,,,,,,
wilson_QB_SEA,Russell Wilson,QB,SEA,31.17,4419.51,9.85,2.99,463.73,,,,1.06,1.73,,,,,,,,,,,,
herbert_QB_LAC,Justin Herbert,QB,LAC,33,4922.54,15.91,3.03,267.3,,,,1.84,0.67,,,,,,,,,,,,
kamara_RB_NO,Alvin Kamara,RB,NO,,,0.01,10.29,1197.46,78.77,3.25,646.42,0.53,0.62,,,,,,,,,,,,
tannehill_QB_TEN,Ryan Tannehill,QB,TEN,32.48,4475.56,13.83,3.92,336.47,,,,2.23,0.51,,,,,,,,,,,,
winston_QB_NO,Jameis Winston,QB,NO,31.06,4740.66,16.36,2.55,308.77,,,,2.69,1.61,,,,,,,,,,,,
ridley_WR_ATL,Calvin Ridley,WR,ATL,,,0.01,0.08,31.93,107.5,9.61,1600.73,,0.02,,,,,,,,,,,,
waller_TE_LV,Darren Waller,TE,LV,,,0.01,0.01,1.3,116.85,9.74,1512.55,,,,,,,,,,,,,,
cousins_QB_MIN,Kirk Cousins,QB,MIN,31.96,4668.78,13.89,1.94,196.88,,,,4.25,1.67,,,,,,,,,,,,
mayfield_QB_CLE,Baker Mayfield,QB,CLE,32.54,4601.3,17.51,2.36,287.41,,,,1.06,0.89,,,,,,,,,,,,
ekeler_RB_LAC,Austin Ekeler,RB,LAC,,,0.01,6,975.84,91.24,4.5,712.99,0.06,0.73,,,,,,,,,,,,
fitzpatrick_QB_WSH,Ryan Fitzpatrick,QB,WSH,30.82,4898.41,17.37,2.02,195.98,,,,2.69,0.49,,,,,,,,,,,,
kelce_TE_KC,Travis Kelce,TE,KC,,,0.01,0.01,2.53,111.94,10.13,1454.68,,,,,,,,,,,,,,
carr_QB_LV,Derek Carr,QB,LV,31.85,4840.97,13.3,1.95,149.71,,,,0.53,1.97,,,,,,,,,,,,
cook_RB_MIN,Dalvin Cook,RB,MIN,,,0.01,11.02,1422.42,49.36,1.94,455.2,1.59,1.99,,,,,,,,,,,,
hurts_QB_PHI,Jalen Hurts,QB,PHI,19.53,3583.73,13.94,6.08,837.3,,,,1.28,3.35,,,,,,,,,,,,
jefferson_WR_MIN,Justin Jefferson,WR,MIN,,,0.01,,2.09,98.41,8.8,1540.95,,,,,,,,,,,,,,
roethlisberger_QB_PIT,Ben Roethlisberger,QB,PIT,32.3,4947.12,16.12,0.64,,,,,3.19,0.59,,,,,,,,,,,,
tagovailoa_QB_MIA,Tua Tagovailoa,QB,MIA,26.42,4278.06,14.08,3.57,326.71,,,,1.58,1.46,,,,,,,,,,,,
ryan_QB_ATL,Matt Ryan,QB,ATL,30.13,5006.76,14.55,0.99,28.36,,,,2.13,0.94,,,,,,,,,,,,
wilson_QB_NYJ,Zach Wilson,QB,NYJ,27.57,4196.31,16.88,3.11,381.59,,,,1.47,1.24,,,,,,,,,,,,
brown_WR_TEN,A.J. Brown,WR,TEN,,,0.01,0.01,5.89,95.06,10.53,1419.21,,,,,,,,,,,,,,
burrow_QB_CIN,Joe Burrow,QB,CIN,27.02,4500.71,14.75,2.75,239.86,,,,1.01,1.14,,,,,,,,,,,,
henry_RB_TEN,Derrick Henry,RB,TEN,,,0.01,13.24,1766.99,25.9,0.68,162.89,0.53,2.72,,,,,,,,,,,,
cooks_WR_HOU,Brandin Cooks,WR,HOU,,,0.01,0.01,2.55,96.59,9.12,1451.98,,,,,,,,,,,,,,
stafford_QB_LAR,Matthew Stafford,QB,LAR,30.41,4601.61,13.24,1.21,92.31,,,,1.59,1.35,,,,,,,,,,,,
jones_RB_GB,Aaron Jones,RB,GB,,,0.01,9.72,1307.37,55.29,1.67,413.51,,0.6,,,,,,,,,,,,
goff_QB_DET,Jared Goff,QB,DET,28.8,4400.97,14.37,1.87,207.02,,,,1.06,1.64,,,,,,,,,,,,
johnson_WR_PIT,Diontae Johnson,WR,PIT,,,0.01,0.15,23.25,113.84,7.8,1263.65,,0.03,,,,,,,,,,,0.28,
hopkins_WR_ARI,DeAndre Hopkins,WR,ARI,,,0.01,0.04,7.91,100.58,8.13,1388.16,,0.01,,,,,,,,,,,,
wentz_QB_IND,Carson Wentz,QB,IND,23.78,3970.12,12.91,2.88,344.47,,,,4.25,2.04,,,,,,,,,,,,
dalton_QB_CHI,Andy Dalton,QB,CHI,25.77,4261.09,14.9,2.04,253.83,,,,1.19,1.21,,,,,,,,,,,,
bridgewater_QB_DEN,Teddy Bridgewater,QB,DEN,22.79,4140.82,13.8,3.07,314.94,,,,1.08,1.39,,,,,,,,,,,,
swift_RB_DET,D'Andre Swift,RB,DET,,,0.01,8.23,976.43,63.52,2.48,586.8,0.15,2.95,,,,,,,,,,,,
garoppolo_QB_SF,Jimmy Garoppolo,QB,SF,27.97,4219.13,14.31,1.34,132.43,,,,2.13,1.31,,,,,,,,,,,,
lawrence_QB_JAX,Trevor Lawrence,QB,JAX,27.47,4213.31,17.16,1.84,180.76,,,,1.47,0.71,,,,,,,,,,,,
jones_WR_JAX,Marvin Jones,WR,JAX,,,0.01,0.01,2.75,89.65,8.75,1313.91,,,,,,,,,,,,,,
jones_WR_TEN,Julio Jones,WR,TEN,,,0.01,0.01,3.2,88.38,8.33,1345.72,,,,,,,,,,,,,,
jones_QB_NYG,Daniel Jones,QB,NYG,22.17,3916.78,15.03,3.01,415.11,,,,1.87,2.98,,,,,,,,,,,,
barkley_RB_NYG,Saquon Barkley,RB,NYG,,,0.01,7.03,1156.62,48.92,2.52,441.79,0.54,,,,,,,,,,,,,
carson_RB_SEA,Chris Carson,RB,SEA,,,0.01,8,1179.66,47.73,2.38,362.04,0.53,1.02,,,,,,,,,,,,
samuel_WR_WSH,Curtis Samuel,WR,WSH,,,0.01,0.16,232.27,90.63,5.83,1087.83,,0.12,,,,,,,,,,,,
robinson_WR_CHI,Allen Robinson,WR,CHI,,,0.01,,1.93,96.34,6.81,1190.62,,,,,,,,,,,,,,
robinson_RB_JAX,James Robinson,RB,JAX,,,0.01,7.65,1085.85,47.14,2.25,386.41,0.63,,,,,,,,,,,,,
higgins_WR_CIN,Tee Higgins,WR,CIN,,,0.01,0.19,19.93,92.4,6.95,1175.74,,0.02,,,,,,,,,,,,
darnold_QB_CAR,Sam Darnold,QB,CAR,21.63,3948.33,15.18,1.98,259.08,,,,2.13,0.79,,,,,,,,,,,,
cooper_WR_DAL,Amari Cooper,WR,DAL,,,0.01,0.06,21.03,90.48,7.21,1124.21,2.83,0.02,,,,,,,,,,,,
kupp_WR_LAR,Cooper Kupp,WR,LAR,,,0.01,,7.62,101.27,6.09,1143.88,,0.01,,,,,,,,,,,0.12,
jones_QB_NE,Mac Jones,QB,NE,24.66,3990.94,16.45,1.83,166.62,,,,1.47,1.56,,,,,,,,,,,,
chubb_RB_CLE,Nick Chubb,RB,CLE,,,0.01,9.96,1226.81,32.99,1.64,305.27,,1.52,,,,,,,,,,,,
metcalf_WR_SEA,DK Metcalf,WR,SEA,,,0.01,,1.52,83.6,8.14,1188.16,,,,,,,,,,,,,,
lamb_WR_DAL,CeeDee Lamb,WR,DAL,,,0.01,0.42,60.25,86.95,6.56,1137.89,1.06,0.03,,,,,,,,,,,0.05,
gaskin_RB_MIA,Myles Gaskin,RB,MIA,,,0.01,7.41,992.4,49.52,2.99,444.36,0.14,2.56,,,,,,,,,,,,
mixon_RB_CIN,Joe Mixon,RB,CIN,,,0.01,7.93,1128.6,43.39,1.9,356.32,,0.5,,,,,,,,,,,,
davis_RB_ATL,Mike Davis,RB,ATL,,,0.01,7.74,1016.78,57.16,1.4,375.72,0.05,0.89,,,,,,,,,,,,
samuel_WR_SF,Deebo Samuel,WR,SF,,,0.01,0.32,71.12,92.7,6.14,1107.7,,0.05,,,,,,,,,,,,
smithschuster_WR_PIT,JuJu Smith-Schuster,WR,PIT,,,0.01,,1.14,99.03,6.43,1051.56,,,,,,,,,,,,,,
lockett_WR_SEA,Tyler Lockett,WR,SEA,,,0.01,,2.09,85.04,7.55,1081.05,,,,,,,,,,,,,0.53,
landry_WR_CLE,Jarvis Landry,WR,CLE,,,0.01,0.05,12.05,89.56,7.43,1059.46,,0.01,,,,,,,,,,,,
harris_RB_PIT,Najee Harris,RB,PIT,,,0.01,7.93,1129.26,42.07,1.42,316.65,0.17,1.54,,,,,,,,,,,,
gage_WR_ATL,Russell Gage,WR,ATL,,,0.01,0.02,23.69,91.29,6.71,1036.63,,0.03,,,,,,,,,,,,
elliott_RB_DAL,Ezekiel Elliott,RB,DAL,,,0.01,7.24,1004.58,46.7,1.73,402.67,,2.6,,,,,,,,,,,,
shepard_WR_NYG,Sterling Shepard,WR,NYG,,,0.01,0.37,28.95,87.5,6.09,1062.73,,0.02,,,,,,,,,,,,
moore_WR_CAR,D.J. Moore,WR,CAR,,,0.01,0.07,16.49,77,6.75,1146.02,,0.03,,,,,,,,,,,,
gordon_RB_DEN,Melvin Gordon,RB,DEN,,,0.01,8.35,1191.16,34.89,1.21,271.39,,2.58,,,,,,,,,,,,
montgomery_RB_CHI,David Montgomery,RB,CHI,,,0.01,7.21,976.95,43.1,1.66,389.35,0.58,0.93,,,,,,,,,,,,
golladay_WR_NYG,Kenny Golladay,WR,NYG,,,0.01,,1.38,71.65,7.58,1138.89,,,,,,,,,,,,,,
fuller_WR_MIA,Will Fuller,WR,MIA,,,0.01,0.02,6.86,70.99,8.31,1082.77,,0.01,,,,,,,,,,,,
thielen_WR_MIN,Adam Thielen,WR,MIN,,,0.01,0.04,10.45,76.41,7.96,1040.53,,0.01,,,,,,,,,,,,
brown_WR_BAL,Marquise Brown,WR,BAL,,,0.01,0.47,30.95,74.92,7.91,1002.16,,0.03,,,,,,,,,,,,
woods_WR_LAR,Robert Woods,WR,LAR,,,0.01,0.08,71.1,88.71,5.34,961.04,,0.14,,,,,,,,,,,,
sanders_RB_PHI,Miles Sanders,RB,PHI,,,0.01,6.82,1036.42,38.94,1.55,319.85,1.11,1.83,,,,,,,,,,,,
allen_WR_LAC,Keenan Allen,WR,LAC,,,0.01,0.03,14.01,86.28,6.67,952.81,,0.01,,,,,,,,,,,,
brown_WR_TB,Antonio Brown,WR,TB,,,0.01,0.1,19.97,79.38,7.22,960.3,,0.01,,,,,,,,,,,,
meyers_WR_NE,Jakobi Meyers,WR,NE,,,0.01,0.03,8.84,78.56,5.8,1062.58,,0.01,,,,,,,,,,,,
edmonds_RB_ARI,Chase Edmonds,RB,ARI,,,0.01,3.59,645.8,58.53,3.31,556.12,0.15,,,,,,,,,,,,,
kittle_TE_SF,George Kittle,TE,SF,,,0.01,0.05,11.88,82.7,5.72,1006.49,,0.01,,,,,,,,,,,,
edwardshelaire_RB_KC,Clyde Edwards-Helaire,RB,KC,,,0.01,6.18,999.96,40.84,1.44,323.06,0.09,,,,,,,,,,,,,
taylor_RB_IND,Jonathan Taylor,RB,IND,,,0.01,8.53,1026.01,32.79,0.92,258.47,0.1,0.89,,,,,,,,,,,,
gallup_WR_DAL,Michael Gallup,WR,DAL,,,0.01,,2.36,70.65,6.53,1057.34,,,,,,,,,,,,,,
aiyuk_WR_SF,Brandon Aiyuk,WR,SF,,,0.01,0.05,32.6,73.14,6.58,992.22,,0.03,,,,,,,,,,,,
godwin_WR_TB,Chris Godwin,WR,TB,,,0.01,0.01,7.13,71.6,6.66,1029.95,,0.01,,,,,,,,,,,,
beckham_WR_CLE,Odell Beckham Jr.,WR,CLE,,,0.01,0.16,41.47,68.43,7.48,956.6,,0.02,,,,,,,,,,,,
beasley_WR_BUF,Cole Beasley,WR,BUF,,,0.01,,1.46,83.21,5.36,972.2,,,,,,,,,,,,,,
evans_WR_TB,Mike Evans,WR,TB,,,0.01,,1.08,64.59,6.88,1057.04,,,,,,,,,,,,,,
agholor_WR_NE,Nelson Agholor,WR,NE,,,0.01,0.01,19.12,63.33,6.93,1038.59,,,,,,,,,,,,,,
anderson_WR_CAR,Robby Anderson,WR,CAR,,,0.01,0.11,24.42,80.27,4.98,961.62,,0.02,,,,,,,,,,,,
thomas_WR_NO,Michael Thomas,WR,NO,,,0.01,,6.85,81.52,5.16,949.89,,0.01,,,,,,,,,,,,
sutton_WR_DEN,Courtland Sutton,WR,DEN,,,0.01,0.05,27.6,67.31,6.39,994.73,,0.03,,,,,,,,,,,,
mclaurin_WR_WSH,Terry McLaurin,WR,WSH,,,0.01,0.01,6.24,75.97,5.2,999.13,,0.01,,,,,,,,,,,,
claypool_WR_PIT,Chase Claypool,WR,PIT,,,0.01,0.11,42.55,69.41,6.17,923.91,,0.03,,,,,,,,,,,,
cobb_WR_GB,Randall Cobb,WR,GB,,,0.01,,1.97,75.2,5.64,916.1,,,,,,,,,,,,,,
crowder_WR_NYJ,Jamison Crowder,WR,NYJ,,,0.01,0.09,12.85,76.44,6.49,820.82,,0.01,,,,,,,,,,,,
gibson_RB_WSH,Antonio Gibson,RB,WSH,,,0.01,6.52,871.44,39.77,0.97,268.76,0.11,,,,,,,,,,,,,
jacobs_RB_LV,Josh Jacobs,RB,LV,,,0.01,7.44,908.29,29.67,1.19,272.28,0.02,1.27,,,,,,,,,,,,
parker_WR_MIA,DeVante Parker,WR,MIA,,,0.01,,1.01,66.87,5.32,972.47,,,,,,,,,,,,,,
hockenson_TE_DET,T.J. Hockenson,TE,DET,,,0.01,,9.98,77.06,5.43,851.02,,0.02,,,,,,,,,,,,
andrews_TE_BAL,Mark Andrews,TE,BAL,,,0.01,0.01,1.21,72.86,6.09,822.85,,,,,,,,,,,,,,
harris_RB_NE,Damien Harris,RB,NE,,,0.01,8.22,1139.3,14.23,0.5,111.39,0.12,0.19,,,,,,,,,,,,
jackson_WR_LAR,DeSean Jackson,WR,LAR,,,0.01,0.1,31.44,61.58,5.42,926.56,,0.02,,,,,,,,,,,,
jeudy_WR_DEN,Jerry Jeudy,WR,DEN,,,0.01,,11.23,64.5,4.85,932.31,,,,,,,,,,,,,,
henderson_RB_LAR,Darrell Henderson,RB,LAR,,,0.01,6.92,928.03,25.3,1.07,214.16,0.11,,,,,,,,,,,,,
boyd_WR_CIN,Tyler Boyd,WR,CIN,,,0.01,0.34,36.35,73.18,5.29,766.59,,0.02,,,,,,,,,,,,
mooney_WR_CHI,Darnell Mooney,WR,CHI,,,0.01,0.04,17.69,73.07,4.93,823.73,,0.02,,,,,,,,,,,,
chark_WR_JAX,D.J. Chark,WR,JAX,,,0.01,,2.85,66.68,5.18,872.86,,,,,,,,,,,,,,
thomas_TE_WSH,Logan Thomas,TE,WSH,,,0.01,0.04,14.76,76.82,5.27,744.8,,0.02,,,,,,,,,,,,
johnson_RB_HOU,David Johnson,RB,HOU,,,0.01,4.79,682.06,38.17,1.9,370.56,0.3,,,,,,,,,,,,,
humphries_WR_WSH,Adam Humphries,WR,WSH,,,0.01,0.06,12.21,72.46,4.69,796.53,,0.01,,,,,,,,,,,,
chase_WR_CIN,Ja'Marr Chase,WR,CIN,,,0.01,0.08,13.45,62.49,4.95,843.8,,0.02,,,,,,,,,,,,
fant_TE_DEN,Noah Fant,TE,DEN,,,0.01,,1.88,68.77,4.78,804.12,,,,,,,,,,,,,,
watson_QB_HOU,Deshaun Watson,QB,HOU,15.17,2228.59,5.5,1.71,258.92,,,,1.25,0.53,,,,,,,,,,,,
cook_TE_LAC,Jared Cook,TE,LAC,,,0.01,,1.17,65.07,5.89,753.4,,,,,,,,,,,,,,
williams_WR_LAC,Mike Williams,WR,LAC,,,0.01,,2.82,58.8,4.89,859.57,,,,,,,,,,,,,,
mostert_RB_SF,Raheem Mostert,RB,SF,,,0.01,7.36,909.88,19.49,0.93,172.54,0.13,1.98,,,,,,,,,,,,
bourne_WR_NE,Kendrick Bourne,WR,NE,,,0.01,,1.11,60.86,4.31,855.59,,,,,,,,,,,,,,
hardman_WR_KC,Mecole Hardman,WR,KC,,,0.01,0.37,72.61,61.28,3.87,726.71,,0.04,,,,,,,,,,,0.78,
gesicki_TE_MIA,Mike Gesicki,TE,MIA,,,0.01,,0.94,57.91,5.74,778.04,,,,,,,,,,,,,,
lazard_WR_GB,Allen Lazard,WR,GB,,,0.01,0.04,13.27,61.1,4.53,801.4,,0.02,,,,,,,,,,,,
ebron_TE_PIT,Eric Ebron,TE,PIT,,,0.01,,3.42,69.21,4.51,730.57,,0.01,,,,,,,,,,,,
edwards_RB_BAL,Gus Edwards,RB,BAL,,,0.01,7.93,954.14,12.92,0.57,124.82,0.09,1.56,,,,,,,,,,,,
pascal_WR_IND,Zach Pascal,WR,IND,,,0.01,,3.19,51.7,6.32,769.06,,,,,,,,,,,,,,
davis_WR_BUF,Gabriel Davis,WR,BUF,,,0.01,,1.46,48.77,5.27,847.48,,,,,,,,,,,,,,
hilton_WR_IND,T.Y. Hilton,WR,IND,,,0.01,,1.37,54.31,4.75,815.45,,,,,,,,,,,,,,
okwuegbunam_TE_DEN,Albert Okwuegbunam,TE,DEN,,,0.01,,1.97,60.15,4.78,753.74,,,,,,,,,,,,,,
davis_WR_NYJ,Corey Davis,WR,NYJ,,,0.01,,9.56,51.77,4.79,815.54,,,,,,,,,,,,,,
smith_WR_NO,Tre'Quan Smith,WR,NO,,,0.01,,6.76,51.49,5.63,768.49,,0.01,,,,,,,,,,,,
drake_RB_LV,Kenyan Drake,RB,LV,,,,5.58,694.01,32.18,0.93,217.7,0.59,0.76,,,,,,,,,,,,
tonyan_TE_GB,Robert Tonyan,TE,GB,,,0.01,,0.94,58.1,6.35,657.82,,,,,,,,,,,,,,
smith_WR_PHI,DeVonta Smith,WR,PHI,,,0.01,0.13,13.81,54.79,4.85,749.29,,0.02,,,,,,,,,,,,
pittman_WR_IND,Michael Pittman,WR,IND,,,0.01,0.09,23.59,57.22,3.68,779.62,,0.03,,,,,,,,,,,,
hooper_TE_CLE,Austin Hooper,TE,CLE,,,0.01,,1,59.87,5.07,692.68,,,,,,,,,,,,,,
mckissic_RB_WSH,J.D. McKissic,RB,WSH,,,,2.06,293.25,56.97,1.86,486.62,,0.06,,,,,,,,,,,,
fournette_RB_TB,Leonard Fournette,RB,TB,,,,4.25,572.55,37.47,1.33,296.45,0.04,,,,,,,,,,,,,
firkser_TE_TEN,Anthony Firkser,TE,TEN,,,0.01,,1.39,64.81,3.81,687.34,,,,,,,,,,,,,,
kirk_WR_ARI,Christian Kirk,WR,ARI,,,0.01,0.04,14.73,58.19,3.76,710.22,,0.01,,,,,,,,,,,0.06,
conner_RB_ARI,James Conner,RB,ARI,,,,4,602.34,34.38,0.96,288.61,0.03,0.66,,,,,,,,,,,,
engram_TE_NYG,Evan Engram,TE,NYG,,,0.01,0.22,18.66,61.97,3.88,621.34,,0.02,,,,,,,,,,,,
hines_RB_IND,Nyheim Hines,RB,IND,,,,3.24,378.07,41.59,1.61,376.42,,0.02,,,,,,,,,,,0.5,
williams_WR_DET,Tyrell Williams,WR,DET,,,0.01,,1.32,46.83,4.21,751.66,,,,,,,,,,,,,,
green_WR_ARI,A.J. Green,WR,ARI,,,0.01,0.01,2.66,54.43,4.2,660.9,,,,,,,,,,,,,,
hunt_RB_CLE,Kareem Hunt,RB,CLE,,,,4.73,559.84,29.17,1.11,251.53,0.02,,,,,,,,,,,,,
waddle_WR_MIA,Jaylen Waddle,WR,MIA,,,0.01,0.1,16.37,50.91,4.07,671.66,,0.02,,,,,,,,,,,,
brown_WR_DET,Amon-Ra St. Brown,WR,DET,,,0.01,,7.1,50.8,3.99,692.45,,0.01,,,,,,,,,,,,
hurst_TE_ATL,Hayden Hurst,TE,ATL,,,0.01,,1.2,58.06,4.48,587.96,,,,,,,,,,,,,,
goedert_TE_PHI,Dallas Goedert,TE,PHI,,,0.01,,0.84,51.14,4.6,641.07,,,,,,,,,,,,,,
akins_TE_HOU,Jordan Akins,TE,HOU,,,0.01,,9.67,59.44,3.53,609.49,,0.01,,,,,,,,,,,,
knox_TE_BUF,Dawson Knox,TE,BUF,,,0.01,,1.43,54.93,4.6,592.94,,,,,,,,,,,,,,
higbee_TE_LAR,Tyler Higbee,TE,LAR,,,0.01,,3.95,52.38,4.12,635.08,,0.01,,,,,,,,,,,,
callaway_WR_NO,Marquez Callaway,WR,NO,,,0.01,0.01,9.95,55.69,2.62,667.01,,0.01,,,,,,,,,,,0.1,
michel_RB_LAR,Sony Michel,RB,LAR,,,,4.62,716.73,19.35,0.86,149.69,0.03,0.36,,,,,,,,,,,,
moore_WR_NYJ,Elijah Moore,WR,NYJ,,,0.01,0.09,22.07,47,3.87,648.73,,0.03,,,,,,,,,,,,
gronkowski_TE_TB,Rob Gronkowski,TE,TB,,,0.01,,1.39,49.83,5.26,562.12,,,,,,,,,,,,,,
white_RB_NE,James White,RB,NE,,,,1.52,223.38,50.07,1.97,420.97,0.61,0.04,,,,,,,,,,,,
slayton_WR_NYG,Darius Slayton,WR,NYG,,,0.01,0.03,4.39,43.33,3.59,683.6,,0.01,,,,,,,,,,,0.41,
ruggs_WR_LV,Henry Ruggs III,WR,LV,,,0.01,0.26,71.22,42.02,3.32,630.48,,0.11,,,,,,,,,,,0.28,
taylor_QB_HOU,Tyrod Taylor,QB,HOU,9.99,1872.13,5.91,1.5,216.16,,,,0.7,0.01,,,,,,,,,,,,
sanders_WR_BUF,Emmanuel Sanders,WR,BUF,,,,0.03,9.23,46.7,4.11,615.1,,,,,,,,,,,,,,
pollard_RB_DAL,Tony Pollard,RB,DAL,,,,2.83,418.67,34.7,1.29,303.3,0.56,0.53,,,,,,,,,,,0.18,
watkins_WR_PHI,Quez Watkins,WR,PHI,,,0.01,0.05,5.83,42.94,4.28,632.26,,0.01,,,,,,,,,,,,
conley_WR_HOU,Chris Conley,WR,HOU,,,,,0.76,49.32,3.85,599.24,,,,,,,,,,,,,,
watkins_WR_BAL,Sammy Watkins,WR,BAL,,,0.01,0.21,14.19,43.58,3.42,654.8,,0.01,,,,,,,,,,,,
byrd_WR_CHI,Damiere Byrd,WR,CHI,,,0.01,0.02,10.76,50.62,2.74,624.94,,0.01,,,,,,,,,,,0.08,
jones_RB_TB,Ronald Jones,RB,TB,,,0.01,5.08,661.84,17.29,0.77,116.19,0.05,0.42,,,,,,,,,,,,
miller_WR_HOU,Anthony Miller,WR,HOU,,,0.01,0.02,33.51,52.04,2.7,573.67,,0.05,,,,,,,,,,,,
doyle_TE_IND,Jack Doyle,TE,IND,,,0.01,,0.8,50.13,3.74,553.55,,,,,,,,,,,,,,
moss_RB_BUF,Zack Moss,RB,BUF,,,,4.21,606.7,21.1,0.78,149.98,0.03,0.2,,,,,,,,,,,,
shenault_WR_JAX,Laviska Shenault Jr.,WR,JAX,,,,0.9,83.38,44.24,2.92,506.99,,0.05,,,,,,,,,,,,
mack_RB_IND,Marlon Mack,RB,IND,,,,4.6,618.82,18.32,0.55,129.54,0.89,0.29,,,,,,,,,,,,
renfrow_WR_LV,Hunter Renfrow,WR,LV,,,,,1.19,52.1,2.93,548.64,,,,,,,,,,,,,,
reagor_WR_PHI,Jalen Reagor,WR,PHI,,,0.01,0.2,22,45.32,2.91,581.06,,0.04,,,,,,,,,,,,
singletary_RB_BUF,Devin Singletary,RB,BUF,,,0.01,2.17,422.9,34.27,1.13,282.83,0.03,0.51,,,,,,,,,,,,
lindsay_RB_HOU,Phillip Lindsay,RB,HOU,,,0.01,3.41,639.4,20.53,0.56,143.87,0.02,0.4,,,,,,,,,,,,
smith_TE_NE,Jonnu Smith,TE,NE,,,0.01,0.1,24.72,47.17,4.09,464.08,,0.02,,,,,,,,,,,,
williams_RB_DET,Jamaal Williams,RB,DET,,,,3.74,483.06,23.88,0.9,185.68,0.53,,,,,,,,,,,,,
arnold_TE_CAR,Dan Arnold,TE,CAR,,,0.01,,0.98,41.04,3.46,555.5,,,,,,,,,,,,,,
schultz_TE_DAL,Dalton Schultz,TE,DAL,,,,,0.63,48.38,3.43,475.12,,,,,,,,,,,,,,
williams_RB_CHI,Damien Williams,RB,CHI,,,,3.45,421.57,25.99,0.79,241.84,,0.69,,,,,,,,,,,,
williams_RB_KC,Darrel Williams,RB,KC,,,,3.47,409.14,26.66,0.82,193.22,0.01,0.69,,,,,,,,,,,,
kmet_TE_CHI,Cole Kmet,TE,CHI,,,0.01,0.02,6.76,49.22,2.78,427.34,,0.01,,,,,,,,,,,,
johnson_RB_NYJ,Ty Johnson,RB,NYJ,,,,2.96,455.29,24.4,0.56,169.08,0.01,0.16,,,,,,,,,,,0.13,
guyton_WR_LAC,Jalen Guyton,WR,LAC,,,0.01,,8.63,37.14,2.41,552.97,,0.01,,,,,,,,,,,0.1,
murray_RB_NO,Latavius Murray,RB,NO,,,,2.53,380.46,27.41,0.84,195.4,,,,,,,,,,,,,,
jackson_RB_LAC,Justin Jackson,RB,LAC,,,,2.57,418.32,22.68,0.86,183.08,0.02,0.07,,,,,,,,,,,,
harris_WR_NO,Deonte Harris,WR,NO,,,,0.34,45.62,37.52,2.62,416.93,,0.03,,,,,,,,,,,0.11,
edwards_WR_LV,Bryan Edwards,WR,LV,,,0.01,0.03,5.5,34.61,2.84,484.74,,0.01,,,,,,,,,,,,
hamler_WR_DEN,K.J. Hamler,WR,DEN,,,,0.26,60.83,33.37,2.52,447.59,,0.06,,,,,,,,,,,,
valdesscantling_WR_GB,Marquez Valdes-Scantling,WR,GB,,,,0.01,12.6,33.86,3.68,431.17,,0.02,,,,,,,,,,,,
robinson_WR_KC,Demarcus Robinson,WR,KC,,,0.01,,1.12,37.98,2.46,469.95,,,,,,,,,,,,,,
peoplesjones_WR_CLE,Donovan Peoples-Jones,WR,CLE,,,0.01,0.05,10.91,31.93,2.59,484.01,,0.01,,,,,,,,,,,0.36,
bernard_RB_TB,Giovani Bernard,RB,TB,,,,1.46,274.2,29.11,0.98,239.54,,0.34,,,,,,,,,,,,
uzomah_TE_CIN,C.J. Uzomah,TE,CIN,,,0.01,,0.93,36.28,3.13,374.84,,,,,,,,,,,,,,
howard_TE_TB,O.J. Howard,TE,TB,,,,,1.24,31.42,3.11,416.84,,,,,,,,,,,,,,
coleman_RB_NYJ,Tevin Coleman,RB,NYJ,,,0.01,1.95,389.76,21.51,0.73,152.36,,,,,,,,,,,,,,
ahmed_RB_MIA,Salvon Ahmed,RB,MIA,,,,3.46,427.29,13.36,0.3,123.79,0.05,0.3,,,,,,,,,,,,
hill_QB_NO,Taysom Hill,QB,NO,6.42,1888.14,7.47,0.4,9.59,,,,,0.19,,,,,,,,,,,,
williams_RB_DEN,Javonte Williams,RB,DEN,,,,2.1,329.08,21.99,0.77,168.7,0.05,0.45,,,,,,,,,,,,
hudson_TE_TEN,Tommy Hudson,TE,TEN,,,0.01,0.01,3.05,34.89,2.5,361.53,,,,,,,,,,,,,,
graham_TE_CHI,Jimmy Graham,TE,CHI,,,,,0.73,34.36,2.49,368.64,,,,,,,,,,,,,,
higgins_WR_CLE,Rashard Higgins,WR,CLE,,,,,0.77,23.58,2.93,443.41,,,,,,,,,,,,,,
penny_RB_SEA,Rashaad Penny,RB,SEA,,,,3.75,450.34,10.46,0.36,60.28,0.01,0.68,,,,,,,,,,,,
perine_RB_CIN,Samaje Perine,RB,CIN,,,,3.27,385.59,12.88,0.47,115.12,0.02,0.76,,,,,,,,,,,,
brate_TE_TB,Cameron Brate,TE,TB,,,,,0.59,30.46,2.75,365.02,,,,,,,,,,,,,,
johnson_WR_JAX,Tyron Johnson,WR,JAX,,,,0.01,3.73,25.9,2.88,394.26,,,,,,,,,,,,,,
snead_WR_LV,Willie Snead,WR,LV,,,,,1.13,31.77,2.2,365.33,,,,,,,,,,,,,,
zaccheaus_WR_ATL,Olamide Zaccheaus,WR,ATL,,,,0.01,8.03,28.81,2.56,357.52,,0.01,,,,,,,,,,,,
jarwin_TE_DAL,Blake Jarwin,TE,DAL,,,0.01,,0.97,32.43,1.91,366.52,,,,,,,,,,,,,,
hyde_RB_JAX,Carlos Hyde,RB,JAX,,,,2.67,383.2,15.18,0.4,98.11,,0.73,,,,,,,,,,,,
raymond_WR_DET,Kalif Raymond,WR,DET,,,0.01,,2.79,27.57,1.94,394.98,,,,,,,,,,,,,0.09,
marshall_WR_CAR,Terrace Marshall Jr.,WR,CAR,,,,0.05,11.55,30.25,2.06,335.07,,0.01,,,,,,,,,,,,
campbell_WR_IND,Parris Campbell,WR,IND,,,,0.09,31.96,25.05,1.75,383.19,,0.04,,,,,,,,,,,,
conklin_TE_MIN,Tyler Conklin,TE,MIN,,,,,0.81,34.43,2.13,299.23,,,,,,,,,,,,,,
eskridge_WR_SEA,D'Wayne Eskridge,WR,SEA,,,,,10.87,27.34,2.27,326.02,,0.01,,,,,,,,,,,,
washington_WR_PIT,James Washington,WR,PIT,,,,,0.68,28.08,2.4,318.2,,,,,,,,,,,,,,
cephus_WR_DET,Quintez Cephus,WR,DET,,,,,1.01,23.67,2.62,334.99,,,,,,,,,,,,,,
cole_WR_NYJ,Keelan Cole,WR,NYJ,,,,0.01,8.59,26.54,1.99,318.84,,0.01,,,,,,,,,,,,
aliecox_TE_IND,Mo Alie-Cox,TE,IND,,,,,0.6,28.27,2.12,295.24,,,,,,,,,,,,,,
patrick_WR_DEN,Tim Patrick,WR,DEN,,,,,1.84,23.75,2.09,340.35,,,,,,,,,,,,,,
dillon_RB_GB,A.J. Dillon,RB,GB,,,,3.01,424.15,5.6,0.26,33.2,0.03,0.36,,,,,,,,,,,,
ertz_TE_PHI,Zach Ertz,TE,PHI,,,,,0.77,24.88,1.59,354.64,,,,,,,,,,,,,,
oshaughnessy_TE_JAX,James O'Shaughnessy,TE,JAX,,,0.01,,0.94,28.43,1.6,316.95,,,,,,,,,,,,,,
reynolds_WR_TEN,Josh Reynolds,WR,TEN,,,,0.04,9.5,27.02,1.8,305.77,,0.01,,,,,,,,,,,,
juszczyk_RB_SF,Kyle Juszczyk,RB,SF,,,0.01,0.39,24.02,27.61,2.1,247.21,,0.12,,,,,,,,,,,,
mattison_RB_MIN,Alexander Mattison,RB,MIN,,,,2.53,327.79,10.85,0.52,80.88,0.01,0.4,,,,,,,,,,,,
berrios_WR_NYJ,Braxton Berrios,WR,NYJ,,,,0.09,30.24,27.07,1.58,282.32,,0.04,,,,,,,,,,,0.15,
kroft_TE_NYJ,Tyler Kroft,TE,NYJ,,,0.01,,0.78,27.5,2.29,274.59,,,,,,,,,,,,,,
hasty_RB_SF,JaMycal Hasty,RB,SF,,,,1.97,315.67,14.18,0.33,94.43,0.04,0.31,,,,,,,,,,,,
mckinnon_RB_KC,Jerick McKinnon,RB,KC,,,,0.95,149.08,23,0.9,183.84,0.57,0.24,,,,,,,,,,,,
mcfarland_RB_PIT,Anthony McFarland,RB,PIT,,,,1.69,314.69,13.82,0.58,95.88,0.03,0.33,,,,,,,,,,,,
dissly_TE_SEA,Will Dissly,TE,SEA,,,0.01,,2.82,27.59,2.02,276.85,,,,,,,,,,,,,,
swain_WR_SEA,Freddie Swain,WR,SEA,,,0.01,,7.76,23.11,1.89,319.34,,0.01,,,,,,,,,,,,
sample_TE_CIN,Drew Sample,TE,CIN,,,,,0.63,29.99,1.62,262.95,,,,,,,,,,,,,,
everett_TE_SEA,Gerald Everett,TE,SEA,,,,,2.02,28.63,1.55,278.65,,,,,,,,,,,,,,
sermon_RB_SF,Trey Sermon,RB,SF,,,,2.13,304.42,12.08,0.43,84.4,0.05,0.38,,,,,,,,,,,,
ward_WR_PHI,Greg Ward,WR,PHI,,,,0.01,1.63,26.25,1.18,306.71,,,,,,,,,,,,,0.08,
mims_WR_NYJ,Denzel Mims,WR,NYJ,,,,0.02,5.75,23.27,1.75,301.83,,0.01,,,,,,,,,,,,
homer_RB_SEA,Travis Homer,RB,SEA,,,,1.06,191.44,19.82,0.72,151.65,0.03,0.13,,,,,,,,,,,,
herndon_TE_MIN,Chris Herndon,TE,MIN,,,,,0.79,23.48,1.82,278.01,,,,,,,,,,,,,,
brown_TE_HOU,Pharaoh Brown,TE,HOU,,,0.01,,0.91,25.4,1.8,257.33,,,,,,,,,,,,,,
henry_TE_NE,Hunter Henry,TE,NE,,,,,1.22,24.94,1.66,269.47,,,,,,,,,,,,,,
jefferson_WR_LAR,Van Jefferson,WR,LAR,,,,,0.51,22.84,1.68,277.44,,,,,,,,,,,,,,
wilson_WR_MIA,Albert Wilson,WR,MIA,,,,0.29,28.62,21.66,1.24,269.06,,0.02,,,,,,,,,,,,
evans_RB_TEN,Darrynton Evans,RB,TEN,,,,1.72,231.55,12.62,0.47,118.93,0.04,0.27,,,,,,,,,,,,
ogunbowale_RB_JAX,Dare Ogunbowale,RB,JAX,,,,1.34,190.72,15.54,0.5,147.11,0.02,0.15,,,,,,,,,,,,
funk_RB_LAR,Jake Funk,RB,LAR,,,,1.87,252.08,12.57,0.49,83.83,0.05,0.36,,,,,,,,,,,,
booker_RB_NYG,Devontae Booker,RB,NYG,,,,2.06,252.06,9.78,0.29,99.06,,,,,,,,,,,,,,
pitts_TE_ATL,Kyle Pitts,TE,ATL,,,,,2.48,26.18,1.55,225.02,,,,,,,,,,,,,,
sanu_WR_SF,Mohamed Sanu,WR,SF,,,,0.05,8.31,23.24,1.14,267.95,,0.01,,,,,,,,,,,,
collins_WR_HOU,Nico Collins,WR,HOU,,,,,7.97,21.54,1.73,252.53,,0.01,,,,,,,,,,,,
hill_RB_GB,Kylin Hill,RB,GB,,,,1.83,248.57,10.95,0.41,89.48,0.05,0.36,,,,,,,,,,,,
scott_RB_PHI,Boston Scott,RB,PHI,,,,0.88,156.45,16.81,0.55,155.95,0.02,0.01,,,,,,,,,,,0.11,
carter_RB_NYJ,Michael Carter,RB,NYJ,,,,1.84,254.09,10.97,0.37,73.61,0.05,0.35,,,,,,,,,,,,
njoku_TE_CLE,David Njoku,TE,CLE,,,,,0.66,21.75,1.53,253.49,,,,,,,,,,,,,,
thomas_TE_CAR,Ian Thomas,TE,CAR,,,0.01,,1.07,26.05,1.33,218.65,,,,,,,,,,,,,,
brown_RB_MIA,Malcolm Brown,RB,MIA,,,,1.6,215.07,13.65,0.28,94.97,,,,,,,,,,,,,,
grant_WR_MIA,Jakeem Grant,WR,MIA,,,,0.11,15.08,18.8,0.89,219.58,,0.01,,,,,,,,,,,1.28,
ingram_RB_HOU,Mark Ingram,RB,HOU,,,,1.75,268.7,8.34,0.41,67.47,0.53,0.39,,,,,,,,,,,,
pringle_WR_KC,Byron Pringle,WR,KC,,,,,1.17,19.67,1.51,259.68,,,,,,,,,,,,,,
trautman_TE_NO,Adam Trautman,TE,NO,,,0.01,,0.93,22.48,1.31,243.6,,,,,,,,,,,,,,
moore_WR_ARI,Rondale Moore,WR,ARI,,,,0.01,9.72,19.57,1.65,238.54,,0.01,,,,,,,,,,,,
rudolph_TE_NYG,Kyle Rudolph,TE,NYG,,,,,0.69,21.06,1.56,238.13,,,,,,,,,,,,,,
williams_WR_MIA,Preston Williams,WR,MIA,,,,0.01,2.99,17.14,1.83,254.98,,,,,,,,,,,,,,
taylor_RB_NE,J.J. Taylor,RB,NE,,,,2.07,307.52,5.76,0.22,32.35,0.04,0.35,,,,,,,,,,,,
atwell_WR_LAR,Tutu Atwell,WR,LAR,,,,,13.94,18.45,1.54,224.06,,0.02,,,,,,,,,,,0.12,
palmer_WR_LAC,Josh Palmer,WR,LAC,,,,,8.27,19.57,1.5,223.44,,0.01,,,,,,,,,,,,
williams_TE_ARI,Maxx Williams,TE,ARI,,,0.01,,2.08,19.64,1.38,228.56,,,,,,,,,,,,,,
cohen_RB_CHI,Tarik Cohen,RB,CHI,,,,0.48,95.48,20.32,0.45,156.08,,0.24,,,,,,,,,,,,
westbrook_WR_MIN,Dede Westbrook,WR,MIN,,,,0.01,4.01,20.23,0.9,241.82,,,,,,,,,,,,,,
mckenzie_WR_BUF,Isaiah McKenzie,WR,BUF,,,,0.07,54.63,16.34,1.01,209.54,,0.03,,,,,,,,,,,0.17,
kelley_RB_LAC,Joshua Kelley,RB,LAC,,,,1.37,221.82,11.28,0.34,72.71,0.03,0.78,,,,,,,,,,,,
tate_WR_CIN,Auden Tate,WR,CIN,,,,,0.64,16.52,1.28,239.13,,,,,,,,,,,,,,
patterson_RB_WSH,Jaret Patterson,RB,WSH,,,,1.46,206.85,9.55,0.33,57.84,0.05,0.28,,,,,,,,,,,,
hurd_WR_SF,Jalen Hurd,WR,SF,,,,0.03,8.95,17,1.23,201.05,,0.01,,,,,,,,,,,0.12,
gainwell_RB_PHI,Kenneth Gainwell,RB,PHI,,,,1.01,141.25,12.63,0.48,99.62,0.05,0.15,,,,,,,,,,,,
brown_WR_WSH,Dyami Brown,WR,WSH,,,,0.03,8.63,16.53,1.24,195.89,,0.01,,,,,,,,,,,0.12,
harry_WR_NE,N'Keal Harry,WR,NE,,,,0.04,11.11,16.14,0.99,216.44,,0.01,,,,,,,,,,,,
jones_RB_NO,Tony Jones,RB,NO,,,,0.93,124.58,12.87,0.57,92.07,0.05,0.13,,,,,,,,,,,,
evans_RB_CIN,Chris Evans,RB,CIN,,,,1.19,163.49,10.62,0.38,70.18,0.05,0.23,,,,,,,,,,,,
hubbard_RB_CAR,Chuba Hubbard,RB,CAR,,,,0.89,123.78,13.08,0.4,100.14,0.05,0.13,,,,,,,,,,,,
darby_WR_ATL,Frank Darby,WR,ATL,,,,0.02,6.74,16.06,1.27,183.13,,0.01,,,,,,,,,,,,
boykin_WR_BAL,Miles Boykin,WR,BAL,,,,,0.69,16.36,1.1,197.35,,,,,,,,,,,,,,
moreau_TE_LV,Foster Moreau,TE,LV,,,0.01,,0.97,16.97,1.37,173.3,,,,,,,,,,,,,,
jefferson_RB_DET,Jermar Jefferson,RB,DET,,,,1.19,170.51,9.66,0.41,63.78,0.05,0.23,,,,,,,,,,,,
lance_QB_SF,Trey Lance,QB,SF,1.74,598.95,2.59,0.73,114.52,,,,0.6,0.29,,,,,,,,,,,,
wallace_WR_BAL,Tylan Wallace,WR,BAL,,,,0.15,10.68,15.33,1.09,181.36,,0.01,,,,,,,,,,,,
bryant_TE_CLE,Harrison Bryant,TE,CLE,,,,,0.75,16.74,0.97,186,,,,,,,,,,,,,,
fells_TE_DET,Darren Fells,TE,DET,,,,,0.6,16.95,1.33,160.27,,,,,,,,,,,,,,
breida_RB_BUF,Matt Breida,RB,BUF,,,,1.17,212.1,7.68,0.32,37.47,,0.72,,,,,,,,,,,,
boyle_TE_BAL,Nick Boyle,TE,BAL,,,,0.01,0.99,17.93,1.1,154.15,,,,,,,,,,,,,,
smythe_TE_MIA,Durham Smythe,TE,MIA,,,,,0.72,16.56,0.91,172.43,,,,,,,,,,,,,,
sims_WR_WSH,Cam Sims,WR,WSH,,,,,1.21,14.58,1.12,178.59,,,,,,,,,,,,,,
rogers_WR_TEN,Chester Rogers,WR,TEN,,,,0.01,4.8,15.52,0.92,175.9,,0.01,,,,,,,,,,,,
ham_RB_MIN,C.J. Ham,RB,MIN,,,0.01,0.07,,17.53,0.98,149.55,0.08,0.01,,,,,,,,,,,,
smithmarsette_WR_MIN,Ihmir Smith-Marsette,WR,MIN,,,,0.02,7.84,13.09,1.09,180.74,,0.01,,,,,,,,,,,,
miller_WR_TB,Scott Miller,WR,TB,,,,0.05,20.85,11.07,1.17,172.91,,0.03,,,,,,,,,,,,
huntley_QB_BAL,Tyler Huntley,QB,BAL,1.28,516.48,2.64,0.74,122.64,,,,0.54,0.31,,,,,,,,,,,,
smith_WR_CAR,Shi Smith,WR,CAR,,,,0.04,8.68,13.35,0.97,162.84,,0.01,,,,,,,,,,,0.1,
smith_RB_ATL,Keith Smith,RB,ATL,,,0.01,0.16,8.99,17.95,0.64,132.45,0.11,0.02,,,,,,,,,,,,
ricard_RB_BAL,Patrick Ricard,RB,BAL,,,0.01,0.06,,19.39,0.71,123.55,0.11,0.02,,,,,,,,,,,,
freiermuth_TE_PIT,Pat Freiermuth,TE,PIT,,,,,1.43,16.45,1.14,130.72,,,,,,,,,,,,,,
vannett_TE_NO,Nick Vannett,TE,NO,,,,,0.56,16.82,0.98,136.98,,,,,,,,,,,,,,
humphrey_WR_NO,Lil'Jordan Humphrey,WR,NO,,,,0.01,4.55,13.35,0.94,168.08,,0.01,,,,,,,,,,,,
dwelley_TE_SF,Ross Dwelley,TE,SF,,,,,0.65,14.71,1.11,144.89,,,,,,,,,,,,,,
freeman_RB_CAR,Royce Freeman,RB,CAR,,,,0.92,158.6,8.43,0.24,48.66,,0.17,,,,,,,,,,,,
johnson_TE_NO,Juwan Johnson,TE,NO,,,,,2.4,13.36,0.91,157.99,,,,,,,,,,,,,,
fehoko_WR_DAL,Simi Fehoko,WR,DAL,,,,0.01,6.65,12.23,0.99,155.46,,0.01,,,,,,,,,,,,
toney_WR_NYG,Kadarius Toney,WR,NYG,,,,0.09,9.81,12.06,0.93,146.79,,0.02,,,,,,,,,,,,
rodgers_WR_GB,Amari Rodgers,WR,GB,,,,0.01,8.58,12.67,0.93,143.03,,0.01,,,,,,,,,,,,
parham_TE_LAC,Donald Parham,TE,LAC,,,,,0.65,13.59,1.06,134.22,,,,,,,,,,,,,,
nwangwu_RB_MIN,Kene Nwangwu,RB,MIN,,,,0.91,129.97,6.84,0.3,62.32,0.04,0.17,,,,,,,,,,,,
olonilua_RB_DAL,Sewo Olonilua,RB,DAL,,,,0.83,119.41,8.14,0.38,58.98,0.05,0.16,,,,,,,,,,,,
hill_RB_BAL,Justice Hill,RB,BAL,,,,0.81,107.09,8.93,0.23,69.97,0.01,0.09,,,,,,,,,,,,
brightwell_RB_NYG,Gary Brightwell,RB,NYG,,,,1.02,143.6,7.03,0.22,41.55,0.05,0.2,,,,,,,,,,,,
lewis_TE_GB,Marcedes Lewis,TE,GB,,,,,0.69,14.25,0.98,120.89,,,,,,,,,,,,,,
agnew_WR_JAX,Jamal Agnew,WR,JAX,,,,0.22,35.25,7.27,0.49,99.31,,0.03,,,,,,,,,,,1.16,
mckitty_TE_LAC,Tre' McKitty,TE,LAC,,,,,1.27,14.35,0.89,118.28,,,,,,,,,,,,,,
patterson_WR_ATL,Cordarrelle Patterson,WR,ATL,,,,0.03,80.11,5.03,0.3,66.62,,0.03,,,,,,,,,,,1.59,
johnson_WR_NYG,Collin Johnson,WR,NYG,,,,,0.37,10.2,0.86,153.51,,,,,,,,,,,,,,
schwartz_WR_CLE,Anthony Schwartz,WR,CLE,,,,0.04,8.86,10.45,0.81,141.23,,0.01,,,,,,,,,,,,
spencer_WR_DEN,Diontae Spencer,WR,DEN,,,,0.07,42.7,9.26,0.6,112.98,,0.05,,,,,,,,,,,0.15,
goodwin_WR_CHI,Marquise Goodwin,WR,CHI,,,,0.01,3.68,9.52,0.87,137.23,,,,,,,,,,,,,,
isabella_WR_ARI,Andy Isabella,WR,ARI,,,,,2.95,10.83,0.69,135.8,,,,,,,,,,,,,,
wilkins_RB_IND,Jordan Wilkins,RB,IND,,,,0.43,58.08,9.14,0.35,73.22,0.61,,,,,,,,,,,,,
bell_TE_KC,Blake Bell,TE,KC,,,,0.03,12.12,11.26,0.75,105.82,,0.01,,,,,,,,,,,,
sherfield_WR_SF,Trent Sherfield,WR,SF,,,,,1.17,10.39,0.69,128.51,,,,,,,,,,,,,,
duvernay_WR_BAL,Devin Duvernay,WR,BAL,,,,0.68,43.51,5.47,0.32,61.8,,0.04,,,,,,,,,,,0.86,
boone_RB_DEN,Mike Boone,RB,DEN,,,,1.14,132.83,3.42,0.18,23.72,0.02,0.1,,,,,,,,,,,,
darden_WR_TB,Jaelon Darden,WR,TB,,,,0.01,5.84,9.11,0.71,127.07,,0.01,,,,,,,,,,,,
herbert_RB_CHI,Khalil Herbert,RB,CHI,,,,0.64,90.33,6.54,0.25,43.27,0.05,0.12,,,,,,,,,,,,
carter_WR_WSH,DeAndre Carter,WR,WSH,,,,0.04,11.98,8.5,0.62,100.86,,0.01,,,,,,,,,,,,
olszewski_WR_NE,Gunner Olszewski,WR,NE,,,,0.01,12.82,7.2,0.58,110.27,,0.02,,,,,,,,,,,0.06,
mccloud_WR_PIT,Ray-Ray McCloud,WR,PIT,,,,0.05,15.92,10.08,0.44,87.62,,0.02,,,,,,,,,,,,
watt_RB_PIT,Derek Watt,RB,PIT,,,,1.02,113.32,3.11,0.19,13.38,0.02,0.11,,,,,,,,,,,,
daniels_TE_ARI,Darrell Daniels,TE,ARI,,,,,0.64,9.68,0.71,87.05,,,,,,,,,,,,,,
minshew_QB_PHI,Gardner Minshew,QB,PHI,1.93,360.84,1.51,0.23,1.74,,,,1.07,0.18,,,,,,,,,,,,
tremble_TE_CAR,Tommy Tremble,TE,CAR,,,,,1.55,9.52,0.65,83.69,,,,,,,,,,,,,,
anderson_TE_LAC,Stephen Anderson,TE,LAC,,,,,0.56,8,0.7,95.8,,,,,,,,,,,,,,
eason_QB_IND,Jacob Eason,QB,IND,1.75,412.48,2.29,0.33,1.39,,,,0.6,0.27,,,,,,,,,,,,
hodge_WR_DET,KhaDarel Hodge,WR,DET,,,,,0.55,5.65,0.73,114.11,,,,,,,,,,,,,,
perkins_QB_LAR,Bryce Perkins,QB,LAR,1.1,345.03,1.65,0.49,22.35,,,,0.56,0.2,,,,,,,,,,,,
roberts_WR_HOU,Andre Roberts,WR,HOU,,,,0.03,8.76,5.32,0.4,79.12,,0.01,,,,,,,,,,,0.64,
mond_QB_MIN,Kellen Mond,QB,MIN,1.46,304.72,1.62,0.48,17.83,,,,0.6,0.19,,,,,,,,,,,,
manhertz_TE_JAX,Chris Manhertz,TE,JAX,,,0.01,,0.95,8.41,0.56,81.22,,,,,,,,,,,,,,
burton_RB_KC,Michael Burton,RB,KC,,,,0.15,17.48,9.46,0.39,53.97,0.03,0.02,,,,,,,,,,,,
jones_WR_LV,Zay Jones,WR,LV,,,,,0.69,6.63,0.57,94.55,,,,,,,,,,,,,,
gray_TE_KC,Noah Gray,TE,KC,,,,,1.3,7.87,0.68,74.64,,,,,,,,,,,,,,
farrell_TE_JAX,Luke Farrell,TE,JAX,,,,,1.03,7.94,0.65,75.41,,,,,,,,,,,,,,
griffin_TE_NYJ,Ryan Griffin,TE,NYJ,,,,,0.66,8.84,0.6,68.76,,,,,,,,,,,,,,
hill_WR_LAC,K.J. Hill,WR,LAC,,,,,3.03,6.43,0.56,91.15,,,,,,,,,,,,,,
franks_QB_ATL,Feleipe Franks,QB,ATL,0.94,324.31,1.67,0.49,19.83,,,,0.6,0.19,,,,,,,,,,,,
ward_RB_ARI,Jonathan Ward,RB,ARI,,,,0.1,8.67,8.42,0.36,66.6,0.05,0.01,,,,,,,,,,,,
westbrookikhine_WR_TEN,Nick Westbrook-Ikhine,WR,TEN,,,,,0.59,6.35,0.5,93.06,,,,,,,,,,,,,,
ingold_RB_LV,Alec Ingold,RB,LV,,,,0.08,5.49,8.01,0.4,69.65,0.03,0.01,,,,,,,,,,,,
granson_TE_IND,Kylen Granson,TE,IND,,,,,1.03,6.45,0.67,76.91,,,,,,,,,,,,,,
beathard_QB_JAX,C.J. Beathard,QB,JAX,1.01,370.79,1.42,0.16,0.01,,,,0.51,0.05,,,,,,,,,,,,
lock_QB_DEN,Drew Lock,QB,DEN,1.89,305.42,2.16,0.25,0.99,,,,0.6,0.18,,,,,,,,,,,,
carrier_TE_LV,Derek Carrier,TE,LV,,,,,0.75,5.81,0.58,84.9,,,,,,,,,,,,,,
thomas_WR_CIN,Mike Thomas,WR,CIN,,,,,1.5,5,0.53,94.14,,,,,,,,,,,,,,
jordan_TE_HOU,Brevin Jordan,TE,HOU,,,,,0.91,6.52,0.61,67.16,,,,,,,,,,,,,,
perine_RB_NYJ,La'Mical Perine,RB,NYJ,,,,0.56,78.38,3.12,0.08,22.91,0.01,0.06,,,,,,,,,,,,
deguara_TE_GB,Josiah Deguara,TE,GB,,,,,1.03,6.38,0.61,67.35,,,,,,,,,,,,,,
fields_QB_CHI,Justin Fields,QB,CHI,0.98,299.52,1.64,0.43,7.61,,,,0.6,0.17,,,,,,,,,,,,
stevenson_RB_NE,Rhamondre Stevenson,RB,NE,,,,0.67,76.79,2.42,0.1,19.84,0.02,0.13,,,,,,,,,,,,
kennedy_WR_DET,Tom Kennedy,WR,DET,,,,,4.24,5.11,0.45,78.39,,0.01,,,,,,,,,,,,
wilson_WR_DAL,Ced Wilson,WR,DAL,,,,,8.22,4.93,0.39,77.39,,0.01,,,,,,,,,,,,
asiasi_TE_NE,Devin Asiasi,TE,NE,,,,,0.69,6.9,0.49,58.9,,,,,,,,,,,,,,
smith_TE_NYG,Kaden Smith,TE,NYG,,,,,0.42,5.75,0.53,67.96,,,,,,,,,,,,,,
batson_WR_TEN,Cameron Batson,WR,TEN,,,,0.04,15.42,6.06,0.35,56.44,,0.02,,,,,,,,,,,,
gilliam_TE_BUF,Reggie Gilliam,TE,BUF,,,,,0.88,7.11,0.49,48.41,,,,,,,,,,,,,,
ballage_RB_PIT,Kalen Ballage,RB,PIT,,,,0.44,60.32,3.49,0.07,25.07,,0.07,,,,,,,,,,,,
johnson_WR_TB,Tyler Johnson,WR,TB,,,,,0.61,3.67,0.4,87.3,,,,,,,,,,,,,,
love_QB_GB,Jordan Love,QB,GB,0.95,280.95,1.6,0.29,1.52,,,,0.6,0.11,,,,,,,,,,,,
ursua_WR_SEA,John Ursua,WR,SEA,,,,,3.7,4.95,0.4,65.42,,,,,,,,,,,,,,
allen_QB_WSH,Kyle Allen,QB,WSH,1.02,280.88,1.5,0.12,1.7,,,,0.56,0.09,,,,,,,,,,,,
mundt_TE_LAR,Johnny Mundt,TE,LAR,,,,,0.66,6.65,0.49,43.21,,,,,,,,,,,,,,
trubisky_QB_BUF,Mitchell Trubisky,QB,BUF,0.87,268.56,1.36,0.18,0.94,,,,0.6,0.06,,,,,,,,,,,,
bates_TE_WSH,John Bates,TE,WSH,,,,,0.98,5.22,0.48,55.41,,,,,,,,,,,,,,
proche_WR_BAL,James Proche,WR,BAL,,,,0.05,3.79,3.96,0.35,62.23,,,,,,,,,,,,,0.09,
glennon_QB_NYG,Mike Glennon,QB,NYG,1.1,245.3,1.79,0.04,0.33,,,,1.02,0.1,,,,,,,,,,,,
woerner_TE_SF,Charlie Woerner,TE,SF,,,,,0.65,4.08,0.48,56.44,,,,,,,,,,,,,,
rush_QB_DAL,Cooper Rush,QB,DAL,0.77,261.7,1.5,0.2,0.44,,,,0.56,0.18,,,,,,,,,,,,
reyes_TE_WSH,Sammis Reyes,TE,WSH,,,,,0.96,4.51,0.48,48.75,,,,,,,,,,,,,,
austin_WR_JAX,Tavon Austin,WR,JAX,,,,0.01,8.36,4.86,0.23,52.14,,,,,,,,,,,,,,
ricci_TE_CAR,Giovanni Ricci,TE,CAR,,,,,1.21,4.69,0.44,44.82,,,,,,,,,,,,,,
walker_QB_CAR,P.J. Walker,QB,CAR,0.57,298.61,2.16,0.15,0.9,,,,0.54,0.06,,,,,,,,,,,,
nabers_RB_LAC,Gabe Nabers,RB,LAC,,,,0.09,5.67,5.57,0.26,35.24,0.04,0.01,,,,,,,,,,,,
mills_QB_HOU,Davis Mills,QB,HOU,0.56,189.6,1.06,0.28,19.97,,,,0.32,0.11,,,,,,,,,,,,
allen_QB_CIN,Brandon Allen,QB,CIN,0.78,246.55,1.44,0.1,0.13,,,,0.6,0.09,,,,,,,,,,,,
parkinson_TE_SEA,Colby Parkinson,TE,SEA,,,,,0.69,3.77,0.47,48.82,,,,,,,,,,,,,,
board_WR_NYG,C.J. Board,WR,NYG,,,,0.01,1.8,2.94,0.27,66.96,,,,,,,,,,,,,,
montgomery_RB_NO,Ty Montgomery,RB,NO,,,,0.18,34.75,3.29,0.15,26.91,,,,,,,,,,,,,,
dulin_WR_IND,Ashton Dulin,WR,IND,,,,0.01,11.53,1.95,0.25,55.92,,0.02,,,,,,,,,,,0.16,
white_QB_NYJ,Mike White,QB,NYJ,0.69,227.27,1.47,0.21,0.22,,,,0.6,0.17,,,,,,,,,,,,
smith_QB_SEA,Geno Smith,QB,SEA,0.52,234.89,1.12,0.18,1.01,,,,0.43,0.14,,,,,,,,,,,,
snell_RB_PIT,Benny Snell,RB,PIT,,,,0.4,60.5,1.45,0.05,8.76,,0.13,,,,,,,,,,,,
heinicke_QB_WSH,Taylor Heinicke,QB,WSH,0.74,209.07,1.2,0.15,1.06,,,,0.49,0.06,,,,,,,,,,,,
slater_WR_NE,Matthew Slater,WR,NE,,,,0.01,6.25,1.46,0.18,71.79,,0.01,,,,,,,,,,,0.05,
ross_WR_NYG,John Ross,WR,NYG,,,,0.04,5.23,3.35,0.21,46.59,,0.02,,,,,,,,,,,,
woodside_QB_TEN,Logan Woodside,QB,TEN,0.54,173.31,1.1,0.33,6.28,,,,0.51,0.28,,,,,,,,,,,,
carter_TE_MIA,Cethan Carter,TE,MIA,,,,,0.65,3.4,0.38,41.87,,,,,,,,,,,,,,
taylor_WR_GB,Malik Taylor,WR,GB,,,,0.02,11.86,2.76,0.2,46.9,,0.02,,,,,,,,,,,,
brissett_QB_MIA,Jacoby Brissett,QB,MIA,0.53,160.09,0.57,0.36,1.91,,,,0.28,0.19,,,,,,,,,,,,
gabbert_QB_TB,Blaine Gabbert,QB,TB,0.65,195.89,1.17,0.15,1.49,,,,0.38,0.03,,,,,,,,,,,,
smith_TE_ATL,Lee Smith,TE,ATL,,,,,0.62,4.41,0.41,28.94,,,,,,,,,,,,,,
harris_TE_ARI,Demetrius Harris,TE,ARI,,,,,0.7,2.96,0.37,43.1,,,,,,,,,,,,,,
johnson_RB_CLE,D'Ernest Johnson,RB,CLE,,,,0.04,1.83,4.72,0.2,31.35,0.02,,,,,,,,,,,,,
webster_WR_CHI,Nsimba Webster,WR,CHI,,,,,2.36,1.73,0.19,62.03,,,,,,,,,,,,,,
dillon_TE_MIN,Brandon Dillon,TE,MIN,,,,,0.83,2.92,0.41,35.07,,,,,,,,,,,,,,
wolford_QB_LAR,John Wolford,QB,LAR,0.56,159.44,0.89,0.16,0.62,,,,0.6,0.06,,,,,,,,,,,,
gentry_TE_PIT,Zach Gentry,TE,PIT,,,,,0.69,3.13,0.4,32.8,,,,,,,,,,,,,,
kemp_WR_KC,Marcus Kemp,WR,KC,,,,,2.02,1.81,0.21,53.71,,,,,,,,,,,,,,
griffin_TE_NO,Garrett Griffin,TE,NO,,,,,0.91,3.25,0.41,28.07,,,,,,,,,,,,,,
henne_QB_KC,Chad Henne,QB,KC,0.55,172.44,0.89,0.14,0.11,,,,0.3,0.13,,,,,,,,,,,,
keenum_QB_CLE,Case Keenum,QB,CLE,0.5,172.79,0.88,0.05,0.34,,,,0.51,0.06,,,,,,,,,,,,
beck_TE_DEN,Andrew Beck,TE,DEN,,,,,0.72,2.66,0.36,34.3,,,,,,,,,,,,,,
penny_RB_NYG,Elijhaa Penny,RB,NYG,,,,0.09,4.21,4.09,0.16,18.47,0.01,0.01,,,,,,,,,,,,
boyle_QB_DET,Tim Boyle,QB,DET,0.34,153.29,0.81,0.26,2.36,,,,0.32,0.24,,,,,,,,,,,,
holtz_TE_CHI,J.P. Holtz,TE,CHI,,,,,0.98,2.61,0.34,30.59,,,,,,,,,,,,,,
saubert_TE_DEN,Eric Saubert,TE,DEN,,,,,0.72,2.97,0.35,25.39,,,,,,,,,,,,,,
janovich_RB_CLE,Andy Janovich,RB,CLE,,,,0.07,5.55,3.6,0.17,17.55,0.01,0.01,,,,,,,,,,,,
burkhead_RB_HOU,Rex Burkhead,RB,HOU,,,,0.19,21.08,1.78,0.07,15.19,,,,,,,,,,,,,,
mariota_QB_LV,Marcus Mariota,QB,LV,0.39,97.32,0.54,0.27,1.18,,,,0.51,0.1,,,,,,,,,,,,
osborn_WR_MIN,K.J. Osborn,WR,MIN,,,,0.02,6.86,,0.09,38.41,,0.01,,,,,,,,,,,0.29,
cabinda_RB_DET,Jason Cabinda,RB,DET,,,,0.05,4.16,3.1,0.19,14.16,0.05,0.01,,,,,,,,,,,,
blasingame_RB_TEN,Khari Blasingame,RB,TEN,,,,0.06,3.18,3.42,0.17,12.09,0.05,0.01,,,,,,,,,,,,
strachan_WR_IND,Mike Strachan,WR,IND,,,,,1.04,2.03,0.17,28.81,,,,,,,,,,,,,,
rudolph_QB_PIT,Mason Rudolph,QB,PIT,0.43,110.33,0.94,0.11,0.25,,,,0.51,0.11,,,,,,,,,,,,
clement_RB_DAL,Corey Clement,RB,DAL,,,,0.11,16.99,1.3,0.06,9.44,0.2,,,,,,,,,,,,,
foles_QB_CHI,Nick Foles,QB,CHI,0.32,92.82,0.52,0.04,0.17,,,,0.26,0.06,,,,,,,,,,,,
wesco_TE_NYJ,Trevon Wesco,TE,NYJ,,,,0.02,7.33,1.23,0.25,9.68,,0.01,,,,,,,,,,,,
mckeon_TE_DAL,Sean McKeon,TE,DAL,,,,,0.55,1.09,0.26,14.2,,,,,,,,,,,,,,
zylstra_WR_CAR,Brandon Zylstra,WR,CAR,,,,0.04,10.26,0.03,0.06,23.59,,0.01,,,,,,,,,,,,
book_QB_NO,Ian Book,QB,NO,0.18,33.82,0.3,0.22,1.33,,,,0.6,0.08,,,,,,,,,,,,
streveler_QB_ARI,Chris Streveler,QB,ARI,0.2,40.43,0.33,0.14,1.58,,,,0.56,0.05,,,,,,,,,,,,
flacco_QB_PHI,Joe Flacco,QB,PHI,0.24,53.99,0.38,0.04,0.13,,,,0.58,0.05,,,,,,,,,,,,
ellefson_TE_MIN,Ben Ellefson,TE,MIN,,,,,0.25,1.08,0.12,14.83,,,,,,,,,,,,,,
collins_RB_SEA,Alex Collins,RB,SEA,,,,0.09,11.78,0.47,0.01,3.82,,0.04,,,,,,,,,,,,
tomlinson_TE_BAL,Eric Tomlinson,TE,BAL,,,,,0.79,0.52,0.2,3.49,,,,,,,,,,,,,,
felton_WR_CLE,Demetric Felton,WR,CLE,,,,0.03,5.24,0.58,0.03,4.31,,,,,,,,,,,,,,
haskins_QB_PIT,Dwayne Haskins,QB,PIT,0.11,34.8,0.24,0.04,,,,,0.1,0.03,,,,,,,,,,,,
mccoy_QB_ARI,Colt McCoy,QB,ARI,0.11,0.92,0.17,0.06,0.67,,,,0.41,0.04,,,,,,,,,,,,
shaheen_TE_MIA,Adam Shaheen,TE,MIA,,,,,0.04,0.5,0.03,4.7,,,,,,,,,,,,,,
blough_QB_DET,David Blough,QB,DET,0.08,17.06,0.15,0.02,0.01,,,,0.1,0.01,,,,,,,,,,,,
blake_WR_ATL,Christian Blake,WR,ATL,,,,,0.04,0.24,0.03,4.74,,,,,,,,,,,,,,
washington_RB_NO,Dwayne Washington,RB,NO,,,,,,0.28,0.02,3.62,,,,,,,,,,,,,,
johnson_RB_NE,Jakob Johnson,RB,NE,,,,0.01,,0.28,0.02,2.43,,,,,,,,,,,,,,
daniel_QB_LAC,Chase Daniel,QB,LAC,0.11,1.21,0.17,0.05,0.05,,,,0.15,0.03,,,,,,,,,,,,
dafney_TE_GB,Dominique Dafney,TE,GB,,,,,0.04,0.11,0.02,1.2,,,,,,,,,,,,,,
bellore_RB_SEA,Nick Bellore,RB,SEA,,,,,,0.14,0.01,0.56,,,,,,,,,,,,,,
akers_RB_LAR,Cam Akers,RB,LAR,,,,,,,,,,,,,,,,,,,,,,
arcegawhiteside_WR_PHI,J.J. Arcega-Whiteside,WR,PHI,,,,,,,,,,,,,,,,,,,,,,
bateman_WR_BAL,Rashod Bateman,WR,BAL,,,,,,,,,,,,,,,,,,,,,,
becker_TE_ATL,Ryan Becker,TE,ATL,,,,,,,,,,,,,,,,,,,,,,
beebe_WR_MIN,Chad Beebe,WR,MIN,,,,,,,,,,,,,,,,,,,,,,
bellamy_RB_DEN,Levante Bellamy,RB,DEN,,,,,,,,,,,,,,,,,,,,,,
benjamin_RB_ARI,Eno Benjamin,RB,ARI,,,,,,,,,,,,,,,,,,,,,,
benson_WR_DET,Trinity Benson,WR,DET,,,,,,,,,,,,,,,,,,,,,,
bolden_RB_NE,Brandon Bolden,RB,NE,,,,,,,,,,,,,,,,,,,,,,
bowden_WR_MIA,Lynn Bowden,WR,MIA,,,,,,,,,,,,,,,,,,,,,,
bowers_TE_LV,Nick Bowers,TE,LV,,,,,,,,,,,,,,,,,,,,,,
brown_TE_NYJ,Daniel Brown,TE,NYJ,,,,,,,,,,,,,,,,,,,,,,
brown_WR_DAL,Noah Brown,WR,DAL,,,,,,,,,,,,,,,,,,,,,,
bryant_TE_DET,Hunter Bryant,TE,DET,,,,,,,,,,,,,,,,,,,,,,
cain_WR_BAL,Deon Cain,WR,BAL,,,,,,,,,,,,,,,,,,,,,,
calais_RB_LAR,Raymond Calais,RB,LAR,,,,,,,,,,,,,,,,,,,,,,
cantrell_WR_WSH,Dylan Cantrell,WR,WSH,,,,,,,,,,,,,,,,,,,,,,
carlson_TE_CLE,Stephen Carlson,TE,CLE,,,,,,,,,,,,,,,,,,,,,,
chisena_WR_MIN,Dan Chisena,WR,MIN,,,,,,,,,,,,,,,,,,,,,,
clark_RB_CAR,Darius Clark,RB,CAR,,,,,,,,,,,,,,,,,,,,,,
croom_TE_PHI,Jason Croom,TE,PHI,,,,,,,,,,,,,,,,,,,,,,
dallas_RB_SEA,DeeJay Dallas,RB,SEA,,,,,,,,,,,,,,,,,,,,,,
davis_WR_IND,Quartney Davis,WR,IND,,,,,,,,,,,,,,,,,,,,,,
dobbins_RB_BAL,J.K. Dobbins,RB,BAL,,,,,,,,,,,,,,,,,,,,,,
dobbs_QB_PIT,Joshua Dobbs,QB,PIT,,,,,,,,,,,,,,,,,,,,,,
dowdle_RB_DAL,Rico Dowdle,RB,DAL,,,,,,,,,,,,,,,,,,,,,,
ehlinger_QB_IND,Sam Ehlinger,QB,IND,,,,,,,,,,,,,,,,,,,,,,
etienne_RB_JAX,Travis Etienne,RB,JAX,,,,,,,,,,,,,,,,,,,,,,
fortson_WR_KC,Jody Fortson,WR,KC,,,,,,,,,,,,,,,,,,,,,,
fountain_WR_KC,Daurice Fountain,WR,KC,,,,,,,,,,,,,,,,,,,,,,
fumagalli_TE_NE,Troy Fumagalli,TE,NE,,,,,,,,,,,,,,,,,,,,,,
gillaspia_RB_NYG,Cullen Gillaspia,RB,NYG,,,,,,,,,,,,,,,,,,,,,,
godwin_WR_JAX,Terry Godwin,WR,JAX,,,,,,,,,,,,,,,,,,,,,,
graham_TE_ATL,Jaeden Graham,TE,ATL,,,,,,,,,,,,,,,,,,,,,,
grier_QB_DAL,Will Grier,QB,DAL,,,,,,,,,,,,,,,,,,,,,,
hamilton_WR_DEN,DaeSean Hamilton,WR,DEN,,,,,,,,,,,,,,,,,,,,,,
harris_TE_LAR,Jacob Harris,TE,LAR,,,,,,,,,,,,,,,,,,,,,,
hollins_WR_MIA,Mack Hollins,WR,MIA,,,,,,,,,,,,,,,,,,,,,,
hopkins_TE_LAR,Brycen Hopkins,TE,LAR,,,,,,,,,,,,,,,,,,,,,,
horsted_TE_CHI,Jesper Horsted,TE,CHI,,,,,,,,,,,,,,,,,,,,,,
hurns_WR_MIA,Allen Hurns,WR,MIA,,,,,,,,,,,,,,,,,,,,,,
jackson_TE_PHI,Tyree Jackson,TE,PHI,,,,,,,,,,,,,,,,,,,,,,
james_TE_CHI,Jesse James,TE,CHI,,,,,,,,,,,,,,,,,,,,,,
james_WR_SF,Richie James,WR,SF,,,,,,,,,,,,,,,,,,,,,,
jennings_WR_SF,Jauan Jennings,WR,SF,,,,,,,,,,,,,,,,,,,,,,
john_TE_NYG,Rysen John,TE,NYG,,,,,,,,,,,,,,,,,,,,,,
johnson_WR_MIN,Bisi Johnson,WR,MIN,,,,,,,,,,,,,,,,,,,,,,
johnson_WR_TEN,Marcus Johnson,WR,TEN,,,,,,,,,,,,,,,,,,,,,,
jones_RB_BUF,Taiwan Jones,RB,BUF,,,,,,,,,,,,,,,,,,,,,,
jones_RB_LAR,Xavier Jones,RB,LAR,,,,,,,,,,,,,,,,,,,,,,
keene_TE_NE,Dalton Keene,TE,NE,,,,,,,,,,,,,,,,,,,,,,
killins_RB_DEN,Adrian Killins Jr.,RB,DEN,,,,,,,,,,,,,,,,,,,,,,
kumerow_WR_BUF,Jake Kumerow,WR,BUF,,,,,,,,,,,,,,,,,,,,,,
long_TE_MIA,Hunter Long,TE,MIA,,,,,,,,,,,,,,,,,,,,,,
luton_QB_SEA,Jake Luton,QB,SEA,,,,,,,,,,,,,,,,,,,,,,
mack_WR_NYG,Austin Mack,WR,NYG,,,,,,,,,,,,,,,,,,,,,,
mccarron_QB_ATL,AJ McCarron,QB,ATL,,,,,,,,,,,,,,,,,,,,,,
mccrary_RB_DEN,Nate McCrary,RB,DEN,,,,,,,,,,,,,,,,,,,,,,
mcmath_WR_TEN,Racey McMath,WR,TEN,,,,,,,,,,,,,,,,,,,,,,
mcnichols_RB_TEN,Jeremy McNichols,RB,TEN,,,,,,,,,,,,,,,,,,,,,,
milne_WR_WSH,Dax Milne,WR,WSH,,,,,,,,,,,,,,,,,,,,,,
mitchell_RB_SF,Eli Mitchell,RB,SF,,,,,,,,,,,,,,,,,,,,,,
morgan_WR_CIN,Stanley Morgan,WR,CIN,,,,,,,,,,,,,,,,,,,,,,
nelson_WR_IND,J.J. Nelson,WR,IND,,,,,,,,,,,,,,,,,,,,,,
oliver_TE_BAL,Josh Oliver,TE,BAL,,,,,,,,,,,,,,,,,,,,,,
ollison_RB_ATL,Qadree Ollison,RB,ATL,,,,,,,,,,,,,,,,,,,,,,
patmon_WR_IND,Dezmon Patmon,WR,IND,,,,,,,,,,,,,,,,,,,,,,
perry_RB_NE,Malcolm Perry,RB,NE,,,,,,,,,,,,,,,,,,,,,,
peterman_QB_LV,Nathan Peterman,QB,LV,,,,,,,,,,,,,,,,,,,,,,
phillips_RB_HOU,Scottie Phillips,RB,HOU,,,,,,,,,,,,,,,,,,,,,,
proehl_WR_MIN,Blake Proehl,WR,MIN,,,,,,,,,,,,,,,,,,,,,,
richard_RB_LV,Jalen Richard,RB,LV,,,,,,,,,,,,,,,,,,,,,,
rosen_QB_ATL,Josh Rosen,QB,ATL,,,,,,,,,,,,,,,,,,,,,,
rountree_RB_LAC,Larry Rountree III,RB,LAC,,,,,,,,,,,,,,,,,,,,,,
sargent_RB_TEN,Mekhi Sargent,RB,TEN,,,,,,,,,,,,,,,,,,,,,,
sealsjones_TE_WSH,Ricky Seals-Jones,TE,WSH,,,,,,,,,,,,,,,,,,,,,,
sharpe_WR_ATL,Tajae Sharpe,WR,ATL,,,,,,,,,,,,,,,,,,,,,,
skowronek_WR_LAR,Ben Skowronek,WR,LAR,,,,,,,,,,,,,,,,,,,,,,
smith_TE_MIN,Irv Smith,TE,MIN,,,,,,,,,,,,,,,,,,,,,,
smith_WR_NYJ,Jeff Smith,WR,NYJ,,,,,,,,,,,,,,,,,,,,,,
soehner_TE_NO,Dylan Soehner,TE,NO,,,,,,,,,,,,,,,,,,,,,,
stanley_QB_MIN,Nate Stanley,QB,MIN,,,,,,,,,,,,,,,,,,,,,,
sternberger_TE_GB,Jace Sternberger,TE,GB,,,,,,,,,,,,,,,,,,,,,,
stevenson_WR_BUF,Marquez Stevenson,WR,BUF,,,,,,,,,,,,,,,,,,,,,,
stick_QB_LAC,Easton Stick,QB,LAC,,,,,,,,,,,,,,,,,,,,,,
stidham_QB_NE,Jarrett Stidham,QB,NE,,,,,,,,,,,,,,,,,,,,,,
swaim_TE_TEN,Geoff Swaim,TE,TEN,,,,,,,,,,,,,,,,,,,,,,
sweeney_TE_BUF,Tommy Sweeney,TE,BUF,,,,,,,,,,,,,,,,,,,,,,
switzer_WR_CLE,Ryan Switzer,WR,CLE,,,,,,,,,,,,,,,,,,,,,,
thomas_TE_IND,Jordan Thomas,TE,IND,,,,,,,,,,,,,,,,,,,,,,
thompson_TE_CAR,Colin Thompson,TE,CAR,,,,,,,,,,,,,,,,,,,,,,
toilolo_TE_NYG,Levine Toilolo,TE,NYG,,,,,,,,,,,,,,,,,,,,,,
trask_QB_TB,Kyle Trask,QB,TB,,,,,,,,,,,,,,,,,,,,,,
turner_WR_DAL,Malik Turner,WR,DAL,,,,,,,,,,,,,,,,,,,,,,
vaughn_RB_TB,Ke'Shawn Vaughn,RB,TB,,,,,,,,,,,,,,,,,,,,,,
vollert_TE_IND,Andrew Vollert,TE,IND,,,,,,,,,,,,,,,,,,,,,,
watson_WR_TB,Justin Watson,WR,TB,,,,,,,,,,,,,,,,,,,,,,
wilcox_TE_CIN,Mitchell Wilcox,TE,CIN,,,,,,,,,,,,,,,,,,,,,,
williams_RB_BAL,Ty'Son Williams,RB,BAL,,,,,,,,,,,,,,,,,,,,,,
wilson_RB_SF,Jeff Wilson,RB,SF,,,,,,,,,,,,,,,,,,,,,,
tucker_K_BAL,Justin Tucker,K,BAL,,,,,,,,,,,0.12,8.08,9.07,8.86,,49.3,,,,,,
crosby_K_GB,Mason Crosby,K,GB,,,,,,,,,,,0.43,8.08,8.43,8.01,,48.99,,,,,,
koo_K_ATL,Younghoe Koo,K,ATL,,,,,,,,,,,0.05,8.08,8.71,7.28,,50.74,,,,,,
carlson_K_LV,Daniel Carlson,K,LV,,,,,,,,,,,0.08,8.08,9.23,7.33,,47.76,,,,,,
myers_K_SEA,Jason Myers,K,SEA,,,,,,,,,,,0.55,8.05,8.93,8.69,,41.98,,,,,,
fairbairn_K_HOU,Ka'imi Fairbairn,K,HOU,,,,,,,,,,,1.16,8.08,8.47,7.23,,44.93,,,,,,
gould_K_SF,Robbie Gould,K,SF,,,,,,,,,,,0.27,8.08,8.64,8.9,,41.37,,,,,,
santos_K_CHI,Cairo Santos,K,CHI,,,,,,,,,,,0.61,8.08,8.58,6.69,,46.75,,,,,,
sanders_K_MIA,Jason Sanders,K,MIA,,,,,,,,,,,0.75,8.08,9.27,7.52,,36.56,,,,,,
lutz_K_NO,Wil Lutz,K,NO,,,,,,,,,,,0.05,8.08,10.84,7.27,,34.47,,,,,,
mcmanus_K_DEN,Brandon McManus,K,DEN,,,,,,,,,,,0.2,8.08,8.3,7.12,,41.8,,,,,,
gay_K_LAR,Matt Gay,K,LAR,,,,,,,,,,,0.73,8.08,8.53,6.47,,41.19,,,,,,
butker_K_KC,Harrison Butker,K,KC,,,,,,,,,,,0.1,8.42,9.51,7.96,,34.28,,,,,,
boswell_K_PIT,Chris Boswell,K,PIT,,,,,,,,,,,0.02,8.08,9.19,7.47,,37.55,,,,,,
prater_K_ARI,Matt Prater,K,ARI,,,,,,,,,,,0.57,8.08,8.82,7.42,,36,,,,,,
zuerlein_K_DAL,Greg Zuerlein,K,DAL,,,,,,,,,,,0.42,8.08,7.67,5.92,,44.02,,,,,,
bass_K_BUF,Tyler Bass,K,BUF,,,,,,,,,,,0.22,8.18,7.98,6.74,,37.46,,,,,,
lambo_K_JAX,Josh Lambo,K,JAX,,,,,,,,,,,0.2,8.08,9.24,5.81,,35.98,,,,,,
hopkins_K_WSH,Dustin Hopkins,K,WSH,,,,,,,,,,,1.09,8.08,8.92,7.14,,28.93,,,,,,
gano_K_NYG,Graham Gano,K,NYG,,,,,,,,,,,0.04,8.08,8.65,6.63,,33.73,,,,,,
blankenship_K_IND,Rodrigo Blankenship,K,IND,,,,,,,,,,,0.04,8.08,8.73,8.08,,24.32,,,,,,
elliott_K_PHI,Jake Elliott,K,PHI,,,,,,,,,,,0.35,8.05,10.44,8.79,,10.14,,,,,,
mcpherson_K_CIN,Evan McPherson,K,CIN,,,,,,,,,,,0.09,2.85,2.57,2.64,,10.84,,,,,,
ammendola_K_NYJ,Matt Ammendola,K,NYJ,,,,,,,,,,,,,,,,,,,,,,
ficken_K_TEN,Sam Ficken,K,TEN,,,,,,,,,,,,,,,,,,,,,,
joseph_K_MIN,Greg Joseph,K,MIN,,,,,,,,,,,,,,,,,,,,,,
long_K_LAC,Ty Long,K,LAC,,,,,,,,,,,,,,,,,,,,,,
mccann_K_TEN,Tucker McCann,K,TEN,,,,,,,,,,,,,,,,,,,,,,
mclaughlin_K_CLE,Chase McLaughlin,K,CLE,,,,,,,,,,,,,,,,,,,,,,
nordin_K_NE,Quinn Nordin,K,NE,,,,,,,,,,,,,,,,,,,,,,
seibert_K_DET,Austin Seibert,K,DET,,,,,,,,,,,,,,,,,,,,,,
succop_K_TB,Ryan Succop,K,TB,,,,,,,,,,,,,,,,,,,,,,
vizcaino_K_LAC,Tristan Vizcaino,K,LAC,,,,,,,,,,,,,,,,,,,,,,
buccaneers_DST_TB,Buccaneers,DST,TB,,,,,,,,,,,,,,,,,21.6925,47.51,0.78,10.84,0.57,17.56
packers_DST_GB,Packers,DST,GB,,,,,,,,,,,,,,,,,21.50625,39.9,0.64,10.45,0.58,20.71
cardinals_DST_ARI,Cardinals,DST,ARI,,,,,,,,,,,,,,,,,23.485,44.98,0.7,11.27,0.42,14.83
saints_DST_NO,Saints,DST,NO,,,,,,,,,,,,,,,,,20.794375,42.5,0.62,10.21,0.84,16.79
steelers_DST_PIT,Steelers,DST,PIT,,,,,,,,,,,,,,,,,20.963125,42.93,0.64,10.9,0.64,16.03
bills_DST_BUF,Bills,DST,BUF,,,,,,,,,,,,,,,,,22.24,41.51,0.72,10.66,0.61,16.44
bears_DST_CHI,Bears,DST,CHI,,,,,,,,,,,,,,,,,23.32625,39.2,0.57,11.45,1.2,14.96
ravens_DST_BAL,Ravens,DST,BAL,,,,,,,,,,,,,,,,,20.773125,37.01,0.58,12.16,0.69,15.83
patriots_DST_NE,Patriots,DST,NE,,,,,,,,,,,,,,,,,23.451875,43.22,0.56,10.36,0.44,15.18
colts_DST_IND,Colts,DST,IND,,,,,,,,,,,,,,,,,23.23125,40.16,0.74,10.44,0.86,15.05
titans_DST_TEN,Titans,DST,TEN,,,,,,,,,,,,,,,,,23.1525,41.05,0.62,10.88,0.55,15.4
ers_DST_SF,49ers,DST,SF,,,,,,,,,,,,,,,,,23.029375,42.7,0.62,10.78,0.45,14.76
chiefs_DST_KC,Chiefs,DST,KC,,,,,,,,,,,,,,,,,23.12875,41.24,0.51,10.23,0.64,15.41
rams_DST_LAR,Rams,DST,LAR,,,,,,,,,,,,,,,,,22.410625,40.06,0.58,11,0.46,15.28
falcons_DST_ATL,Falcons,DST,ATL,,,,,,,,,,,,,,,,,24.078125,38.45,0.67,11.04,0.73,14.59
team_DST_WSH,Team,DST,WSH,,,,,,,,,,,,,,,,,23.590625,39.81,0.57,10.39,0.58,15.32
eagles_DST_PHI,Eagles,DST,PHI,,,,,,,,,,,,,,,,,24.064375,39.72,0.63,10.84,0.42,14.47
seahawks_DST_SEA,Seahawks,DST,SEA,,,,,,,,,,,,,,,,,22.98375,40.41,0.61,10.36,0.55,14.96
dolphins_DST_MIA,Dolphins,DST,MIA,,,,,,,,,,,,,,,,,22.099375,41.42,0.57,8.19,0.73,15.92
texans_DST_HOU,Texans,DST,HOU,,,,,,,,,,,,,,,,,25.600625,40.51,0.57,10.89,0.65,13.55
chargers_DST_LAC,Chargers,DST,LAC,,,,,,,,,,,,,,,,,23.380625,37.8,0.62,10.19,0.52,15.2
panthers_DST_CAR,Panthers,DST,CAR,,,,,,,,,,,,,,,,,23.9925,39.49,0.65,10.22,0.39,15.19
raiders_DST_LV,Raiders,DST,LV,,,,,,,,,,,,,,,,,23.96625,38.51,0.61,10.8,0.59,14.66
broncos_DST_DEN,Broncos,DST,DEN,,,,,,,,,,,,,,,,,25.58,39.03,0.53,10.9,0.49,13.72
browns_DST_CLE,Browns,DST,CLE,,,,,,,,,,,,,,,,,23.428125,37.59,0.63,10.68,0.42,14.77
cowboys_DST_DAL,Cowboys,DST,DAL,,,,,,,,,,,,,,,,,24.305625,38.07,0.54,10.37,0.45,14.17
jets_DST_NYJ,Jets,DST,NYJ,,,,,,,,,,,,,,,,,26.995625,39.4,0.69,11.08,0.37,12.68
jaguars_DST_JAX,Jaguars,DST,JAX,,,,,,,,,,,,,,,,,26.575625,38.24,0.63,10.53,0.42,13.64
giants_DST_NYG,Giants,DST,NYG,,,,,,,,,,,,,,,,,25.373125,38.4,0.54,10.65,0.46,13.28
vikings_DST_MIN,Vikings,DST,MIN,,,,,,,,,,,,,,,,,23.9375,37.28,0.54,10.02,0.47,14.04
lions_DST_DET,Lions,DST,DET,,,,,,,,,,,,,,,,,26.541875,39.13,0.55,10.52,0.3,12.07
bengals_DST_CIN,Bengals,DST,CIN,,,,,,,,,,,,,,,,,25.568125,33.95,0.5,10.8,0.64,13.4
