"name","pos","name_nfl","team_nfl","positionRank_nfl","overallRank_nfl","pts_nfl","passAtt_nfl","passComp_nfl","passYds_nfl","passTds_nfl","passInt_nfl","rushAtt_nfl","rushYds_nfl","rushTds_nfl","rec_nfl","recYds_nfl","recTds_nfl","returnTds_nfl","twoPts_nfl","fumbles_nfl"
"PEYTONMANNING","QB","Peyton Manning","DEN",1,1,349.98,NA,NA,4882,44,14,NA,-13,1,NA,0,0,NA,1,0
"DREWBREES","QB","Drew Brees","NO",2,2,340.22,NA,NA,4998,38,12,NA,43,1,NA,0,0,NA,1,0
"AARONRODGERS","QB","Aaron Rodgers","GB",3,3,340.08,NA,NA,4497,35,10,NA,282,2,NA,0,0,NA,0,0
"ANDREWLUCK","QB","Andrew Luck","IND",4,4,317,NA,NA,4315,28,11,NA,344,3,NA,0,0,NA,1,0
"CAMNEWTON","QB","Cam Newton","CAR",5,5,309.44,NA,NA,3701,25,12,NA,534,5,NA,0,0,NA,1,0
"NICKFOLES","QB","Nick Foles","PHI",6,6,304.98,NA,NA,4312,31,13,NA,185,2,NA,0,0,NA,2,0
"MATTHEWSTAFFORD","QB","Matthew Stafford","DET",7,7,299.58,NA,NA,4852,31,16,NA,55,1,NA,0,0,NA,1,0
"COLINKAEPERNICK","QB","Colin Kaepernick","SF",8,8,299.22,NA,NA,3553,26,11,NA,491,4,NA,0,0,NA,1,0
"ROBERTGRIFFIN","QB","Robert Griffin III","WAS",9,9,295.84,NA,NA,3921,20,11,NA,590,3,NA,0,0,NA,2,0
"TOMBRADY","QB","Tom Brady","NE",10,10,292.68,NA,NA,4697,30,12,NA,28,1,NA,0,0,NA,0,0
"RUSSELLWILSON","QB","Russell Wilson","SEA",11,11,290.58,NA,NA,3677,25,11,NA,475,3,NA,0,0,NA,0,0
"TONYROMO","QB","Tony Romo","DAL",12,12,287.68,NA,NA,4322,33,12,NA,68,0,NA,0,0,NA,0,0
"MATTRYAN","QB","Matt Ryan","ATL",13,13,287.48,NA,NA,4677,30,13,NA,64,0,NA,0,0,NA,0,0
"JAYCUTLER","QB","Jay Cutler","CHI",14,14,275.54,NA,NA,4001,30,15,NA,155,1,NA,0,0,NA,2,0
"PHILIPRIVERS","QB","Philip Rivers","SD",15,15,272.02,NA,NA,4258,31,12,NA,17,0,NA,0,0,NA,0,0
"ALEXSMITH","QB","Alex Smith","KC",16,16,271.74,NA,NA,3731,24,12,NA,365,2,NA,0,0,NA,1,0
"ANDYDALTON","QB","Andy Dalton","CIN",17,17,268.2,NA,NA,4080,28,14,NA,150,1,NA,0,0,NA,0,0
"BENROETHLISBERGER","QB","Ben Roethlisberger","PIT",18,18,267.96,NA,NA,4299,28,14,NA,100,0,NA,0,0,NA,1,0
"RYANTANNEHILL","QB","Ryan Tannehill","MIA",19,19,265.82,NA,NA,3988,25,13,NA,203,2,NA,0,0,NA,0,0
"CARSONPALMER","QB","Carson Palmer","ARI",20,20,261.3,NA,NA,4235,31,17,NA,19,0,NA,0,0,NA,0,0
"JAKELOCKER","QB","Jake Locker","TEN",21,21,261.14,NA,NA,3531,21,12,NA,359,4,NA,0,0,NA,0,0
"ADRIANPETERSON","RB","Adrian Peterson","MIN",1,22,252,NA,NA,0,0,0,NA,1495,13,NA,165,2,NA,1,3
"LESEANMCCOY","RB","LeSean McCoy","PHI",2,23,251.6,NA,NA,0,0,0,NA,1342,8,NA,554,2,NA,2,1
"JAMAALCHARLES","RB","Jamaal Charles","KC",3,24,243.8,NA,NA,0,0,0,NA,1188,9,NA,570,3,NA,0,2
"EJMANUEL","QB","EJ Manuel","BUF",22,25,240.12,NA,NA,3403,18,15,NA,420,3,NA,0,0,NA,1,0
"MATTFORTE","RB","Matt Forte","CHI",4,26,238.7,NA,NA,0,0,0,NA,1165,8,NA,562,3,NA,2,2
"CALVINJOHNSON","WR","Calvin Johnson","DET",1,26,238.7,NA,NA,0,0,0,NA,0,0,NA,1607,13,NA,1,1
"JOEFLACCO","QB","Joe Flacco","BAL",23,28,238.3,NA,NA,4010,23,16,NA,99,1,NA,0,0,NA,1,0
"EDDIELACY","RB","Eddie Lacy","GB",5,29,234.6,NA,NA,0,0,0,NA,1306,11,NA,280,2,NA,0,1
"ELIMANNING","QB","Eli Manning","NYG",24,30,233.86,NA,NA,4119,24,15,NA,31,0,NA,0,0,NA,0,0
"MARSHAWNLYNCH","RB","Marshawn Lynch","SEA",6,31,233.6,NA,NA,0,0,0,NA,1254,11,NA,342,2,NA,0,2
"DEMARYIUSTHOMAS","WR","Demaryius Thomas","DEN",2,32,218.3,NA,NA,0,0,0,NA,8,0,NA,1395,13,NA,1,1
"MONTEEBALL","RB","Montee Ball","DEN",7,33,218.1,NA,NA,0,0,0,NA,1233,12,NA,208,1,NA,0,2
"AJGREEN","WR","A.J. Green","CIN",3,34,216.3,NA,NA,0,0,0,NA,0,0,NA,1443,12,NA,0,0
"DOUGMARTIN","RB","Doug Martin","TB",8,35,215.9,NA,NA,0,0,0,NA,1165,9,NA,374,2,NA,0,2
"DEZBRYANT","WR","Dez Bryant","DAL",4,36,215.1,NA,NA,0,0,0,NA,12,0,NA,1399,13,NA,0,2
"GIOVANIBERNARD","RB","Giovani Bernard","CIN",9,37,213.1,NA,NA,0,0,0,NA,929,9,NA,502,3,NA,0,1
"DEMARCOMURRAY","RB","DeMarco Murray","DAL",10,38,212.9,NA,NA,0,0,0,NA,1208,8,NA,361,2,NA,0,2
"ARIANFOSTER","RB","Arian Foster","HOU",11,39,210.6,NA,NA,0,0,0,NA,1201,8,NA,385,1,NA,1,2
"BRANDONMARSHALL","WR","Brandon Marshall","CHI",5,40,203,NA,NA,0,0,0,NA,0,0,NA,1310,12,NA,1,1
"JULIOJONES","WR","Julio Jones","ATL",6,41,202.6,NA,NA,0,0,0,NA,21,0,NA,1405,10,NA,0,0
"LEVEONBELL","RB","Le'Veon Bell","PIT",12,42,201.6,NA,NA,0,0,0,NA,1074,7,NA,422,2,NA,0,1
"JIMMYGRAHAM","TE","Jimmy Graham","NO",1,43,192.5,NA,NA,0,0,0,NA,0,0,NA,1145,13,NA,0,0
"ALFREDMORRIS","RB","Alfred Morris","WAS",13,44,192.3,NA,NA,0,0,0,NA,1299,9,NA,84,1,NA,0,3
"ANDREELLINGTON","RB","Andre Ellington","ARI",14,45,191.6,NA,NA,0,0,0,NA,1045,5,NA,531,1,NA,0,1
"JORDYNELSON","WR","Jordy Nelson","GB",7,46,190,NA,NA,0,0,0,NA,0,0,NA,1300,10,NA,0,0
"ANTONIOBROWN","WR","Antonio Brown","PIT",8,47,189.9,NA,NA,0,0,0,NA,34,0,NA,1345,9,NA,0,1
"ZACSTACY","RB","Zac Stacy","STL",15,48,188.2,NA,NA,0,0,0,NA,1158,9,NA,164,1,NA,0,2
"ALSHONJEFFERY","WR","Alshon Jeffery","CHI",9,49,187.6,NA,NA,0,0,0,NA,70,0,NA,1286,9,NA,1,2
"REGGIEBUSH","RB","Reggie Bush","DET",16,50,187.2,NA,NA,0,0,0,NA,937,6,NA,435,3,NA,0,2
"GENOSMITH","QB","Geno Smith","NYJ",25,51,186.88,NA,NA,2787,15,12,NA,274,2,NA,0,0,NA,0,0
"RASHADJENNINGS","RB","Rashad Jennings","NYG",17,52,184.5,NA,NA,0,0,0,NA,971,8,NA,334,1,NA,0,0
"VINCENTJACKSON","WR","Vincent Jackson","TB",10,53,183.4,NA,NA,0,0,0,NA,12,0,NA,1202,10,NA,1,0
"RYANMATHEWS","RB","Ryan Mathews","SD",18,54,183.1,NA,NA,0,0,0,NA,1232,7,NA,159,1,NA,0,2
"ANDREJOHNSON","WR","Andre Johnson","HOU",11,55,182.2,NA,NA,0,0,0,NA,0,0,NA,1342,8,NA,1,1
"VICTORCRUZ","WR","Victor Cruz","NYG",12,56,181.1,NA,NA,0,0,0,NA,0,0,NA,1211,10,NA,0,0
"CORDARRELLEPATTERSON","WR","Cordarrelle Patterson","MIN",12,56,181.1,NA,NA,0,0,0,NA,155,2,NA,1056,8,NA,0,0
"RANDALLCOBB","WR","Randall Cobb","GB",14,58,181,NA,NA,0,0,0,NA,190,1,NA,1120,8,NA,0,2
"KEENANALLEN","WR","Keenan Allen","SD",15,59,180.6,NA,NA,0,0,0,NA,0,0,NA,1226,10,NA,0,1
"TOBYGERHART","RB","Toby Gerhart","JAX",19,60,180.5,NA,NA,0,0,0,NA,1021,7,NA,284,2,NA,0,2
"CJSPILLER","RB","C.J. Spiller","BUF",20,61,180,NA,NA,0,0,0,NA,995,7,NA,305,2,NA,0,2
"FRANKGORE","RB","Frank Gore","SF",21,62,178.5,NA,NA,0,0,0,NA,1085,8,NA,200,1,NA,0,2
"JOSHMCCOWN","QB","Josh McCown","TB",26,63,178.34,NA,NA,3101,16,13,NA,103,1,NA,0,0,NA,0,0
"RODDYWHITE","WR","Roddy White","ATL",16,64,177.1,NA,NA,0,0,0,NA,0,0,NA,1131,11,NA,0,1
"LARRYFITZGERALD","WR","Larry Fitzgerald","ARI",17,65,175.8,NA,NA,0,0,0,NA,0,0,NA,1158,10,NA,1,1
"MICHAELCRABTREE","WR","Michael Crabtree","SF",18,66,174,NA,NA,0,0,0,NA,0,0,NA,1200,9,NA,0,0
"JOIQUEBELL","RB","Joique Bell","DET",22,67,172.8,NA,NA,0,0,0,NA,865,6,NA,403,2,NA,0,1
"PIERREGARCON","WR","Pierre Garcon","WAS",19,67,172.8,NA,NA,0,0,0,NA,13,0,NA,1315,7,NA,0,1
"PERCYHARVIN","WR","Percy Harvin","SEA",20,69,172.2,NA,NA,0,0,0,NA,189,3,NA,1013,6,NA,0,1
"SHANEVEREEN","RB","Shane Vereen","NE",23,70,172.1,NA,NA,0,0,0,NA,557,7,NA,604,3,NA,0,2
"DESEANJACKSON","WR","DeSean Jackson","WAS",21,71,170.3,NA,NA,0,0,0,NA,22,0,NA,1101,10,NA,0,1
"CHRISJOHNSON","RB","Chris Johnson","NYJ",24,72,169.4,NA,NA,0,0,0,NA,984,6,NA,270,2,NA,0,2
"BISHOPSANKEY","RB","Bishop Sankey","TEN",25,73,168.1,NA,NA,0,0,0,NA,899,6,NA,322,2,NA,0,1
"BENTATE","RB","Ben Tate","CLE",26,74,166.9,NA,NA,0,0,0,NA,976,8,NA,193,1,NA,0,2
"MATTSCHAUB","QB","Matt Schaub","OAK",27,75,164.14,NA,NA,2926,16,11,NA,31,0,NA,0,0,NA,1,0
"MICHAELFLOYD","WR","Michael Floyd","ARI",22,76,161.9,NA,NA,0,0,0,NA,0,0,NA,1099,9,NA,0,1
"RAYRICE","RB","Ray Rice","BAL",27,77,161.5,NA,NA,0,0,0,NA,786,6,NA,369,2,NA,1,2
"TRENTRICHARDSON","RB","Trent Richardson","IND",28,78,159.2,NA,NA,0,0,0,NA,800,7,NA,352,1,NA,0,2
"KENDALLWRIGHT","WR","Kendall Wright","TEN",23,79,154.8,NA,NA,0,0,0,NA,0,0,NA,1088,8,NA,0,1
"RYANFITZPATRICK","QB","Ryan Fitzpatrick","HOU",28,80,154.32,NA,NA,2098,14,9,NA,244,1,NA,0,0,NA,1,0
"MIKEWALLACE","WR","Mike Wallace","MIA",24,81,153.4,NA,NA,0,0,0,NA,43,0,NA,1071,7,NA,0,0
"MAURICEJONESDREW","RB","Maurice Jones-Drew","OAK",29,82,152,NA,NA,0,0,0,NA,734,8,NA,266,1,NA,0,1
"EMMANUELSANDERS","WR","Emmanuel Sanders","DEN",25,83,151.9,NA,NA,0,0,0,NA,20,0,NA,999,9,NA,0,2
"MICHAELVICK","QB","Michael Vick","NYJ",29,84,151.28,NA,NA,1987,9,9,NA,398,2,NA,0,0,NA,1,0
"BRIANHOYER","QB","Brian Hoyer","CLE",30,85,151.1,NA,NA,2065,18,7,NA,45,1,NA,0,0,NA,0,0
"LAMARMILLER","RB","Lamar Miller","MIA",30,86,150.5,NA,NA,0,0,0,NA,850,7,NA,195,1,NA,0,1
"JOHNNYMANZIEL","QB","Johnny Manziel","CLE",31,87,150.28,NA,NA,2112,12,13,NA,278,2,NA,0,0,NA,2,0
"TORREYSMITH","WR","Torrey Smith","BAL",26,88,150.2,NA,NA,0,0,0,NA,0,0,NA,1082,7,NA,0,0
"TYHILTON","WR","T.Y. Hilton","IND",27,89,149.5,NA,NA,0,0,0,NA,12,0,NA,963,9,NA,0,1
"ROBGRONKOWSKI","TE","Rob Gronkowski","NE",2,90,149.4,NA,NA,0,0,0,NA,0,0,NA,894,10,NA,0,0
"JULIUSTHOMAS","TE","Julius Thomas","DEN",3,91,148.8,NA,NA,0,0,0,NA,0,0,NA,888,10,NA,0,0
"STEVENJACKSON","RB","Steven Jackson","ATL",31,92,148.5,NA,NA,0,0,0,NA,858,6,NA,247,1,NA,0,2
"MATTCASSEL","QB","Matt Cassel","MIN",32,93,147.92,NA,NA,2478,13,8,NA,68,1,NA,0,0,NA,0,0
"ERICDECKER","WR","Eric Decker","NYJ",28,94,147.7,NA,NA,0,0,0,NA,0,0,NA,997,8,NA,1,1
"SHAUNHILL","QB","Shaun Hill","STL",33,95,147.26,NA,NA,2129,17,5,NA,41,0,NA,0,0,NA,0,0
"FREDJACKSON","RB","Fred Jackson","BUF",32,96,146.6,NA,NA,0,0,0,NA,769,6,NA,297,1,NA,0,1
"BRANDINCOOKS","WR","Brandin Cooks","NO",29,97,146.4,NA,NA,0,0,0,NA,0,0,NA,924,9,NA,0,0
"MARQUESCOLSTON","WR","Marques Colston","NO",30,98,145,NA,NA,0,0,0,NA,0,0,NA,1010,8,NA,0,2
"JULIANEDELMAN","WR","Julian Edelman","NE",31,99,144.8,NA,NA,0,0,0,NA,22,0,NA,1006,7,NA,1,1
"CHADHENNE","QB","Chad Henne","JAX",34,100,143.58,NA,NA,2702,15,15,NA,55,0,NA,0,0,NA,0,0
"REGGIEWAYNE","WR","Reggie Wayne","IND",32,101,143.2,NA,NA,0,0,0,NA,0,0,NA,1012,7,NA,1,1
"PIERRETHOMAS","RB","Pierre Thomas","NO",33,102,140.3,NA,NA,0,0,0,NA,642,4,NA,401,2,NA,0,0
"JEREMYMACLIN","WR","Jeremy Maclin","PHI",33,103,140.2,NA,NA,0,0,0,NA,0,0,NA,1002,7,NA,0,1
"TERRANCEWILLIAMS","WR","Terrance Williams","DAL",34,104,139.7,NA,NA,0,0,0,NA,40,0,NA,957,7,NA,0,1
"MARKINGRAM","RB","Mark Ingram","NO",34,105,139.1,NA,NA,0,0,0,NA,831,6,NA,200,0,NA,0,0
"DEANGELOWILLIAMS","RB","DeAngelo Williams","CAR",34,105,139.1,NA,NA,0,0,0,NA,790,5,NA,241,1,NA,0,0
"GOLDENTATE","WR","Golden Tate","DET",35,105,139.1,NA,NA,0,0,0,NA,10,0,NA,961,7,NA,0,0
"SAMMYWATKINS","WR","Sammy Watkins","BUF",36,108,139,NA,NA,0,0,0,NA,26,0,NA,964,7,NA,0,1
"DEANDREHOPKINS","WR","DeAndre Hopkins","HOU",37,109,138.8,NA,NA,0,0,0,NA,7,0,NA,981,7,NA,0,1
"RILEYCOOPER","WR","Riley Cooper","PHI",38,110,138.7,NA,NA,0,0,0,NA,5,0,NA,1002,6,NA,1,0
"RUEBENRANDLE","WR","Rueben Randle","NYG",39,111,137.8,NA,NA,0,0,0,NA,0,0,NA,998,7,NA,0,2
"JASONWITTEN","TE","Jason Witten","DAL",4,111,137.8,NA,NA,0,0,0,NA,0,0,NA,978,7,NA,0,1
"DANNYWOODHEAD","RB","Danny Woodhead","SD",36,113,137,NA,NA,0,0,0,NA,380,3,NA,510,5,NA,0,0
"DARRENSPROLES","RB","Darren Sproles","PHI",37,114,134,NA,NA,0,0,0,NA,340,2,NA,620,5,NA,0,2
"VERNONDAVIS","TE","Vernon Davis","SF",5,115,133.9,NA,NA,0,0,0,NA,0,0,NA,819,9,NA,0,1
"BERNARDPIERCE","RB","Bernard Pierce","BAL",38,116,132.5,NA,NA,0,0,0,NA,715,6,NA,190,1,NA,0,0
"TERRANCEWEST","RB","Terrance West","CLE",39,117,130.9,NA,NA,0,0,0,NA,750,5,NA,199,1,NA,0,0
"STEVANRIDLEY","RB","Stevan Ridley","NE",40,118,130.4,NA,NA,0,0,0,NA,800,8,NA,84,0,NA,0,3
"JORDANREED","TE","Jordan Reed","WAS",6,118,130.4,NA,NA,0,0,0,NA,0,0,NA,864,7,NA,1,0
"JORDANCAMERON","TE","Jordan Cameron","CLE",7,120,130,NA,NA,0,0,0,NA,0,0,NA,880,7,NA,1,1
"TAVONAUSTIN","WR","Tavon Austin","STL",40,121,129.9,NA,NA,0,0,0,NA,118,2,NA,741,6,NA,0,2
"DENNISPITTA","TE","Dennis Pitta","BAL",8,122,129.2,NA,NA,0,0,0,NA,0,0,NA,872,7,NA,0,0
"DWAYNEBOWE","WR","Dwayne Bowe","KC S",41,123,128.3,NA,NA,0,0,0,NA,0,0,NA,963,5,NA,1,0
"JUSTINHUNTER","WR","Justin Hunter","TEN",41,123,128.3,NA,NA,0,0,0,NA,0,0,NA,943,6,NA,0,1
"BRIANHARTLINE","WR","Brian Hartline","MIA",43,125,127.8,NA,NA,0,0,0,NA,0,0,NA,978,5,NA,0,0
"DARRENMCFADDEN","RB","Darren McFadden","OAK",41,126,127.7,NA,NA,0,0,0,NA,702,4,NA,315,1,NA,0,2
"MIKEEVANS","WR","Mike Evans","TB",44,127,126.6,NA,NA,0,0,0,NA,0,0,NA,806,8,NA,0,1
"ANDREWILLIAMS","RB","Andre Williams","NYG",42,128,126,NA,NA,0,0,0,NA,500,9,NA,120,2,NA,0,1
"ANQUANBOLDIN","WR","Anquan Boldin","SF",45,129,125.7,NA,NA,0,0,0,NA,7,0,NA,910,6,NA,0,1
"HAKEEMNICKS","WR","Hakeem Nicks","IND",46,130,125.5,NA,NA,0,0,0,NA,0,0,NA,895,6,NA,0,0
"GREGOLSEN","TE","Greg Olsen","CAR",9,131,125.1,NA,NA,0,0,0,NA,0,0,NA,851,7,NA,0,1
"CARLOSHYDE","RB","Carlos Hyde","SF",43,132,125,NA,NA,0,0,0,NA,670,7,NA,120,1,NA,0,1
"KELVINBENJAMIN","WR","Kelvin Benjamin","CAR",47,133,124.8,NA,NA,0,0,0,NA,0,0,NA,848,7,NA,0,1
"KNOWSHONMORENO","RB","Knowshon Moreno","MIA",44,134,124.2,NA,NA,0,0,0,NA,661,3,NA,301,2,NA,0,1
"MARKUSWHEATON","WR","Markus Wheaton","PIT",48,135,123.5,NA,NA,0,0,0,NA,13,0,NA,862,6,NA,0,0
"DOUGBALDWIN","WR","Doug Baldwin","SEA",49,136,123.4,NA,NA,0,0,0,NA,13,0,NA,861,6,NA,0,0
"DANNYAMENDOLA","WR","Danny Amendola","NE",50,137,121.7,NA,NA,0,0,0,NA,9,0,NA,868,6,NA,0,1
"CECILSHORTS","WR","Cecil Shorts","JAX",51,138,120.2,NA,NA,0,0,0,NA,0,0,NA,902,5,NA,0,0
"GREGJENNINGS","WR","Greg Jennings","MIN",52,139,118.7,NA,NA,0,0,0,NA,0,0,NA,847,6,NA,0,1
"CHRISIVORY","RB","Chris Ivory","NYJ",45,140,118.5,NA,NA,0,0,0,NA,791,6,NA,34,0,NA,0,0
"ROBERTWOODS","WR","Robert Woods","BUF",53,141,117.7,NA,NA,0,0,0,NA,12,0,NA,805,6,NA,0,0
"DEREKCARR","QB","Derek Carr","OAK",35,142,117.54,NA,NA,2416,10,11,NA,29,0,NA,0,0,NA,0,0
"KHIRYROBINSON","RB","Khiry Robinson","NO",46,143,116.6,NA,NA,0,0,0,NA,677,5,NA,129,1,NA,0,0
"KENNYBRITT","WR","Kenny Britt","STL",54,144,116,NA,NA,0,0,0,NA,0,0,NA,880,5,NA,0,1
"AARONDOBSON","WR","Aaron Dobson","NE",55,145,114.3,NA,NA,0,0,0,NA,0,0,NA,863,5,NA,0,1
"KYLERUDOLPH","TE","Kyle Rudolph","MIN",10,146,114.2,NA,NA,0,0,0,NA,0,0,NA,662,8,NA,0,0
"ANDREWHAWKINS","WR","Andrew Hawkins","CLE",56,147,114,NA,NA,0,0,0,NA,20,0,NA,760,6,NA,0,0
"KENNYSTILLS","WR","Kenny Stills","NO",57,148,113.9,NA,NA,0,0,0,NA,26,0,NA,753,6,NA,0,0
"STEVESMITH","WR","Steve Smith","BAL",58,149,113.1,NA,NA,0,0,0,NA,0,0,NA,791,6,NA,0,1
"JAMESJONES","WR","James Jones","OAK",59,150,112.1,NA,NA,0,0,0,NA,0,0,NA,841,5,NA,0,1
"ZACHERTZ","TE","Zach Ertz","PHI",11,150,112.1,NA,NA,0,0,0,NA,0,0,NA,761,6,NA,0,0
"SHONNGREENE","RB","Shonn Greene","TEN",47,152,112,NA,NA,0,0,0,NA,801,5,NA,59,0,NA,0,2
"MARTELLUSBENNETT","TE","Martellus Bennett","CHI",12,153,111.9,NA,NA,0,0,0,NA,0,0,NA,699,7,NA,0,0
"DEVONTAFREEMAN","RB","Devonta Freeman","ATL",48,154,111.6,NA,NA,0,0,0,NA,634,5,NA,122,1,NA,0,0
"CHARLESCLAY","TE","Charles Clay","MIA",13,155,110.9,NA,NA,0,0,0,NA,0,0,NA,749,6,NA,0,0
"RODSTREATER","WR","Rod Streater","OAK",60,156,110.5,NA,NA,0,0,0,NA,12,0,NA,753,6,NA,0,1
"JARRETTBOYKIN","WR","Jarrett Boykin","GB",61,157,109.1,NA,NA,0,0,0,NA,0,0,NA,791,5,NA,0,0
"MILESAUSTIN","WR","Miles Austin","CLE",62,158,108.9,NA,NA,0,0,0,NA,0,0,NA,749,6,NA,0,1
"JONATHANSTEWART","RB","Jonathan Stewart","CAR",49,159,108.7,NA,NA,0,0,0,NA,623,5,NA,164,0,NA,0,0
"JORDANMATTHEWS","WR","Jordan Matthews","PHI",63,159,108.7,NA,NA,0,0,0,NA,0,0,NA,747,6,NA,0,1
"MALCOMFLOYD","WR","Malcom Floyd","SD",64,161,108.4,NA,NA,0,0,0,NA,0,0,NA,724,6,NA,0,0
"JERRICHOCOTCHERY","WR","Jerricho Cotchery","CAR",65,162,106.5,NA,NA,0,0,0,NA,0,0,NA,765,5,NA,0,0
"AHMADBRADSHAW","RB","Ahmad Bradshaw","IND",50,163,106.3,NA,NA,0,0,0,NA,710,5,NA,93,0,NA,0,2
"LANCEDUNBAR","RB","Lance Dunbar","DAL",51,164,105.7,NA,NA,0,0,0,NA,557,6,NA,100,1,NA,0,1
"MIKEWILLIAMS","WR","Mike Williams","BUF",66,165,105,NA,NA,0,0,0,NA,0,0,NA,770,5,NA,0,1
"LADARIUSGREEN","TE","Ladarius Green","SD",14,166,104,NA,NA,0,0,0,NA,0,0,NA,680,6,NA,0,0
"CHRISGIVENS","WR","Chris Givens","STL",67,167,103.7,NA,NA,0,0,0,NA,8,0,NA,689,6,NA,0,1
"LEGARRETTEBLOUNT","RB","LeGarrette Blount","PIT",52,168,103.6,NA,NA,0,0,0,NA,677,6,NA,39,0,NA,0,2
"HARRYDOUGLAS","WR","Harry Douglas","ATL",68,169,103.4,NA,NA,0,0,0,NA,0,0,NA,734,5,NA,0,0
"WESWELKER","WR","Wes Welker","DEN",69,170,102,NA,NA,0,0,0,NA,0,0,NA,760,5,NA,0,2
"DELANIEWALKER","TE","Delanie Walker","TEN",15,171,101.8,NA,NA,0,0,0,NA,0,0,NA,678,6,NA,0,1
"ROBERTTURBIN","RB","Robert Turbin","SEA",53,172,101.1,NA,NA,0,0,0,NA,576,6,NA,95,0,NA,0,1
"TYLEREIFERT","TE","Tyler Eifert","CIN",16,173,101,NA,NA,0,0,0,NA,0,0,NA,650,6,NA,0,0
"KNILEDAVIS","RB","Knile Davis","KC",54,174,100.6,NA,NA,0,0,0,NA,586,4,NA,160,1,NA,0,2
"DWAYNEALLEN","TE","Dwayne Allen","IND",17,175,100.2,NA,NA,0,0,0,NA,0,0,NA,642,6,NA,0,0
"MARQISELEE","WR","Marqise Lee","JAX",70,176,99.4,NA,NA,0,0,0,NA,0,0,NA,774,4,NA,0,1
"CHRISTINEMICHAEL","RB","Christine Michael","SEA",55,177,97.6,NA,NA,0,0,0,NA,561,4,NA,115,1,NA,0,0
"JONATHANGRIMES","RB","Jonathan Grimes","HOU",56,178,97.5,NA,NA,0,0,0,NA,535,5,NA,80,1,NA,0,0
"ANTONIOGATES","TE","Antonio Gates","SD",18,179,97,NA,NA,0,0,0,NA,0,0,NA,690,5,NA,0,1
"HEATHMILLER","TE","Heath Miller","PIT",19,180,96.8,NA,NA,0,0,0,NA,0,0,NA,628,6,NA,0,1
"JAMESSTARKS","RB","James Starks","GB",57,181,96.3,NA,NA,0,0,0,NA,469,4,NA,194,1,NA,0,0
"DONNIEAVERY","WR","Donnie Avery","KC",71,182,95.6,NA,NA,0,0,0,NA,6,0,NA,730,4,NA,0,1
"JAMESWHITE","RB","James White","NE",58,183,94.5,NA,NA,0,0,0,NA,487,5,NA,98,1,NA,0,0
"JAREDCOOK","TE","Jared Cook","STL",20,184,94.1,NA,NA,0,0,0,NA,0,0,NA,541,7,NA,0,1
"GARRETTGRAHAM","TE","Garrett Graham","HOU",21,185,93.2,NA,NA,0,0,0,NA,0,0,NA,632,5,NA,0,0
"JERMAINEKEARSE","WR","Jermaine Kearse","SEA",72,186,92,NA,NA,0,0,0,NA,0,0,NA,680,4,NA,0,0
"TEDDYBRIDGEWATER","QB","Teddy Bridgewater","MIN",36,187,91.7,NA,NA,1875,8,11,NA,67,0,NA,0,0,NA,0,0
"TRAVISKELCE","TE","Travis Kelce","KC",22,188,91.4,NA,NA,0,0,0,NA,0,0,NA,554,6,NA,0,0
"ODELLBECKHAM","WR","Odell Beckham","NYG",73,189,89.9,NA,NA,0,0,0,NA,10,0,NA,649,4,NA,0,0
"ERICEBRON","TE","Eric Ebron","DET",23,190,88.2,NA,NA,0,0,0,NA,0,0,NA,602,5,NA,0,1
"JEREMYKERLEY","WR","Jeremy Kerley","NYJ",74,191,88,NA,NA,0,0,0,NA,13,0,NA,667,4,NA,0,2
"BRIANQUICK","WR","Brian Quick","STL",75,192,87.8,NA,NA,0,0,0,NA,0,0,NA,638,4,NA,0,0
"NATEWASHINGTON","WR","Nate Washington","TEN",76,193,85.7,NA,NA,0,0,0,NA,0,0,NA,677,3,NA,0,0
"RONNIEHILLMAN","RB","Ronnie Hillman","DEN",59,194,85.2,NA,NA,0,0,0,NA,312,6,NA,140,1,NA,0,1
"JEREMYHILL","RB","Jeremy Hill","CIN",60,195,85.1,NA,NA,0,0,0,NA,510,3,NA,81,2,NA,0,2
"ROYHELU","RB","Roy Helu","WAS",61,196,84.9,NA,NA,0,0,0,NA,405,3,NA,224,1,NA,0,1
"MOHAMEDSANU","WR","Mohamed Sanu","CIN",77,197,82.2,NA,NA,0,0,0,NA,17,0,NA,585,4,NA,0,1
"COBYFLEENER","TE","Coby Fleener","IND",24,198,82.1,NA,NA,0,0,0,NA,0,0,NA,501,5,NA,1,0
"EDDIEROYAL","WR","Eddie Royal","SD",78,199,81.9,NA,NA,0,0,0,NA,9,0,NA,590,4,NA,0,1
"STEVEJOHNSON","WR","Steve Johnson","SF",79,200,81.4,NA,NA,0,0,0,NA,6,0,NA,588,4,NA,0,1
"MARVINJONES","WR","Marvin Jones","CIN",80,201,81.2,NA,NA,0,0,0,NA,33,0,NA,539,4,NA,0,0
"CJANDERSON","RB","C.J. Anderson","DEN",62,202,80.3,NA,NA,0,0,0,NA,369,3,NA,194,1,NA,0,0
"ACESANDERS","WR","Ace Sanders","JAX",81,203,80.1,NA,NA,0,0,0,NA,4,0,NA,557,4,NA,0,0
"ANDREWQUARLESS","TE","Andrew Quarless","GB",25,203,80.1,NA,NA,0,0,0,NA,0,0,NA,501,5,NA,0,0
"ANDREROBERTS","WR","Andre Roberts","WAS",82,205,79.9,NA,NA,0,0,0,NA,0,0,NA,559,4,NA,0,0
"JACQUIZZRODGERS","RB","Jacquizz Rodgers","ATL",63,206,79.8,NA,NA,0,0,0,NA,318,3,NA,240,1,NA,0,0
"MIKETOLBERT","RB","Mike Tolbert","CAR",64,207,79.7,NA,NA,0,0,0,NA,379,3,NA,178,1,NA,0,0
"DENARIUSMOORE","WR","Denarius Moore","OAK",83,208,79.3,NA,NA,0,0,0,NA,0,0,NA,573,4,NA,0,1
"DAVANTEADAMS","WR","Davante Adams","GB",84,209,78.9,NA,NA,0,0,0,NA,0,0,NA,509,5,NA,0,1
"GREGLITTLE","WR","Greg Little",NA,85,210,78.1,NA,NA,0,0,0,NA,0,0,NA,541,4,NA,0,0
"MARCEDESLEWIS","TE","Marcedes Lewis","JAX",26,211,78,NA,NA,0,0,0,NA,0,0,NA,480,5,NA,0,0
"ZACHMILLER","TE","Zach Miller","SEA",27,212,77.3,NA,NA,0,0,0,NA,0,0,NA,473,5,NA,0,0
"LANCEMOORE","WR","Lance Moore","PIT",86,213,77,NA,NA,0,0,0,NA,0,0,NA,550,4,NA,0,1
"KRISDURHAM","WR","Kris Durham","TEN",87,214,76.6,NA,NA,0,0,0,NA,0,0,NA,526,4,NA,0,0
"BRANDONGIBSON","WR","Brandon Gibson","MIA",88,215,76.4,NA,NA,0,0,0,NA,0,0,NA,584,3,NA,0,0
"TIMWRIGHT","TE","Timothy Wright","NE",28,216,76.1,NA,NA,0,0,0,NA,0,0,NA,521,4,NA,0,0
"MARLONBROWN","WR","Marlon Brown","BAL",89,217,74.6,NA,NA,0,0,0,NA,0,0,NA,506,4,NA,0,0
"JERRELJERNIGAN","WR","Jerrel Jernigan","NYG",90,218,74.1,NA,NA,0,0,0,NA,71,0,NA,490,3,NA,0,0
"LEVINETOILOLO","TE","Levine Toilolo","ATL",29,219,73.7,NA,NA,0,0,0,NA,0,0,NA,497,4,NA,0,0
"BENNYCUNNINGHAM","RB","Benny Cunningham","STL",65,220,73.6,NA,NA,0,0,0,NA,414,4,NA,102,0,NA,0,1
"KENBRELLTHOMPKINS","WR","Kenbrell Thompkins","NE",91,221,72.1,NA,NA,0,0,0,NA,0,0,NA,541,3,NA,0,0
"STEPFANTAYLOR","RB","Stepfan Taylor","ARI",66,222,72,NA,NA,0,0,0,NA,322,4,NA,98,1,NA,0,0
"JACOBYJONES","WR","Jacoby Jones","BAL",92,223,71.8,NA,NA,0,0,0,NA,27,0,NA,531,3,NA,0,1
"BRANDONLAFELL","WR","Brandon LaFell","NE",93,224,71.2,NA,NA,0,0,0,NA,8,0,NA,524,3,NA,0,0
"MYCHALRIVERA","TE","Mychal Rivera","OAK",30,225,70.9,NA,NA,0,0,0,NA,0,0,NA,469,4,NA,0,0
"AUSTINPETTIS","WR","Austin Pettis","STL",94,226,70.8,NA,NA,0,0,0,NA,0,0,NA,528,3,NA,0,0
"JERMAINEGRESHAM","TE","Jermaine Gresham","CIN",31,227,70.7,NA,NA,0,0,0,NA,0,0,NA,507,4,NA,0,2
"ANDREHOLMES","WR","Andre Holmes","OAK",95,228,70.4,NA,NA,0,0,0,NA,0,0,NA,524,3,NA,0,0
"MARQUISEGOODWIN","WR","Marquise Goodwin","BUF",96,229,70.3,NA,NA,0,0,0,NA,33,0,NA,510,3,NA,0,1
"BOBBYRAINEY","RB","Bobby Rainey","TB",67,230,70.1,NA,NA,0,0,0,NA,401,3,NA,80,1,NA,0,1
"BRENTCELEK","TE","Brent Celek","PHI",32,231,70,NA,NA,0,0,0,NA,0,0,NA,480,4,NA,0,1
"JEFFCUMBERLAND","TE","Jeff Cumberland","NYJ",33,232,69,NA,NA,0,0,0,NA,0,0,NA,450,4,NA,0,0
"AUSTINSEFERIANJENKINS","TE","Austin Seferian-Jenkins","TB",34,233,68.9,NA,NA,0,0,0,NA,0,0,NA,449,4,NA,0,0
"TREMASON","RB","Tre Mason","STL",68,234,67.4,NA,NA,0,0,0,NA,348,2,NA,166,1,NA,0,1
"ROBHOUSLER","TE","Rob Housler","ARI",35,235,66.8,NA,NA,0,0,0,NA,0,0,NA,488,3,NA,0,0
"TEDGINN","WR","Ted Ginn","ARI",97,236,66.2,NA,NA,0,0,0,NA,22,0,NA,460,3,NA,0,0
"OWENDANIELS","TE","Owen Daniels","BAL",36,236,66.2,NA,NA,0,0,0,NA,0,0,NA,442,4,NA,0,1
"VINCENTBROWN","WR","Vincent Brown","SD I",98,238,65.8,NA,NA,0,0,0,NA,0,0,NA,478,3,NA,0,0
"DONTEMONCRIEF","WR","Donte Moncrief","IND",99,239,64.9,NA,NA,0,0,0,NA,0,0,NA,469,3,NA,0,0
"SCOTTCHANDLER","TE","Scott Chandler","BUF",37,239,64.9,NA,NA,0,0,0,NA,0,0,NA,489,3,NA,0,1
"JASONAVANT","WR","Jason Avant","CAR",100,241,64.7,NA,NA,0,0,0,NA,0,0,NA,467,3,NA,0,0
"CODYLATIMER","WR","Cody Latimer","DEN",101,242,63.5,NA,NA,0,0,0,NA,0,0,NA,475,3,NA,0,1
"JEROMESIMPSON","WR","Jerome Simpson","MIN",102,243,63.2,NA,NA,0,0,0,NA,0,0,NA,472,3,NA,0,1
"BRANDONMYERS","TE","Brandon Myers","TB",38,243,63.2,NA,NA,0,0,0,NA,0,0,NA,452,3,NA,0,0
"SANTONIOHOLMES","WR","Santonio Holmes","CHI",103,245,63,NA,NA,0,0,0,NA,0,0,NA,530,2,NA,0,1
"MARIOMANNINGHAM","WR","Mario Manningham","NYG",103,245,63,NA,NA,0,0,0,NA,0,0,NA,470,3,NA,0,1
"DEXTERMCCLUSTER","RB","Dexter McCluster","TEN",69,247,62.8,NA,NA,0,0,0,NA,143,1,NA,305,2,NA,0,0
"KESHAWNMARTIN","WR","Keshawn Martin","HOU",105,248,62.5,NA,NA,0,0,0,NA,0,0,NA,465,3,NA,0,1
"RYANBROYLES","WR","Ryan Broyles","DET",106,249,62.1,NA,NA,0,0,0,NA,0,0,NA,441,3,NA,0,0
"JACEAMARO","TE","Jace Amaro","NYJ",39,250,62,NA,NA,0,0,0,NA,0,0,NA,400,4,NA,0,1
"ALLENROBINSON","WR","Allen Robinson","JAX",107,251,61.3,NA,NA,0,0,0,NA,0,0,NA,453,3,NA,0,1
"SHAUNDRAUGHN","RB","Shaun Draughn","CHI",70,252,59.4,NA,NA,0,0,0,NA,191,3,NA,103,2,NA,0,0
"COLEBEASLEY","WR","Cole Beasley","DAL",108,253,59.2,NA,NA,0,0,0,NA,0,0,NA,472,2,NA,0,0
"TROYNIKLAS","TE","Troy Niklas","ARI",40,254,57.6,NA,NA,0,0,0,NA,0,0,NA,396,3,NA,0,0
"JORDANTODMAN","RB","Jordan Todman","JAX",71,255,57.2,NA,NA,0,0,0,NA,289,2,NA,103,1,NA,0,0
"AJJENKINS","WR","A.J. Jenkins","KC",109,255,57.2,NA,NA,0,0,0,NA,13,0,NA,439,2,NA,0,0
"BRANDONPETTIGREW","TE","Brandon Pettigrew","DET",41,257,56.1,NA,NA,0,0,0,NA,0,0,NA,401,3,NA,0,1
"DONALDBROWN","RB","Donald Brown","SD",72,258,54.4,NA,NA,0,0,0,NA,304,2,NA,120,0,NA,0,0
"JARIUSWRIGHT","WR","Jarius Wright","MIN",110,259,54,NA,NA,0,0,0,NA,0,0,NA,420,2,NA,0,0
"MATTASIATA","RB","Matt Asiata","MIN",73,260,53.5,NA,NA,0,0,0,NA,288,3,NA,67,0,NA,0,0
"TJGRAHAM","WR","T.J. Graham","TEN",111,261,53.4,NA,NA,0,0,0,NA,21,0,NA,413,2,NA,0,1
"BLAKEBORTLES","QB","Blake Bortles","JAX",37,262,52.96,NA,NA,669,4,3,NA,82,1,NA,0,0,NA,1,0
"KADEEMCAREY","RB","Ka'Deem Carey","CHI",74,263,51.3,NA,NA,0,0,0,NA,271,2,NA,82,1,NA,0,1
"DRIARCHER","RB","Dri Archer","PIT",75,264,50.2,NA,NA,0,0,0,NA,275,2,NA,67,1,NA,0,1
"BRYCEBROWN","RB","Bryce Brown","BUF",76,265,49.7,NA,NA,0,0,0,NA,289,3,NA,48,0,NA,0,1
"DARRIUSHEYWARDBEY","WR","Darrius Heyward-Bey","PIT",112,266,49.2,NA,NA,0,0,0,NA,7,0,NA,385,2,NA,0,1
"LANCEKENDRICKS","TE","Lance Kendricks","STL",42,267,49.1,NA,NA,0,0,0,NA,0,0,NA,311,3,NA,0,0
"MARIONGRICE","RB","Marion Grice",NA,77,268,48.5,NA,NA,0,0,0,NA,128,1,NA,237,1,NA,0,0
"MARCUSLATTIMORE","RB","Marcus Lattimore","SF I",78,269,47.5,NA,NA,0,0,0,NA,215,1,NA,140,1,NA,0,0
"BRANDONBOLDEN","RB","Brandon Bolden","NE",79,270,47.2,NA,NA,0,0,0,NA,232,2,NA,120,0,NA,0,0
"ROBERTMEACHEM","WR","Robert Meachem",NA,113,271,47,NA,NA,0,0,0,NA,0,0,NA,350,2,NA,0,0
"RONNIEBROWN","RB","Ronnie Brown","HOU",80,272,46.6,NA,NA,0,0,0,NA,270,2,NA,76,0,NA,0,0
"BILALPOWELL","RB","Bilal Powell","NYJ",81,273,45.6,NA,NA,0,0,0,NA,284,2,NA,52,0,NA,0,0
"ANTHONYFASANO","TE","Anthony Fasano","KC",43,274,45.4,NA,NA,0,0,0,NA,0,0,NA,334,2,NA,0,0
"MIKEBROWN","WR","Mike Brown","JAX",114,275,45.2,NA,NA,0,0,0,NA,0,0,NA,412,1,NA,0,1
"LATAVIUSMURRAY","RB","Latavius Murray","OAK",82,276,45.1,NA,NA,0,0,0,NA,203,2,NA,128,0,NA,0,0
"KIRKCOUSINS","QB","Kirk Cousins","WAS",38,277,44.62,NA,NA,718,5,4,NA,39,0,NA,0,0,NA,0,0
"CASEKEENUM","QB","Case Keenum","STL",39,278,44.34,NA,NA,796,5,6,NA,45,0,NA,0,0,NA,0,0
"DARYLRICHARDSON","RB","Daryl Richardson","NYJ",83,279,44.3,NA,NA,0,0,0,NA,224,2,NA,119,0,NA,0,1
"MARCELREECE","RB","Marcel Reece","OAK",84,280,44.1,NA,NA,0,0,0,NA,136,2,NA,125,1,NA,0,0
"DWAYNEHARRIS","WR","Dwayne Harris","DAL",115,281,44,NA,NA,0,0,0,NA,28,0,NA,232,3,NA,0,0
"JOHNCARLSON","TE","John Carlson","ARI",44,282,43.6,NA,NA,0,0,0,NA,0,0,NA,376,1,NA,0,0
"GAVINESCOBAR","TE","Gavin Escobar","DAL",44,282,43.6,NA,NA,0,0,0,NA,0,0,NA,316,2,NA,0,0
"RYANGRIFFIN","TE","Ryan Griffin","HOU",46,284,43.3,NA,NA,0,0,0,NA,0,0,NA,313,2,NA,0,0
"TONYMOEAKI","TE","Tony Moeaki",NA,47,285,43.1,NA,NA,0,0,0,NA,0,0,NA,311,2,NA,0,0
"MIKELLESHOURE","RB","Mikel Leshoure",NA,85,286,43,NA,NA,0,0,0,NA,222,2,NA,88,0,NA,0,0
"CHARLESSIMS","RB","Charles Sims","TB",85,286,43,NA,NA,0,0,0,NA,256,1,NA,134,0,NA,0,1
"MIKEJAMES","RB","Mike James","TB",87,288,42.9,NA,NA,0,0,0,NA,216,2,NA,93,0,NA,0,0
"CHRISPOLK","RB","Chris Polk","PHI",88,289,42.7,NA,NA,0,0,0,NA,168,2,NA,79,1,NA,0,0
"BRUCEELLINGTON","WR","Bruce Ellington","SF",116,289,42.7,NA,NA,0,0,0,NA,0,0,NA,387,1,NA,0,1
"MIKEGLENNON","QB","Mike Glennon","TB",40,291,42.62,NA,NA,818,5,6,NA,19,0,NA,0,0,NA,0,0
"DENNISJOHNSON","RB","Dennis Johnson",NA,89,292,41.9,NA,NA,0,0,0,NA,207,1,NA,92,1,NA,0,0
"MARKSANCHEZ","QB","Mark Sanchez","PHI",41,293,41.56,NA,NA,799,4,4,NA,16,0,NA,0,0,NA,0,0
"TERRELLEPRYOR","QB","Terrelle Pryor",NA,42,294,40.74,NA,NA,486,3,7,NA,173,1,NA,0,0,NA,0,0
"JONATHANDWYER","RB","Jonathan Dwyer","ARI",90,295,40.2,NA,NA,0,0,0,NA,206,2,NA,96,0,NA,0,1
"BLAINEGABBERT","QB","Blaine Gabbert","SF",43,296,39.9,NA,NA,675,4,2,NA,9,0,NA,0,0,NA,0,0
"FOZZYWHITTAKER","RB","Fozzy Whittaker","CAR",91,297,39.8,NA,NA,0,0,0,NA,195,1,NA,143,0,NA,0,0
"QUINTONPATTON","WR","Quinton Patton","SF",117,298,39.6,NA,NA,0,0,0,NA,14,0,NA,322,1,NA,0,0
"CHRISTIANPONDER","QB","Christian Ponder","MIN",44,299,39.06,NA,NA,789,4,7,NA,55,0,NA,0,0,NA,0,0
"DANIELTHOMAS","RB","Daniel Thomas",NA,92,300,38.8,NA,NA,0,0,0,NA,128,3,NA,40,1,NA,0,1
"ALDRICKROBINSON","WR","Aldrick Robinson","WAS",118,301,38.6,NA,NA,0,0,0,NA,6,0,NA,320,1,NA,0,0
"DAVIDNELSON","WR","David Nelson","NYJ",119,302,37.5,NA,NA,0,0,0,NA,0,0,NA,315,1,NA,0,0
"DARICKROGERS","WR","Da'Rick Rogers","IND",120,303,37.4,NA,NA,0,0,0,NA,6,0,NA,248,2,NA,0,0
"RISHARDMATTHEWS","WR","Rishard Matthews","MIA",121,304,37.3,NA,NA,0,0,0,NA,0,0,NA,313,1,NA,0,0
"MARTAVISBRYANT","WR","Martavis Bryant","PIT",122,305,37.2,NA,NA,0,0,0,NA,0,0,NA,312,1,NA,0,0
"SANTANAMOSS","WR","Santana Moss","WAS",123,306,36.8,NA,NA,0,0,0,NA,0,0,NA,348,1,NA,0,2
"JIMDRAY","TE","Jim Dray","CLE",48,307,36.3,NA,NA,0,0,0,NA,0,0,NA,303,1,NA,0,0
"JUNIORHEMINGWAY","WR","Junior Hemingway","KC",124,308,35.8,NA,NA,0,0,0,NA,0,0,NA,258,2,NA,0,1
"DEVIERPOSEY","WR","DeVier Posey","HOU",125,309,34.2,NA,NA,0,0,0,NA,0,0,NA,282,1,NA,0,0
"MATTMCGLOIN","QB","Matt McGloin","OAK",45,310,34.08,NA,NA,522,5,4,NA,12,0,NA,0,0,NA,0,0
"EDDICKSON","TE","Ed Dickson","CAR",49,311,33.9,NA,NA,0,0,0,NA,0,0,NA,279,1,NA,0,0
"PAULRICHARDSON","WR","Paul Richardson","SEA",126,312,33.6,NA,NA,0,0,0,NA,0,0,NA,276,1,NA,0,0
"CHRISOWUSU","WR","Chris Owusu","TB",127,313,31.6,NA,NA,0,0,0,NA,0,0,NA,256,1,NA,0,0
"TYLERGAFFNEY","RB","Tyler Gaffney","NE I",93,314,30.8,NA,NA,0,0,0,NA,185,1,NA,63,0,NA,0,0
"JACOBTAMME","TE","Jacob Tamme","DEN",50,315,30.7,NA,NA,0,0,0,NA,0,0,NA,187,2,NA,0,0
"GRIFFWHALEN","WR","Griff Whalen","IND",128,316,30.5,NA,NA,0,0,0,NA,0,0,NA,245,1,NA,0,0
"MIKEGOODSON","RB","Mike Goodson","NYJ",94,317,30.3,NA,NA,0,0,0,NA,155,1,NA,88,0,NA,0,0
"JOSHHUFF","WR","Josh Huff","PHI",129,317,30.3,NA,NA,0,0,0,NA,0,0,NA,243,1,NA,0,0
"JOSHMORGAN","WR","Josh Morgan","CHI",130,319,30.1,NA,NA,0,0,0,NA,0,0,NA,261,1,NA,0,1
"ANDRECALDWELL","WR","Andre Caldwell","DEN",131,320,29.8,NA,NA,0,0,0,NA,5,0,NA,233,1,NA,0,0
"TRAVISBENJAMIN","WR","Travis Benjamin","CLE",132,321,28.8,NA,NA,0,0,0,NA,28,0,NA,220,1,NA,0,1
"CHRISOGBONNAYA","RB","Chris Ogbonnaya",NA,95,322,28.5,NA,NA,0,0,0,NA,104,1,NA,81,1,NA,0,1
"LORENZOTALIAFERRO","RB","Lorenzo Taliaferro","BAL",95,322,28.5,NA,NA,0,0,0,NA,225,0,NA,60,0,NA,0,0
"DENARDROBINSON","RB","Denard Robinson","JAX",97,324,28.1,NA,NA,0,0,0,NA,204,1,NA,57,0,NA,0,2
"JARVISLANDRY","WR","Jarvis Landry","MIA",133,325,27.4,NA,NA,0,0,0,NA,0,0,NA,214,1,NA,0,0
"TANDONDOSS","WR","Tandon Doss","JAX",134,326,26.9,NA,NA,0,0,0,NA,0,0,NA,289,0,NA,0,1
"JOSHBOYCE","WR","Josh Boyce","NE",135,327,26.1,NA,NA,0,0,0,NA,0,0,NA,201,1,NA,0,0
"DREWDAVIS","WR","Drew Davis","ATL",136,328,25.3,NA,NA,0,0,0,NA,0,0,NA,193,1,NA,0,0
"JOSEPHRANDLE","RB","Joseph Randle","DAL",98,329,25,NA,NA,0,0,0,NA,146,1,NA,44,0,NA,0,0
"LACHESEASTRUNK","RB","Lache Seastrunk",NA,99,330,24.2,NA,NA,0,0,0,NA,111,2,NA,11,0,NA,0,0
"NICKTOON","WR","Nick Toon","NO",137,331,22.5,NA,NA,0,0,0,NA,0,0,NA,165,1,NA,0,0
"PEYTONHILLIS","RB","Peyton Hillis","NYG",100,332,21.8,NA,NA,0,0,0,NA,94,2,NA,24,0,NA,0,1
"AJMCCARRON","QB","AJ McCarron","CIN",46,333,20.78,NA,NA,367,3,3,NA,1,0,NA,0,0,NA,0,0
"JASONCAMPBELL","QB","Jason Campbell","CIN",47,334,20.62,NA,NA,333,2,1,NA,13,0,NA,0,0,NA,0,0
"ZACHMETTENBERGER","QB","Zach Mettenberger","TEN",48,335,18.14,NA,NA,321,2,2,NA,13,0,NA,0,0,NA,0,0
"KYLEORTON","QB","Kyle Orton","BUF",49,336,17.66,NA,NA,324,2,2,NA,7,0,NA,0,0,NA,0,0
"MATTFLYNN","QB","Matt Flynn","GB",50,337,17.08,NA,NA,227,2,1,NA,20,0,NA,0,0,NA,0,0
"LEONARDHANKERSON","WR","Leonard Hankerson","WAS",138,338,16.9,NA,NA,0,0,0,NA,0,0,NA,109,1,NA,0,0
"DOMENIKHIXON","WR","Domenik Hixon",NA,139,339,13,NA,NA,0,0,0,NA,0,0,NA,130,0,NA,0,0
"DAMIANWILLIAMS","WR","Damian Williams",NA,140,340,12.9,NA,NA,0,0,0,NA,0,0,NA,129,0,NA,0,0
"CLYDEGATES","WR","Clyde Gates",NA,141,341,12.8,NA,NA,0,0,0,NA,0,0,NA,128,0,NA,0,0
"GREGSALAS","WR","Greg Salas","NYJ",142,342,11.7,NA,NA,0,0,0,NA,0,0,NA,117,0,NA,0,0
"LESTARJEAN","WR","Lestar Jean",NA,143,343,10.8,NA,NA,0,0,0,NA,0,0,NA,108,0,NA,0,0
"LOUISMURPHY","WR","Louis Murphy","TB",144,344,10.3,NA,NA,0,0,0,NA,0,0,NA,103,0,NA,0,0
"KEVINOGLETREE","WR","Kevin Ogletree","DET",145,345,9.5,NA,NA,0,0,0,NA,0,0,NA,95,0,NA,0,0
"DANESANZENBACHER","WR","Dane Sanzenbacher","CIN",146,346,8.2,NA,NA,0,0,0,NA,0,0,NA,82,0,NA,0,0
"JUSTINBLACKMON","WR","Justin Blackmon","JAX",147,347,1.8,NA,NA,0,0,0,NA,18,0,NA,0,0,NA,0,0
"JONBALDWIN","WR","Jon Baldwin",NA,148,348,0,NA,NA,0,0,0,NA,0,0,NA,0,0,NA,0,0
"EARLBENNETT","WR","Earl Bennett",NA,148,348,0,NA,NA,0,0,0,NA,0,0,NA,0,0,NA,0,0
"DAVONEBESS","WR","Davone Bess",NA,148,348,0,NA,NA,0,0,0,NA,0,0,NA,0,0,NA,0,0
