key,name,pos,team,pass_tds,pass_yds,pass_ints,rush_tds,rush_yds,receptions,reception_tds,reception_yds,two_pts,fumbles,kick_0_19,kick_20_29,kick_30_39,kick_40_49,kick_50,kick_extra_points,df_points_allowed_per_game,df_sacks,df_safeties,df_fumbles,df_tds,df_ints
allen_QB_BUF,Josh Allen,QB,BUF,27,4035,14,9,550,,,,,4,,,,,,,,,,,,
hurts_QB_PHI,Jalen Hurts,QB,PHI,22,3694,11,11,649,,,,,3,,,,,,,,,,,,
mccaffrey_RB_SF,Christian McCaffrey,RB,SF,,,,11,1229,68,4,537,,2,,,,,,,,,,,,
hill_WR_MIA,Tyreek Hill,WR,MIA,,,,,36,112,9,1598,,1,,,,,,,,,,,,
lamb_WR_DAL,CeeDee Lamb,WR,DAL,,,,1,74,115,9,1455,,1,,,,,,,,,,,,
jackson_QB_BAL,Lamar Jackson,QB,BAL,25,3516,10,5,801,,,,,3,,,,,,,,,,,,
mahomes_QB_KC,Patrick Mahomes,QB,KC,33,4401,12,2,350,,,,,4,,,,,,,,,,,,
richardson_QB_IND,Anthony Richardson,QB,IND,19,3349,12,9,780,,,,,3,,,,,,,,,,,,
stroud_QB_HOU,C.J. Stroud,QB,HOU,33,4367,12,2,195,,,,,3,,,,,,,,,,,,
murray_QB_ARI,Kyler Murray,QB,ARI,22,3790,12,5,572,,,,,3,,,,,,,,,,,,
burrow_QB_CIN,Joe Burrow,QB,CIN,31,4227,12,2,184,,,,,4,,,,,,,,,,,,
chase_WR_CIN,Ja'Marr Chase,WR,CIN,,,,,16,105,8,1367,,1,,,,,,,,,,,,
jefferson_WR_MIN,Justin Jefferson,WR,MIN,,,,,12,105,7,1427,,1,,,,,,,,,,,,
prescott_QB_DAL,Dak Prescott,QB,DAL,30,4028,11,2,222,,,,,3,,,,,,,,,,,,
purdy_QB_SF,Brock Purdy,QB,SF,31,4031,11,2,163,,,,,3,,,,,,,,,,,,
brown_WR_DET,Amon-Ra St. Brown,WR,DET,,,,,36,111,7,1285,,1,,,,,,,,,,,,
hall_RB_NYJ,Breece Hall,RB,NYJ,,,,9,1224,55,2,408,,2,,,,,,,,,,,,
love_QB_GB,Jordan Love,QB,GB,28,3927,12,3,216,,,,,3,,,,,,,,,,,,
herbert_QB_LAC,Justin Herbert,QB,LAC,26,3967,10,3,211,,,,,4,,,,,,,,,,,,
wilson_WR_NYJ,Garrett Wilson,WR,NYJ,,,,,31,99,8,1256,,1,,,,,,,,,,,,
lawrence_QB_JAX,Trevor Lawrence,QB,JAX,25,3912,13,3,316,,,,,4,,,,,,,,,,,,
daniels_QB_WSH,Jayden Daniels,QB,WSH,20,3397,14,6,533,,,,,3,,,,,,,,,,,,
brown_WR_PHI,A.J. Brown,WR,PHI,,,,,6,89,8,1351,,1,,,,,,,,,,,,
goff_QB_DET,Jared Goff,QB,DET,29,4207,11,1,57,,,,,3,,,,,,,,,,,,
williams_QB_CHI,Caleb Williams,QB,CHI,25,3862,14,3,292,,,,,3,,,,,,,,,,,,
nacua_WR_LAR,Puka Nacua,WR,LAR,,,,,42,94,7,1256,,1,,,,,,,,,,,,
tagovailoa_QB_MIA,Tua Tagovailoa,QB,MIA,29,4104,12,1,73,,,,,3,,,,,,,,,,,,
robinson_RB_ATL,Bijan Robinson,RB,ATL,,,,8,1098,55,2,414,,2,,,,,,,,,,,,
stafford_QB_LAR,Matthew Stafford,QB,LAR,29,4085,14,1,68,,,,,3,,,,,,,,,,,,
rodgers_QB_NYJ,Aaron Rodgers,QB,NYJ,27,3897,9,1,96,,,,,3,,,,,,,,,,,,
watson_QB_CLE,Deshaun Watson,QB,CLE,22,3378,13,4,393,,,,,3,,,,,,,,,,,,
mayfield_QB_TB,Baker Mayfield,QB,TB,24,3833,12,2,192,,,,,3,,,,,,,,,,,,
cousins_QB_ATL,Kirk Cousins,QB,ATL,26,3990,12,1,75,,,,,3,,,,,,,,,,,,
smith_QB_SEA,Geno Smith,QB,SEA,24,3773,11,2,147,,,,,3,,,,,,,,,,,,
levis_QB_TEN,Will Levis,QB,TEN,24,3845,14,2,169,,,,,3,,,,,,,,,,,,
barkley_RB_PHI,Saquon Barkley,RB,PHI,,,,7,1157,44,2,331,,2,,,,,,,,,,,,
taylor_RB_IND,Jonathan Taylor,RB,IND,,,,10,1224,32,1,244,,2,,,,,,,,,,,,
olave_WR_NO,Chris Olave,WR,NO,,,,,5,88,6,1176,,1,,,,,,,,,,,,
darnold_QB_MIN,Sam Darnold,QB,MIN,22,3667,14,3,248,,,,,5,,,,,,,,,,,,
london_WR_ATL,Drake London,WR,ATL,,,,,11,86,7,1121,,1,,,,,,,,,,,,
pacheco_RB_KC,Isiah Pacheco,RB,KC,,,,8,1051,43,2,318,,1,,,,,,,,,,,,
harrison_WR_ARI,Marvin Harrison Jr.,WR,ARI,,,,,7,81,7,1141,,1,,,,,,,,,,,,
kupp_WR_LAR,Cooper Kupp,WR,LAR,,,,,25,88,7,1052,,1,,,,,,,,,,,,
adams_WR_LV,Davante Adams,WR,LV,,,,,5,91,6,1087,,1,,,,,,,,,,,,
gibbs_RB_DET,Jahmyr Gibbs,RB,DET,,,,7,905,52,2,387,,1,,,,,,,,,,,,
waddle_WR_MIA,Jaylen Waddle,WR,MIA,,,,,19,83,6,1131,,1,,,,,,,,,,,,
maye_QB_NE,Drake Maye,QB,NE,20,3461,13,3,271,,,,,3,,,,,,,,,,,,
collins_WR_HOU,Nico Collins,WR,HOU,,,,,10,78,7,1121,,1,,,,,,,,,,,,
evans_WR_TB,Mike Evans,WR,TB,,,,,5,73,8,1108,,1,,,,,,,,,,,,
samuel_WR_SF,Deebo Samuel Sr.,WR,SF,,,,3,238,63,6,895,,1,,,,,,,,,,,,
aiyuk_WR_SF,Brandon Aiyuk,WR,SF,,,,,5,76,7,1113,,1,,,,,,,,,,,,
smith_WR_PHI,DeVonta Smith,WR,PHI,,,,,6,87,6,1062,,1,,,,,,,,,,,,
metcalf_WR_SEA,DK Metcalf,WR,SEA,,,,,5,74,8,1059,,1,,,,,,,,,,,,
diggs_WR_HOU,Stefon Diggs,WR,HOU,,,,,5,84,7,1016,,1,,,,,,,,,,,,
etienne_RB_JAX,Travis Etienne,RB,JAX,,,,7,1032,45,1,338,,2,,,,,,,,,,,,
achane_RB_MIA,De'Von Achane,RB,MIA,,,,7,905,47,2,364,,1,,,,,,,,,,,,
cooper_WR_CLE,Amari Cooper,WR,CLE,,,,,5,75,7,1102,,1,,,,,,,,,,,,
moore_WR_CHI,DJ Moore,WR,CHI,,,,,24,76,7,1064,,1,,,,,,,,,,,,
williams_RB_LAR,Kyren Williams,RB,LAR,,,,9,1075,35,1,260,,2,,,,,,,,,,,,
nix_QB_DEN,Bo Nix,QB,DEN,18,3110,12,3,368,,,,,3,,,,,,,,,,,,
henry_RB_BAL,Derrick Henry,RB,BAL,,,,11,1152,20,1,145,,1,,,,,,,,,,,,
white_RB_TB,Rachaad White,RB,TB,,,,6,889,50,2,367,,2,,,,,,,,,,,,
carr_QB_NO,Derek Carr,QB,NO,22,3650,11,1,68,,,,,3,,,,,,,,,,,,
dell_WR_HOU,Tank Dell,WR,HOU,,,,,67,78,6,995,,1,,,,,,,,,,,,
kirk_WR_JAX,Christian Kirk,WR,JAX,,,,,11,80,6,1022,,1,,,,,,,,,,,,
higgins_WR_CIN,Tee Higgins,WR,CIN,,,,,5,73,7,1034,,1,,,,,,,,,,,,
jacobs_RB_GB,Josh Jacobs,RB,GB,,,,8,1039,35,1,255,,1,,,,,,,,,,,,
jones_QB_NYG,Daniel Jones,QB,NYG,16,2923,9,3,414,,,,,3,,,,,,,,,,,,
godwin_WR_TB,Chris Godwin,WR,TB,,,,,26,87,5,980,,1,,,,,,,,,,,,
young_QB_CAR,Bryce Young,QB,CAR,19,3461,14,2,227,,,,,3,,,,,,,,,,,,
pittman_WR_IND,Michael Pittman,WR,IND,,,,,5,88,5,985,,1,,,,,,,,,,,,
nabers_WR_NYG,Malik Nabers,WR,NYG,,,,,15,76,6,1031,,1,,,,,,,,,,,,
flowers_WR_BAL,Zay Flowers,WR,BAL,,,,,51,81,6,932,,1,,,,,,,,,,,,
pickens_WR_PIT,George Pickens,WR,PIT,,,,,10,71,6,1072,,1,,,,,,,,,,,,
allen_WR_CHI,Keenan Allen,WR,CHI,,,,,11,84,6,933,,1,,,,,,,,,,,,
rice_WR_KC,Rashee Rice,WR,KC,,,,,9,85,6,917,,1,,,,,,,,,,,,
ridley_WR_TEN,Calvin Ridley,WR,TEN,,,,,34,72,6,979,,1,,,,,,,,,,,,
kamara_RB_NO,Alvin Kamara,RB,NO,,,,4,728,57,2,421,,1,,,,,,,,,,,,
kelce_TE_KC,Travis Kelce,TE,KC,,,,,4,80,7,847,,1,,,,,,,,,,,,
laporta_TE_DET,Sam LaPorta,TE,DET,,,,,,81,7,839,,1,,,,,,,,,,,,
wilson_QB_PIT,Russell Wilson,QB,PIT,18,2897,10,2,300,,,,,3,,,,,,,,,,,,
mclaurin_WR_WSH,Terry McLaurin,WR,WSH,,,,,6,75,5,998,,1,,,,,,,,,,,,
odunze_WR_CHI,Rome Odunze,WR,CHI,,,,,7,71,6,961,,1,,,,,,,,,,,,
cook_RB_BUF,James Cook,RB,BUF,,,,5,908,40,2,309,,1,,,,,,,,,,,,
reed_WR_GB,Jayden Reed,WR,GB,,,,1,76,71,5,886,,1,,,,,,,,,,,,
addison_WR_MIN,Jordan Addison,WR,MIN,,,,,18,69,6,961,,1,,,,,,,,,,,,
mixon_RB_HOU,Joe Mixon,RB,HOU,,,,6,941,38,1,277,,1,,,,,,,,,,,,
jones_RB_MIN,Aaron Jones,RB,MIN,,,,6,885,36,2,267,,1,,,,,,,,,,,,
andrews_TE_BAL,Mark Andrews,TE,BAL,,,,,,68,7,864,,1,,,,,,,,,,,,
walker_RB_SEA,Kenneth Walker III,RB,SEA,,,,7,970,29,1,215,,1,,,,,,,,,,,,
conner_RB_ARI,James Conner,RB,ARI,,,,7,882,33,1,246,,1,,,,,,,,,,,,
mcbride_TE_ARI,Trey McBride,TE,ARI,,,,,,80,5,820,,1,,,,,,,,,,,,
kittle_TE_SF,George Kittle,TE,SF,,,,,5,65,6,888,,1,,,,,,,,,,,,
worthy_WR_KC,Xavier Worthy,WR,KC,,,,,22,64,6,858,,,,,,,,,,,,,,
montgomery_RB_DET,David Montgomery,RB,DET,,,,9,913,22,1,160,,1,,,,,,,,,,,,
harris_RB_PIT,Najee Harris,RB,PIT,,,,7,928,28,1,200,,1,,,,,,,,,,,,
kincaid_TE_BUF,Dalton Kincaid,TE,BUF,,,,,,78,5,805,,1,,,,,,,,,,,,
stevenson_RB_NE,Rhamondre Stevenson,RB,NE,,,,6,907,32,1,236,,1,,,,,,,,,,,,
swift_RB_CHI,D'Andre Swift,RB,CHI,,,,6,804,37,1,271,,1,,,,,,,,,,,,
johnson_WR_CAR,Diontae Johnson,WR,CAR,,,,,13,78,4,817,,1,,,,,,,,,,,,
singletary_RB_NYG,Devin Singletary,RB,NYG,,,,5,896,34,1,243,,1,,,,,,,,,,,,
pollard_RB_TEN,Tony Pollard,RB,TEN,,,,5,897,33,1,241,,1,,,,,,,,,,,,
warren_RB_PIT,Jaylen Warren,RB,PIT,,,,4,711,43,2,317,,1,,,,,,,,,,,,
mcconkey_WR_LAC,Ladd McConkey,WR,LAC,,,,,11,64,6,780,,,,,,,,,,,,,,
williams_RB_DEN,Javonte Williams,RB,DEN,,,,5,881,33,1,238,,1,,,,,,,,,,,,
pitts_TE_ATL,Kyle Pitts,TE,ATL,,,,,,67,5,829,,1,,,,,,,,,,,,
sutton_WR_DEN,Courtland Sutton,WR,DEN,,,,,5,63,5,846,,1,,,,,,,,,,,,
mostert_RB_MIA,Raheem Mostert,RB,MIA,,,,7,822,27,1,193,,1,,,,,,,,,,,,
minshew_QB_LV,Gardner Minshew,QB,LV,15,2773,10,2,154,,,,,2,,,,,,,,,,,,
samuel_WR_BUF,Curtis Samuel,WR,BUF,,,,1,88,65,4,724,,1,,,,,,,,,,,,
white_RB_LV,Zamir White,RB,LV,,,,6,854,28,1,203,,1,,,,,,,,,,,,
moss_RB_CIN,Zack Moss,RB,CIN,,,,6,757,32,1,232,,,,,,,,,,,,,,
spears_RB_TEN,Tyjae Spears,RB,TEN,,,,4,664,41,2,302,,1,,,,,,,,,,,,
smithnjigba_WR_SEA,Jaxon Smith-Njigba,WR,SEA,,,,,10,68,5,738,,1,,,,,,,,,,,,
brown_WR_KC,Marquise Brown,WR,KC,,,,,14,59,5,822,,1,,,,,,,,,,,,
watson_WR_GB,Christian Watson,WR,GB,,,,,27,56,6,774,,1,,,,,,,,,,,,
hopkins_WR_TEN,DeAndre Hopkins,WR,TEN,,,,,8,64,5,767,,1,,,,,,,,,,,,
williams_WR_DET,Jameson Williams,WR,DET,,,,,35,57,5,809,,1,,,,,,,,,,,,
lockett_WR_SEA,Tyler Lockett,WR,SEA,,,,,5,64,5,768,,1,,,,,,,,,,,,
thomas_WR_JAX,Brian Thomas Jr.,WR,JAX,,,,,15,61,5,784,,1,,,,,,,,,,,,
doubs_WR_GB,Romeo Doubs,WR,GB,,,,,5,62,5,777,,1,,,,,,,,,,,,
palmer_WR_LAC,Josh Palmer,WR,LAC,,,,,7,59,6,738,,1,,,,,,,,,,,,
ferguson_TE_DAL,Jake Ferguson,TE,DAL,,,,,,68,5,711,,1,,,,,,,,,,,,
jeudy_WR_CLE,Jerry Jeudy,WR,CLE,,,,,13,60,5,767,,1,,,,,,,,,,,,
engram_TE_JAX,Evan Engram,TE,JAX,,,,,,73,4,705,,1,,,,,,,,,,,,
brooks_RB_CAR,Jonathon Brooks,RB,CAR,,,,5,736,33,1,247,,1,,,,,,,,,,,,
njoku_TE_CLE,David Njoku,TE,CLE,,,,,,66,5,711,,1,,,,,,,,,,,,
ekeler_RB_WSH,Austin Ekeler,RB,WSH,,,,4,551,43,2,325,,1,,,,,,,,,,,,
davis_WR_JAX,Gabe Davis,WR,JAX,,,,,5,57,5,788,,1,,,,,,,,,,,,
robinson_RB_WSH,Brian Robinson,RB,WSH,,,,6,807,25,1,184,,1,,,,,,,,,,,,
shakir_WR_BUF,Khalil Shakir,WR,BUF,,,,,8,61,5,723,,,,,,,,,,,,,,
bowers_TE_LV,Brock Bowers,TE,LV,,,,,,64,5,713,,1,,,,,,,,,,,,
goedert_TE_PHI,Dallas Goedert,TE,PHI,,,,,,68,4,732,,1,,,,,,,,,,,,
edwards_RB_LAC,Gus Edwards,RB,LAC,,,,7,844,17,1,125,,1,,,,,,,,,,,,
thielen_WR_CAR,Adam Thielen,WR,CAR,,,,,7,68,4,680,,1,,,,,,,,,,,,
coleman_WR_BUF,Keon Coleman,WR,BUF,,,,,5,53,6,709,,1,,,,,,,,,,,,
douglas_WR_NE,Demario Douglas,WR,NE,,,,,37,63,4,693,,1,,,,,,,,,,,,
williams_WR_NYJ,Mike Williams,WR,NYJ,,,,,5,54,5,742,,1,,,,,,,,,,,,
brown_RB_CIN,Chase Brown,RB,CIN,,,,4,629,36,1,276,,,,,,,,,,,,,,
elliott_RB_DAL,Ezekiel Elliott,RB,DAL,,,,6,696,27,1,196,,1,,,,,,,,,,,,
shaheed_WR_NO,Rashid Shaheed,WR,NO,,,,,52,52,4,700,,1,,,,,,,,,,,1,
meyers_WR_LV,Jakobi Meyers,WR,LV,,12,,,21,60,4,678,,1,,,,,,,,,,,,
chubb_RB_CLE,Nick Chubb,RB,CLE,,,,7,812,14,1,109,,1,,,,,,,,,,,,
downs_WR_IND,Josh Downs,WR,IND,,,,,21,60,4,669,,1,,,,,,,,,,,,
cooks_WR_DAL,Brandin Cooks,WR,DAL,,,,,17,54,5,672,,1,,,,,,,,,,,,
schultz_TE_HOU,Dalton Schultz,TE,HOU,,,,,,59,5,620,,1,,,,,,,,,,,,
robinson_WR_NYG,Wan'Dale Robinson,WR,NYG,,,,,55,58,4,593,,1,,,,,,,,,,,,
pearsall_WR_SF,Ricky Pearsall,WR,SF,,,,,17,51,5,614,,,,,,,,,,,,,,
wilson_WR_PIT,Roman Wilson,WR,PIT,,,,,29,50,4,672,,,,,,,,,,,,,,
hockenson_TE_MIN,T.J. Hockenson,TE,MIN,,,,,,60,4,618,,1,,,,,,,,,,,,
polk_WR_NE,Ja'Lynn Polk,WR,NE,,,,,14,54,4,640,,,,,,,,,,,,,,
mooney_WR_ATL,Darnell Mooney,WR,ATL,,,,,15,50,4,675,,,,,,,,,,,,,,
legette_WR_CAR,Xavier Legette,WR,CAR,,,,,20,50,4,642,,,,,,,,,,,,,,
mitchell_WR_IND,Adonai Mitchell,WR,IND,,,,,8,50,4,653,,,,,,,,,,,,,,
mcmillan_WR_TB,Jalen McMillan,WR,TB,,,,,22,55,4,583,,,,,,,,,,,,,,
wicks_WR_GB,Dontayvion Wicks,WR,GB,,,,,14,46,5,601,,,,,,,,,,,,,,
ford_RB_CLE,Jerome Ford,RB,CLE,,,,4,488,35,1,253,,1,,,,,,,,,,,,
freiermuth_TE_PIT,Pat Freiermuth,TE,PIT,,,,,,56,4,587,,1,,,,,,,,,,,,
wilson_WR_ARI,Michael Wilson,WR,ARI,,,,,5,48,4,642,,,,,,,,,,,,,,
charbonnet_RB_SEA,Zach Charbonnet,RB,SEA,,,,4,546,31,1,229,,1,,,,,,,,,,,,
henry_TE_NE,Hunter Henry,TE,NE,,,,,,56,4,565,,,,,,,,,,,,,,
robinson_WR_LAR,Demarcus Robinson,WR,LAR,,,,,11,47,5,584,,,,,,,,,,,,,,
johnston_WR_LAC,Quentin Johnston,WR,LAC,,,,,6,49,4,614,,,,,,,,,,,,,,
mccaffrey_WR_WSH,Luke McCaffrey,WR,WSH,,,,,28,53,3,582,,,,,,,,,,,,,,
corley_WR_NYJ,Malachi Corley,WR,NYJ,,,,,36,50,4,527,,,,,,,,,,,,,,
dortch_WR_ARI,Greg Dortch,WR,ARI,,,,,25,55,3,540,,,,,,,,,,,,,,
musgrave_TE_GB,Luke Musgrave,TE,GB,,,,,,49,4,565,,,,,,,,,,,,,,
kmet_TE_CHI,Cole Kmet,TE,CHI,,,,,,53,4,543,,1,,,,,,,,,,,,
bateman_WR_BAL,Rashod Bateman,WR,BAL,,,,,5,46,4,587,,,,,,,,,,,,,,
hubbard_RB_CAR,Chuba Hubbard,RB,CAR,,,,4,595,22,1,157,,1,,,,,,,,,,,,
burton_WR_CIN,Jermaine Burton,WR,CIN,,,,,10,44,4,556,,,,,,,,,,,,,,
otton_TE_TB,Cade Otton,TE,TB,,,,,,50,4,503,,,,,,,,,,,,,,
benson_RB_ARI,Trey Benson,RB,ARI,,,,4,545,21,1,152,,1,,,,,,,,,,,,
fant_TE_SEA,Noah Fant,TE,SEA,,,,,,50,3,506,,,,,,,,,,,,,,
hill_TE_NO,Taysom Hill,TE,NO,,77,,4,344,22,2,226,,,,,,,,,,,,,,
conklin_TE_NYJ,Tyler Conklin,TE,NYJ,,,,,,49,3,489,,,,,,,,,,,,,,
mims_WR_DEN,Marvin Mims Jr.,WR,DEN,,,,,23,36,3,497,,,,,,,,,,,,,1,
allgeier_RB_ATL,Tyler Allgeier,RB,ATL,,,,3,575,19,1,134,,1,,,,,,,,,,,,
chandler_RB_MIN,Ty Chandler,RB,MIN,,,,3,492,23,1,174,,1,,,,,,,,,,,,
slayton_WR_NYG,Darius Slayton,WR,NYG,,,,,5,38,3,550,,,,,,,,,,,,,,
burks_WR_TEN,Treylon Burks,WR,TEN,,,,,34,40,3,519,,1,,,,,,,,,,,,
gibson_RB_NE,Antonio Gibson,RB,NE,,,,2,341,35,1,260,,1,,,,,,,,,,,,
boyd_WR_TEN,Tyler Boyd,WR,TEN,,,,,8,46,3,482,,1,,,,,,,,,,,,
corum_RB_LAR,Blake Corum,RB,LAR,,,,4,485,20,1,145,,1,,,,,,,,,,,,
dowdle_RB_DAL,Rico Dowdle,RB,DAL,,,,3,476,22,1,160,,,,,,,,,,,,,,
chark_WR_LAC,DJ Chark,WR,LAC,,,,,7,39,3,514,,,,,,,,,,,,,,
baker_WR_NE,Javon Baker,WR,NE,,,,,22,40,3,485,,,,,,,,,,,,,,
mclaughlin_RB_DEN,Jaleel McLaughlin,RB,DEN,,,,3,484,22,1,159,,1,,,,,,,,,,,,
bourne_WR_NE,Kendrick Bourne,WR,NE,,,,,12,39,3,493,,,,,,,,,,,,,,
tolbert_WR_DAL,Jalen Tolbert,WR,DAL,,,,,7,40,3,465,,,,,,,,,,,,,,
patrick_WR_DEN,Tim Patrick,WR,DEN,,,,,9,38,3,467,,,,,,,,,,,,,,
mingo_WR_CAR,Jonathan Mingo,WR,CAR,,,,,12,38,3,455,,,,,,,,,,,,,,
dotson_WR_PHI,Jahan Dotson,WR,PHI,,,,,8,37,3,480,,1,,,,,,,,,,,,
jennings_WR_SF,Jauan Jennings,WR,SF,,,,,10,37,3,452,,,,,,,,,,,,,,
jones_WR_ARI,Zay Jones,WR,ARI,,,,,7,38,3,450,,1,,,,,,,,,,,,
zaccheaus_WR_WSH,Olamide Zaccheaus,WR,WSH,,,,,15,36,3,441,,,,,,,,,,,,,,
okonkwo_TE_TEN,Chig Okonkwo,TE,TEN,,,,,4,41,3,417,,1,,,,,,,,,,,,
moore_WR_CLE,Elijah Moore,WR,CLE,,,,,18,38,3,412,,,,,,,,,,,,,,
mccloud_WR_ATL,Ray-Ray McCloud,WR,ATL,,,,,53,36,3,393,,,,,,,,,,,,,,
iosivas_WR_CIN,Andrei Iosivas,WR,CIN,,,,,10,35,3,437,,,,,,,,,,,,,,
tucker_WR_LV,Tre Tucker,WR,LV,,,,,42,36,3,384,,,,,,,,,,,,,,
beckham_WR_MIA,Odell Beckham Jr.,WR,MIA,,,,,7,34,3,423,,,,,,,,,,,,,,
osborn_WR_NE,K.J. Osborn,WR,NE,,,,,6,33,3,427,,,,,,,,,,,,,,
sinnott_TE_WSH,Ben Sinnott,TE,WSH,,,,,,37,3,388,,,,,,,,,,,,,,
washington_WR_JAX,Parker Washington,WR,JAX,,,,,12,36,3,386,,,,,,,,,,,,,,
franklin_WR_DEN,Troy Franklin,WR,DEN,,,,,4,33,3,405,,,,,,,,,,,,,,
likely_TE_BAL,Isaiah Likely,TE,BAL,,,,,,35,3,387,,,,,,,,,,,,,,
smith_TE_MIA,Jonnu Smith,TE,MIA,,,,,,36,3,364,,,,,,,,,,,,,,
walker_WR_BAL,Devontez Walker,WR,BAL,,,,,7,32,3,394,,,,,,,,,,,,,,
miller_RB_NO,Kendre Miller,RB,NO,,,,3,383,17,1,123,,1,,,,,,,,,,,,
parkinson_TE_LAR,Colby Parkinson,TE,LAR,,,,,,34,3,366,,,,,,,,,,,,,,
kraft_TE_GB,Tucker Kraft,TE,GB,,,,,,34,3,355,,,,,,,,,,,,,,
dobbins_RB_LAC,J.K. Dobbins,RB,LAC,,,,3,348,17,1,128,,1,,,,,,,,,,,,
johnson_TE_NO,Juwan Johnson,TE,NO,,,,,,32,3,359,,,,,,,,,,,,,,
sanders_TE_CAR,Ja'Tavion Sanders,TE,CAR,,,,,,32,3,355,,,,,,,,,,,,,,
herbert_RB_CHI,Khalil Herbert,RB,CHI,,,,3,427,10,1,76,,1,,,,,,,,,,,,
reynolds_WR_DEN,Josh Reynolds,WR,DEN,,,,,5,30,2,381,,,,,,,,,,,,,,
gipson_WR_NYJ,Xavier Gipson,WR,NYJ,,,,,42,28,2,302,,,,,,,,,,,,,1,
ertz_TE_WSH,Zach Ertz,TE,WSH,,,,,,35,2,331,,,,,,,,,,,,,,
austin_WR_PIT,Calvin Austin III,WR,PIT,,,,,55,30,2,321,,,,,,,,,,,,,,
allen_RB_NYJ,Braelon Allen,RB,NYJ,,,,3,345,12,1,90,,,,,,,,,,,,,,
williams_RB_NO,Jamaal Williams,RB,NO,,,,3,410,12,,84,,,,,,,,,,,,,,
dulcich_TE_DEN,Greg Dulcich,TE,DEN,,,,,,33,2,341,,,,,,,,,,,,,,
irving_RB_TB,Bucky Irving,RB,TB,,,,2,319,18,1,131,,1,,,,,,,,,,,,
knox_TE_BUF,Dawson Knox,TE,BUF,,,,,,29,3,317,,,,,,,,,,,,,,
vidal_RB_LAC,Kimani Vidal,RB,LAC,,,,3,345,15,,111,,,,,,,,,,,,,,
nailor_WR_MIN,Jalen Nailor,WR,MIN,,,,,,31,2,351,,,,,,,,,,,,,,
edwardshelaire_RB_KC,Clyde Edwards-Helaire,RB,KC,,,,2,264,19,1,140,,,,,,,,,,,,,,
pierce_WR_IND,Alec Pierce,WR,IND,,,,,5,25,2,382,,,,,,,,,,,,,,
pierce_RB_HOU,Dameon Pierce,RB,HOU,,,,3,436,9,,67,,1,,,,,,,,,,,,
tracy_RB_NYG,Tyrone Tracy Jr.,RB,NYG,,,,2,299,15,1,112,,,,,,,,,,,,,,
mitchell_RB_SF,Elijah Mitchell,RB,SF,,,,3,401,10,,76,,1,,,,,,,,,,,,
raymond_WR_DET,Kalif Raymond,WR,DET,,,,,44,25,2,314,,,,,,,,,,,,,,
perine_RB_DEN,Samaje Perine,RB,DEN,,,,1,156,26,1,185,,,,,,,,,,,,,,
mattison_RB_LV,Alexander Mattison,RB,LV,,,,2,323,14,1,95,,1,,,,,,,,,,,,
lloyd_RB_GB,MarShawn Lloyd,RB,GB,,,,2,322,13,1,99,,1,,,,,,,,,,,,
dillon_RB_GB,AJ Dillon,RB,GB,,,,3,321,13,,95,,1,,,,,,,,,,,,
fields_QB_PIT,Justin Fields,QB,PIT,4,808,3,2,198,,,,,2,,,,,,,,,,,,
hyatt_WR_NYG,Jalin Hyatt,WR,NYG,,,,,3,23,2,343,,,,,,,,,,,,,,
shipley_RB_PHI,Will Shipley,RB,PHI,,,,2,301,12,1,88,,,,,,,,,,,,,,
hurst_TE_LAC,Hayden Hurst,TE,LAC,,,,,,28,2,288,,,,,,,,,,,,,,
jefferson_WR_PIT,Van Jefferson,WR,PIT,,,,,12,24,2,307,,,,,,,,,,,,,,
mayer_TE_LV,Michael Mayer,TE,LV,,,,,,27,2,287,,,,,,,,,,,,,,
woods_TE_IND,Jelani Woods,TE,IND,,,,,,26,2,292,,,,,,,,,,,,,,
gesicki_TE_CIN,Mike Gesicki,TE,CIN,,,,,,26,2,285,,,,,,,,,,,,,,
wright_RB_MIA,Jaylen Wright,RB,MIA,,,,2,280,12,1,83,,,,,,,,,,,,,,
perry_WR_NO,A.T. Perry,WR,NO,,,,,4,22,2,312,,,,,,,,,,,,,,
bellinger_TE_NYG,Daniel Bellinger,TE,NYG,,,,,,26,2,269,,,,,,,,,,,,,,
johnson_RB_CHI,Roschon Johnson,RB,CHI,,,,2,207,16,1,121,,1,,,,,,,,,,,,
tillman_WR_CLE,Cedric Tillman,WR,CLE,,,,,5,22,2,294,,,,,,,,,,,,,,
gray_RB_NYG,Eric Gray,RB,NYG,,,,2,291,13,,95,,,,,,,,,,,,,,
laube_RB_LV,Dylan Laube,RB,LV,,,,2,256,15,,110,,,,,,,,,,,,,,
everett_TE_CHI,Gerald Everett,TE,CHI,,,,,,25,2,254,,,,,,,,,,,,,,
wilson_WR_NO,Ced Wilson,WR,NO,,,,,6,22,2,278,,,,,,,,,,,,,,
scott_WR_CHI,Tyler Scott,WR,CHI,,,,,29,22,2,249,,,,,,,,,,,,,,
gray_TE_KC,Noah Gray,TE,KC,,,,,,24,2,256,,,,,,,,,,,,,,
sermon_RB_IND,Trey Sermon,RB,IND,,,,2,318,10,,75,,,,,,,,,,,,,,
brown_WR_WSH,Dyami Brown,WR,WSH,,,,,6,22,2,264,,,,,,,,,,,,,,
bell_TE_NE,Jaheim Bell,TE,NE,,,,,,23,2,253,,,,,,,,,,,,,,
foreman_RB_CLE,D'Onta Foreman,RB,CLE,,,,2,302,10,,74,,,,,,,,,,,,,,
higbee_TE_LAR,Tyler Higbee,TE,LAR,,,,,,23,2,241,,,,,,,,,,,,,,
whyle_TE_TEN,Josh Whyle,TE,TEN,,,,,,23,2,236,,,,,,,,,,,,,,
hill_RB_BAL,Justice Hill,RB,BAL,,,,1,133,19,1,139,,,,,,,,,,,,,,
bigsby_RB_JAX,Tank Bigsby,RB,JAX,,,,2,286,10,,72,,,,,,,,,,,,,,
agholor_WR_BAL,Nelson Agholor,WR,BAL,,,,,6,20,2,248,,,,,,,,,,,,,,
mason_RB_SF,Jordan Mason,RB,SF,,,,2,281,10,,71,,,,,,,,,,,,,,
bobo_WR_SEA,Jake Bobo,WR,SEA,,,,,4,20,2,246,,,,,,,,,,,,,,
prince_RB_KC,Deneric Prince,RB,KC,,,,2,268,10,,75,,,,,,,,,,,,,,
hudson_TE_CIN,Tanner Hudson,TE,CIN,,,,,,22,2,221,,,,,,,,,,,,,,
brown_WR_HOU,Noah Brown,WR,HOU,,,,,3,18,2,249,,,,,,,,,,,,,,
demercado_RB_ARI,Emari Demercado,RB,ARI,,,,1,152,17,1,124,,1,,,,,,,,,,,,
guerendo_RB_SF,Isaac Guerendo,RB,SF,,,,2,240,10,,75,,,,,,,,,,,,,,
gainwell_RB_PHI,Kenneth Gainwell,RB,PHI,,,,1,188,14,1,104,,1,,,,,,,,,,,,
hull_RB_IND,Evan Hull,RB,IND,,,,1,178,13,1,96,,,,,,,,,,,,,,
johnson_RB_BUF,Ty Johnson,RB,BUF,,,,1,160,14,1,101,,,,,,,,,,,,,,
atwell_WR_LAR,Tutu Atwell,WR,LAR,,,,,17,19,1,242,,,,,,,,,,,,,,
harris_RB_NE,Kevin Harris,RB,NE,,,,2,250,8,,58,,,,,,,,,,,,,,
smythe_TE_MIA,Durham Smythe,TE,MIA,,,,,,19,2,192,,,,,,,,,,,,,,
valdesscantling_WR_BUF,Marquez Valdes-Scantling,WR,BUF,,,,,3,15,2,226,,,,,,,,,,,,,,
estim_RB_DEN,Audric Estimé,RB,DEN,,,,2,238,10,,66,,2,,,,,,,,,,,,
oconnell_QB_LV,Aidan O'Connell,QB,LV,5,906,4,,17,,,,,1,,,,,,,,,,,,
rodriguez_RB_WSH,Chris Rodriguez Jr.,RB,WSH,,,,2,235,7,,51,,,,,,,,,,,,,,
vaughn_RB_DAL,Deuce Vaughn,RB,DAL,,,,1,156,11,1,82,,,,,,,,,,,,,,
edmonds_RB_TB,Chase Edmonds,RB,TB,,,,1,125,16,,119,,,,,,,,,,,,,,
smithmarsette_WR_CAR,Ihmir Smith-Marsette,WR,CAR,,,,,26,21,1,144,,,,,,,,,,,,,,
parham_TE_LAC,Donald Parham,TE,LAC,,,,,,15,2,160,,,,,,,,,,,,,,
ruckert_TE_NYJ,Jeremy Ruckert,TE,NYJ,,,,,,18,1,189,,,,,,,,,,,,,,
berrios_WR_MIA,Braxton Berrios,WR,MIA,,,,,8,15,1,149,,,,,,,,,,,,,1,
davis_WR_LAC,Derius Davis,WR,LAC,,,,,30,12,1,151,,,,,,,,,,,,,1,
toney_WR_KC,Kadarius Toney,WR,KC,,,,,49,14,1,172,,,,,,,,,,,,,,
mitchell_RB_BAL,Keaton Mitchell,RB,BAL,,,,1,205,10,,75,,1,,,,,,,,,,,,
montgomery_WR_IND,D.J. Montgomery,WR,IND,,,,,6,16,1,192,,,,,,,,,,,,,,
patterson_RB_PIT,Cordarrelle Patterson,RB,PIT,,,,1,139,9,,68,,,,,,,,,,,,,1,
mcclellan_RB_ATL,Jase McClellan,RB,ATL,,,,1,118,10,1,75,,,,,,,,,,,,,,
turpin_WR_DAL,KaVontae Turpin,WR,DAL,,,,,56,11,1,124,,,,,,,,,,,,,1,
brooks_WR_DAL,Jalen Brooks,WR,DAL,,,,,,20,1,147,,,,,,,,,,,,,,
mundt_TE_MIN,Johnny Mundt,TE,MIN,,,,,,17,1,175,,,,,,,,,,,,,,
granson_TE_IND,Kylen Granson,TE,IND,,,,,,17,1,173,,,,,,,,,,,,,,
watkins_WR_PIT,Quez Watkins,WR,PIT,,,,,5,14,1,196,,,,,,,,,,,,,,
hutchinson_WR_HOU,Xavier Hutchinson,WR,HOU,,,,,19,14,1,175,,,,,,,,,,,,,,
tremble_TE_CAR,Tommy Tremble,TE,CAR,,,,,,16,1,170,,,,,,,,,,,,,,
mallory_TE_IND,Will Mallory,TE,IND,,,,,,16,1,169,,,,,,,,,,,,,,
hodgins_WR_NYG,Isaiah Hodgins,WR,NYG,,,,,4,14,1,183,,,,,,,,,,,,,,
jarrett_WR_TB,Rakim Jarrett,WR,TB,,,,,10,14,1,175,,,,,,,,,,,,,,
palmer_WR_TB,Trey Palmer,WR,TB,,,,,10,14,1,172,,,,,,,,,,,,,,
steele_RB_KC,Carson Steele,RB,KC,,,,1,111,12,,87,,,,,,,,,,,,,,
peoplesjones_WR_DET,Donovan Peoples-Jones,WR,DET,,,,,4,13,1,181,,,,,,,,,,,,,,
westbrookikhine_WR_TEN,Nick Westbrook-Ikhine,WR,TEN,,,,,4,13,1,180,,,,,,,,,,,,,,
wilson_WR_PHI,Johnny Wilson,WR,PHI,,,,,5,14,1,167,,,,,,,,,,,,,,
krull_TE_DEN,Lucas Krull,TE,DEN,,,,,,15,1,160,,,,,,,,,,,,,,
metchie_WR_HOU,John Metchie III,WR,HOU,,,,,8,14,1,162,,,,,,,,,,,,,,
washington_WR_MIA,Malik Washington,WR,MIA,,,,,14,13,1,166,,,,,,,,,,,,,,
stover_TE_HOU,Cade Stover,TE,HOU,,,,,,15,1,159,,,,,,,,,,,,,,
powell_WR_MIN,Brandon Powell,WR,MIN,,,,,23,14,1,141,,,,,,,,,,,,,,
brissett_QB_NE,Jacoby Brissett,QB,NE,4,644,3,,26,,,,,1,,,,,,,,,,,,
higgins_TE_ARI,Elijah Higgins,TE,ARI,,,,,,15,1,153,,,,,,,,,,,,,,
tonyan_TE_MIN,Robert Tonyan,TE,MIN,,,,,,15,1,153,,,,,,,,,,,,,,
washington_TE_PIT,Darnell Washington,TE,PIT,,,,,,15,1,153,,,,,,,,,,,,,,
jones_WR_CIN,Charlie Jones,WR,CIN,,,,,5,13,1,167,,,,,,,,,,,,,,
sherfield_WR_MIN,Trent Sherfield,WR,MIN,,,,,4,13,1,167,,,,,,,,,,,,,,
ali_RB_BAL,Rasheen Ali,RB,BAL,,,,1,196,6,,44,,,,,,,,,,,,,,
campbell_WR_PHI,Parris Campbell,WR,PHI,,,,,5,14,1,152,,,,,,,,,,,,,,
barner_TE_SEA,AJ Barner,TE,SEA,,,,,,14,1,150,,,,,,,,,,,,,,
howell_QB_SEA,Sam Howell,QB,SEA,3,461,2,1,41,,,,,1,,,,,,,,,,,,
thomas_TE_SF,Logan Thomas,TE,SF,,,,,,14,1,143,,,,,,,,,,,,,,
carter_RB_ARI,Michael Carter,RB,ARI,,,,1,111,10,,69,,,,,,,,,,,,,,
hardman_WR_KC,Mecole Hardman,WR,KC,,,,,26,11,1,144,,,,,,,,,,,,,,
sanders_RB_CAR,Miles Sanders,RB,CAR,,,,1,194,6,,44,,1,,,,,,,,,,,,
johnson_WR_LAC,Cornelius Johnson,WR,LAC,,,,,,11,1,166,,,,,,,,,,,,,,
bell_WR_CLE,David Bell,WR,CLE,,,,,4,13,1,138,,,,,,,,,,,,,,
woods_WR_HOU,Robert Woods,WR,HOU,,,,,4,13,1,133,,,,,,,,,,,,,,
jordan_TE_HOU,Brevin Jordan,TE,HOU,,,,,,13,1,136,,,,,,,,,,,,,,
culp_TE_TB,Devin Culp,TE,TB,,,,,,13,1,135,,,,,,,,,,,,,,
holker_TE_NO,Dallin Holker,TE,NO,,,,,,13,1,135,,,,,,,,,,,,,,
means_WR_NO,Bub Means,WR,NO,,,,,,12,1,145,,,,,,,,,,,,,,
allen_TE_LAR,Davis Allen,TE,LAR,,,,,,13,1,132,,,,,,,,,,,,,,
penix_QB_ATL,Michael Penix Jr.,QB,ATL,3,409,2,1,38,,,,,1,,,,,,,,,,,,
durham_TE_TB,Payne Durham,TE,TB,,,,,,13,1,131,,,,,,,,,,,,,,
green_WR_DET,Antoine Green,WR,DET,,,,,,12,1,141,,,,,,,,,,,,,,
hendershot_TE_DAL,Peyton Hendershot,TE,DAL,,,,,,13,1,131,,,,,,,,,,,,,,
strange_TE_JAX,Brenton Strange,TE,JAX,,,,,,13,1,131,,,,,,,,,,,,,,
trautman_TE_DEN,Adam Trautman,TE,DEN,,,,,,13,1,131,,,,,,,,,,,,,,
moore_WR_ARI,Chris Moore,WR,ARI,,,,,10,11,1,138,,,,,,,,,,,,,,
moore_WR_KC,Skyy Moore,WR,KC,,,,,9,12,1,129,,,,,,,,,,,,,,
thrash_WR_CLE,Jamari Thrash,WR,CLE,,,,,6,11,1,141,,,,,,,,,,,,,,
watson_WR_KC,Justin Watson,WR,KC,,,,,,11,1,144,,,,,,,,,,,,,,
boutte_WR_NE,Kayshon Boutte,WR,NE,,,,,5,11,1,138,,,,,,,,,,,,,,
rice_WR_LAC,Brenden Rice,WR,LAC,,,,,4,11,1,138,,,,,,,,,,,,,,
brownlee_WR_NYJ,Jason Brownlee,WR,NYJ,,,,,3,11,1,138,,,,,,,,,,,,,,
tipton_WR_NO,Mason Tipton,WR,NO,,,,,,12,1,131,,,,,,,,,,,,,,
cowing_WR_SF,Jacob Cowing,WR,SF,,,,,6,11,1,134,,,,,,,,,,,,,,
bell_WR_SF,Ronnie Bell,WR,SF,,,,,4,11,1,134,,,,,,,,,,,,,,
wiley_TE_KC,Jared Wiley,TE,KC,,,,,,12,1,128,,,,,,,,,,,,,,
sample_TE_CIN,Drew Sample,TE,CIN,,,,,,12,1,126,,,,,,,,,,,,,,
mclachlan_TE_CIN,Tanner McLachlan,TE,CIN,,,,,,12,1,123,,,,,,,,,,,,,,
reynolds_RB_DET,Craig Reynolds,RB,DET,,,,1,138,6,,45,,,,,,,,,,,,,,
bryant_TE_LV,Harrison Bryant,TE,LV,,,,,,12,1,122,,,,,,,,,,,,,,
crowder_WR_WSH,Jamison Crowder,WR,WSH,,,,,,12,1,122,,,,,,,,,,,,,,
reiman_TE_ARI,Tip Reiman,TE,ARI,,,,,,12,1,121,,,,,,,,,,,,,,
whittington_WR_LAR,Jordan Whittington,WR,LAR,,,,,,11,1,128,,,,,,,,,,,,,,
flournoy_WR_DAL,Ryan Flournoy,WR,DAL,,,,,,11,1,126,,,,,,,,,,,,,,
wilson_RB_GB,Emanuel Wilson,RB,GB,,,,1,132,6,,44,,,,,,,,,,,,,,
palmer_WR_ARI,Tejhaun Palmer,WR,ARI,,,,,,11,1,122,,,,,,,,,,,,,,
rosemyjacksaint_WR_WSH,Marcus Rosemy-Jacksaint,WR,WSH,,,,,6,10,1,126,,,,,,,,,,,,,,
johnson_WR_DEN,Brandon Johnson,WR,DEN,,,,,7,10,1,124,,,,,,,,,,,,,,
moore_WR_CAR,David Moore,WR,CAR,,,,,5,9,1,135,,,,,,,,,,,,,,
remigio_WR_KC,Nikko Remigio,WR,KC,,,,,,10,1,130,,,,,,,,,,,,,,
hollins_WR_BUF,Mack Hollins,WR,BUF,,,,,,10,1,128,,,,,,,,,,,,,,
mckenzie_WR_NYG,Isaiah McKenzie,WR,NYG,,,,,10,11,1,107,,,,,,,,,,,,,,
washington_WR_ATL,Casey Washington,WR,ATL,,,,,,10,1,127,,,,,,,,,,,,,,
moreau_TE_NO,Foster Moreau,TE,NO,,,,,,11,1,116,,,,,,,,,,,,,,
oliver_TE_MIN,Josh Oliver,TE,MIN,,,,,,11,1,116,,,,,,,,,,,,,,
smith_TE_KC,Irv Smith,TE,KC,,,,,,11,1,116,,,,,,,,,,,,,,
vele_WR_DEN,Devaughn Vele,WR,DEN,,,,,,10,1,123,,,,,,,,,,,,,,
winston_QB_CLE,Jameis Winston,QB,CLE,3,434,2,,29,,,,,,,,,,,,,,,,,
hamler_WR_BUF,KJ Hamler,WR,BUF,,,,,5,9,1,125,,,,,,,,,,,,,,
kelley_RB_NYG,Joshua Kelley,RB,NYG,,,,1,134,5,,36,,,,,,,,,,,,,,
hooper_TE_NE,Austin Hooper,TE,NE,,,,,,11,1,109,,,,,,,,,,,,,,
latu_TE_SF,Cameron Latu,TE,SF,,,,,,13,1,88,,,,,,,,,,,,,,
gage_WR_BAL,Russell Gage,WR,BAL,,,,,3,10,1,114,,,,,,,,,,,,,,
goodson_RB_IND,Tyler Goodson,RB,IND,,,,1,113,6,,44,,,,,,,,,,,,,,
lazard_WR_NYJ,Allen Lazard,WR,NYJ,,,,,2,9,1,123,,,,,,,,,,,,,,
thornton_WR_NE,Tyquan Thornton,WR,NE,,,,,8,9,1,117,,,,,,,,,,,,,,
guyton_WR_LV,Jalen Guyton,WR,LV,,,,,4,9,1,119,,,,,,,,,,,,,,
irwin_WR_CIN,Trenton Irwin,WR,CIN,,,,,4,9,1,119,,,,,,,,,,,,,,
pascal_WR_ARI,Zach Pascal,WR,ARI,,,,,4,9,1,119,,,,,,,,,,,,,,
woods_WR_CLE,Mike Woods,WR,CLE,,,,,4,9,1,119,,,,,,,,,,,,,,
stidham_QB_DEN,Jarrett Stidham,QB,DEN,2,431,2,1,19,,,,,1,,,,,,,,,,,,
aliecox_TE_IND,Mo Alie-Cox,TE,IND,,,,,,10,1,107,,,,,,,,,,,,,,
chosen_WR_SF,Robbie Chosen,WR,SF,,,,,4,9,1,111,,,,,,,,,,,,,,
conley_WR_SF,Chris Conley,WR,SF,,,,,4,9,1,111,,,,,,,,,,,,,,
skowronek_WR_HOU,Ben Skowronek,WR,HOU,,,,,4,9,1,111,,,,,,,,,,,,,,
jordan_RB_HOU,Jawhar Jordan,RB,HOU,,,,1,134,4,,30,,,,,,,,,,,,,,
dissly_TE_LAC,Will Dissly,TE,LAC,,,,,,10,1,102,,,,,,,,,,,,,,
heath_WR_GB,Malik Heath,WR,GB,,,,,3,9,1,108,,,,,,,,,,,,,,
gould_WR_IND,Anthony Gould,WR,IND,,,,,,9,1,109,,,,,,,,,,,,,,
strong_RB_CLE,Pierre Strong,RB,CLE,,,,1,111,5,,38,,,,,,,,,,,,,,
akers_RB_HOU,Cam Akers,RB,HOU,,,,1,146,3,,20,,,,,,,,,,,,,,
dulin_WR_IND,Ashton Dulin,WR,IND,,,,,4,9,1,102,,,,,,,,,,,,,,
mcbride_RB_MIN,DeWayne McBride,RB,MIN,,,,1,125,4,,30,,,,,,,,,,,,,,
ogunbowale_RB_HOU,Dare Ogunbowale,RB,HOU,,,,,46,12,,88,,,,,,,,,,,,,,
lock_QB_NYG,Drew Lock,QB,NYG,3,428,2,,21,,,,,1,,,,,,,,,,,,
harty_WR_BAL,Deonte Harty,WR,BAL,,,,,15,8,1,95,,,,,,,,,,,,,,
reagor_WR_NE,Jalen Reagor,WR,NE,,,,,4,8,1,106,,,,,,,,,,,,,,
fortson_TE_MIA,Joseph Fortson,TE,MIA,,,,,,9,1,95,,,,,,,,,,,,,,
stoll_TE_NYG,Jack Stoll,TE,NYG,,,,,,9,1,95,,,,,,,,,,,,,,
ross_WR_KC,Justyn Ross,WR,KC,,,,,,8,1,103,,,,,,,,,,,,,,
davis_RB_NYJ,Isaiah Davis,RB,NYJ,,,,1,111,4,,31,,,,,,,,,,,,,,
jones_WR_JAX,Tim Jones,WR,JAX,,,,,4,8,1,95,,,,,,,,,,,,,,
watson_RB_DEN,Blake Watson,RB,DEN,,,,1,108,4,,29,,,,,,,,,,,,,,
wilson_RB_MIA,Jeff Wilson,RB,MIA,,,,1,106,4,,29,,,,,,,,,,,,,,
spiller_RB_LAC,Isaiah Spiller,RB,LAC,,,,1,106,4,,27,,,,,,,,,,,,,,
rivers_RB_LAR,Ronnie Rivers,RB,LAR,,,,1,105,4,,26,,,,,,,,,,,,,,
gray_WR_SF,Danny Gray,WR,SF,,,,,4,7,1,94,,,,,,,,,,,,,,
schoonmaker_TE_DAL,Luke Schoonmaker,TE,DAL,,,,,,8,1,87,,,,,,,,,,,,,,
smartt_TE_LAC,Stone Smartt,TE,LAC,,,,,,8,1,87,,,,,,,,,,,,,,
brown_WR_NO,Equanimeous St. Brown,WR,NO,,,,,4,7,1,91,,,,,,,,,,,,,,
akins_TE_CLE,Jordan Akins,TE,CLE,,,,,,8,1,80,,,,,,,,,,,,,,
morris_TE_BUF,Quintin Morris,TE,BUF,,,,,,8,1,80,,,,,,,,,,,,,,
blackshear_RB_CAR,Raheem Blackshear,RB,CAR,,,,,55,9,,68,,,,,,,,,,,,,,
scott_RB_LAR,Boston Scott,RB,LAR,,,,1,99,3,,22,,,,,,,,,,,,,,
abdullah_RB_LV,Ameer Abdullah,RB,LV,,,,,46,9,,68,,,,,,,,,,,,,,
brown_TE_SEA,Pharaoh Brown,TE,SEA,,,,,,7,1,73,,,,,,,,,,,,,,
breida_RB_SF,Matt Breida,RB,SF,,,,1,80,3,,23,,,,,,,,,,,,,,
evans_RB_CIN,Chris Evans,RB,CIN,,,,,38,9,,65,,,,,,,,,,,,,,
woerner_TE_ATL,Charlie Woerner,TE,ATL,,,,,,12,,68,,,,,,,,,,,,,,
smith_WR_DET,Tre'Quan Smith,WR,DET,,,,,,11,,74,,,,,,,,,,,,,,
browning_QB_CIN,Jake Browning,QB,CIN,2,248,1,,22,,,,,,,,,,,,,,,,,
shenault_WR_SEA,Laviska Shenault Jr.,WR,SEA,,,,,52,6,,69,,,,,,,,,,,,,,
freeman_RB_DAL,Royce Freeman,RB,DAL,,,,1,52,4,,26,,,,,,,,,,,,,,
mims_RB_NO,Jordan Mims,RB,NO,,,,1,68,3,,18,,,,,,,,,,,,,,
hines_RB_CLE,Nyheim Hines,RB,CLE,,,,,29,8,,57,,,,,,,,,,,,,,
cracraft_WR_MIA,River Cracraft,WR,MIA,,,,,,10,,61,,,,,,,,,,,,,,
washington_RB_ATL,Carlos Washington,RB,ATL,,,,1,37,4,,22,,,,,,,,,,,,,,
garoppolo_QB_LAR,Jimmy Garoppolo,QB,LAR,2,217,1,,7,,,,,,,,,,,,,,,,,
trubisky_QB_BUF,Mitchell Trubisky,QB,BUF,2,194,1,,15,,,,,,,,,,,,,,,,,
dallas_RB_ARI,DeeJay Dallas,RB,ARI,,,,,46,5,,36,,,,,,,,,,,,,,
robinson_RB_JAX,Keilan Robinson,RB,JAX,,,,,33,2,,15,,,,,,,,,,,,,1,
duvernay_WR_JAX,Devin Duvernay,WR,JAX,,,,,12,5,,64,,,,,,,,,,,,,,
heyward_TE_PIT,Connor Heyward,TE,PIT,,,,,,6,,66,,,,,,,,,,,,,,
thomas_TE_CAR,Ian Thomas,TE,CAR,,,,,,6,,66,,,,,,,,,,,,,,
huntley_QB_CLE,Tyler Huntley,QB,CLE,1,202,1,,24,,,,,,,,,,,,,,,,,
bagent_QB_CHI,Tyson Bagent,QB,CHI,1,188,1,,29,,,,,,,,,,,,,,,,,
homer_RB_CHI,Travis Homer,RB,CHI,,,,,55,4,,28,,,,,,,,,,,,,,
taylor_QB_NYJ,Tyrod Taylor,QB,NYJ,1,205,1,,21,,,,,,,,,,,,,,,,,
hooker_QB_DET,Hendon Hooker,QB,DET,1,192,1,,26,,,,,,,,,,,,,,,,,
dobbs_QB_SF,Joshua Dobbs,QB,SF,1,190,1,,26,,,,,,,,,,,,,,,,,
rush_QB_DAL,Cooper Rush,QB,DAL,1,219,1,,13,,,,,,,,,,,,,,,,,
clifford_QB_GB,Sean Clifford,QB,GB,1,220,1,,12,,,,,,,,,,,,,,,,,
jones_QB_JAX,Mac Jones,QB,JAX,1,200,1,,20,,,,,,,,,,,,,,,,,
mariota_QB_WSH,Marcus Mariota,QB,WSH,1,217,1,,13,,,,,,,,,,,,,,,,,
stick_QB_LAC,Easton Stick,QB,LAC,1,215,1,,13,,,,,,,,,,,,,,,,,
wentz_QB_KC,Carson Wentz,QB,KC,1,215,1,,13,,,,,,,,,,,,,,,,,
white_QB_MIA,Mike White,QB,MIA,1,222,1,,10,,,,,,,,,,,,,,,,,
marshall_WR_CAR,Terrace Marshall Jr.,WR,CAR,,,,,4,5,,64,,,,,,,,,,,,,,
miller_WR_PIT,Scott Miller,WR,PIT,,,,,4,5,,64,,,,,,,,,,,,,,
trask_QB_TB,Kyle Trask,QB,TB,1,220,1,,10,,,,,,,,,,,,,,,,,
wallace_WR_BAL,Tylan Wallace,WR,BAL,,,,,4,5,,64,,,,,,,,,,,,,,
mills_QB_HOU,Davis Mills,QB,HOU,1,212,1,,13,,,,,,,,,,,,,,,,,
flacco_QB_IND,Joe Flacco,QB,IND,1,234,1,,4,,,,,,,,,,,,,,,,,
lance_QB_DAL,Trey Lance,QB,DAL,1,195,1,,19,,,,,,,,,,,,,,,,,
saubert_TE_SF,Eric Saubert,TE,SF,,,,,,7,,47,,,,,,,,,,,,,,
wilson_QB_DEN,Zach Wilson,QB,DEN,1,200,1,,17,,,,,,,,,,,,,,,,,
dalton_QB_CAR,Andy Dalton,QB,CAR,1,208,1,,13,,,,,,,,,,,,,,,,,
johnson_RB_JAX,D'Ernest Johnson,RB,JAX,,,,,63,3,,23,,,,,,,,,,,,,,
hall_QB_MIN,Jaren Hall,QB,MIN,1,174,1,,26,,,,,,,,,,,,,,,,,
zappe_QB_NE,Bailey Zappe,QB,NE,1,200,1,,15,,,,,,,,,,,,,,,,,
rudolph_QB_TEN,Mason Rudolph,QB,TEN,1,223,1,,4,,,,,,,,,,,,,,,,,
willis_QB_TEN,Malik Willis,QB,TEN,1,168,1,,26,,,,,,,,,,,,,,,,,
devito_QB_NYG,Tommy DeVito,QB,NYG,1,190,1,,17,,,,,,,,,,,,,,,,,
mullens_QB_MIN,Nick Mullens,QB,MIN,1,210,1,,9,,,,,,,,,,,,,,,,,
keenum_QB_HOU,Case Keenum,QB,HOU,1,205,1,,8,,,,,,,,,,,,,,,,,
beathard_QB_JAX,C.J. Beathard,QB,JAX,1,186,1,,15,,,,,,,,,,,,,,,,,
davis_RB_DAL,Malik Davis,RB,DAL,,,,,55,3,,23,,,,,,,,,,,,,,
pratt_QB_GB,Michael Pratt,QB,GB,1,190,1,,12,,,,,,,,,,,,,,,,,
allen_QB_PIT,Kyle Allen,QB,PIT,1,186,1,,13,,,,,,,,,,,,,,,,,
travis_QB_NYJ,Jordan Travis,QB,NYJ,1,188,1,,10,,,,,,,,,,,,,,,,,
byrd_WR_BUF,Damiere Byrd,WR,BUF,,,,,4,4,,61,,,,,,,,,,,,,,
thompson_QB_MIA,Skylar Thompson,QB,MIA,1,161,1,,20,,,,,,,,,,,,,,,,,
pickett_QB_PHI,Kenny Pickett,QB,PHI,1,225,1,,14,,,,,1,,,,,,,,,,,,
eskridge_WR_SEA,D'Wayne Eskridge,WR,SEA,,,,,6,4,,56,,,,,,,,,,,,,,
heinicke_QB_ATL,Taylor Heinicke,QB,ATL,1,220,1,,14,,,,,1,,,,,,,,,,,,
bates_TE_WSH,John Bates,TE,WSH,,,,,,5,,51,,,,,,,,,,,,,,
deguara_TE_JAX,Josiah Deguara,TE,JAX,,,,,,5,,51,,,,,,,,,,,,,,
kolar_TE_BAL,Charlie Kolar,TE,BAL,,,,,,5,,51,,,,,,,,,,,,,,
tune_QB_ARI,Clayton Tune,QB,ARI,1,180,1,,7,,,,,,,,,,,,,,,,,
ridder_QB_ARI,Desmond Ridder,QB,ARI,1,211,1,,11,,,,,1,,,,,,,,,,,,
milton_QB_NE,Joe Milton III,QB,NE,1,190,1,,17,,,,,1,,,,,,,,,,,,
williams_RB_CIN,Trayveon Williams,RB,CIN,,,,,41,3,,20,,,,,,,,,,,,,,
rattler_QB_NO,Spencer Rattler,QB,NO,1,100,,,10,,,,,,,,,,,,,,,,,
bennett_QB_LAR,Stetson Bennett,QB,LAR,1,92,,,13,,,,,,,,,,,,,,,,,
hartman_QB_WSH,Sam Hartman,QB,WSH,1,100,,,7,,,,,,,,,,,,,,,,,
bailey_RB_KC,Emani Bailey,RB,KC,,,,,47,2,,18,,,,,,,,,,,,,,
mcintosh_RB_SEA,Kenny McIntosh,RB,SEA,,,,,50,2,,15,,,,,,,,,,,,,,
covey_WR_PHI,Britain Covey,WR,PHI,,,,,,4,,41,,,,,,,,,,,,,,
jackson_WR_TEN,Jha'Quan Jackson,WR,TEN,,,,,,4,,41,,,,,,,,,,,,,,
philips_WR_TEN,Kyle Philips,WR,TEN,,,,,1,4,,40,,,,,,,,,,,,,,
wilcox_TE_NE,Mitchell Wilcox,TE,NE,,,,,,5,,31,,,,,,,,,,,,,,
abanikanda_RB_NYJ,Israel Abanikanda,RB,NYJ,,,,,46,2,,14,,,,,,,,,,,,,,
mckee_QB_PHI,Tanner McKee,QB,PHI,1,80,,,8,,,,,,,,,,,,,,,,,
nwangwu_RB_MIN,Kene Nwangwu,RB,MIN,,,,,49,2,,11,,,,,,,,,,,,,,
ehlinger_QB_IND,Sam Ehlinger,QB,IND,1,76,,,8,,,,,,,,,,,,,,,,,
haskins_RB_TEN,Hassan Haskins,RB,TEN,,,,,46,2,,11,,,,,,,,,,,,,,
tucker_RB_TB,Sean Tucker,RB,TB,,,,,33,2,,18,,,,,,,,,,,,,,
pringle_WR_WSH,Byron Pringle,WR,WSH,,,,,2,3,,35,,,,,,,,,,,,,,
hasty_RB_NE,JaMycal Hasty,RB,NE,,,,,25,2,,15,,,,,,,,,,,,,,
ingram_RB_KC,Keaontay Ingram,RB,KC,,,,,30,2,,10,,,,,,,,,,,,,,
dotson_RB_LAC,Elijah Dotson,RB,LAC,,,,,24,2,,15,,,,,,,,,,,,,,
gaskin_RB_MIN,Myles Gaskin,RB,MIN,,,,,26,2,,11,,,,,,,,,,,,,,
jones_WR_CHI,Velus Jones Jr.,WR,CHI,,,,,6,2,,30,,,,,,,,,,,,,,
perine_RB_PIT,La'Mical Perine,RB,PIT,,,,,25,2,,11,,,,,,,,,,,,,,
taylor_RB_SF,Patrick Taylor,RB,SF,,,,,17,2,,15,,,,,,,,,,,,,,
evans_RB_LAR,Zach Evans,RB,LAR,,,,,32,1,,9,,,,,,,,,,,,,,
thompsonrobinson_QB_CLE,Dorian Thompson-Robinson,QB,CLE,,87,,,13,,,,,,,,,,,,,,,,,
carter_WR_CHI,DeAndre Carter,WR,CHI,,,,,6,2,,21,,,,,,,,,,,,,,
vaki_RB_DET,Sione Vaki,RB,DET,,,,,26,1,,5,,,,,,,,,,,,,,
schrader_RB_SF,Cody Schrader,RB,SF,,,,,23,1,,2,,,,,,,,,,,,,,
davisprice_RB_PHI,Tyrion Davis-Price,RB,PHI,,,,,17,1,,3,,,,,,,,,,,,,,
leary_QB_BAL,Devin Leary,QB,BAL,,65,,,,,,,,,,,,,,,,,,,,
oginni_TE_ATL,Kehinde Oginni Hassan,TE,ATL,,,,,,,,,,,,,,,,,,,,,,
adkins_TE_DEN,Nate Adkins,TE,DEN,,,,,,,,,,,,,,,,,,,,,,
alexander_WR_DET,Maurice Alexander,WR,DET,,,,,,,,,,,,,,,,,,,,,,
ali_WR_ATL,Josh Ali,WR,ATL,,,,,,,,,,,,,,,,,,,,,,
all_TE_CIN,Erick All,TE,CIN,,,,,,,,,,,,,,,,,,,,,,
allen_QB_SF,Brandon Allen,QB,SF,,,,,,,,,,,,,,,,,,,,,,
allen_WR_WSH,Kazmeir Allen,WR,WSH,,,,,,,,,,,,,,,,,,,,,,
asante_WR_NYG,Ayir Asante,WR,NYG,,,,,,,,,,,,,,,,,,,,,,
austin_WR_NO,Kevin Austin Jr.,WR,NO,,,,,,,,,,,,,,,,,,,,,,
baccellia_WR_ARI,Andre Baccellia,WR,ARI,,,,,,,,,,,,,,,,,,,,,,
bachman_WR_LV,Alex Bachman,WR,LV,,,,,,,,,,,,,,,,,,,,,,
badie_RB_DEN,Tyler Badie,RB,DEN,,,,,,,,,,,,,,,,,,,,,,
baldwin_WR_ARI,Daylen Baldwin,WR,ARI,,,,,,,,,,,,,,,,,,,,,,
bandy_WR_DEN,Michael Bandy,WR,DEN,,,,,,,,,,,,,,,,,,,,,,
bates_TE_CHI,Brenden Bates,TE,CHI,,,,,,,,,,,,,,,,,,,,,,
bawden_RB_HOU,Nick Bawden,RB,HOU,,,,,,,,,,,,,,,,,,,,,,
bean_QB_IND,Jason Bean,QB,IND,,,,,,,,,,,,,,,,,,,,,,
beck_RB_HOU,Andrew Beck,RB,HOU,,,,,,,,,,,,,,,,,,,,,,
benson_TE_LAC,Luke Benson,TE,LAC,,,,,,,,,,,,,,,,,,,,,,
blair_WR_ATL,Chris Blair,WR,ATL,,,,,,,,,,,,,,,,,,,,,,
blasingame_RB_CHI,Khari Blasingame,RB,CHI,,,,,,,,,,,,,,,,,,,,,,
book_QB_KC,Ian Book,QB,KC,,,,,,,,,,,,,,,,,,,,,,
boone_RB_CAR,Mike Boone,RB,CAR,,,,,,,,,,,,,,,,,,,,,,
bowman_TE_JAX,Shawn Bowman,TE,JAX,,,,,,,,,,,,,,,,,,,,,,
boykin_WR_NYG,Miles Boykin,WR,NYG,,,,,,,,,,,,,,,,,,,,,,
boyle_QB_HOU,Tim Boyle,QB,HOU,,,,,,,,,,,,,,,,,,,,,,
bradley_QB_LV,Carter Bradley,QB,LV,,,,,,,,,,,,,,,,,,,,,,
brightwell_RB_JAX,Gary Brightwell,RB,JAX,,,,,,,,,,,,,,,,,,,,,,
brooks_RB_HOU,British Brooks,RB,HOU,,,,,,,,,,,,,,,,,,,,,,
brooks_RB_MIA,Chris Brooks,RB,MIA,,,,,,,,,,,,,,,,,,,,,,
brooks_WR_KC,Phillip Brooks,WR,KC,,,,,,,,,,,,,,,,,,,,,,
brown_WR_CLE,Ahmarean Brown,WR,CLE,,,,,,,,,,,,,,,,,,,,,,
brown_QB_BUF,Anthony Brown,QB,BUF,,,,,,,,,,,,,,,,,,,,,,
brown_RB_LV,Brittain Brown,RB,LV,,,,,,,,,,,,,,,,,,,,,,
brown_RB_ATL,Spencer Brown,RB,ATL,,,,,,,,,,,,,,,,,,,,,,
bryant_WR_WSH,Martavis Bryant,WR,WSH,,,,,,,,,,,,,,,,,,,,,,
buechele_QB_BUF,Shane Buechele,QB,BUF,,,,,,,,,,,,,,,,,,,,,,
burgess_WR_CIN,Cole Burgess,WR,CIN,,,,,,,,,,,,,,,,,,,,,,
burnett_WR_DAL,Deontay Burnett,WR,DAL,,,,,,,,,,,,,,,,,,,,,,
burns_RB_ATL,Robert Burns,RB,ATL,,,,,,,,,,,,,,,,,,,,,,
burton_WR_MIA,Je'Quan Burton,WR,MIA,,,,,,,,,,,,,,,,,,,,,,
burton_RB_DEN,Michael Burton,RB,DEN,,,,,,,,,,,,,,,,,,,,,,
bynum_WR_LV,Terrell Bynum,WR,LV,,,,,,,,,,,,,,,,,,,,,,
cager_TE_NYG,Lawrence Cager,TE,NYG,,,,,,,,,,,,,,,,,,,,,,
cain_WR_BUF,Deon Cain,WR,BUF,,,,,,,,,,,,,,,,,,,,,,
calcaterra_TE_PHI,Grant Calcaterra,TE,PHI,,,,,,,,,,,,,,,,,,,,,,
calhoun_WR_DET,Jalon Calhoun,WR,DET,,,,,,,,,,,,,,,,,,,,,,
cannella_TE_TB,Sal Cannella,TE,TB,,,,,,,,,,,,,,,,,,,,,,
carlson_TE_CHI,Stephen Carlson,TE,CHI,,,,,,,,,,,,,,,,,,,,,,
carter_WR_CAR,Devin Carter,WR,CAR,,,,,,,,,,,,,,,,,,,,,,
castles_TE_PHI,McCallan Castles,TE,PHI,,,,,,,,,,,,,,,,,,,,,,
cephus_WR_JAX,Joshua Cephus,WR,JAX,,,,,,,,,,,,,,,,,,,,,,
cephus_WR_HOU,Quintez Cephus,WR,HOU,,,,,,,,,,,,,,,,,,,,,,
charles_WR_NYJ,Irvin Charles,WR,NYJ,,,,,,,,,,,,,,,,,,,,,,
chestnut_RB_TEN,Julius Chestnut,RB,TEN,,,,,,,,,,,,,,,,,,,,,,
chisena_WR_ARI,Dan Chisena,WR,ARI,,,,,,,,,,,,,,,,,,,,,,
cleveland_WR_IND,Tyrie Cleveland,WR,IND,,,,,,,,,,,,,,,,,,,,,,
coker_WR_CAR,Jalen Coker,WR,CAR,,,,,,,,,,,,,,,,,,,,,,
colletto_RB_PIT,Jack Colletto,RB,PIT,,,,,,,,,,,,,,,,,,,,,,
collier_RB_BAL,Chris Collier,RB,BAL,,,,,,,,,,,,,,,,,,,,,,
collins_RB_CIN,Elijah Collins,RB,CIN,,,,,,,,,,,,,,,,,,,,,,
conner_RB_DAL,Snoop Conner,RB,DAL,,,,,,,,,,,,,,,,,,,,,,
conner_TE_MIA,Tanner Conner,TE,MIA,,,,,,,,,,,,,,,,,,,,,,
cooks_WR_JAX,Elijah Cooks,WR,JAX,,,,,,,,,,,,,,,,,,,,,,
copeland_WR_PIT,Jacob Copeland,WR,PIT,,,,,,,,,,,,,,,,,,,,,,
corral_QB_MIN,Matt Corral,QB,MIN,,,,,,,,,,,,,,,,,,,,,,
cota_WR_NYG,Chase Cota,WR,NYG,,,,,,,,,,,,,,,,,,,,,,
cunningham_QB_BAL,Malik Cunningham,QB,BAL,,,,,,,,,,,,,,,,,,,,,,
cupp_TE_KC,Baylor Cupp,TE,KC,,,,,,,,,,,,,,,,,,,,,,
darden_WR_CLE,Jaelon Darden,WR,CLE,,,,,,,,,,,,,,,,,,,,,,
davidson_TE_BUF,Zach Davidson,TE,BUF,,,,,,,,,,,,,,,,,,,,,,
davis_WR_WSH,Davion Davis,WR,WSH,,,,,,,,,,,,,,,,,,,,,,
davis_WR_DET,Kaden Davis,WR,DET,,,,,,,,,,,,,,,,,,,,,,
davis_RB_BUF,Ray Davis,RB,BUF,,,,,,,,,,,,,,,,,,,,,,
davis_WR_NO,Shaquan Davis,WR,NO,,,,,,,,,,,,,,,,,,,,,,
davis_TE_GB,Tyler Davis,TE,GB,,,,,,,,,,,,,,,,,,,,,,
dinucci_QB_BUF,Ben DiNucci,QB,BUF,,,,,,,,,,,,,,,,,,,,,,
dorsett_WR_DEN,Phillip Dorsett,WR,DEN,,,,,,,,,,,,,,,,,,,,,,
dowell_WR_TEN,Colton Dowell,WR,TEN,,,,,,,,,,,,,,,,,,,,,,
driskel_QB_WSH,Jeff Driskel,QB,WSH,,,,,,,,,,,,,,,,,,,,,,
drummond_WR_ATL,Dylan Drummond,WR,ATL,,,,,,,,,,,,,,,,,,,,,,
dubose_WR_GB,Grant DuBose,WR,GB,,,,,,,,,,,,,,,,,,,,,,
durden_WR_DAL,David Durden,WR,DAL,,,,,,,,,,,,,,,,,,,,,,
dwelley_TE_ATL,Ross Dwelley,TE,ATL,,,,,,,,,,,,,,,,,,,,,,
edwards_RB_PIT,Daijun Edwards,RB,PIT,,,,,,,,,,,,,,,,,,,,,,
evans_RB_BUF,Darrynton Evans,RB,BUF,,,,,,,,,,,,,,,,,,,,,,
ezeike_TE_SEA,Michael Ezeike,TE,SEA,,,,,,,,,,,,,,,,,,,,,,
ezukanma_WR_MIA,Erik Ezukanma,WR,MIA,,,,,,,,,,,,,,,,,,,,,,
fairchild_TE_NO,Mason Fairchild,TE,NO,,,,,,,,,,,,,,,,,,,,,,
fant_TE_DAL,Princeton Fant,TE,DAL,,,,,,,,,,,,,,,,,,,,,,
farrell_TE_JAX,Luke Farrell,TE,JAX,,,,,,,,,,,,,,,,,,,,,,
fehoko_WR_LAC,Simi Fehoko,WR,LAC,,,,,,,,,,,,,,,,,,,,,,
felton_RB_IND,Demetric Felton,RB,IND,,,,,,,,,,,,,,,,,,,,,,
fenwick_RB_NE,DeShaun Fenwick,RB,NE,,,,,,,,,,,,,,,,,,,,,,
firkser_TE_NYJ,Anthony Firkser,TE,NYJ,,,,,,,,,,,,,,,,,,,,,,
fisk_TE_LAC,Tucker Fisk,TE,LAC,,,,,,,,,,,,,,,,,,,,,,
fitzpatrick_WR_PIT,Dez Fitzpatrick,WR,PIT,,,,,,,,,,,,,,,,,,,,,,
fitzpatrick_TE_ATL,John FitzPatrick,TE,ATL,,,,,,,,,,,,,,,,,,,,,,
foelsch_TE_PHI,Kevin Foelsch,TE,PHI,,,,,,,,,,,,,,,,,,,,,,
fordwheaton_WR_NYG,Bryce Ford-Wheaton,WR,NYG,,,,,,,,,,,,,,,,,,,,,,
foreman_WR_LV,Jeff Foreman,WR,LV,,,,,,,,,,,,,,,,,,,,,,
forristall_TE_LAR,Miller Forristall,TE,LAR,,,,,,,,,,,,,,,,,,,,,,
fotheringham_TE_LV,Cole Fotheringham,TE,LV,,,,,,,,,,,,,,,,,,,,,,
fountain_WR_DET,Daurice Fountain,WR,DET,,,,,,,,,,,,,,,,,,,,,,
franks_TE_CAR,Feleipe Franks,TE,CAR,,,,,,,,,,,,,,,,,,,,,,
fromm_QB_DET,Jake Fromm,QB,DET,,,,,,,,,,,,,,,,,,,,,,
funk_RB_DET,Jake Funk,RB,DET,,,,,,,,,,,,,,,,,,,,,,
garrison_TE_SEA,Devon Garrison,TE,SEA,,,,,,,,,,,,,,,,,,,,,,
gentry_TE_LV,Zach Gentry,TE,LV,,,,,,,,,,,,,,,,,,,,,,
gill_WR_LAC,Jaelen Gill,WR,LAC,,,,,,,,,,,,,,,,,,,,,,
gilliam_RB_BUF,Reggie Gilliam,RB,BUF,,,,,,,,,,,,,,,,,,,,,,
gore_RB_BUF,Frank Gore Jr.,RB,BUF,,,,,,,,,,,,,,,,,,,,,,
grandy_TE_CIN,Cam Grandy,TE,CIN,,,,,,,,,,,,,,,,,,,,,,
grier_QB_PHI,Will Grier,QB,PHI,,,,,,,,,,,,,,,,,,,,,,
griffin_WR_LV,Lideatrick Griffin,WR,LV,,,,,,,,,,,,,,,,,,,,,,
haener_QB_NO,Jake Haener,QB,NO,,,,,,,,,,,,,,,,,,,,,,
hairston_RB_HOU,Troy Hairston,RB,HOU,,,,,,,,,,,,,,,,,,,,,,
hall_RB_ARI,Hassan Hall,RB,ARI,,,,,,,,,,,,,,,,,,,,,,
hall_WR_MIN,Justin Hall,WR,MIN,,,,,,,,,,,,,,,,,,,,,,
ham_RB_MIN,C.J. Ham,RB,MIN,,,,,,,,,,,,,,,,,,,,,,
harley_WR_MIA,Mike Harley Jr.,WR,MIA,,,,,,,,,,,,,,,,,,,,,,
harmon_WR_DAL,Kelvin Harmon,WR,DAL,,,,,,,,,,,,,,,,,,,,,,
harrell_WR_NYJ,Tyler Harrell,WR,NYJ,,,,,,,,,,,,,,,,,,,,,,
harris_TE_PHI,Jacob Harris,TE,PHI,,,,,,,,,,,,,,,,,,,,,,
harrison_WR_TEN,Tre'Shaun Harrison,WR,TEN,,,,,,,,,,,,,,,,,,,,,,
harry_WR_MIN,N'Keal Harry,WR,MIN,,,,,,,,,,,,,,,,,,,,,,
hatten_WR_SEA,Hayden Hatten,WR,SEA,,,,,,,,,,,,,,,,,,,,,,
hebert_WR_PHI,Griffin Hebert,WR,PHI,,,,,,,,,,,,,,,,,,,,,,
heins_TE_LAC,Zach Heins,TE,LAC,,,,,,,,,,,,,,,,,,,,,,
hesse_TE_DET,Parker Hesse,TE,DET,,,,,,,,,,,,,,,,,,,,,,
hicks_WR_GB,Julian Hicks,WR,GB,,,,,,,,,,,,,,,,,,,,,,
hiliare_WR_ATL,OJ Hiliare,WR,ATL,,,,,,,,,,,,,,,,,,,,,,
hill_TE_MIA,Julian Hill,TE,MIA,,,,,,,,,,,,,,,,,,,,,,
hodge_WR_ATL,KhaDarel Hodge,WR,ATL,,,,,,,,,,,,,,,,,,,,,,
holani_RB_SEA,George Holani,RB,SEA,,,,,,,,,,,,,,,,,,,,,,
holler_TE_DAL,Alec Holler,TE,DAL,,,,,,,,,,,,,,,,,,,,,,
hollister_TE_CAR,Jacob Hollister,TE,CAR,,,,,,,,,,,,,,,,,,,,,,
horsted_TE_CAR,Jesper Horsted,TE,CAR,,,,,,,,,,,,,,,,,,,,,,
horvath_RB_MIA,Zander Horvath,RB,MIA,,,,,,,,,,,,,,,,,,,,,,
houston_WR_NYG,Dennis Houston,WR,NYG,,,,,,,,,,,,,,,,,,,,,,
howard_RB_GB,Jarveon Howard,RB,GB,,,,,,,,,,,,,,,,,,,,,,
humphrey_WR_DEN,Lil'Jordan Humphrey,WR,DEN,,,,,,,,,,,,,,,,,,,,,,
ibrahim_RB_MIN,Mohamed Ibrahim,RB,MIN,,,,,,,,,,,,,,,,,,,,,,
ingold_RB_MIA,Alec Ingold,RB,MIA,,,,,,,,,,,,,,,,,,,,,,
isabella_WR_BUF,Andy Isabella,WR,BUF,,,,,,,,,,,,,,,,,,,,,,
ismail_WR_BAL,Qadir Ismail,WR,BAL,,,,,,,,,,,,,,,,,,,,,,
jackson_RB_NYJ,Deon Jackson,RB,NYJ,,,,,,,,,,,,,,,,,,,,,,
jackson_RB_JAX,Jalen Jackson,RB,JAX,,,,,,,,,,,,,,,,,,,,,,
jackson_WR_NE,JaQuae Jackson,WR,NE,,,,,,,,,,,,,,,,,,,,,,
jackson_WR_CHI,John Jackson,WR,CHI,,,,,,,,,,,,,,,,,,,,,,
jackson_WR_MIN,Lucky Jackson,WR,MIN,,,,,,,,,,,,,,,,,,,,,,
jackson_WR_CIN,Shedrick Jackson,WR,CIN,,,,,,,,,,,,,,,,,,,,,,
jacobson_TE_NO,Michael Jacobson,TE,NO,,,,,,,,,,,,,,,,,,,,,,
janke_WR_MIA,Jadon Janke,WR,MIA,,,,,,,,,,,,,,,,,,,,,,
jefferson_RB_DET,Jermar Jefferson,RB,DET,,,,,,,,,,,,,,,,,,,,,,
jefferson_RB_TB,Ramon Jefferson,RB,TB,,,,,,,,,,,,,,,,,,,,,,
jenkins_TE_PHI,E.J. Jenkins,TE,PHI,,,,,,,,,,,,,,,,,,,,,,
jenkins_WR_PIT,Jaray Jenkins,WR,PIT,,,,,,,,,,,,,,,,,,,,,,
jennings_RB_NE,Terrell Jennings,RB,NE,,,,,,,,,,,,,,,,,,,,,,
jiles_WR_NYG,John Jiles,WR,NYG,,,,,,,,,,,,,,,,,,,,,,
johnson_WR_DAL,Cam Johnson,WR,DAL,,,,,,,,,,,,,,,,,,,,,,
johnson_WR_TB,Cephus Johnson III,WR,TB,,,,,,,,,,,,,,,,,,,,,,
johnson_WR_CHI,Collin Johnson,WR,CHI,,,,,,,,,,,,,,,,,,,,,,
johnson_RB_NYG,Jakob Johnson,RB,NYG,,,,,,,,,,,,,,,,,,,,,,
johnson_WR_HOU,Johnny Johnson III,WR,HOU,,,,,,,,,,,,,,,,,,,,,,
johnson_QB_BAL,Josh Johnson,QB,BAL,,,,,,,,,,,,,,,,,,,,,,
johnson_TE_MIN,Neal Johnson,TE,MIN,,,,,,,,,,,,,,,,,,,,,,
johnson_TE_NYG,Theo Johnson,TE,NYG,,,,,,,,,,,,,,,,,,,,,,
johnson_WR_LAR,Tyler Johnson,WR,LAR,,,,,,,,,,,,,,,,,,,,,,
johnson_WR_BUF,Xavier Johnson,WR,BUF,,,,,,,,,,,,,,,,,,,,,,
jones_RB_WSH,Austin Jones,RB,WSH,,,,,,,,,,,,,,,,,,,,,,
jones_QB_BAL,Emory Jones,QB,BAL,,,,,,,,,,,,,,,,,,,,,,
jones_WR_MIN,Jeshaun Jones,WR,MIN,,,,,,,,,,,,,,,,,,,,,,
jones_WR_TB,Latreal Jones,WR,TB,,,,,,,,,,,,,,,,,,,,,,
jones_RB_ARI,Tony Jones,RB,ARI,,,,,,,,,,,,,,,,,,,,,,
juszczyk_RB_SF,Kyle Juszczyk,RB,SF,,,,,,,,,,,,,,,,,,,,,,
kalinic_TE_LAR,Nikola Kalinic,TE,LAR,,,,,,,,,,,,,,,,,,,,,,
kampmoyer_TE_DEN,Hunter Kampmoyer,TE,DEN,,,,,,,,,,,,,,,,,,,,,,
keene_TE_HOU,Dalton Keene,TE,HOU,,,,,,,,,,,,,,,,,,,,,,
kelly_RB_BAL,John Kelly,RB,BAL,,,,,,,,,,,,,,,,,,,,,,
kennedy_WR_DET,Tom Kennedy,WR,DET,,,,,,,,,,,,,,,,,,,,,,
keyton_WR_LV,Ramel Keyton,WR,LV,,,,,,,,,,,,,,,,,,,,,,
kibodi_RB_NO,Jacob Kibodi,RB,NO,,,,,,,,,,,,,,,,,,,,,,
kieft_TE_TB,Ko Kieft,TE,TB,,,,,,,,,,,,,,,,,,,,,,
kinsey_WR_TEN,Mason Kinsey,WR,TEN,,,,,,,,,,,,,,,,,,,,,,
kirklin_WR_SF,Jontre Kirklin,WR,SF,,,,,,,,,,,,,,,,,,,,,,
kirkwood_WR_BAL,Keith Kirkwood,WR,BAL,,,,,,,,,,,,,,,,,,,,,,
knight_RB_DET,Bam Knight,RB,DET,,,,,,,,,,,,,,,,,,,,,,
knowles_WR_MIN,Malik Knowles,WR,MIN,,,,,,,,,,,,,,,,,,,,,,
knox_TE_MIN,Trey Knox,TE,MIN,,,,,,,,,,,,,,,,,,,,,,
knue_WR_TB,Tanner Knue,WR,TB,,,,,,,,,,,,,,,,,,,,,,
kuntz_TE_NYJ,Zack Kuntz,TE,NYJ,,,,,,,,,,,,,,,,,,,,,,
laap_WR_LAR,JJ Laap,WR,LAR,,,,,,,,,,,,,,,,,,,,,,
landers_WR_NE,Matt Landers,WR,NE,,,,,,,,,,,,,,,,,,,,,,
leblanc_WR_CHI,Peter LeBlanc,WR,CHI,,,,,,,,,,,,,,,,,,,,,,
lewis_RB_SEA,Kobe Lewis,RB,SEA,,,,,,,,,,,,,,,,,,,,,,
lewis_TE_CHI,Marcedes Lewis,TE,CHI,,,,,,,,,,,,,,,,,,,,,,
lingard_RB_NYG,Lorenzo Lingard,RB,NYG,,,,,,,,,,,,,,,,,,,,,,
long_TE_LAR,Hunter Long,TE,LAR,,,,,,,,,,,,,,,,,,,,,,
luepke_RB_DAL,Hunter Luepke,RB,DAL,,,,,,,,,,,,,,,,,,,,,,
luther_WR_PIT,T.J. Luther,WR,PIT,,,,,,,,,,,,,,,,,,,,,,
luton_QB_CAR,Jake Luton,QB,CAR,,,,,,,,,,,,,,,,,,,,,,
mabry_TE_SEA,Tyler Mabry,TE,SEA,,,,,,,,,,,,,,,,,,,,,,
manhertz_TE_NYG,Chris Manhertz,TE,NYG,,,,,,,,,,,,,,,,,,,,,,
martin_WR_SF,Tay Martin,WR,SF,,,,,,,,,,,,,,,,,,,,,,
martinrobinson_TE_TEN,David Martin-Robinson,TE,TEN,,,,,,,,,,,,,,,,,,,,,,
martinez_QB_NYJ,Adrian Martinez,QB,NYJ,,,,,,,,,,,,,,,,,,,,,,
matthews_WR_ATL,Jesse Matthews,WR,ATL,,,,,,,,,,,,,,,,,,,,,,
matthews_WR_CAR,Jordan Matthews,WR,CAR,,,,,,,,,,,,,,,,,,,,,,
mcallister_RB_LV,Tyreik McAllister,RB,LV,,,,,,,,,,,,,,,,,,,,,,
mccarthy_QB_MIN,J.J. McCarthy,QB,MIN,,,,,,,,,,,,,,,,,,,,,,
mccormick_RB_LV,Sincere McCormick,RB,LV,,,,,,,,,,,,,,,,,,,,,,
mccrary_RB_GB,Nate McCrary,RB,GB,,,,,,,,,,,,,,,,,,,,,,
mccutcheon_WR_NYJ,Lance McCutcheon,WR,NYJ,,,,,,,,,,,,,,,,,,,,,,
mcfarland_RB_MIA,Anthony McFarland,RB,MIA,,,,,,,,,,,,,,,,,,,,,,
mcgowan_WR_MIA,Kyric McGowan,WR,MIA,,,,,,,,,,,,,,,,,,,,,,
mckeon_TE_DET,Sean McKeon,TE,DET,,,,,,,,,,,,,,,,,,,,,,
mckitty_TE_BUF,Tre' McKitty,TE,BUF,,,,,,,,,,,,,,,,,,,,,,
mcmath_WR_DAL,Racey McMath,WR,DAL,,,,,,,,,,,,,,,,,,,,,,
mcnichols_RB_WSH,Jeremy McNichols,RB,WSH,,,,,,,,,,,,,,,,,,,,,,
mcsorley_QB_WSH,Trace McSorley,QB,WSH,,,,,,,,,,,,,,,,,,,,,,
melton_WR_GB,Bo Melton,WR,GB,,,,,,,,,,,,,,,,,,,,,,
merriweather_RB_GB,Ellis Merriweather,RB,GB,,,,,,,,,,,,,,,,,,,,,,
miller_WR_BAL,Anthony Miller,WR,BAL,,,,,,,,,,,,,,,,,,,,,,
miller_RB_NYG,Dante Miller,RB,NYG,,,,,,,,,,,,,,,,,,,,,,
miller_WR_TB,Ryan Miller,WR,TB,,,,,,,,,,,,,,,,,,,,,,
milne_WR_LV,Dax Milne,WR,LV,,,,,,,,,,,,,,,,,,,,,,
milton_RB_PHI,Kendall Milton,RB,PHI,,,,,,,,,,,,,,,,,,,,,,
mims_WR_JAX,Denzel Mims,WR,JAX,,,,,,,,,,,,,,,,,,,,,,
mitchell_TE_DET,James Mitchell,TE,DET,,,,,,,,,,,,,,,,,,,,,,
mitchellpaden_TE_CLE,Zaire Mitchell-Paden,TE,CLE,,,,,,,,,,,,,,,,,,,,,,
moore_WR_ATL,Rondale Moore,WR,ATL,,,,,,,,,,,,,,,,,,,,,,
mordecai_QB_SF,Tanner Mordecai,QB,SF,,,,,,,,,,,,,,,,,,,,,,
morenocropper_WR_DAL,Jalen Moreno-Cropper,WR,DAL,,,,,,,,,,,,,,,,,,,,,,
morgan_WR_NO,Stanley Morgan,WR,NO,,,,,,,,,,,,,,,,,,,,,,
murray_TE_IND,Jordan Murray,TE,IND,,,,,,,,,,,,,,,,,,,,,,
murtagh_TE_JAX,Patrick Murtagh,TE,JAX,,,,,,,,,,,,,,,,,,,,,,
muse_TE_MIN,Nick Muse,TE,MIN,,,,,,,,,,,,,,,,,,,,,,
myarick_TE_JAX,Chris Myarick,TE,JAX,,,,,,,,,,,,,,,,,,,,,,
nacua_WR_NO,Samson Nacua,WR,NO,,,,,,,,,,,,,,,,,,,,,,
ngata_WR_PHI,Joseph Ngata,WR,PHI,,,,,,,,,,,,,,,,,,,,,,
nichols_RB_PHI,Lew Nichols III,RB,PHI,,,,,,,,,,,,,,,,,,,,,,
odukoya_TE_TEN,Thomas Odukoya,TE,TEN,,,,,,,,,,,,,,,,,,,,,,
ogletree_TE_IND,Andrew Ogletree,TE,IND,,,,,,,,,,,,,,,,,,,,,,
okwuegbunam_TE_PHI,Albert Okwuegbunam,TE,PHI,,,,,,,,,,,,,,,,,,,,,,
oladokun_QB_KC,Chris Oladokun,QB,KC,,,,,,,,,,,,,,,,,,,,,,
oliver_WR_TEN,Bryce Oliver,WR,TEN,,,,,,,,,,,,,,,,,,,,,,
olszewski_WR_NYG,Gunner Olszewski,WR,NYG,,,,,,,,,,,,,,,,,,,,,,
paddock_QB_ATL,John Paddock,QB,ATL,,,,,,,,,,,,,,,,,,,,,,
patterson_RB_LAC,Jaret Patterson,RB,LAC,,,,,,,,,,,,,,,,,,,,,,
pearson_TE_GB,Henry Pearson,TE,GB,,,,,,,,,,,,,,,,,,,,,,
peasley_QB_NYJ,Andrew Peasley,QB,NYJ,,,,,,,,,,,,,,,,,,,,,,
peat_RB_DAL,Nathaniel Peat,RB,DAL,,,,,,,,,,,,,,,,,,,,,,
perez_QB_LAC,Luis Perez,QB,LAC,,,,,,,,,,,,,,,,,,,,,,
perry_QB_JAX,E.J. Perry,QB,JAX,,,,,,,,,,,,,,,,,,,,,,
peterman_QB_LV,Nathan Peterman,QB,LV,,,,,,,,,,,,,,,,,,,,,,
pettis_WR_CHI,Dante Pettis,WR,CHI,,,,,,,,,,,,,,,,,,,,,,
pettway_TE_NE,La'Michael Pettway,TE,NE,,,,,,,,,,,,,,,,,,,,,,
pinckney_WR_CAR,Sam Pinckney,WR,CAR,,,,,,,,,,,,,,,,,,,,,,
pline_TE_SF,Mason Pline,TE,SF,,,,,,,,,,,,,,,,,,,,,,
rhys_QB_PIT,John Rhys Plumlee,QB,PIT,,,,,,,,,,,,,,,,,,,,,,
plummer_QB_CAR,Jack Plummer,QB,CAR,,,,,,,,,,,,,,,,,,,,,,
powell_WR_KC,Cornell Powell,WR,KC,,,,,,,,,,,,,,,,,,,,,,
prentice_RB_NO,Adam Prentice,RB,NO,,,,,,,,,,,,,,,,,,,,,,
proche_WR_CLE,James Proche,WR,CLE,,,,,,,,,,,,,,,,,,,,,,
pruitt_TE_PIT,MyCole Pruitt,TE,PIT,,,,,,,,,,,,,,,,,,,,,,
pryor_WR_CIN,Kendric Pryor,WR,CIN,,,,,,,,,,,,,,,,,,,,,,
quitoriano_TE_HOU,Teagan Quitoriano,TE,HOU,,,,,,,,,,,,,,,,,,,,,,
rader_TE_NO,Kevin Rader,TE,NO,,,,,,,,,,,,,,,,,,,,,,
reed_QB_CHI,Austin Reed,QB,CHI,,,,,,,,,,,,,,,,,,,,,,
reeszammit_RB_KC,Louis Rees-Zammit,RB,KC,,,,,,,,,,,,,,,,,,,,,,
rex_TE_LAC,Isaac Rex,TE,LAC,,,,,,,,,,,,,,,,,,,,,,
reyes_TE_MIN,Sammis Reyes,TE,MIN,,,,,,,,,,,,,,,,,,,,,,
ricard_RB_BAL,Patrick Ricard,RB,BAL,,,,,,,,,,,,,,,,,,,,,,
rigerman_TE_BAL,Mike Rigerman,TE,BAL,,,,,,,,,,,,,,,,,,,,,,
riley_WR_NYJ,Marcus Riley,WR,NYJ,,,,,,,,,,,,,,,,,,,,,,
robbins_RB_CLE,Aidan Robbins,RB,CLE,,,,,,,,,,,,,,,,,,,,,,
robinson_RB_NO,James Robinson,RB,NO,,,,,,,,,,,,,,,,,,,,,,
robinson_RB_SEA,Kairee Robinson,RB,SEA,,,,,,,,,,,,,,,,,,,,,,
robinson_WR_CAR,Tayvion Robinson,WR,CAR,,,,,,,,,,,,,,,,,,,,,,
rogers_TE_PHI,Armani Rogers,TE,PHI,,,,,,,,,,,,,,,,,,,,,,
ross_WR_PHI,John Ross,WR,PHI,,,,,,,,,,,,,,,,,,,,,,
rucci_TE_MIA,Hayden Rucci,TE,MIA,,,,,,,,,,,,,,,,,,,,,,
russell_TE_SEA,Brady Russell,TE,SEA,,,,,,,,,,,,,,,,,,,,,,
ryan_WR_BAL,Sean Ryan,WR,BAL,,,,,,,,,,,,,,,,,,,,,,
rypien_QB_CHI,Brett Rypien,QB,CHI,,,,,,,,,,,,,,,,,,,,,,
sanders_WR_MIA,Braylon Sanders,WR,MIA,,,,,,,,,,,,,,,,,,,,,,
saylors_RB_CLE,Jacob Saylors,RB,CLE,,,,,,,,,,,,,,,,,,,,,,
scates_WR_JAX,Joseph Scates,WR,JAX,,,,,,,,,,,,,,,,,,,,,,
schnee_RB_TEN,Sam Schnee,RB,TEN,,,,,,,,,,,,,,,,,,,,,,
schwartz_WR_MIA,Anthony Schwartz,WR,MIA,,,,,,,,,,,,,,,,,,,,,,
scott_WR_SEA,Ty Scott,WR,SEA,,,,,,,,,,,,,,,,,,,,,,
scott_WR_IND,Zavier Scott,WR,IND,,,,,,,,,,,,,,,,,,,,,,
sefcik_TE_NYJ,Lincoln Sefcik,TE,NYJ,,,,,,,,,,,,,,,,,,,,,,
seikovits_TE_ARI,Bernhard Seikovits,TE,ARI,,,,,,,,,,,,,,,,,,,,,,
shampklin_RB_PIT,Aaron Shampklin,RB,PIT,,,,,,,,,,,,,,,,,,,,,,
sharp_TE_BAL,Riley Sharp,TE,BAL,,,,,,,,,,,,,,,,,,,,,,
shavers_WR_BUF,Tyrell Shavers,WR,BUF,,,,,,,,,,,,,,,,,,,,,,
sheets_WR_KC,Kyle Sheets,WR,KC,,,,,,,,,,,,,,,,,,,,,,
shenker_TE_LV,John Shenker,TE,LV,,,,,,,,,,,,,,,,,,,,,,
shepard_WR_TB,Sterling Shepard,WR,TB,,,,,,,,,,,,,,,,,,,,,,
shirden_RB_CAR,Jaden Shirden,RB,CAR,,,,,,,,,,,,,,,,,,,,,,
shorter_WR_BUF,Justin Shorter,WR,BUF,,,,,,,,,,,,,,,,,,,,,,
sills_WR_DEN,David Sills,WR,DEN,,,,,,,,,,,,,,,,,,,,,,
simms_WR_SEA,Marcus Simms,WR,SEA,,,,,,,,,,,,,,,,,,,,,,
sims_TE_GB,Ben Sims,TE,GB,,,,,,,,,,,,,,,,,,,,,,
sims_WR_HOU,Steven Sims,WR,HOU,,,,,,,,,,,,,,,,,,,,,,
slovis_QB_IND,Kedon Slovis,QB,IND,,,,,,,,,,,,,,,,,,,,,,
small_RB_TEN,Jabari Small,RB,TEN,,,,,,,,,,,,,,,,,,,,,,
smith_WR_NYJ,Brandon Smith,WR,NYJ,,,,,,,,,,,,,,,,,,,,,,
smith_WR_LAR,Xavier Smith,WR,LAR,,,,,,,,,,,,,,,,,,,,,,
snead_WR_MIA,Willie Snead,WR,MIA,,,,,,,,,,,,,,,,,,,,,,
sokol_TE_PIT,Matt Sokol,TE,PIT,,,,,,,,,,,,,,,,,,,,,,
spannford_TE_DAL,Brevyn Spann-Ford,TE,DAL,,,,,,,,,,,,,,,,,,,,,,
spivey_TE_KC,Geor'Quarius Spivey,TE,KC,,,,,,,,,,,,,,,,,,,,,,
stanley_WR_GB,Dimitri Stanley,WR,GB,,,,,,,,,,,,,,,,,,,,,,
stephens_TE_DAL,John Stephens Jr.,TE,DAL,,,,,,,,,,,,,,,,,,,,,,
stilianos_TE_TEN,Steven Stilianos,TE,TEN,,,,,,,,,,,,,,,,,,,,,,
stogner_TE_ATL,Austin Stogner,TE,ATL,,,,,,,,,,,,,,,,,,,,,,
stoops_WR_LAR,Drake Stoops,WR,LAR,,,,,,,,,,,,,,,,,,,,,,
strachan_WR_CAR,Mike Strachan,WR,CAR,,,,,,,,,,,,,,,,,,,,,,
sudfeld_QB_DET,Nate Sudfeld,QB,DET,,,,,,,,,,,,,,,,,,,,,,
surratt_TE_ARI,Sage Surratt,TE,ARI,,,,,,,,,,,,,,,,,,,,,,
sweeney_TE_CHI,Tommy Sweeney,TE,CHI,,,,,,,,,,,,,,,,,,,,,,
swinson_TE_GB,Messiah Swinson,TE,GB,,,,,,,,,,,,,,,,,,,,,,
taula_TE_TB,Tanner Taula,TE,TB,,,,,,,,,,,,,,,,,,,,,,
taylor_RB_HOU,J.J. Taylor,RB,HOU,,,,,,,,,,,,,,,,,,,,,,
taylor_WR_NYJ,Malik Taylor,WR,NYJ,,,,,,,,,,,,,,,,,,,,,,
taylor_WR_SF,Trent Taylor,WR,SF,,,,,,,,,,,,,,,,,,,,,,
thomas_TE_ATL,Jordan Thomas,TE,ATL,,,,,,,,,,,,,,,,,,,,,,
thomas_WR_MIN,Thayer Thomas,WR,MIN,,,,,,,,,,,,,,,,,,,,,,
thompson_WR_TB,Cody Thompson,WR,TB,,,,,,,,,,,,,,,,,,,,,,
thompson_RB_LAR,SaRodorick Thompson Jr.,RB,LAR,,,,,,,,,,,,,,,,,,,,,,
tinsley_WR_WSH,Mitchell Tinsley,WR,WSH,,,,,,,,,,,,,,,,,,,,,,
tomlinson_TE_IND,Eric Tomlinson,TE,IND,,,,,,,,,,,,,,,,,,,,,,
tonges_TE_SF,Jake Tonges,TE,SF,,,,,,,,,,,,,,,,,,,,,,
toure_WR_GB,Samori Toure,WR,GB,,,,,,,,,,,,,,,,,,,,,,
trammell_WR_JAX,Austin Trammell,WR,JAX,,,,,,,,,,,,,,,,,,,,,,
treadwell_WR_IND,Laquon Treadwell,WR,IND,,,,,,,,,,,,,,,,,,,,,,
tremayne_WR_WSH,Brycen Tremayne,WR,WSH,,,,,,,,,,,,,,,,,,,,,,
turner_TE_WSH,Cole Turner,TE,WSH,,,,,,,,,,,,,,,,,,,,,,
turner_WR_LV,DJ Turner,WR,LV,,,,,,,,,,,,,,,,,,,,,,
valladay_RB_NYJ,Xazavian Valladay,RB,NYJ,,,,,,,,,,,,,,,,,,,,,,
vannett_TE_TEN,Nick Vannett,TE,TEN,,,,,,,,,,,,,,,,,,,,,,
vaughn_RB_SF,Ke'Shawn Vaughn,RB,SF,,,,,,,,,,,,,,,,,,,,,,
virgil_WR_DEN,Jalen Virgil,WR,DEN,,,,,,,,,,,,,,,,,,,,,,
vokolek_TE_ARI,Travis Vokolek,TE,ARI,,,,,,,,,,,,,,,,,,,,,,
wade_WR_BAL,Dayton Wade,WR,BAL,,,,,,,,,,,,,,,,,,,,,,
walker_QB_SEA,PJ Walker,QB,SEA,,,,,,,,,,,,,,,,,,,,,,
wallis_WR_NE,David Wallis,WR,NE,,,,,,,,,,,,,,,,,,,,,,
ward_WR_IND,Greg Ward,WR,IND,,,,,,,,,,,,,,,,,,,,,,
ward_RB_PIT,Jonathan Ward,RB,PIT,,,,,,,,,,,,,,,,,,,,,,
warren_TE_NE,Jacob Warren,TE,NE,,,,,,,,,,,,,,,,,,,,,,
washington_WR_BAL,Isaiah Washington,WR,BAL,,,,,,,,,,,,,,,,,,,,,,
washington_WR_KC,Montrell Washington,WR,KC,,,,,,,,,,,,,,,,,,,,,,
watkins_WR_PHI,Austin Watkins Jr.,WR,PHI,,,,,,,,,,,,,,,,,,,,,,
watts_WR_PIT,Duece Watts,WR,PIT,,,,,,,,,,,,,,,,,,,,,,
wayne_WR_GB,Jalen Wayne,WR,GB,,,,,,,,,,,,,,,,,,,,,,
weaver_WR_ARI,Xavier Weaver,WR,ARI,,,,,,,,,,,,,,,,,,,,,,
webb_WR_TB,Raleigh Webb,WR,TB,,,,,,,,,,,,,,,,,,,,,,
webster_WR_CHI,Nsimba Webster,WR,CHI,,,,,,,,,,,,,,,,,,,,,,
welch_TE_CLE,Treyton Welch,TE,CLE,,,,,,,,,,,,,,,,,,,,,,
wells_TE_TB,David Wells,TE,TB,,,,,,,,,,,,,,,,,,,,,,
westover_TE_SEA,Jack Westover,TE,SEA,,,,,,,,,,,,,,,,,,,,,,
wheeler_RB_CHI,Ian Wheeler,RB,CHI,,,,,,,,,,,,,,,,,,,,,,
white_WR_SEA,Cody White,WR,SEA,,,,,,,,,,,,,,,,,,,,,,
white_WR_JAX,David White Jr.,WR,JAX,,,,,,,,,,,,,,,,,,,,,,
whiteheart_TE_ARI,Blake Whiteheart,TE,ARI,,,,,,,,,,,,,,,,,,,,,,
wiglusz_WR_LAR,Sam Wiglusz,WR,LAR,,,,,,,,,,,,,,,,,,,,,,
wiley_RB_WSH,Michael Wiley,RB,WSH,,,,,,,,,,,,,,,,,,,,,,
wilkerson_WR_LV,Kristian Wilkerson,WR,LV,,,,,,,,,,,,,,,,,,,,,,
williams_RB_ATL,Avery Williams,RB,ATL,,,,,,,,,,,,,,,,,,,,,,
williams_RB_TB,D.J. Williams,RB,TB,,,,,,,,,,,,,,,,,,,,,,
williams_WR_SEA,Dee Williams,WR,SEA,,,,,,,,,,,,,,,,,,,,,,
williams_TE_PIT,Rod Williams,TE,PIT,,,,,,,,,,,,,,,,,,,,,,
williams_WR_JAX,Seth Williams,WR,JAX,,,,,,,,,,,,,,,,,,,,,,
willis_TE_SF,Brayden Willis,TE,SF,,,,,,,,,,,,,,,,,,,,,,
wilson_TE_GB,Joel Wilson,TE,GB,,,,,,,,,,,,,,,,,,,,,,
winfree_WR_IND,Juwann Winfree,WR,IND,,,,,,,,,,,,,,,,,,,,,,
winn_QB_LAR,Dresser Winn,QB,LAR,,,,,,,,,,,,,,,,,,,,,,
winstead_WR_NYJ,Isaiah Winstead,WR,NYJ,,,,,,,,,,,,,,,,,,,,,,
winston_WR_SEA,Easop Winston,WR,SEA,,,,,,,,,,,,,,,,,,,,,,
wolford_QB_TB,John Wolford,QB,TB,,,,,,,,,,,,,,,,,,,,,,
wooden_WR_LAC,Isaiah Wooden,WR,LAC,,,,,,,,,,,,,,,,,,,,,,
woodside_QB_CIN,Logan Woodside,QB,CIN,,,,,,,,,,,,,,,,,,,,,,
wright_TE_DET,Brock Wright,TE,DET,,,,,,,,,,,,,,,,,,,,,,
wright_RB_BAL,Owen Wright,RB,BAL,,,,,,,,,,,,,,,,,,,,,,
yankoff_RB_WSH,Colson Yankoff,RB,WSH,,,,,,,,,,,,,,,,,,,,,,
yassmin_TE_DEN,Thomas Yassmin,TE,DEN,,,,,,,,,,,,,,,,,,,,,,
yeboah_TE_NYJ,Kenny Yeboah,TE,NYJ,,,,,,,,,,,,,,,,,,,,,,
young_WR_SEA,Dareke Young,WR,SEA,,,,,,,,,,,,,,,,,,,,,,
zylstra_TE_DET,Shane Zylstra,TE,DET,,,,,,,,,,,,,,,,,,,,,,
butker_K_KC,Harrison Butker,K,KC,,,,,,,,,,,,8,10,7,5,51,,,,,,
tucker_K_BAL,Justin Tucker,K,BAL,,,,,,,,,,,,8,9,9,5,48,,,,,,
aubrey_K_DAL,Brandon Aubrey,K,DAL,,,,,,,,,,,,9,9,7,5,48,,,,,,
mcpherson_K_CIN,Evan McPherson,K,CIN,,,,,,,,,,,,7,8,9,5,48,,,,,,
koo_K_ATL,Younghoe Koo,K,ATL,,,,,,,,,,,,8,9,7,6,39,,,,,,
dicker_K_LAC,Cameron Dicker,K,LAC,,,,,,,,,,,,7,9,8,5,40,,,,,,
moody_K_SF,Jake Moody,K,SF,,,,,,,,,,,,7,9,7,4,48,,,,,,
zuerlein_K_NYJ,Greg Zuerlein,K,NYJ,,,,,,,,,,,,7,9,8,5,40,,,,,,
fairbairn_K_HOU,Ka'imi Fairbairn,K,HOU,,,,,,,,,,,,7,9,7,4,47,,,,,,
bass_K_BUF,Tyler Bass,K,BUF,,,,,,,,,,,,7,9,7,4,44,,,,,,
carlson_K_LV,Daniel Carlson,K,LV,,,,,,,,,,,,8,9,7,5,36,,,,,,
hopkins_K_CLE,Dustin Hopkins,K,CLE,,,,,,,,,,,,7,9,8,4,41,,,,,,
grupe_K_NO,Blake Grupe,K,NO,,,,,,,,,,,,7,9,7,5,38,,,,,,
myers_K_SEA,Jason Myers,K,SEA,,,,,,,,,,,,7,9,7,5,38,,,,,,
sanders_K_MIA,Jason Sanders,K,MIA,,,,,,,,,,,,7,8,7,4,46,,,,,,
elliott_K_PHI,Jake Elliott,K,PHI,,,,,,,,,,,,7,8,8,4,41,,,,,,
boswell_K_PIT,Chris Boswell,K,PIT,,,,,,,,,,,,7,9,7,5,35,,,,,,
gay_K_IND,Matt Gay,K,IND,,,,,,,,,,,,7,9,7,5,35,,,,,,
mclaughlin_K_TB,Chase McLaughlin,K,TB,,,,,,,,,,,,7,9,7,5,35,,,,,,
prater_K_ARI,Matt Prater,K,ARI,,,,,,,,,,,,7,9,7,5,35,,,,,,
folk_K_TEN,Nick Folk,K,TEN,,,,,,,,,,,,7,9,7,5,33,,,,,,
gano_K_NYG,Graham Gano,K,NYG,,,,,,,,,,,,7,9,7,5,33,,,,,,
karty_K_LAR,Joshua Karty,K,LAR,,,,,,,,,,,,7,8,8,3,43,,,,,,
santos_K_CHI,Cairo Santos,K,CHI,,,,,,,,,,,,7,8,8,4,37,,,,,,
carlson_K_GB,Anders Carlson,K,GB,,,,,,,,,,,,7,7,7,4,42,,,,,,
lutz_K_DEN,Wil Lutz,K,DEN,,,,,,,,,,,,7,8,7,4,36,,,,,,
reichard_K_MIN,Will Reichard,K,MIN,,,,,,,,,,,,6,9,7,3,40,,,,,,
york_K_WSH,Cade York,K,WSH,,,,,,,,,,,,7,8,8,4,32,,,,,,
ryland_K_NE,Chad Ryland,K,NE,,,,,,,,,,,,7,8,7,4,33,,,,,,
little_K_JAX,Cam Little,K,JAX,,,,,,,,,,,,6,9,6,3,40,,,,,,
bates_K_DET,Jake Bates,K,DET,,,,,,,,,,,,5,7,7,3,43,,,,,,
pineiro_K_CAR,Eddy Pineiro,K,CAR,,,,,,,,,,,,6,8,6,4,34,,,,,,
joseph_K_GB,Greg Joseph,K,GB,,,,,,,,,,,,2,2,2,1,10,,,,,,
slye_K_NE,Joey Slye,K,NE,,,,,,,,,,,,2,2,2,1,10,,,,,,
badgley_K_DET,Mike Badgley,K,DET,,,,,,,,,,,,,,,,,,,,,,
hale_K_GB,Alex Hale,K,GB,,,,,,,,,,,,,,,,,,,,,,
havrisik_K_CLE,Lucas Havrisik,K,CLE,,,,,,,,,,,,,,,,,,,,,,
mcatamney_K_NYG,Jude McAtamney,K,NYG,,,,,,,,,,,,,,,,,,,,,,
narveson_K_TEN,Brayden Narveson,K,TEN,,,,,,,,,,,,,,,,,,,,,,
seibert_K_NYJ,Austin Seibert,K,NYJ,,,,,,,,,,,,,,,,,,,,,,
shrader_K_IND,Spencer Shrader,K,IND,,,,,,,,,,,,,,,,,,,,,,
smyth_K_NO,Charlie Smyth,K,NO,,,,,,,,,,,,,,,,,,,,,,
wright_K_PIT,Matthew Wright,K,PIT,,,,,,,,,,,,,,,,,,,,,,
ravens_DST_BAL,Ravens,DST,BAL,,,,,,,,,,,,,,,,,19.5,47,1,10,,14
jets_DST_NYJ,Jets,DST,NYJ,,,,,,,,,,,,,,,,,21.3125,48,1,10,,16
cowboys_DST_DAL,Cowboys,DST,DAL,,,,,,,,,,,,,,,,,19.6875,47,1,10,,15
ers_DST_SF,49ers,DST,SF,,,,,,,,,,,,,,,,,19.75,47,1,10,,14
chiefs_DST_KC,Chiefs,DST,KC,,,,,,,,,,,,,,,,,20.6875,45,1,10,,14
steelers_DST_PIT,Steelers,DST,PIT,,,,,,,,,,,,,,,,,20.9375,45,1,9,,13
browns_DST_CLE,Browns,DST,CLE,,,,,,,,,,,,,,,,,21.4375,44,1,10,,13
bills_DST_BUF,Bills,DST,BUF,,,,,,,,,,,,,,,,,20.375,42,1,9,,13
bears_DST_CHI,Bears,DST,CHI,,,,,,,,,,,,,,,,,21.5,42,1,10,,13
dolphins_DST_MIA,Dolphins,DST,MIA,,,,,,,,,,,,,,,,,23.1875,42,1,10,,13
eagles_DST_PHI,Eagles,DST,PHI,,,,,,,,,,,,,,,,,22.75,42,1,10,,13
texans_DST_HOU,Texans,DST,HOU,,,,,,,,,,,,,,,,,22.625,42,1,10,,13
lions_DST_DET,Lions,DST,DET,,,,,,,,,,,,,,,,,24.0,42,1,9,,14
saints_DST_NO,Saints,DST,NO,,,,,,,,,,,,,,,,,23.0,41,1,9,,13
vikings_DST_MIN,Vikings,DST,MIN,,,,,,,,,,,,,,,,,23.3125,43,1,9,,12
buccaneers_DST_TB,Buccaneers,DST,TB,,,,,,,,,,,,,,,,,23.25,40,1,9,,13
packers_DST_GB,Packers,DST,GB,,,,,,,,,,,,,,,,,24.1875,41,1,9,,13
bengals_DST_CIN,Bengals,DST,CIN,,,,,,,,,,,,,,,,,24.125,40,1,9,,13
giants_DST_NYG,Giants,DST,NYG,,,,,,,,,,,,,,,,,24.25,41,1,9,,12
rams_DST_LAR,Rams,DST,LAR,,,,,,,,,,,,,,,,,24.5,41,1,9,,12
panthers_DST_CAR,Panthers,DST,CAR,,,,,,,,,,,,,,,,,23.5625,39,1,9,,12
broncos_DST_DEN,Broncos,DST,DEN,,,,,,,,,,,,,,,,,23.8125,38,1,9,,12
seahawks_DST_SEA,Seahawks,DST,SEA,,,,,,,,,,,,,,,,,24.75,43,1,9,,13
raiders_DST_LV,Raiders,DST,LV,,,,,,,,,,,,,,,,,25.6875,42,1,9,,13
falcons_DST_ATL,Falcons,DST,ATL,,,,,,,,,,,,,,,,,24.4375,40,1,9,,13
jaguars_DST_JAX,Jaguars,DST,JAX,,,,,,,,,,,,,,,,,24.0625,41,1,9,,12
chargers_DST_LAC,Chargers,DST,LAC,,,,,,,,,,,,,,,,,24.5625,39,1,9,,12
colts_DST_IND,Colts,DST,IND,,,,,,,,,,,,,,,,,25.0625,39,1,9,,12
titans_DST_TEN,Titans,DST,TEN,,,,,,,,,,,,,,,,,24.875,38,1,9,,12
patriots_DST_NE,Patriots,DST,NE,,,,,,,,,,,,,,,,,26.375,39,1,9,,13
commanders_DST_WSH,Commanders,DST,WSH,,,,,,,,,,,,,,,,,26.3125,39,1,9,,12
cardinals_DST_ARI,Cardinals,DST,ARI,,,,,,,,,,,,,,,,,25.125,36,1,9,,12
