key,name,pos,team,pass_tds,pass_yds,pass_ints,rush_tds,rush_yds,receptions,reception_tds,reception_yds,two_pts,fumbles,kick_0_19,kick_20_29,kick_30_39,kick_40_49,kick_50,kick_extra_points,df_points_allowed_per_game,df_sacks,df_safeties,df_fumbles,df_tds,df_ints
hurts_QB_PHI,Jalen Hurts,QB,PHI,25.96,4039.36,14.7,7.74,933.24,,,,4.25,1.04,,,,,,,,,,,,
allen_QB_BUF,Josh Allen,QB,BUF,30.25,4440.04,14.37,5.37,689.62,,,,2.66,2.22,,,,,,,,,,,,
mahomes_QB_KC,Patrick Mahomes,QB,KC,33.08,5173.56,12.88,2.86,326.49,,,,2.73,1.12,,,,,,,,,,,,
burrow_QB_CIN,Joe Burrow,QB,CIN,33.73,4780.45,14.23,3.7,423.57,,,,2.66,0.6,,,,,,,,,,,,
jackson_QB_BAL,Lamar Jackson,QB,BAL,20.12,3479.75,11.52,6.8,998.75,,,,2.13,1.48,,,,,,,,,,,,
watson_QB_CLE,Deshaun Watson,QB,CLE,28.13,4021.56,10.27,3.24,511.58,,,,2,0.53,,,,,,,,,,,,
herbert_QB_LAC,Justin Herbert,QB,LAC,31.68,4813.24,15.89,1.95,184.75,,,,2.66,0.44,,,,,,,,,,,,
hill_WR_MIA,Tyreek Hill,WR,MIA,,,0.01,0.58,75.88,116.34,7.71,1470.57,,0.05,,,,,,,,,,,,
chase_WR_CIN,Ja'Marr Chase,WR,CIN,,,0.01,0.29,37.65,114.63,9.45,1437.09,,0.03,,,,,,,,,,,,
mccaffrey_RB_SF,Christian McCaffrey,RB,SF,,,0.01,7.93,1050.23,70.18,4.81,638.13,,,,,,,,,,,,,,
ekeler_RB_LAC,Austin Ekeler,RB,LAC,,,0.01,9.74,1026.15,77.05,2.88,605.97,,0.56,,,,,,,,,,,,
prescott_QB_DAL,Dak Prescott,QB,DAL,30.74,4202.23,13.32,2.74,304.63,,,,2.62,1.84,,,,,,,,,,,,
jones_QB_NYG,Daniel Jones,QB,NYG,19.91,3629.79,11.85,5.65,750.8,,,,2.53,1.93,,,,,,,,,,,,
fields_QB_CHI,Justin Fields,QB,CHI,17.33,2867.15,10.39,6.39,1075.02,,,,1.38,0.72,,,,,,,,,,,,
kupp_WR_LAR,Cooper Kupp,WR,LAR,,,0.01,2.81,213.21,93.78,8.56,1236.37,,0.13,,,,,,,,,,,,
smith_QB_SEA,Geno Smith,QB,SEA,28.93,4258.91,12.81,2.28,345.39,,,,,1.6,,,,,,,,,,,,
lamb_WR_DAL,CeeDee Lamb,WR,DAL,,,0.01,0.69,61.87,98.61,8.94,1377.13,,0.05,,,,,,,,,,,,
cousins_QB_MIN,Kirk Cousins,QB,MIN,31.14,4607.28,13.96,1.21,63.82,,,,2,0.67,,,,,,,,,,,,
kelce_TE_KC,Travis Kelce,TE,KC,,,0.01,0.02,4.91,112.49,8.62,1297.28,,,,,,,,,,,,,,
jefferson_WR_MIN,Justin Jefferson,WR,MIN,,,0.01,0.05,18.09,102.92,8.54,1356.93,,0.01,,,,,,,,,,,,
mixon_RB_CIN,Joe Mixon,RB,CIN,,,0.01,8.34,1149.19,62.23,2.2,524.02,,0.49,,,,,,,,,,,,
lawrence_QB_JAX,Trevor Lawrence,QB,JAX,26.54,4124.23,14.58,2.86,275.91,,,,3,1.77,,,,,,,,,,,,
henry_RB_TEN,Derrick Henry,RB,TEN,,,0.01,9.29,1435.87,38.71,2.15,388.83,1.06,1.75,,,,,,,,,,,,
rodgers_QB_NYJ,Aaron Rodgers,QB,NYJ,28.48,4203.27,10.36,1.68,163.31,,,,1.06,1.29,,,,,,,,,,,,
wilson_QB_DEN,Russell Wilson,QB,DEN,24.69,3921.87,10.29,2.92,333.79,,,,0.53,0.38,,,,,,,,,,,,
goff_QB_DET,Jared Goff,QB,DET,28.61,4339.71,12.21,1.14,84.51,,,,3.76,1.34,,,,,,,,,,,,
brown_WR_DET,Amon-Ra St. Brown,WR,DET,,,0.01,0.39,44.25,102.62,6.87,1250.49,,0.05,,,,,,,,,,,,
allen_WR_LAC,Keenan Allen,WR,LAC,,,0.01,0.07,8.71,104.7,7.47,1193.84,,0.01,,,,,,,,,,,,
carr_QB_NO,Derek Carr,QB,NO,26.58,4198.68,10.91,1.18,81.69,,,,0.53,0.55,,,,,,,,,,,,
chubb_RB_CLE,Nick Chubb,RB,CLE,,,0.01,9.02,1396.73,32.84,1.69,292.84,0.53,1.16,,,,,,,,,,,,
jones_RB_GB,Aaron Jones,RB,GB,,,0.01,6.7,1018.12,55.32,2.69,487.87,,0.56,,,,,,,,,,,,
barkley_RB_NYG,Saquon Barkley,RB,NYG,,,0.01,7.03,1163.43,52.96,1.76,399.99,,0.5,,,,,,,,,,,,
diggs_WR_BUF,Stefon Diggs,WR,BUF,,,0.01,0.03,5.67,87.15,7.7,1212.81,,,,,,,,,,,,,,
pollard_RB_DAL,Tony Pollard,RB,DAL,,,0.01,7.12,1054.63,48.76,2.2,434.93,0.12,,,,,,,,,,,,,
tagovailoa_QB_MIA,Tua Tagovailoa,QB,MIA,25.09,3988.87,13.6,1.23,127.81,,,,0.94,1.02,,,,,,,,,,,,
waddle_WR_MIA,Jaylen Waddle,WR,MIA,,,0.01,0.23,86.85,79.32,6.65,1226.23,,0.03,,,,,,,,,,,,
love_QB_GB,Jordan Love,QB,GB,22.77,3768.76,14.89,2.23,248.71,,,,1.34,1,,,,,,,,,,,,
stafford_QB_LAR,Matthew Stafford,QB,LAR,25.74,3853.97,10.62,1.06,59.42,,,,1.41,1.02,,,,,,,,,,,,
olave_WR_NO,Chris Olave,WR,NO,,,0.01,,0.9,90.28,6.72,1174.06,,,,,,,,,,,,,,
adams_WR_LV,Davante Adams,WR,LV,,,0.01,0.02,9.08,82.17,8.28,1151.04,,0.01,,,,,,,,,,,,
jones_QB_NE,Mac Jones,QB,NE,23.39,3780.66,13.72,1.67,183.21,,,,2,1.16,,,,,,,,,,,,
taylor_RB_IND,Jonathan Taylor,RB,IND,,,0.01,8.91,1238.79,38.49,1.17,276.32,,2.31,,,,,,,,,,,,
samuel_WR_SF,Deebo Samuel,WR,SF,,,0.01,1.34,314.62,77.45,5.74,913.62,,0.96,,,,,,,,,,,,
mattison_RB_MIN,Alexander Mattison,RB,MIN,,,0.01,9.47,1173.56,36.56,1.08,242.28,0.14,1.25,,,,,,,,,,,,
kamara_RB_NO,Alvin Kamara,RB,NO,,,0.01,5.22,920.84,57.74,2.23,444.3,0.25,0.79,,,,,,,,,,,,
hall_RB_NYJ,Breece Hall,RB,NYJ,,,0.01,7.93,1005.37,40.39,2.16,362.34,0.16,0.45,,,,,,,,,,,,
stevenson_RB_NE,Rhamondre Stevenson,RB,NE,,,0.01,6.25,916.46,53.14,1.33,472.08,0.06,0.57,,,,,,,,,,,,
mclaurin_WR_WSH,Terry McLaurin,WR,WSH,,,0.01,0.01,26.08,74.31,7.42,1119.94,,0.03,,,,,,,,,,,,
godwin_WR_TB,Chris Godwin,WR,TB,,,0.01,0.21,17.09,94.27,5.3,1032.34,,0.01,,,,,,,,,,,,
conner_RB_ARI,James Conner,RB,ARI,,,0.01,7.12,1040.82,42.48,1.74,330.54,,0.55,,,,,,,,,,,,
pickett_QB_PIT,Kenny Pickett,QB,PIT,17.94,3490.25,14.8,2.85,303.96,,,,1.86,0.7,,,,,,,,,,,,
cooper_WR_CLE,Amari Cooper,WR,CLE,,,0.01,0.01,2.84,71.15,7.91,1124.11,,,,,,,,,,,,,,
smith_WR_PHI,DeVonta Smith,WR,PHI,,,0.01,,0.88,83.44,6.73,1069.41,,,,,,,,,,,,,0.03,
evans_WR_TB,Mike Evans,WR,TB,,,0.01,0.01,37.09,70.94,6.85,1125.44,,,,,,,,,,,,,,
young_QB_CAR,Bryce Young,QB,CAR,20.24,3616.27,15.68,2.03,207.07,,,,1.38,0.91,,,,,,,,,,,,
higgins_WR_CIN,Tee Higgins,WR,CIN,,,0.01,0.02,2.78,77.73,5.91,1137.33,,,,,,,,,,,,,,
stroud_QB_HOU,C.J. Stroud,QB,HOU,21.42,3612.36,15.98,1.74,172.93,,,,1.29,0.81,,,,,,,,,,,,
etienne_RB_JAX,Travis Etienne,RB,JAX,,,0.01,8.28,1134.94,34.48,1,262.22,0.63,2.96,,,,,,,,,,,,
cooks_WR_DAL,Brandin Cooks,WR,DAL,,,0.01,0.3,33.59,77.36,6.4,1038.93,,0.03,,,,,,,,,,,,
brown_WR_PHI,A.J. Brown,WR,PHI,,,0.01,0.02,3.04,70.54,7.28,1091.55,,,,,,,,,,,,,,
harris_RB_PIT,Najee Harris,RB,PIT,,,0.01,7.18,1090.28,32.59,1.71,271.28,,0.49,,,,,,,,,,,,
ridley_WR_JAX,Calvin Ridley,WR,JAX,,,0.01,0.03,5.9,80.36,6.05,1032.54,,0.01,,,,,,,,,,,,
robinson_RB_ATL,Bijan Robinson,RB,ATL,,,0.01,9.21,1089.43,27.93,1.21,221.43,0.17,1.2,,,,,,,,,,,,
williams_WR_LAC,Mike Williams,WR,LAC,,,0.01,,2.19,79.49,5.73,1052.14,,,,,,,,,,,,,,
williams_RB_DEN,Javonte Williams,RB,DEN,,,0.01,6.09,982.03,44.28,1.53,340.05,0.14,1.73,,,,,,,,,,,,
metcalf_WR_SEA,DK Metcalf,WR,SEA,,,0.01,,1.81,80.04,6.29,1001.96,,,,,,,,,,,,,,
wilson_WR_NYJ,Garrett Wilson,WR,NYJ,,,0.01,0.07,13.45,77.2,6.28,1013.21,,0.01,,,,,,,,,,,,
kirk_WR_JAX,Christian Kirk,WR,JAX,,,0.01,0.13,23.96,79.91,6.43,959.86,,0.02,,,,,,,,,,,,
pittman_WR_IND,Michael Pittman,WR,IND,,,0.01,0.13,25.67,83.57,5.72,956.15,,0.02,,,,,,,,,,,,
walker_RB_SEA,Kenneth Walker III,RB,SEA,,,0.01,8.29,1132.89,27.74,0.79,204.25,0.1,,,,,,,,,,,,,
watson_WR_GB,Christian Watson,WR,GB,,,0.01,0.37,61.64,69.82,6.61,944.59,,0.04,,,,,,,,,,,,
jeudy_WR_DEN,Jerry Jeudy,WR,DEN,,,0.01,,26.06,68,6.31,1015.06,,0.02,,,,,,,,,,,,
garoppolo_QB_LV,Jimmy Garoppolo,QB,LV,21.46,3286.69,11.39,1.12,86.53,,,,0.38,0.97,,,,,,,,,,,,
wilson_RB_MIA,Jeff Wilson,RB,MIA,,,0.01,7.31,927.03,34.45,1.49,290.72,0.08,1.86,,,,,,,,,,,,
pierce_RB_HOU,Dameon Pierce,RB,HOU,,,0.01,7.24,1009.41,31.41,1.25,256.11,0.1,2.36,,,,,,,,,,,,
white_RB_TB,Rachaad White,RB,TB,,,0.01,4.85,779.04,48.64,1.96,380.59,0.1,1.29,,,,,,,,,,,,
london_WR_ATL,Drake London,WR,ATL,,,0.01,,0.86,74.92,5.55,945.55,,,,,,,,,,,,,,
dotson_WR_WSH,Jahan Dotson,WR,WSH,,,0.01,0.01,14.82,60.29,6.73,1000.71,,0.01,,,,,,,,,,,0.03,
purdy_QB_SF,Brock Purdy,QB,SF,19.79,2841.58,9.87,1.81,173.47,,,,1.21,0.67,,,,,,,,,,,,
jacobs_RB_LV,Josh Jacobs,RB,LV,,,0.01,7.22,973.89,31.66,1.06,250.93,0.03,0.8,,,,,,,,,,,,
ridder_QB_ATL,Desmond Ridder,QB,ATL,15.6,2913.62,10.63,2.09,279.28,,,,1.16,1.09,,,,,,,,,,,,
andrews_TE_BAL,Mark Andrews,TE,BAL,,,0.01,0.13,23.72,76.44,5.06,881.22,,0.02,,,,,,,,,,,,
smithschuster_WR_NE,JuJu Smith-Schuster,WR,NE,,,0.01,,2.15,78.99,4.73,902.2,,,,,,,,,,,,,,
waller_TE_NYG,Darren Waller,TE,NYG,,,0.01,0.01,2.16,67.61,6.32,912.41,,,,,,,,,,,,,,
hockenson_TE_MIN,T.J. Hockenson,TE,MIN,,,0.01,,1.38,81.46,5.51,820.04,,,,,,,,,,,,,,
toney_WR_KC,Kadarius Toney,WR,KC,,,0.01,1.83,190.72,66.2,5,698.51,,0.14,,,,,,,,,,,0.02,
mayfield_QB_TB,Baker Mayfield,QB,TB,17.71,3053.89,10.74,1.29,152.85,,,,1.35,0.76,,,,,,,,,,,,
goedert_TE_PHI,Dallas Goedert,TE,PHI,,,0.01,,0.89,75.23,5.23,889.11,,,,,,,,,,,,,,
aiyuk_WR_SF,Brandon Aiyuk,WR,SF,,,0.01,0.02,2.99,60.39,5.34,1008.78,,,,,,,,,,,,,,
thomas_WR_NO,Michael Thomas,WR,NO,,,0.01,0.03,6.13,70.39,5.6,872.58,,,,,,,,,,,,,,
swift_RB_PHI,D'Andre Swift,RB,PHI,,,0.01,4.49,536.46,51.74,2.05,480.29,0.33,0.77,,,,,,,,,,,,
johnson_WR_PIT,Diontae Johnson,WR,PIT,,,0.01,0.05,26.1,72.48,4.35,898.02,,0.03,,,,,,,,,,,,
lockett_WR_SEA,Tyler Lockett,WR,SEA,,,0.01,,2.33,67.88,5.83,878.88,,,,,,,,,,,,,,
akers_RB_LAR,Cam Akers,RB,LAR,,,0.01,6.88,1014.57,25.51,0.81,196.04,0.05,2.65,,,,,,,,,,,,
tannehill_QB_TEN,Ryan Tannehill,QB,TEN,17.38,2765.48,8.59,1.43,152.46,,,,0.75,0.75,,,,,,,,,,,,
moore_WR_CHI,D.J. Moore,WR,CHI,,,0.01,0.19,26.76,54.67,6.47,887.59,,0.05,,,,,,,,,,,,
kittle_TE_SF,George Kittle,TE,SF,,,0.01,0.08,8.64,59.12,6.66,853.56,,0.01,,,,,,,,,,,,
robinson_RB_WSH,Brian Robinson,RB,WSH,,,0.01,6.69,1102.68,16.26,0.72,131.93,0.12,,,,,,,,,,,,,
richardson_QB_IND,Anthony Richardson,QB,IND,16.55,2939.76,12.75,1.52,144.98,,,,1.21,0.7,,,,,,,,,,,,
davis_WR_BUF,Gabe Davis,WR,BUF,,,0.01,,4.27,52.13,6.01,930.53,,,,,,,,,,,,,,
montgomery_RB_DET,David Montgomery,RB,DET,,,0.01,5.55,795.63,33.39,1.32,287.83,0.01,0.77,,,,,,,,,,,,
parker_WR_NE,DeVante Parker,WR,NE,,,0.01,,0.91,52.77,5.94,898.95,,,,,,,,,,,,,,
cook_RB_BUF,James Cook,RB,BUF,,,0.01,5.18,788.37,33.76,1.65,270.75,0.14,1.33,,,,,,,,,,,,
dobbins_RB_BAL,J.K. Dobbins,RB,BAL,,,0.01,6.88,939.66,19.87,0.99,157.56,0.1,,,,,,,,,,,,,
brown_WR_ARI,Marquise Brown,WR,ARI,,,0.01,0.03,11.68,69.44,4.34,796.6,,0.01,,,,,,,,,,,,
meyers_WR_LV,Jakobi Meyers,WR,LV,,,0.01,0.07,12.89,65.75,4.7,805.63,,0.01,,,,,,,,,,,,
jones_WR_JAX,Zay Jones,WR,JAX,,,0.01,0.05,10.33,67.9,5.03,757.1,,0.01,,,,,,,,,,,,
boyd_WR_CIN,Tyler Boyd,WR,CIN,,,0.01,0.02,3.14,64.23,4.01,857.17,,,,,,,,,,,,,,
gibbs_RB_DET,Jahmyr Gibbs,RB,DET,,,0.01,6.19,697.33,36.95,1.11,249.89,0.1,0.78,,,,,,,,,,,,
addison_WR_MIN,Jordan Addison,WR,MIN,,,0.01,,16.1,63.95,4.44,809.5,,0.01,,,,,,,,,,,,
lazard_WR_NYJ,Allen Lazard,WR,NYJ,,,0.01,0.12,19.22,63.93,4.93,757.36,,0.01,,,,,,,,,,,,
murray_QB_ARI,Kyler Murray,QB,ARI,13.1,2091.2,6.47,2.33,330.26,,,,1.41,0.6,,,,,,,,,,,,
gibson_RB_WSH,Antonio Gibson,RB,WSH,,,,3.52,566.52,42.57,1.61,410.29,0.56,0.92,,,,,,,,,,,,
mooney_WR_CHI,Darnell Mooney,WR,CHI,,,0.01,0.03,8,58.53,5,792.29,,0.01,,,,,,,,,,,,
dillon_RB_GB,AJ Dillon,RB,GB,,,,6.2,760.4,26.56,1.01,229.99,,0.49,,,,,,,,,,,,
mckinnon_RB_KC,Jerick McKinnon,RB,KC,,,,2.49,466.78,45.33,2.91,431.5,0.03,,,,,,,,,,,,,
renfrow_WR_LV,Hunter Renfrow,WR,LV,,,0.01,0.02,17.1,67.95,4.89,684.95,,0.02,,,,,,,,,,,,
moore_WR_ARI,Rondale Moore,WR,ARI,,,0.01,0.15,45.51,66.59,3.67,726.63,,0.04,,,,,,,,,,,,
shepard_WR_NYG,Sterling Shepard,WR,NYG,,,0.01,0.09,12.46,61.36,4.44,744.53,,0.01,,,,,,,,,,,,
valdesscantling_WR_KC,Marquez Valdes-Scantling,WR,KC,,,0.01,0.02,5.02,52.1,4.68,820.31,,,,,,,,,,,,,,
pickens_WR_PIT,George Pickens,WR,PIT,,,0.01,,14.66,46.56,5.22,820.33,,0.01,,,,,,,,,,,,
osborn_WR_MIN,K.J. Osborn,WR,MIN,,,0.01,,13.64,58.67,5.06,698.39,,0.01,,,,,,,,,,,,
sanders_RB_CAR,Miles Sanders,RB,CAR,,,0.01,7.14,920.56,13.2,0.46,102.6,0.53,1.03,,,,,,,,,,,,
hodgins_WR_NYG,Isaiah Hodgins,WR,NYG,,,0.01,0.01,1.87,55.03,5.3,724.88,,,,,,,,,,,,,,
dortch_WR_ARI,Greg Dortch,WR,ARI,,,0.01,0.05,69.56,60.42,3.54,673.62,,0.06,,,,,,,,,,,0.3,
burks_WR_TEN,Treylon Burks,WR,TEN,,,0.01,0.1,24.09,54.72,4.23,719.91,,0.02,,,,,,,,,,,,
sutton_WR_DEN,Courtland Sutton,WR,DEN,,,0.01,,4.95,55.64,4.09,735.43,,0.01,,,,,,,,,,,,
collins_WR_HOU,Nico Collins,WR,HOU,,,0.01,,0.83,54.7,4.33,734.22,,,,,,,,,,,,,,
pitts_TE_ATL,Kyle Pitts,TE,ATL,,,0.01,,1.07,59.38,4.46,664.9,,,,,,,,,,,,,,
woods_WR_HOU,Robert Woods,WR,HOU,,,0.01,0.02,3.82,65.48,3.61,646.77,,0.01,,,,,,,,,,,,
engram_TE_JAX,Evan Engram,TE,JAX,,,0.01,0.07,11.55,65.23,4.02,612.11,,0.01,,,,,,,,,,,,
hubbard_RB_CAR,Chuba Hubbard,RB,CAR,,,,4.92,764.49,21.56,0.96,200.9,0.02,0.69,,,,,,,,,,,,
schultz_TE_HOU,Dalton Schultz,TE,HOU,,,0.01,,0.73,54.12,5.36,635.77,,,,,,,,,,,,,,
reed_WR_GB,Jayden Reed,WR,GB,,,0.01,0.06,28,52.98,4.13,680.99,,0.02,,,,,,,,,,,0.1,
howell_QB_WSH,Sam Howell,QB,WSH,10.58,2090.13,8.55,2.29,250.01,,,,1.08,0.71,,,,,,,,,,,,
pacheco_RB_KC,Isiah Pacheco,RB,KC,,,0.01,5.44,741.93,19.64,0.82,184.39,0.07,1.67,,,,,,,,,,,,
jefferson_WR_LAR,Van Jefferson,WR,LAR,,,0.01,0.04,7.73,49.57,3.95,721.13,,0.01,,,,,,,,,,,,
gage_WR_TB,Russell Gage,WR,TB,,,,0.01,1.16,58.89,3.45,658.99,,,,,,,,,,,,,,
chark_WR_CAR,DJ Chark,WR,CAR,,,0.01,,1.53,44.58,4.39,744.13,,,,,,,,,,,,,,
bateman_WR_BAL,Rashod Bateman,WR,BAL,,,0.01,,1.67,51.61,3.8,706.49,,,,,,,,,,,,,,
mostert_RB_MIA,Raheem Mostert,RB,MIA,,,,4.55,654.19,25.63,0.83,224.69,,0.8,,,,,,,,,,,0.12,
everett_TE_LAC,Gerald Everett,TE,LAC,,,0.01,0.01,1.4,59.57,4.21,586.06,,,,,,,,,,,,,,
patrick_WR_DEN,Tim Patrick,WR,DEN,,,0.01,,1.67,48.14,4.46,681.35,,,,,,,,,,,,,,
samuel_WR_WSH,Curtis Samuel,WR,WSH,,,0.01,0.74,171.43,44.6,3.36,570.05,,0.24,,,,,,,,,,,,
herbert_RB_CHI,Khalil Herbert,RB,CHI,,,0.01,5.04,768.28,17.82,0.58,141.43,0.09,,,,,,,,,,,,,
doubs_WR_GB,Romeo Doubs,WR,GB,,,0.01,,1.53,51.86,3.56,692.17,,,,,,,,,,,,,,
moore_WR_TEN,Chris Moore,WR,TEN,,,0.01,0.03,20.15,53.77,3.34,663.04,,0.03,,,,,,,,,,,,
higbee_TE_LAR,Tyler Higbee,TE,LAR,,,0.01,,0.98,62.5,4.03,552.98,,,,,,,,,,,,,,
hill_TE_NO,Taysom Hill,TE,NO,,,0.01,2.84,241.26,19.94,10.36,167.84,,,,,,,,,,,,,,
thielen_WR_CAR,Adam Thielen,WR,CAR,,,0.01,0.06,14.7,45.94,4.01,679.44,,0.01,,,,,,,,,,,,
allgeier_RB_ATL,Tyler Allgeier,RB,ATL,,,,5.23,713.66,16.95,0.55,125.03,0.04,,,,,,,,,,,,,
mingo_WR_CAR,Jonathan Mingo,WR,CAR,,,0.01,0.14,36.14,43.63,3.84,639.66,,0.03,,,,,,,,,,,,
foreman_RB_CHI,D'Onta Foreman,RB,CHI,,,0.01,6,874.72,6.09,0.2,45.97,0.3,0.59,,,,,,,,,,,,
peoplesjones_WR_CLE,Donovan Peoples-Jones,WR,CLE,,,0.01,,0.77,44.54,4.23,644.03,,,,,,,,,,,,,,
flowers_WR_BAL,Zay Flowers,WR,BAL,,,0.01,0.13,25.04,44.58,3.75,640.69,,0.02,,,,,,,,,,,,
edmonds_RB_TB,Chase Edmonds,RB,TB,,,,3.19,567.12,26.82,1.14,237.84,0.02,,,,,,,,,,,,,
shaheed_WR_NO,Rashid Shaheed,WR,NO,,,,0.41,47.87,41.35,4.27,583.85,,0.03,,,,,,,,,,,0.09,
jones_WR_DET,Marvin Jones,WR,DET,,,0.01,0.02,2.78,45.23,3.48,652.81,,,,,,,,,,,,,,
freiermuth_TE_PIT,Pat Freiermuth,TE,PIT,,,0.01,,0.89,54.38,3.76,545.77,,,,,,,,,,,,,,
hollins_WR_ATL,Mack Hollins,WR,ATL,,,0.01,0.24,34.25,46.5,3.68,579.82,,0.03,,,,,,,,,,,,
okonkwo_TE_TEN,Chigoziem Okonkwo,TE,TEN,,,,0.03,14.61,49.12,4.04,562.48,,0.01,,,,,,,,,,,,
robinson_WR_PIT,Allen Robinson,WR,PIT,,,0.01,,1.59,47.93,3.39,625.94,,,,,,,,,,,,,,
metchie_WR_HOU,John Metchie III,WR,HOU,,,0.01,0.08,14.32,44.98,3.73,610.85,,0.01,,,,,,,,,,,,
njoku_TE_CLE,David Njoku,TE,CLE,,,0.01,0.05,12.11,52.29,3.88,525.42,,0.01,,,,,,,,,,,,
perine_RB_DEN,Samaje Perine,RB,DEN,,,,3.6,469.06,29.9,0.73,253.83,0.01,,,,,,,,,,,,,
pierce_WR_IND,Alec Pierce,WR,IND,,,0.01,,0.99,44.16,2.79,645.94,,,,,,,,,,,,,,
singletary_RB_HOU,Devin Singletary,RB,HOU,,,,4.01,547.3,24.63,0.68,196.45,0.04,1.1,,,,,,,,,,,,
davis_WR_NYJ,Corey Davis,WR,NYJ,,,0.01,0.01,2.36,41.41,3.09,632.06,,,,,,,,,,,,,,
henry_TE_NE,Hunter Henry,TE,NE,,,0.01,,0.98,43.28,3.69,565.52,,,,,,,,,,,,,,
mckenzie_WR_IND,Isaiah McKenzie,WR,IND,,,0.01,0.22,63.21,43.56,2.86,532.26,,0.05,,,,,,,,,,,,
otton_TE_TB,Cade Otton,TE,TB,,,0.01,0.01,1.31,50.15,3.04,515.2,,,,,,,,,,,,,,
dulcich_TE_DEN,Greg Dulcich,TE,DEN,,,0.01,,1.55,42.7,3.92,534.62,,,,,,,,,,,,,,
smith_TE_CIN,Irv Smith,TE,CIN,,,0.01,,1.31,48.56,3.71,479.62,,,,,,,,,,,,,,
kmet_TE_CHI,Cole Kmet,TE,CHI,,,0.01,0.01,3.58,45.04,4.33,463.85,,,,,,,,,,,,,,
brissett_QB_WSH,Jacoby Brissett,QB,WSH,9.38,1672.5,5.89,1.58,150.94,,,,0.53,0.68,,,,,,,,,,,,
woods_TE_IND,Jelani Woods,TE,IND,,,0.01,,2.02,42.52,3.33,508.14,,,,,,,,,,,,,,
harris_RB_BUF,Damien Harris,RB,BUF,,,,3.84,510.02,20.06,0.73,152.89,0.05,0.62,,,,,,,,,,,,
williams_RB_NO,Jamaal Williams,RB,NO,,,0.01,5.45,619.58,8.53,0.33,66.3,0.8,0.69,,,,,,,,,,,,
mccoy_QB_ARI,Colt McCoy,QB,ARI,8.8,1854.82,7.02,0.91,100.11,,,,0.42,0.3,,,,,,,,,,,,
akins_TE_CLE,Jordan Akins,TE,CLE,,,,,0.58,40.55,3.04,515.35,,,,,,,,,,,,,,
johnson_TE_NO,Juwan Johnson,TE,NO,,,0.01,,0.72,39.65,3.88,465.13,,,,,,,,,,,,,,
mitchell_RB_SF,Elijah Mitchell,RB,SF,,,,4.04,519.48,16.77,0.46,133.62,0.04,,,,,,,,,,,,,
warren_RB_PIT,Jaylen Warren,RB,PIT,,,,2.69,403.86,24.88,0.64,230.33,0.03,0.18,,,,,,,,,,,,
skowronek_WR_LAR,Ben Skowronek,WR,LAR,,,0.01,,0.83,43.29,1.74,528.94,,,,,,,,,,,,,,
shakir_WR_BUF,Khalil Shakir,WR,BUF,,,0.01,0.04,6.64,36.04,2.38,552.29,,,,,,,,,,,,,,
ertz_TE_ARI,Zach Ertz,TE,ARI,,,,,0.68,42.83,2.8,456.31,,,,,,,,,,,,,,
murray_RB_BUF,Latavius Murray,RB,BUF,,,,3.35,515.31,16.69,0.44,132.13,0.09,,,,,,,,,,,,,
hurst_TE_CAR,Hayden Hurst,TE,CAR,,,0.01,,0.84,42.17,2.9,445.11,,,,,,,,,,,,,,
penny_RB_PHI,Rashaad Penny,RB,PHI,,,0.01,4.48,638.39,7.32,0.28,47.16,0.06,0.49,,,,,,,,,,,,
slayton_WR_NYG,Darius Slayton,WR,NYG,,,0.01,0.03,7.24,34.4,2.36,516.75,,0.01,,,,,,,,,,,,
taylor_RB_NE,J.J. Taylor,RB,NE,,,0.01,3.52,473.26,16.1,0.61,132.89,0.1,0.41,,,,,,,,,,,,
claypool_WR_CHI,Chase Claypool,WR,CHI,,,0.01,0.46,49.33,31.68,2.7,452.2,,0.04,,,,,,,,,,,,
smithnjigba_WR_SEA,Jaxon Smith-Njigba,WR,SEA,,,0.01,0.02,16.55,36.68,2.79,450.85,,0.01,,,,,,,,,,,,
gallup_WR_DAL,Michael Gallup,WR,DAL,,,,0.04,4.59,37.01,2.48,474.23,,,,,,,,,,,,,,
abdullah_RB_LV,Ameer Abdullah,RB,LV,,,0.01,1.83,318.14,29.73,1.03,212.14,0.03,0.1,,,,,,,,,,,,
conklin_TE_NYJ,Tyler Conklin,TE,NYJ,,,0.01,0.02,8.24,42.37,2.48,405.91,,0.01,,,,,,,,,,,,
jackson_RB_IND,Deon Jackson,RB,IND,,,,1.56,288.92,29.23,1.01,252.83,0.03,0.12,,,,,,,,,,,,
thomas_TE_WSH,Logan Thomas,TE,WSH,,,0.01,,1.49,38.5,2.67,434.28,,,,,,,,,,,,,,
gainwell_RB_PHI,Kenneth Gainwell,RB,PHI,,,,3.33,327.28,23.24,0.77,179.47,,0.5,,,,,,,,,,,,
carter_RB_NYJ,Michael Carter,RB,NYJ,,,,1.48,273.15,29.41,1.07,250.79,0.04,0.24,,,,,,,,,,,,
westbrookikhine_WR_TEN,Nick Westbrook-Ikhine,WR,TEN,,,0.01,,1.83,34.99,2.54,459.96,,,,,,,,,,,,,,
palmer_WR_LAC,Josh Palmer,WR,LAC,,,,,0.47,38.59,2.14,446,,,,,,,,,,,,,,
thornton_WR_NE,Tyquan Thornton,WR,NE,,,0.01,,0.32,31.75,2.76,469.38,,,,,,,,,,,,,,
hardman_WR_NYJ,Mecole Hardman,WR,NYJ,,,,0.45,89.91,31.73,2.03,346.1,,0.19,,,,,,,,,,,0.77,
fant_TE_SEA,Noah Fant,TE,SEA,,,0.01,,1.67,35.72,2.71,419.87,,,,,,,,,,,,,,
kelley_RB_LAC,Joshua Kelley,RB,LAC,,,,2.64,437.63,17.4,0.57,160.89,,1.52,,,,,,,,,,,,
raymond_WR_DET,Kalif Raymond,WR,DET,,,,0.53,53.01,28.6,2.95,379.15,,0.05,,,,,,,,,,,0.09,
williams_WR_DET,Jameson Williams,WR,DET,,,0.01,0.17,24.48,30.02,2.55,437.51,,0.02,,,,,,,,,,,,
hooper_TE_LV,Austin Hooper,TE,LV,,,,,0.68,38,2.54,390.33,,,,,,,,,,,,,,
atwell_WR_LAR,Tutu Atwell,WR,LAR,,,,0.27,46.15,28.8,2.48,399.8,,0.03,,,,,,,,,,,,
berrios_WR_MIA,Braxton Berrios,WR,MIA,,,0.01,0.25,59.35,32.8,1.84,381.99,,0.05,,,,,,,,,,,0.06,
likely_TE_BAL,Isaiah Likely,TE,BAL,,,,,1.2,32.23,2.12,438.1,,,,,,,,,,,,,,
edwards_RB_BAL,Gus Edwards,RB,BAL,,,,4.27,525.53,5.47,0.2,50.52,0.01,1.24,,,,,,,,,,,,
knox_TE_BUF,Dawson Knox,TE,BUF,,,,,1.28,33.35,2.75,374.55,,,,,,,,,,,,,,
musgrave_TE_GB,Luke Musgrave,TE,GB,,,0.01,,2.62,35.68,2.43,367.84,,,,,,,,,,,,,,
edwardshelaire_RB_KC,Clyde Edwards-Helaire,RB,KC,,,,2.81,356.31,16.98,0.78,139.24,0.04,0.53,,,,,,,,,,,,
charbonnet_RB_SEA,Zach Charbonnet,RB,SEA,,,,3.6,393.87,13.3,0.5,95.39,0.07,0.47,,,,,,,,,,,,
kincaid_TE_BUF,Dalton Kincaid,TE,BUF,,,0.01,0.01,2.8,33.5,2.54,364.99,,,,,,,,,,,,,,
minshew_QB_IND,Gardner Minshew,QB,IND,7.51,1300.34,4.33,0.67,59.34,,,,1.55,0.56,,,,,,,,,,,,
robinson_WR_NYG,Wan'Dale Robinson,WR,NYG,,,,0.08,15.12,32.29,2.09,368.74,,0.01,,,,,,,,,,,,
williams_RB_LAR,Kyren Williams,RB,LAR,,,,1.96,374.24,17.36,0.64,124.95,0.07,0.26,,,,,,,,,,,,
levis_QB_TEN,Will Levis,QB,TEN,6.99,1359.9,6.39,0.85,64.53,,,,0.85,0.38,,,,,,,,,,,,
patterson_RB_ATL,Cordarrelle Patterson,RB,ATL,,,,2.39,274.74,17.71,0.38,139.92,,0.21,,,,,,,,,,,1.05,
reynolds_WR_DET,Josh Reynolds,WR,DET,,,0.01,0.01,1.55,29.09,2.21,382.66,,,,,,,,,,,,,,
schoonmaker_TE_DAL,Luke Schoonmaker,TE,DAL,,,0.01,0.02,2.61,32.33,2.13,333.73,,,,,,,,,,,,,,
laporta_TE_DET,Sam LaPorta,TE,DET,,,0.01,0.01,2.67,31.74,2.1,336.93,,,,,,,,,,,,,,
hoyer_QB_LV,Brian Hoyer,QB,LV,6.51,1242.5,4.68,0.81,72.17,,,,0.16,0.47,,,,,,,,,,,,
moss_RB_IND,Zack Moss,RB,IND,,,,3.06,449.58,8.62,0.26,48.98,,0.46,,,,,,,,,,,,
breida_RB_NYG,Matt Breida,RB,NYG,,,,2.23,310.64,15.93,0.55,153.81,,0.98,,,,,,,,,,,,
brown_RB_CIN,Chase Brown,RB,CIN,,,,2.42,340.34,14.6,0.55,110.81,0.06,0.36,,,,,,,,,,,,
jennings_WR_SF,Jauan Jennings,WR,SF,,,,,0.67,27.21,2.16,366.4,,,,,,,,,,,,,,
jones_RB_DAL,Ronald Jones,RB,DAL,,,,3.43,437.07,7.49,0.32,47.78,,0.85,,,,,,,,,,,,
dissly_TE_SEA,Will Dissly,TE,SEA,,,0.01,,1.22,31.73,1.91,326.22,,,,,,,,,,,,,,
zaccheaus_WR_PHI,Olamide Zaccheaus,WR,PHI,,,,0.02,3.7,28.22,1.8,362.89,,,,,,,,,,,,,,
gesicki_TE_NE,Mike Gesicki,TE,NE,,,,,0.63,28.13,2.27,337.01,,,,,,,,,,,,,,
mcbride_TE_ARI,Trey McBride,TE,ARI,,,0.01,,1.08,28.16,2.03,344.52,,,,,,,,,,,,,,
campbell_WR_NYG,Parris Campbell,WR,NYG,,,,0.21,21.49,26.56,1.85,334.63,,0.02,,,,,,,,,,,,
ingram_RB_ARI,Keaontay Ingram,RB,ARI,,,,2.31,363.63,13.75,0.38,85.3,0.05,0.31,,,,,,,,,,,,
tonyan_TE_CHI,Robert Tonyan,TE,CHI,,,,,0.64,28.76,2.02,332.77,,,,,,,,,,,,,,
knight_RB_NYJ,Bam Knight,RB,NYJ,,,,1.86,334.95,14.18,0.46,104.37,0.05,0.14,,,,,,,,,,,,
trask_QB_TB,Kyle Trask,QB,TB,6.89,1198.91,5.76,0.5,30.57,,,,0.79,0.41,,,,,,,,,,,,
hasty_RB_JAX,JaMycal Hasty,RB,JAX,,,,1.77,233.17,17.77,0.49,139.7,,0.07,,,,,,,,,,,,
bigsby_RB_JAX,Tank Bigsby,RB,JAX,,,,3,312.32,11.25,0.37,63.52,0.05,0.39,,,,,,,,,,,,
dallas_RB_SEA,DeeJay Dallas,RB,SEA,,,,1.33,217.21,17.46,0.73,161.92,,0.06,,,,,,,,,,,0.12,
agnew_WR_JAX,Jamal Agnew,WR,JAX,,,,0.48,83.74,19.9,0.97,213.06,,0.07,,,,,,,,,,,1.16,
granson_TE_IND,Kylen Granson,TE,IND,,,,0.01,7.43,23.87,1.95,287.47,,0.01,,,,,,,,,,,,
mcfarland_RB_PIT,Anthony McFarland,RB,PIT,,,,1.48,270.17,14.95,0.43,105.61,0.03,0.2,,,,,,,,,,,,
hodge_WR_ATL,KhaDarel Hodge,WR,ATL,,,0.01,0.05,12.28,22.16,1.62,300.25,,0.01,,,,,,,,,,,,
darnold_QB_SF,Sam Darnold,QB,SF,5.13,943.82,3.55,0.92,62.71,,,,0.69,0.48,,,,,,,,,,,,
bourne_WR_NE,Kendrick Bourne,WR,NE,,,,0.2,26.57,18.44,2.02,289.6,,0.03,,,,,,,,,,,,
parham_TE_LAC,Donald Parham,TE,LAC,,,,,0.67,25.76,1.83,262.5,,,,,,,,,,,,,,
spears_RB_TEN,Tyjae Spears,RB,TEN,,,,2.08,276.96,11.83,0.43,71.99,0.05,0.39,,,,,,,,,,,,
duvernay_WR_BAL,Devin Duvernay,WR,BAL,,,,0.29,57.24,19.44,1.18,271.87,,0.04,,,,,,,,,,,,
moore_WR_KC,Skyy Moore,WR,KC,,,,0.35,49.04,23.03,1.27,232.2,,0.04,,,,,,,,,,,0.05,
sherfield_WR_BUF,Trent Sherfield,WR,BUF,,,,,1.13,20.13,1.78,298.32,,,,,,,,,,,,,,
brown_WR_CHI,Equanimeous St. Brown,WR,CHI,,,,0.09,24.4,16.73,1.75,301.63,,0.03,,,,,,,,,,,,
smythe_TE_MIA,Durham Smythe,TE,MIA,,,0.01,0.02,9.48,24.45,1.45,245.62,,0.01,,,,,,,,,,,,
watson_WR_KC,Justin Watson,WR,KC,,,,,0.76,19.87,1.98,262.1,,,,,,,,,,,,,,
uzomah_TE_NYJ,C.J. Uzomah,TE,NYJ,,,,,1.1,22.07,1.8,244.63,,,,,,,,,,,,,,
moore_WR_CLE,Elijah Moore,WR,CLE,,,,0.17,31.05,18.9,1.37,261.91,,0.03,,,,,,,,,,,,
gray_TE_KC,Noah Gray,TE,KC,,,0.01,0.04,11.37,23.86,1.23,243.33,,0.01,,,,,,,,,,,,
mayer_TE_LV,Michael Mayer,TE,LV,,,0.01,,2.39,23.62,1.61,227.2,,,,,,,,,,,,,,
marshall_WR_CAR,Terrace Marshall Jr.,WR,CAR,,,,,0.63,15.61,2.03,282.59,,,,,,,,,,,,,,
moreau_TE_NO,Foster Moreau,TE,NO,,,0.01,,0.82,19.95,1.55,240.37,,,,,,,,,,,,,,
goodwin_WR_CLE,Marquise Goodwin,WR,CLE,,,,0.08,16.4,16.43,1.36,262.82,,0.01,,,,,,,,,,,,
evans_RB_LAR,Zach Evans,RB,LAR,,,,2.21,227.7,8.63,0.32,67.02,0.05,0.28,,,,,,,,,,,,
rice_WR_KC,Rashee Rice,WR,KC,,,,0.05,12.58,18.89,1.62,223.91,,0.01,,,,,,,,,,,,
miller_RB_NO,Kendre Miller,RB,NO,,,,2.11,216.82,11,0.35,53.12,0.05,0.27,,,,,,,,,,,,
vaughn_RB_TB,Ke'Shawn Vaughn,RB,TB,,,,1.96,286.93,7,0.27,41.09,0.03,0.56,,,,,,,,,,,,
brown_WR_HOU,Noah Brown,WR,HOU,,,,,0.58,19.07,1.24,253.27,,,,,,,,,,,,,,
felton_RB_CLE,Demetric Felton,RB,CLE,,,,0.64,114.28,17.56,0.5,161.49,0.03,0.08,,,,,,,,,,,,
badie_RB_DEN,Tyler Badie,RB,DEN,,,,1.07,151,14.85,0.48,106.46,0.05,0.13,,,,,,,,,,,,
cobb_WR_NYJ,Randall Cobb,WR,NYJ,,,,,0.93,18.23,1.44,227.29,,,,,,,,,,,,,,
watkins_WR_PHI,Quez Watkins,WR,PHI,,,0.01,0.03,3.8,18,1.15,238.29,,,,,,,,,,,,,,
downs_WR_IND,Josh Downs,WR,IND,,,,0.03,12.49,17.86,1.33,219.04,,0.01,,,,,,,,,,,,
clement_RB_ARI,Corey Clement,RB,ARI,,,,1.21,162.9,12.72,0.36,94.22,0.65,0.01,,,,,,,,,,,,
beckham_WR_BAL,Odell Beckham Jr.,WR,BAL,,,,0.08,16.47,17.5,1.53,202.34,,0.01,,,,,,,,,,,,
hinton_WR_DEN,Kendall Hinton,WR,DEN,,,,0.05,16,15.57,1.21,239.65,,0.01,,,,,,,,,,,,
homer_RB_CHI,Travis Homer,RB,CHI,,,,0.73,99.12,15.02,0.68,151.07,,0.03,,,,,,,,,,,,
haskins_RB_TEN,Hassan Haskins,RB,TEN,,,,0.87,139.43,14.57,0.52,115.42,0.03,0.1,,,,,,,,,,,,
houston_WR_DAL,Dennis Houston,WR,DAL,,,,0.04,5.4,17.77,1.34,213.89,,,,,,,,,,,,,,
heinicke_QB_ATL,Taylor Heinicke,QB,ATL,3.92,786.98,3.17,0.39,36.36,,,,0.63,0.07,,,,,,,,,,,,
johnston_WR_LAC,Quentin Johnston,WR,LAC,,,,0.06,16.7,17.53,1.39,198.24,,0.01,,,,,,,,,,,,
smith_TE_ATL,Jonnu Smith,TE,ATL,,,,0.06,11.67,19.42,1.08,200.26,,0.01,,,,,,,,,,,,
parkinson_TE_SEA,Colby Parkinson,TE,SEA,,,,,0.61,17.88,1.41,208.9,,,,,,,,,,,,,,
james_WR_KC,Richie James,WR,KC,,,,,0.55,18.63,1.3,207.65,,,,,,,,,,,,,,
ogunbowale_RB_HOU,Dare Ogunbowale,RB,HOU,,,,0.87,148.16,14.38,0.29,108.7,,0.02,,,,,,,,,,,,
strange_TE_JAX,Brenton Strange,TE,JAX,,,,,1.51,20.75,1.33,179.47,,,,,,,,,,,,,,
dorsett_WR_LV,Phillip Dorsett,WR,LV,,,,0.02,3.08,17.84,1.3,204.26,,,,,,,,,,,,,,
philips_WR_TEN,Kyle Philips,WR,TEN,,,,,2.56,17.27,1.24,213.07,,,,,,,,,,,,,,
bryant_TE_CLE,Harrison Bryant,TE,CLE,,,0.01,,2.72,18.24,1.17,207.19,,,,,,,,,,,,,,
tremble_TE_CAR,Tommy Tremble,TE,CAR,,,,0.01,6.64,19.18,1.22,188.1,,,,,,,,,,,,,,
wright_TE_DET,Brock Wright,TE,DET,,,,,0.59,19.25,1.22,189.99,,,,,,,,,,,,,,
chandler_RB_MIN,Ty Chandler,RB,MIN,,,,1,136.73,11.88,0.53,106.12,0.05,0.12,,,,,,,,,,,,
powell_WR_MIN,Brandon Powell,WR,MIN,,,,,73.18,16.29,0.7,162.25,,0.07,,,,,,,,,,,0.08,
kolar_TE_BAL,Charlie Kolar,TE,BAL,,,,,1.61,17.2,1.12,198.36,,,,,,,,,,,,,,
ferguson_TE_DAL,Jake Ferguson,TE,DAL,,,0.01,,1.04,18.33,1.11,182.49,,,,,,,,,,,,,,
carter_WR_LV,DeAndre Carter,WR,LV,,,,0.06,15.46,15.18,1.05,190.62,,0.02,,,,,,,,,,,0.06,
jones_WR_CIN,Charlie Jones,WR,CIN,,,,0.08,16.18,15.28,1.16,176.28,,0.01,,,,,,,,,,,,
shenault_WR_CAR,Laviska Shenault Jr.,WR,CAR,,,,0.32,52.99,14.36,0.76,157.98,,0.05,,,,,,,,,,,,
hopkins_TE_LAR,Brycen Hopkins,TE,LAR,,,,,0.62,16.25,1.33,167.97,,,,,,,,,,,,,,
mills_QB_HOU,Davis Mills,QB,HOU,3.25,672.33,2.58,0.45,24.64,,,,0.74,0.29,,,,,,,,,,,,
johnson_WR_SEA,Cade Johnson,WR,SEA,,,,,2.43,15.59,1.17,177.52,,,,,,,,,,,,,,
blackshear_RB_CAR,Raheem Blackshear,RB,CAR,,,,1.16,128.16,9.87,0.42,81.83,0.03,0.1,,,,,,,,,,,,
davis_RB_DAL,Malik Davis,RB,DAL,,,,1.23,192.18,5.27,0.31,56.19,0.04,0.15,,,,,,,,,,,,
williams_RB_WSH,Jonathan Williams,RB,WSH,,,,0.64,110.18,11.52,0.35,105.67,0.01,0.48,,,,,,,,,,,,
guyton_WR_LAC,Jalen Guyton,WR,LAC,,,,0.01,9.67,12.52,1.15,163.6,,0.01,,,,,,,,,,,,
jordan_TE_HOU,Brevin Jordan,TE,HOU,,,,,0.57,14.25,1.05,160.97,,,,,,,,,,,,,,
bolden_RB_LV,Brandon Bolden,RB,LV,,,,0.68,88.19,10.51,0.46,96.09,0.77,0.32,,,,,,,,,,,,
oliver_TE_MIN,Josh Oliver,TE,MIN,,,,,0.74,16.8,0.96,140.24,,,,,,,,,,,,,,
white_QB_MIA,Mike White,QB,MIA,3.37,666.44,3.4,0.22,8.17,,,,0.65,0.16,,,,,,,,,,,,
scott_RB_PHI,Boston Scott,RB,PHI,,,,1.73,174.21,5.88,0.14,16.89,,0.23,,,,,,,,,,,0.11,
latu_TE_SF,Cameron Latu,TE,SF,,,,,1.59,16.18,0.94,136.84,,,,,,,,,,,,,,
cracraft_WR_MIA,River Cracraft,WR,MIA,,,,,1.16,11.87,1.07,171.19,,,,,,,,,,,,,,
moore_WR_TB,David Moore,WR,TB,,,,0.26,20.76,12.45,0.9,139.16,,0.02,,,,,,,,,,,,
melton_WR_GB,Bo Melton,WR,GB,,,,0.01,8.29,12.92,0.97,151.95,,0.01,,,,,,,,,,,0.01,
smith_WR_CAR,Shi Smith,WR,CAR,,,,0.02,6.7,10.32,0.95,168.23,,0.01,,,,,,,,,,,0.09,
spiller_RB_LAC,Isaiah Spiller,RB,LAC,,,,1.12,189.43,4.9,0.21,21.86,0.04,0.18,,,,,,,,,,,,
strong_RB_NE,Pierre Strong,RB,NE,,,,1.1,122.06,7.26,0.35,54.95,0.04,0.13,,,,,,,,,,,,
kraft_TE_GB,Tucker Kraft,TE,GB,,,,,1.71,15.19,0.96,121.02,,,,,,,,,,,,,,
brightwell_RB_NYG,Gary Brightwell,RB,NYG,,,,1.06,152.86,6.01,0.22,41.38,0.02,0.13,,,,,,,,,,,,
zylstra_TE_DET,Shane Zylstra,TE,DET,,,,,0.61,13.01,0.88,141.35,,,,,,,,,,,,,,
bell_WR_CLE,David Bell,WR,CLE,,,,,0.76,12.91,0.61,158.17,,,,,,,,,,,,,,
thompkins_WR_TB,Deven Thompkins,WR,TB,,,,0.39,33.1,9.22,0.61,132.26,,0.02,,,,,,,,,,,0.09,
lance_QB_SF,Trey Lance,QB,SF,2.11,340.74,1.18,0.49,92.94,,,,0.15,0.15,,,,,,,,,,,,
smith_WR_NO,Tre'Quan Smith,WR,NO,,,,,0.74,12.36,1.05,129.07,,,,,,,,,,,,,,
trautman_TE_DEN,Adam Trautman,TE,DEN,,,,,0.61,13.44,0.95,123.24,,,,,,,,,,,,,,
ward_WR_PHI,Greg Ward,WR,PHI,,,,,0.68,11.75,0.74,147.11,,,,,,,,,,,,,,
reagor_WR_MIN,Jalen Reagor,WR,MIN,,,,0.04,31.8,10.27,0.92,116.9,,0.03,,,,,,,,,,,,
evans_RB_CIN,Chris Evans,RB,CIN,,,,0.54,75.73,10.22,0.42,70.99,0.02,0.06,,,,,,,,,,,,
zappe_QB_NE,Bailey Zappe,QB,NE,2.25,562.65,2.52,0.28,13.01,,,,0.61,0.16,,,,,,,,,,,,
miller_WR_ATL,Scott Miller,WR,ATL,,,,0.02,4.07,10.69,0.64,150.6,,,,,,,,,,,,,0.03,
bellinger_TE_NYG,Daniel Bellinger,TE,NYG,,,,0.01,2.04,13.06,0.75,123.93,,,,,,,,,,,,,,
rypien_QB_LAR,Brett Rypien,QB,LAR,2.6,575.16,3.72,0.26,15.36,,,,0.62,0.2,,,,,,,,,,,,
cager_TE_NYG,Lawrence Cager,TE,NYG,,,,,0.96,10.79,0.88,137.27,,,,,,,,,,,,,,
hines_RB_BUF,Nyheim Hines,RB,BUF,,,,0.13,13.43,11.49,0.5,101.73,,0.01,,,,,,,,,,,0.5,
taylor_RB_GB,Patrick Taylor,RB,GB,,,,1.21,147.64,4.03,0.19,21.25,0.04,0.12,,,,,,,,,,,,
pettis_WR_CHI,Dante Pettis,WR,CHI,,,,0.03,9.83,10.67,0.47,134.72,,0.01,,,,,,,,,,,0.09,
saubert_TE_MIA,Eric Saubert,TE,MIA,,,,,1.06,12.95,0.87,100.88,,,,,,,,,,,,,,
hill_RB_BAL,Justice Hill,RB,BAL,,,,0.71,89.47,9.02,0.18,53.57,,0.18,,,,,,,,,,,,
mason_RB_SF,Jordan Mason,RB,SF,,,,1.17,153.35,3.8,0.13,14.97,0.04,0.12,,,,,,,,,,,,
juszczyk_RB_SF,Kyle Juszczyk,RB,SF,,,0.01,0.14,9.77,12.4,0.64,100.77,,0.04,,,,,,,,,,,,
montgomery_RB_NE,Ty Montgomery,RB,NE,,,,0.47,34.59,8.18,0.29,112.17,,0.01,,,,,,,,,,,,
aliecox_TE_IND,Mo Alie-Cox,TE,IND,,,,,0.69,10.94,0.78,116.9,,,,,,,,,,,,,,
gabbert_QB_KC,Blaine Gabbert,QB,KC,2.03,452.22,1.69,0.28,23.71,,,,0.29,0.06,,,,,,,,,,,,
clifford_QB_GB,Sean Clifford,QB,GB,2.33,476.05,2.52,0.35,9.71,,,,0.65,0.26,,,,,,,,,,,,
heyward_TE_PIT,Connor Heyward,TE,PIT,,,,0.06,21.58,8.59,0.7,112.89,,0.02,,,,,,,,,,,,
thomas_TE_CAR,Ian Thomas,TE,CAR,,,,,0.96,11.07,0.75,107.15,,,,,,,,,,,,,,
bell_TE_KC,Blake Bell,TE,KC,,,,0.01,5.42,11.17,0.76,99.49,,,,,,,,,,,,,,
mullens_QB_MIN,Nick Mullens,QB,MIN,2.57,419.19,2.42,0.21,6.93,,,,1.13,0.16,,,,,,,,,,,,
wilson_WR_MIA,Ced Wilson,WR,MIA,,,,,1.46,9.64,0.78,113.2,,,,,,,,,,,,,,
beathard_QB_JAX,C.J. Beathard,QB,JAX,1.94,431.08,1.87,0.32,18.35,,,,0.43,0.11,,,,,,,,,,,,
dulin_WR_IND,Ashton Dulin,WR,IND,,,,,10.47,7.24,0.76,123.09,,0.01,,,,,,,,,,,,
bates_TE_WSH,John Bates,TE,WSH,,,,,0.76,10.46,0.71,101.55,,,,,,,,,,,,,,
taylor_QB_NYG,Tyrod Taylor,QB,NYG,2.08,320.8,1.67,0.39,25.18,,,,1.05,0.03,,,,,,,,,,,,
grant_WR_CLE,Jakeem Grant,WR,CLE,,,,0.33,52.29,7.44,0.32,81.38,,0.04,,,,,,,,,,,,
kieft_TE_TB,Ko Kieft,TE,TB,,,0.01,0.01,1.31,11.64,0.63,90.16,,,,,,,,,,,,,,
harris_RB_NE,Kevin Harris,RB,NE,,,,1.05,145.46,2.1,0.09,13.22,0.02,0.13,,,,,,,,,,,,
dalton_QB_CAR,Andy Dalton,QB,CAR,2.25,403.3,1.7,0.14,8.07,,,,0.66,0.08,,,,,,,,,,,,
gentry_TE_PIT,Zach Gentry,TE,PIT,,,,,0.61,10.89,0.61,96.45,,,,,,,,,,,,,,
sims_WR_HOU,Steven Sims,WR,HOU,,,,0.42,53.74,4.83,0.38,93.41,,0.05,,,,,,,,,,,,
ford_RB_CLE,Jerome Ford,RB,CLE,,,,0.71,114.57,4.07,0.19,33.09,0.03,0.11,,,,,,,,,,,,
sudfeld_QB_DET,Nate Sudfeld,QB,DET,1.65,383.75,1.92,0.53,26.45,,,,0.53,0.46,,,,,,,,,,,,
sample_TE_CIN,Drew Sample,TE,CIN,,,,,0.85,12.46,0.56,81.59,,,,,,,,,,,,,,
harty_WR_BUF,Deonte Harty,WR,BUF,,,,0.11,13.16,7.24,0.66,108.3,,0.01,,,,,,,,,,,,
nixon_WR_NE,Tre Nixon,WR,NE,,,,0.03,5.89,7.56,0.65,108.76,,0.01,,,,,,,,,,,,
dobbs_QB_CLE,Joshua Dobbs,QB,CLE,1.61,391.19,2.06,0.29,23.14,,,,0.54,0.11,,,,,,,,,,,,
quitoriano_TE_HOU,Teagan Quitoriano,TE,HOU,,,,,1.08,7.66,0.75,94.74,,,,,,,,,,,,,,
edwards_WR_NO,Bryan Edwards,WR,NO,,,,,1.13,7.75,0.61,100.01,,,,,,,,,,,,,,
lock_QB_SEA,Drew Lock,QB,SEA,1.83,334.79,1.69,0.28,15.64,,,,0.57,0.14,,,,,,,,,,,,
beck_TE_HOU,Andrew Beck,TE,HOU,,,,0.06,12.86,8.01,0.56,84.33,,0.01,,,,,,,,,,,,
mckitty_TE_LAC,Tre' McKitty,TE,LAC,,,0.01,,0.97,8.47,0.52,94.15,,,,,,,,,,,,,,
nwangwu_RB_MIN,Kene Nwangwu,RB,MIN,,,,0.49,73.86,5.7,0.27,35.37,0.02,0.07,,,,,,,,,,,,
mccloud_WR_SF,Ray-Ray McCloud,WR,SF,,,,0.33,39.89,4.45,0.3,75.69,,0.03,,,,,,,,,,,0.2,
ham_RB_MIN,C.J. Ham,RB,MIN,,,,0.05,1.69,9.93,0.53,73,,,,,,,,,,,,,,
whyle_TE_TEN,Josh Whyle,TE,TEN,,,,,1.77,8.23,0.68,83.76,,,,,,,,,,,,,,
jones_WR_CHI,Velus Jones Jr.,WR,CHI,,,,0.41,90.92,1.89,0.22,61.43,,0.1,,,,,,,,,,,,
rodgers_WR_HOU,Amari Rodgers,WR,HOU,,,,0.04,10.76,7.31,0.47,92.86,,0.01,,,,,,,,,,,,
pascal_WR_ARI,Zach Pascal,WR,ARI,,,,,1.16,8.26,0.51,92.3,,,,,,,,,,,,,,
williams_RB_ATL,Avery Williams,RB,ATL,,,,0.2,27.3,8.6,0.25,56.69,0.01,0.02,,,,,,,,,,,0.09,
austin_WR_PIT,Calvin Austin III,WR,PIT,,,,,6.82,6.97,0.44,96.59,,0.01,,,,,,,,,,,,
washington_TE_PIT,Darnell Washington,TE,PIT,,,,,1.72,7.95,0.58,82.09,,,,,,,,,,,,,,
ricard_RB_BAL,Patrick Ricard,RB,BAL,,,0.01,0.08,8.18,10.33,0.34,55.83,0.02,0.02,,,,,,,,,,,,
rush_QB_DAL,Cooper Rush,QB,DAL,1.57,349.43,1.43,0.1,4.07,,,,0.49,0.09,,,,,,,,,,,,
trubisky_QB_PIT,Mitchell Trubisky,QB,PIT,1.35,270.72,1.08,0.33,19.36,,,,0.56,0.05,,,,,,,,,,,,
ingold_RB_MIA,Alec Ingold,RB,MIA,,,,0.07,4.82,8.98,0.38,63.99,0.02,0.01,,,,,,,,,,,,
stick_QB_LAC,Easton Stick,QB,LAC,1.55,315.77,1.92,0.36,4.96,,,,0.58,0.13,,,,,,,,,,,,
durham_TE_TB,Payne Durham,TE,TB,,,,0.03,2.77,7.4,0.63,68.66,,,,,,,,,,,,,,
fortson_TE_KC,Jody Fortson,TE,KC,,,,,1.27,6.51,0.66,74.72,,,,,,,,,,,,,,
mundt_TE_MIN,Johnny Mundt,TE,MIN,,,,,0.7,7.88,0.63,62.8,,,,,,,,,,,,,,
huntley_QB_BAL,Tyler Huntley,QB,BAL,1.12,247.21,1.38,0.46,28.39,,,,0.47,0.23,,,,,,,,,,,,
perine_RB_KC,La'Mical Perine,RB,KC,,,,0.63,84.52,2.7,0.14,17.52,0.01,0.05,,,,,,,,,,,,
wilson_QB_NYJ,Zach Wilson,QB,NYJ,0.93,347.04,1.38,0.24,0.58,,,,0.6,0.05,,,,,,,,,,,,
eskridge_WR_SEA,D'Wayne Eskridge,WR,SEA,,,,0.07,18.92,5.5,0.35,75.36,,0.01,,,,,,,,,,,,
mcmath_WR_TEN,Racey McMath,WR,TEN,,,,0.01,9.06,5.7,0.42,76.19,,0.01,,,,,,,,,,,,
morris_TE_BUF,Quintin Morris,TE,BUF,,,,,0.74,6.7,0.55,67.05,,,,,,,,,,,,,,
baccellia_WR_ARI,Andre Baccellia,WR,ARI,,,,,0.79,6.5,0.41,77.22,,,,,,,,,,,,,,
hendershot_TE_DAL,Peyton Hendershot,TE,DAL,,,,0.07,8.88,5.35,0.57,60.09,,0.01,,,,,,,,,,,,
wesco_TE_TEN,Trevon Wesco,TE,TEN,,,0.01,,1.15,6.74,0.35,71.17,,,,,,,,,,,,,,
hesse_TE_ATL,Parker Hesse,TE,ATL,,,,,0.6,7.62,0.53,51.61,,,,,,,,,,,,,,
brown_WR_WSH,Dyami Brown,WR,WSH,,,,0.01,18.95,2.63,0.39,91.29,,0.02,,,,,,,,,,,,
byrd_WR_CAR,Damiere Byrd,WR,CAR,,,,,0.78,5.1,0.43,76.47,,,,,,,,,,,,,,
stoll_TE_PHI,Jack Stoll,TE,PHI,,,,,0.6,6.68,0.52,52.74,,,,,,,,,,,,,,
hart_WR_ATL,Penny Hart,WR,ATL,,,,,1.52,5.54,0.34,70.53,,,,,,,,,,,,,,
toure_WR_GB,Samori Toure,WR,GB,,,,,2.93,3.95,0.43,78.88,,,,,,,,,,,,,,
deguara_TE_GB,Josiah Deguara,TE,GB,,,,,0.71,5.11,0.53,55.21,,,,,,,,,,,,,,
washington_WR_DEN,Montrell Washington,WR,DEN,,,,,21.07,2.43,0.23,67.39,,0.02,,,,,,,,,,,0.09,
stidham_QB_DEN,Jarrett Stidham,QB,DEN,0.81,268.41,1.69,0.24,5.32,,,,0.43,0.18,,,,,,,,,,,,
turpin_WR_DAL,KaVontae Turpin,WR,DAL,,,,0.06,9.52,4.24,0.3,50.17,,0.01,,,,,,,,,,,0.09,
reed_WR_CHI,Joe Reed,WR,CHI,,,,0.06,15.28,2.59,0.24,66.92,,0.01,,,,,,,,,,,,
smithmarsette_WR_KC,Ihmir Smith-Marsette,WR,KC,,,,0.08,11.52,2.54,0.37,61.2,,0.01,,,,,,,,,,,,
smartt_TE_LAC,Stone Smartt,TE,LAC,,,,,0.73,4.04,0.46,52.99,,,,,,,,,,,,,,
long_TE_LAR,Hunter Long,TE,LAR,,,,,1.48,4.63,0.45,44.68,,,,,,,,,,,,,,
winston_WR_SEA,Easop Winston,WR,SEA,,,,,4.25,3.73,0.3,56.68,,,,,,,,,,,,,,
crowder_WR_NYG,Jamison Crowder,WR,NYG,,,,0.01,0.99,4.52,0.22,49.46,,,,,,,,,,,,,,
tolbert_WR_DAL,Jalen Tolbert,WR,DAL,,,,0.01,2.23,3.1,0.32,55.14,,,,,,,,,,,,,,
hudson_TE_CIN,Tanner Hudson,TE,CIN,,,,,0.18,4.51,0.33,39.65,,,,,,,,,,,,,,
johnson_RB_CHI,Roschon Johnson,RB,CHI,,,,0.44,41.74,1.95,0.06,13.64,0.02,0.05,,,,,,,,,,,,
geiger_WR_TB,Kaylon Geiger,WR,TB,,,,0.06,5.27,3.29,0.25,46.27,,,,,,,,,,,,,,
callaway_WR_DEN,Marquez Callaway,WR,DEN,,,,,1.15,3.55,0.26,50.07,,,,,,,,,,,,,,
cabinda_RB_DET,Jason Cabinda,RB,DET,,,,0.05,5.68,4.51,0.23,33.06,0.03,0.01,,,,,,,,,,,,
slater_WR_NE,Matthew Slater,WR,NE,,,,0.01,2.38,0.96,0.23,73.05,,,,,,,,,,,,,,
olszewski_WR_PIT,Gunner Olszewski,WR,PIT,,,,0.04,41.07,1.01,0.14,34.53,,0.04,,,,,,,,,,,0.06,
rogers_TE_WSH,Armani Rogers,TE,WSH,,,,0.01,20.72,2.15,0.32,36.95,,0.02,,,,,,,,,,,,
winston_QB_NO,Jameis Winston,QB,NO,0.67,185.03,1.13,0.12,2.84,,,,0.49,0.06,,,,,,,,,,,,
agholor_WR_BAL,Nelson Agholor,WR,BAL,,,,,1.34,4.47,0.1,44.65,,,,,,,,,,,,,,
howard_TE_LV,O.J. Howard,TE,LV,,,,,0.16,4,0.29,38.51,,,,,,,,,,,,,,
mariota_QB_PHI,Marcus Mariota,QB,PHI,0.53,144.47,0.77,0.35,5.74,,,,0.38,0.14,,,,,,,,,,,,
proche_WR_BAL,James Proche,WR,BAL,,,,0.04,8.53,1.14,0.17,56.96,,0.01,,,,,,,,,,,0.08,
darden_WR_CLE,Jaelon Darden,WR,CLE,,,,0.02,5.86,1.6,0.16,52.39,,,,,,,,,,,,,0.12,
austin_WR_JAX,Kevin Austin Jr.,WR,JAX,,,,0.01,1.43,3.3,0.24,42.53,,,,,,,,,,,,,,
prentice_RB_NO,Adam Prentice,RB,NO,,,,0.12,11.31,4.04,0.19,19.73,0.05,0.01,,,,,,,,,,,,
arnold_TE_PHI,Dan Arnold,TE,PHI,,,,,0.78,3.48,0.37,32.42,,,,,,,,,,,,,,
walker_QB_CHI,PJ Walker,QB,CHI,0.68,203.09,1.73,0.11,0.57,,,,0.45,0.07,,,,,,,,,,,,
milne_WR_WSH,Dax Milne,WR,WSH,,,,,2.23,3.65,0.18,37.34,,,,,,,,,,,,,,
siemian_QB_CIN,Trevor Siemian,QB,CIN,0.64,171.66,1.05,0.06,0.24,,,,0.51,0.04,,,,,,,,,,,,
lovett_RB_MIA,John Lovett,RB,MIA,,,,0.19,22.67,3.31,0.14,8.02,0.05,0.02,,,,,,,,,,,,
kroft_TE_MIA,Tyler Kroft,TE,MIA,,,,,0.56,2.91,0.41,29.76,,,,,,,,,,,,,,
mabry_TE_SEA,Tyler Mabry,TE,SEA,,,,,0.73,2.56,0.37,34.34,,,,,,,,,,,,,,
johnson_WR_DEN,Brandon Johnson,WR,DEN,,,,,1.35,3.12,0.15,39.4,,,,,,,,,,,,,,
mccutcheon_WR_LAR,Lance McCutcheon,WR,LAR,,,,,1.44,2.31,0.16,46.03,,,,,,,,,,,,,,
ricci_TE_CAR,Giovanni Ricci,TE,CAR,,,,,0.73,1.92,0.38,37.5,,,,,,,,,,,,,,
woerner_TE_SF,Charlie Woerner,TE,SF,,,,,1.35,3.35,0.28,27.65,,,,,,,,,,,,,,
barkley_QB_BUF,Matt Barkley,QB,BUF,0.53,178.39,1.27,0.11,,,,,0.41,0.14,,,,,,,,,,,,
ratkovich_RB_ATL,Clint Ratkovich,RB,ATL,,,,0.09,7.85,3.83,0.17,16.26,0.05,0.01,,,,,,,,,,,,
johnson_RB_LV,Jakob Johnson,RB,LV,,,,0.03,3.87,4.98,0.14,13.63,0.05,,,,,,,,,,,,,
oconnell_QB_LV,Aidan O'Connell,QB,LV,0.58,138.37,0.82,0.13,3.73,,,,0.18,0.05,,,,,,,,,,,,
ruckert_TE_NYJ,Jeremy Ruckert,TE,NYJ,,,,,0.65,2.73,0.32,27.77,,,,,,,,,,,,,,
gilliam_TE_BUF,Reggie Gilliam,TE,BUF,,,,0.05,3.15,3.54,0.19,19.78,0.04,,,,,,,,,,,,,
asiasi_TE_CIN,Devin Asiasi,TE,CIN,,,,,0.76,2.32,0.34,25.68,,,,,,,,,,,,,,
white_RB_LV,Zamir White,RB,LV,,,,0.27,41.68,0.77,0.04,1.37,0.01,0.04,,,,,,,,,,,,
allen_TE_LAR,Davis Allen,TE,LAR,,,,,0.73,3.15,0.22,22.42,,,,,,,,,,,,,,
manhertz_TE_DEN,Chris Manhertz,TE,DEN,,,,,0.58,2.26,0.33,23.72,,,,,,,,,,,,,,
young_WR_SEA,Dareke Young,WR,SEA,,,,,0.27,2.62,0.14,28.86,,,,,,,,,,,,,,
wells_TE_TB,David Wells,TE,TB,,,,0.01,1.95,2.13,0.33,19.53,,,,,,,,,,,,,,
patterson_RB_WSH,Jaret Patterson,RB,WSH,,,,0.2,31.59,0.91,0.04,6.1,,0.01,,,,,,,,,,,,
blough_QB_ARI,David Blough,QB,ARI,0.6,115.31,1,0.06,1.84,,,,0.26,0.05,,,,,,,,,,,,
rivers_RB_LAR,Ronnie Rivers,RB,LAR,,,,0.12,18.42,1.76,0.09,10.4,0.01,0.01,,,,,,,,,,,,
mickens_WR_NYG,Jaydon Mickens,WR,NYG,,,,0.01,2.46,1.34,0.11,35.51,,,,,,,,,,,,,,
horsted_TE_LV,Jesper Horsted,TE,LV,,,,,0.89,1.71,0.29,21.12,,,,,,,,,,,,,,
kirkwood_WR_NO,Keith Kirkwood,WR,NO,,,,,0.15,1.87,0.17,27.45,,,,,,,,,,,,,,
hodges_TE_WSH,Curtis Hodges,TE,WSH,,,,,0.59,2.3,0.18,21.79,,,,,,,,,,,,,,
horvath_RB_LAC,Zander Horvath,RB,LAC,,,,0.07,2.93,2.85,0.14,9.11,0.04,0.01,,,,,,,,,,,,
taylor_WR_CIN,Trent Taylor,WR,CIN,,,,0.05,11.69,0.55,0.08,26.83,,0.01,,,,,,,,,,,0.03,
burton_RB_DEN,Michael Burton,RB,DEN,,,,0.09,4.39,2.58,0.15,8.55,,0.01,,,,,,,,,,,,
farrell_TE_JAX,Luke Farrell,TE,JAX,,,,,0.68,1.57,0.28,18.32,,,,,,,,,,,,,,
okwuegbunam_TE_DEN,Albert Okwuegbunam,TE,DEN,,,,,0.11,1.96,0.14,23.21,,,,,,,,,,,,,,
washington_WR_NO,James Washington,WR,NO,,,,,0.23,1.72,0.16,23.84,,,,,,,,,,,,,,
isabella_WR_BAL,Andy Isabella,WR,BAL,,,,0.05,10.64,0.4,0.06,26.75,,0.01,,,,,,,,,,,,
togiai_TE_ARI,Noah Togiai,TE,ARI,,,,,1.05,1.45,0.28,14.31,,,,,,,,,,,,,,
williams_RB_ARI,Ty'Son Williams,RB,ARI,,,,0.11,14.74,1.33,0.06,8.48,0.01,0.01,,,,,,,,,,,,
krull_TE_NO,Lucas Krull,TE,NO,,,,,0.63,1.49,0.19,15.94,,,,,,,,,,,,,,
kuntz_TE_NYJ,Zack Kuntz,TE,NYJ,,,,,0.32,1.92,0.13,14.35,,,,,,,,,,,,,,
sokol_TE_NE,Matt Sokol,TE,NE,,,,,0.93,1.18,0.27,11.45,,,,,,,,,,,,,,
davis_TE_GB,Tyler Davis,TE,GB,,,,,0.66,1.17,0.26,11.45,,,,,,,,,,,,,,
mckeon_TE_DAL,Sean McKeon,TE,DAL,,,,,0.7,1.02,0.26,11.38,,,,,,,,,,,,,,
blasingame_RB_CHI,Khari Blasingame,RB,CHI,,,,0.05,2.77,2.28,0.09,3.14,0.04,0.01,,,,,,,,,,,,
alexander_WR_DET,Maurice Alexander,WR,DET,,,,0.01,1.39,1.17,0.09,18.27,,,,,,,,,,,,,,
willis_QB_TEN,Malik Willis,QB,TEN,0.15,82.87,0.6,0.09,1.08,,,,0.15,0.05,,,,,,,,,,,,
turner_TE_WSH,Cole Turner,TE,WSH,,,,,0.11,1.44,0.11,11.99,,,,,,,,,,,,,,
smith_RB_ATL,Keith Smith,RB,ATL,,,,0.02,1.97,2.1,0.1,1.36,0.01,,,,,,,,,,,,,
washington_WR_JAX,Parker Washington,WR,JAX,,,,,0.55,1.27,0.07,14.18,,,,,,,,,,,,,,
green_TE_DAL,Seth Green,TE,DAL,,,,,0.41,1.37,0.11,10.11,,,,,,,,,,,,,,
reyes_TE_JAX,Sammis Reyes,TE,JAX,,,,,0.2,1.35,0.11,10.37,,,,,,,,,,,,,,
rader_TE_TEN,Kevin Rader,TE,TEN,,,,,0.55,0.77,0.23,8.27,,,,,,,,,,,,,,
gray_WR_SF,Danny Gray,WR,SF,,,,0.01,2.38,,0.03,25.26,,,,,,,,,,,,,,
spencer_WR_NYJ,Diontae Spencer,WR,NYJ,,,,,1.6,0.09,0.05,23.88,,,,,,,,,,,,,,
cole_WR_LV,Keelan Cole,WR,LV,,,,,0.24,1.22,0.1,10.85,,,,,,,,,,,,,,
cotton_WR_GB,Jeff Cotton,WR,GB,,,,,0.8,0.93,0.06,12.03,,,,,,,,,,,,,,
bennett_QB_LAR,Stetson Bennett,QB,LAR,0.13,51.35,0.19,0.03,0.32,,,,0.07,0.02,,,,,,,,,,,,
camp_WR_HOU,Jalen Camp,WR,HOU,,,,0.03,6.69,0.01,0.05,13.66,,0.01,,,,,,,,,,,,
williams_RB_CIN,Trayveon Williams,RB,CIN,,,,0.07,9.48,0.54,0.02,4.28,,0.02,,,,,,,,,,,,
dowdle_RB_DAL,Rico Dowdle,RB,DAL,,,,0.05,9.37,0.46,0.02,3.43,,0.01,,,,,,,,,,,,
allen_TE_CHI,Chase Allen,TE,CHI,,,,,0.23,0.97,0.06,7.59,,,,,,,,,,,,,,
keenum_QB_HOU,Case Keenum,QB,HOU,0.11,36.53,0.14,0.02,0.07,,,,0.05,0.02,,,,,,,,,,,,
thompson_QB_MIA,Skylar Thompson,QB,MIA,0.18,34.48,0.26,0.02,0.06,,,,0.06,0.01,,,,,,,,,,,,
allen_QB_SF,Brandon Allen,QB,SF,0.1,31.22,0.15,0.01,0.35,,,,0.09,0.01,,,,,,,,,,,,
roberson_WR_TEN,Reggie Roberson Jr.,WR,TEN,,,,,0.41,0.54,0.05,6.6,,,,,,,,,,,,,,
brown_TE_IND,Pharaoh Brown,TE,IND,,,,,0.14,0.52,0.08,4.38,,,,,,,,,,,,,,
mims_WR_DEN,Marvin Mims Jr.,WR,DEN,,,,,0.48,0.48,0.03,6.32,,,,,,,,,,,,,,
kampmoyer_TE_LAC,Hunter Kampmoyer,TE,LAC,,,,,0.2,0.52,0.06,3.94,,,,,,,,,,,,,,
hooker_QB_DET,Hendon Hooker,QB,DET,0.06,20.59,0.08,0.03,0.39,,,,0.04,0.01,,,,,,,,,,,,
etling_QB_GB,Danny Etling,QB,GB,0.1,18.84,0.12,0.02,0.02,,,,0.04,0.01,,,,,,,,,,,,
buechele_QB_KC,Shane Buechele,QB,KC,0.08,16.82,0.11,0.02,0.13,,,,0.04,0.01,,,,,,,,,,,,
williams_WR_JAX,Seth Williams,WR,JAX,,,,,0.24,0.37,0.02,3.92,,,,,,,,,,,,,,
dwelley_TE_SF,Ross Dwelley,TE,SF,,,,,0.09,0.27,0.03,3.39,,,,,,,,,,,,,,
rudolph_QB_PIT,Mason Rudolph,QB,PIT,0.07,15.71,0.11,0.01,,,,,0.03,0.01,,,,,,,,,,,,
armah_RB_WSH,Alex Armah,RB,WSH,,,,0.01,1.88,0.2,0.01,0.67,,,,,,,,,,,,,,
mason_TE_BAL,Ben Mason,TE,BAL,,,,0.01,,0.25,0.01,1.95,,,,,,,,,,,,,,
grier_QB_DAL,Will Grier,QB,DAL,0.02,9.38,0.09,0.01,,,,,0.04,0.01,,,,,,,,,,,,
abanikanda_RB_NYJ,Israel Abanikanda,RB,NYJ,,,,,,,,,,,,,,,,,,,,,,
achane_RB_MIA,De'Von Achane,RB,MIA,,,,,,,,,,,,,,,,,,,,,,
ahmed_RB_MIA,Salvon Ahmed,RB,MIA,,,,,,,,,,,,,,,,,,,,,,
ali_WR_ATL,Josh Ali,WR,ATL,,,,,,,,,,,,,,,,,,,,,,
allen_TE_GB,Austin Allen,TE,GB,,,,,,,,,,,,,,,,,,,,,,
allen_WR_PHI,Devon Allen,WR,PHI,,,,,,,,,,,,,,,,,,,,,,
arcegawhiteside_TE_ATL,J.J. Arcega-Whiteside,TE,ATL,,,,,,,,,,,,,,,,,,,,,,
bachman_WR_HOU,Alex Bachman,WR,HOU,,,,,,,,,,,,,,,,,,,,,,
baker_WR_NO,Kawaan Baker,WR,NO,,,,,,,,,,,,,,,,,,,,,,
baldwin_WR_CLE,Daylen Baldwin,WR,CLE,,,,,,,,,,,,,,,,,,,,,,
bawden_RB_NYJ,Nick Bawden,RB,NYJ,,,,,,,,,,,,,,,,,,,,,,
baylor_RB_ATL,B.J. Baylor,RB,ATL,,,,,,,,,,,,,,,,,,,,,,
bell_RB_DET,Greg Bell,RB,DET,,,,,,,,,,,,,,,,,,,,,,
bell_WR_SF,Ronnie Bell,WR,SF,,,,,,,,,,,,,,,,,,,,,,
bellore_RB_SEA,Nick Bellore,RB,SEA,,,,,,,,,,,,,,,,,,,,,,
benjamin_RB_NO,Eno Benjamin,RB,NO,,,,,,,,,,,,,,,,,,,,,,
benson_WR_DET,Trinity Benson,WR,DET,,,,,,,,,,,,,,,,,,,,,,
black_WR_BAL,Tarik Black,WR,BAL,,,,,,,,,,,,,,,,,,,,,,
blanton_TE_KC,Kendall Blanton,TE,KC,,,,,,,,,,,,,,,,,,,,,,
bolden_WR_ATL,Slade Bolden,WR,ATL,,,,,,,,,,,,,,,,,,,,,,
book_QB_PHI,Ian Book,QB,PHI,,,,,,,,,,,,,,,,,,,,,,
boone_RB_HOU,Mike Boone,RB,HOU,,,,,,,,,,,,,,,,,,,,,,
boutte_WR_NE,Kayshon Boutte,WR,NE,,,,,,,,,,,,,,,,,,,,,,
bowden_WR_NO,Lynn Bowden,WR,NO,,,,,,,,,,,,,,,,,,,,,,
bowers_TE_CIN,Nick Bowers,TE,CIN,,,,,,,,,,,,,,,,,,,,,,
boykin_WR_PIT,Miles Boykin,WR,PIT,,,,,,,,,,,,,,,,,,,,,,
boyle_QB_NYJ,Tim Boyle,QB,NYJ,,,,,,,,,,,,,,,,,,,,,,
bradley_WR_PIT,Ja'Marcus Bradley,WR,PIT,,,,,,,,,,,,,,,,,,,,,,
bridges_WR_BAL,Shemar Bridges,WR,BAL,,,,,,,,,,,,,,,,,,,,,,
brooks_WR_DAL,Jalen Brooks,WR,DAL,,,,,,,,,,,,,,,,,,,,,,
brooks_RB_PHI,Kennedy Brooks,RB,PHI,,,,,,,,,,,,,,,,,,,,,,
brown_QB_BAL,Anthony Brown,QB,BAL,,,,,,,,,,,,,,,,,,,,,,
brown_RB_LV,Brittain Brown,RB,LV,,,,,,,,,,,,,,,,,,,,,,
brown_RB_CAR,Spencer Brown,RB,CAR,,,,,,,,,,,,,,,,,,,,,,
browning_QB_CIN,Jake Browning,QB,CIN,,,,,,,,,,,,,,,,,,,,,,
burmeister_WR_LAR,Braxton Burmeister,WR,LAR,,,,,,,,,,,,,,,,,,,,,,
bushman_TE_KC,Matt Bushman,TE,KC,,,,,,,,,,,,,,,,,,,,,,
butler_WR_PIT,Hakeem Butler,WR,PIT,,,,,,,,,,,,,,,,,,,,,,
calcaterra_TE_PHI,Grant Calcaterra,TE,PHI,,,,,,,,,,,,,,,,,,,,,,
carlson_TE_CHI,Stephen Carlson,TE,CHI,,,,,,,,,,,,,,,,,,,,,,
charles_WR_NYJ,Irvin Charles,WR,NYJ,,,,,,,,,,,,,,,,,,,,,,
chestnut_RB_TEN,Julius Chestnut,RB,TEN,,,,,,,,,,,,,,,,,,,,,,
chisena_WR_PIT,Dan Chisena,WR,PIT,,,,,,,,,,,,,,,,,,,,,,
cleveland_WR_PHI,Tyrie Cleveland,WR,PHI,,,,,,,,,,,,,,,,,,,,,,
conley_WR_SF,Chris Conley,WR,SF,,,,,,,,,,,,,,,,,,,,,,
conner_RB_JAX,Snoop Conner,RB,JAX,,,,,,,,,,,,,,,,,,,,,,
conner_TE_MIA,Tanner Conner,TE,MIA,,,,,,,,,,,,,,,,,,,,,,
corbin_RB_NYG,Jashaun Corbin,RB,NYG,,,,,,,,,,,,,,,,,,,,,,
corral_QB_CAR,Matt Corral,QB,CAR,,,,,,,,,,,,,,,,,,,,,,
coulter_WR_BUF,Isaiah Coulter,WR,BUF,,,,,,,,,,,,,,,,,,,,,,
covey_WR_PHI,Britain Covey,WR,PHI,,,,,,,,,,,,,,,,,,,,,,
cruickshank_WR_CHI,Aron Cruickshank,WR,CHI,,,,,,,,,,,,,,,,,,,,,,
dafney_TE_TB,Dominique Dafney,TE,TB,,,,,,,,,,,,,,,,,,,,,,
darby_WR_ATL,Frank Darby,WR,ATL,,,,,,,,,,,,,,,,,,,,,,
davidson_TE_BUF,Zach Davidson,TE,BUF,,,,,,,,,,,,,,,,,,,,,,
davis_WR_LAC,Derius Davis,WR,LAC,,,,,,,,,,,,,,,,,,,,,,
davisprice_RB_SF,Tyrion Davis-Price,RB,SF,,,,,,,,,,,,,,,,,,,,,,
deese_TE_DET,Derrick Deese Jr.,TE,DET,,,,,,,,,,,,,,,,,,,,,,
dell_WR_HOU,Tank Dell,WR,HOU,,,,,,,,,,,,,,,,,,,,,,
demus_WR_BAL,Dontay Demus Jr.,WR,BAL,,,,,,,,,,,,,,,,,,,,,,
dinucci_QB_DEN,Ben DiNucci,QB,DEN,,,,,,,,,,,,,,,,,,,,,,
doaks_RB_HOU,Gerrid Doaks,RB,HOU,,,,,,,,,,,,,,,,,,,,,,
doss_WR_LAC,Keelan Doss,WR,LAC,,,,,,,,,,,,,,,,,,,,,,
douglas_WR_NE,Demario Douglas,WR,NE,,,,,,,,,,,,,,,,,,,,,,
dowell_WR_TEN,Colton Dowell,WR,TEN,,,,,,,,,,,,,,,,,,,,,,
driskel_QB_ARI,Jeff Driskel,QB,ARI,,,,,,,,,,,,,,,,,,,,,,
drummond_WR_DAL,Dontario Drummond,WR,DAL,,,,,,,,,,,,,,,,,,,,,,
dubose_WR_GB,Grant DuBose,WR,GB,,,,,,,,,,,,,,,,,,,,,,
duggan_QB_LAC,Max Duggan,QB,LAC,,,,,,,,,,,,,,,,,,,,,,
ealy_RB_KC,Jerrion Ealy,RB,KC,,,,,,,,,,,,,,,,,,,,,,
ebner_RB_CHI,Trestan Ebner,RB,CHI,,,,,,,,,,,,,,,,,,,,,,
ehlinger_QB_IND,Sam Ehlinger,QB,IND,,,,,,,,,,,,,,,,,,,,,,
evans_RB_CAR,Tiyon Evans,RB,CAR,,,,,,,,,,,,,,,,,,,,,,
ezukanma_WR_MIA,Erik Ezukanma,WR,MIA,,,,,,,,,,,,,,,,,,,,,,
fehoko_WR_DAL,Simi Fehoko,WR,DAL,,,,,,,,,,,,,,,,,,,,,,
fernea_WR_IND,Ethan Fernea,WR,IND,,,,,,,,,,,,,,,,,,,,,,
fisk_TE_ATL,Tucker Fisk,TE,ATL,,,,,,,,,,,,,,,,,,,,,,
fitzpatrick_WR_PIT,Dez Fitzpatrick,WR,PIT,,,,,,,,,,,,,,,,,,,,,,
fitzpatrick_TE_ATL,John FitzPatrick,TE,ATL,,,,,,,,,,,,,,,,,,,,,,
fordwheaton_WR_NYG,Bryce Ford-Wheaton,WR,NYG,,,,,,,,,,,,,,,,,,,,,,
forristall_TE_NO,Miller Forristall,TE,NO,,,,,,,,,,,,,,,,,,,,,,
fotheringham_TE_LV,Cole Fotheringham,TE,LV,,,,,,,,,,,,,,,,,,,,,,
fountain_WR_CHI,Daurice Fountain,WR,CHI,,,,,,,,,,,,,,,,,,,,,,
franks_TE_ATL,Feleipe Franks,TE,ATL,,,,,,,,,,,,,,,,,,,,,,
fromm_QB_WSH,Jake Fromm,QB,WSH,,,,,,,,,,,,,,,,,,,,,,
fryfogle_WR_KC,Ty Fryfogle,WR,KC,,,,,,,,,,,,,,,,,,,,,,
fumagalli_TE_SF,Troy Fumagalli,TE,SF,,,,,,,,,,,,,,,,,,,,,,
funk_RB_IND,Jake Funk,RB,IND,,,,,,,,,,,,,,,,,,,,,,
garbers_QB_LV,Chase Garbers,QB,LV,,,,,,,,,,,,,,,,,,,,,,
gaskin_RB_MIA,Myles Gaskin,RB,MIA,,,,,,,,,,,,,,,,,,,,,,
goodson_RB_GB,Tyler Goodson,RB,GB,,,,,,,,,,,,,,,,,,,,,,
gray_RB_NYG,Eric Gray,RB,NYG,,,,,,,,,,,,,,,,,,,,,,
green_WR_DET,Antoine Green,WR,DET,,,,,,,,,,,,,,,,,,,,,,
guarantano_QB_DEN,Jarrett Guarantano,QB,DEN,,,,,,,,,,,,,,,,,,,,,,
guggemos_TE_BUF,Nick Guggemos,TE,BUF,,,,,,,,,,,,,,,,,,,,,,
haener_QB_NO,Jake Haener,QB,NO,,,,,,,,,,,,,,,,,,,,,,
hairston_RB_HOU,Troy Hairston,RB,HOU,,,,,,,,,,,,,,,,,,,,,,
hall_QB_MIN,Jaren Hall,QB,MIN,,,,,,,,,,,,,,,,,,,,,,
hamler_WR_DEN,KJ Hamler,WR,DEN,,,,,,,,,,,,,,,,,,,,,,
harley_WR_CLE,Mike Harley Jr.,WR,CLE,,,,,,,,,,,,,,,,,,,,,,
harris_TE_JAX,Jacob Harris,TE,JAX,,,,,,,,,,,,,,,,,,,,,,
heath_WR_GB,Malik Heath,WR,GB,,,,,,,,,,,,,,,,,,,,,,
henry_WR_CLE,Ra'Shaun Henry,WR,CLE,,,,,,,,,,,,,,,,,,,,,,
higgins_WR_MIA,Elijah Higgins,WR,MIA,,,,,,,,,,,,,,,,,,,,,,
hightower_WR_LAC,John Hightower,WR,LAC,,,,,,,,,,,,,,,,,,,,,,
hudson_WR_LAR,Tyler Hudson,WR,LAR,,,,,,,,,,,,,,,,,,,,,,
hull_RB_IND,Evan Hull,RB,IND,,,,,,,,,,,,,,,,,,,,,,
humphrey_WR_DEN,Lil'Jordan Humphrey,WR,DEN,,,,,,,,,,,,,,,,,,,,,,
huntley_RB_ATL,Caleb Huntley,RB,ATL,,,,,,,,,,,,,,,,,,,,,,
huntley_RB_PIT,Jason Huntley,RB,PIT,,,,,,,,,,,,,,,,,,,,,,
hutchinson_WR_HOU,Xavier Hutchinson,WR,HOU,,,,,,,,,,,,,,,,,,,,,,
hyatt_WR_NYG,Jalin Hyatt,WR,NYG,,,,,,,,,,,,,,,,,,,,,,
iosivas_WR_CIN,Andrei Iosivas,WR,CIN,,,,,,,,,,,,,,,,,,,,,,
irwin_WR_CIN,Trenton Irwin,WR,CIN,,,,,,,,,,,,,,,,,,,,,,
jackson_WR_MIN,Lucky Jackson,WR,MIN,,,,,,,,,,,,,,,,,,,,,,
jackson_TE_PHI,Tyree Jackson,TE,PHI,,,,,,,,,,,,,,,,,,,,,,
jefferson_RB_DET,Jermar Jefferson,RB,DET,,,,,,,,,,,,,,,,,,,,,,
jennings_WR_CAR,Gary Jennings,WR,CAR,,,,,,,,,,,,,,,,,,,,,,
johnson_WR_NYG,Collin Johnson,WR,NYG,,,,,,,,,,,,,,,,,,,,,,
johnson_RB_JAX,D'Ernest Johnson,RB,JAX,,,,,,,,,,,,,,,,,,,,,,
johnson_WR_HOU,Johnny Johnson III,WR,HOU,,,,,,,,,,,,,,,,,,,,,,
johnson_QB_BAL,Josh Johnson,QB,BAL,,,,,,,,,,,,,,,,,,,,,,
johnson_WR_BUF,KeeSean Johnson,WR,BUF,,,,,,,,,,,,,,,,,,,,,,
johnson_WR_LAR,Tyler Johnson,WR,LAR,,,,,,,,,,,,,,,,,,,,,,
johnson_WR_DAL,Tyron Johnson,WR,DAL,,,,,,,,,,,,,,,,,,,,,,
jones_RB_DEN,Tony Jones,RB,DEN,,,,,,,,,,,,,,,,,,,,,,
keene_TE_PHI,Dalton Keene,TE,PHI,,,,,,,,,,,,,,,,,,,,,,
kelly_RB_CLE,John Kelly,RB,CLE,,,,,,,,,,,,,,,,,,,,,,
kemp_WR_WSH,Marcus Kemp,WR,WSH,,,,,,,,,,,,,,,,,,,,,,
kennedy_WR_DET,Tom Kennedy,WR,DET,,,,,,,,,,,,,,,,,,,,,,
king_WR_IND,Johnny King,WR,IND,,,,,,,,,,,,,,,,,,,,,,
kinsey_WR_TEN,Mason Kinsey,WR,TEN,,,,,,,,,,,,,,,,,,,,,,
lacy_WR_LV,Chris Lacy,WR,LV,,,,,,,,,,,,,,,,,,,,,,
laird_RB_TB,Patrick Laird,RB,TB,,,,,,,,,,,,,,,,,,,,,,
lassiter_WR_CIN,Kwamie Lassiter II,WR,CIN,,,,,,,,,,,,,,,,,,,,,,
luther_WR_NYJ,T.J. Luther,WR,NYJ,,,,,,,,,,,,,,,,,,,,,,
mack_TE_TEN,Alize Mack,TE,TEN,,,,,,,,,,,,,,,,,,,,,,
mallory_TE_IND,Will Mallory,TE,IND,,,,,,,,,,,,,,,,,,,,,,
martin_WR_SF,Tay Martin,WR,SF,,,,,,,,,,,,,,,,,,,,,,
mcbride_RB_MIN,DeWayne McBride,RB,MIN,,,,,,,,,,,,,,,,,,,,,,
mccormick_RB_LV,Sincere McCormick,RB,LV,,,,,,,,,,,,,,,,,,,,,,
mccrary_RB_CLE,Nate McCrary,RB,CLE,,,,,,,,,,,,,,,,,,,,,,
mcgowan_WR_WSH,Kyric McGowan,WR,WSH,,,,,,,,,,,,,,,,,,,,,,
mcintosh_RB_SEA,Kenny McIntosh,RB,SEA,,,,,,,,,,,,,,,,,,,,,,
mckee_QB_PHI,Tanner McKee,QB,PHI,,,,,,,,,,,,,,,,,,,,,,
mcsorley_QB_NE,Trace McSorley,QB,NE,,,,,,,,,,,,,,,,,,,,,,
merritt_WR_NO,Kirk Merritt,WR,NO,,,,,,,,,,,,,,,,,,,,,,
miller_WR_NYG,Dre Miller,WR,NYG,,,,,,,,,,,,,,,,,,,,,,
mims_WR_NYJ,Denzel Mims,WR,NYJ,,,,,,,,,,,,,,,,,,,,,,
mitchell_TE_DET,James Mitchell,TE,DET,,,,,,,,,,,,,,,,,,,,,,
mitchellpaden_TE_CLE,Zaire Mitchell-Paden,TE,CLE,,,,,,,,,,,,,,,,,,,,,,
mond_QB_CLE,Kellen Mond,QB,CLE,,,,,,,,,,,,,,,,,,,,,,
moore_WR_JAX,Jaylon Moore,WR,JAX,,,,,,,,,,,,,,,,,,,,,,
morgan_WR_CIN,Stanley Morgan,WR,CIN,,,,,,,,,,,,,,,,,,,,,,
muse_TE_MIN,Nick Muse,TE,MIN,,,,,,,,,,,,,,,,,,,,,,
myarick_TE_NYG,Chris Myarick,TE,NYG,,,,,,,,,,,,,,,,,,,,,,
nacua_WR_LAR,Puka Nacua,WR,LAR,,,,,,,,,,,,,,,,,,,,,,
nailor_WR_MIN,Jalen Nailor,WR,MIN,,,,,,,,,,,,,,,,,,,,,,
newsome_WR_SF,Dazz Newsome,WR,SF,,,,,,,,,,,,,,,,,,,,,,
nichols_RB_GB,Lew Nichols III,RB,GB,,,,,,,,,,,,,,,,,,,,,,
odukoya_TE_TEN,Thomas Odukoya,TE,TEN,,,,,,,,,,,,,,,,,,,,,,
ogletree_TE_IND,Andrew Ogletree,TE,IND,,,,,,,,,,,,,,,,,,,,,,
oladokun_QB_KC,Chris Oladokun,QB,KC,,,,,,,,,,,,,,,,,,,,,,
ollison_RB_JAX,Qadree Ollison,RB,JAX,,,,,,,,,,,,,,,,,,,,,,
palmer_WR_TB,Trey Palmer,WR,TB,,,,,,,,,,,,,,,,,,,,,,
parish_RB_JAX,Derek Parish,RB,JAX,,,,,,,,,,,,,,,,,,,,,,
patmon_WR_BUF,Dezmon Patmon,WR,BUF,,,,,,,,,,,,,,,,,,,,,,
perry_WR_NO,A.T. Perry,WR,NO,,,,,,,,,,,,,,,,,,,,,,
peterman_QB_CHI,Nathan Peterman,QB,CHI,,,,,,,,,,,,,,,,,,,,,,
pierce_WR_ARI,Chris Pierce,WR,ARI,,,,,,,,,,,,,,,,,,,,,,
pimpleton_WR_NYG,Kalil Pimpleton,WR,NYG,,,,,,,,,,,,,,,,,,,,,,
pitts_WR_CHI,Thyrick Pitts,WR,CHI,,,,,,,,,,,,,,,,,,,,,,
polk_WR_NYG,Makai Polk,WR,NYG,,,,,,,,,,,,,,,,,,,,,,
powell_WR_KC,Cornell Powell,WR,KC,,,,,,,,,,,,,,,,,,,,,,
prince_TE_JAX,Gerrit Prince,TE,JAX,,,,,,,,,,,,,,,,,,,,,,
proehl_WR_MIN,Blake Proehl,WR,MIN,,,,,,,,,,,,,,,,,,,,,,
pryor_WR_JAX,Kendric Pryor,WR,JAX,,,,,,,,,,,,,,,,,,,,,,
rambo_WR_PHI,Charleston Rambo,WR,PHI,,,,,,,,,,,,,,,,,,,,,,
reynolds_RB_DET,Craig Reynolds,RB,DET,,,,,,,,,,,,,,,,,,,,,,
rigg_TE_TEN,Justin Rigg,TE,TEN,,,,,,,,,,,,,,,,,,,,,,
rodriguez_RB_WSH,Chris Rodriguez Jr.,RB,WSH,,,,,,,,,,,,,,,,,,,,,,
ross_WR_KC,John Ross,WR,KC,,,,,,,,,,,,,,,,,,,,,,
rountree_RB_LAC,Larry Rountree III,RB,LAC,,,,,,,,,,,,,,,,,,,,,,
rourke_QB_JAX,Nathan Rourke,QB,JAX,,,,,,,,,,,,,,,,,,,,,,
ryan_WR_BAL,Sean Ryan,WR,BAL,,,,,,,,,,,,,,,,,,,,,,
sanders_WR_MIA,Braylon Sanders,WR,MIA,,,,,,,,,,,,,,,,,,,,,,
saunders_WR_CAR,C.J. Saunders,WR,CAR,,,,,,,,,,,,,,,,,,,,,,
schreck_TE_HOU,Mason Schreck,TE,HOU,,,,,,,,,,,,,,,,,,,,,,
schwartz_WR_CLE,Anthony Schwartz,WR,CLE,,,,,,,,,,,,,,,,,,,,,,
scott_WR_CHI,Tyler Scott,WR,CHI,,,,,,,,,,,,,,,,,,,,,,
scott_WR_IND,Zavier Scott,WR,IND,,,,,,,,,,,,,,,,,,,,,,
seikovits_TE_ARI,Bernhard Seikovits,TE,ARI,,,,,,,,,,,,,,,,,,,,,,
sermon_RB_PHI,Trey Sermon,RB,PHI,,,,,,,,,,,,,,,,,,,,,,
shorter_WR_BUF,Justin Shorter,WR,BUF,,,,,,,,,,,,,,,,,,,,,,
sills_WR_NYG,David Sills,WR,NYG,,,,,,,,,,,,,,,,,,,,,,
sims_WR_LV,Cam Sims,WR,LV,,,,,,,,,,,,,,,,,,,,,,
smith_WR_NYG,Jeff Smith,WR,NYG,,,,,,,,,,,,,,,,,,,,,,
smith_TE_IND,Kaden Smith,TE,IND,,,,,,,,,,,,,,,,,,,,,,
smith_WR_IND,Vyncint Smith,WR,IND,,,,,,,,,,,,,,,,,,,,,,
smith_WR_LAR,Xavier Smith,WR,LAR,,,,,,,,,,,,,,,,,,,,,,
snead_WR_SF,Willie Snead,WR,SF,,,,,,,,,,,,,,,,,,,,,,
stevenson_WR_CAR,Marquez Stevenson,WR,CAR,,,,,,,,,,,,,,,,,,,,,,
strachan_WR_IND,Mike Strachan,WR,IND,,,,,,,,,,,,,,,,,,,,,,
streveler_QB_NYJ,Chris Streveler,QB,NYJ,,,,,,,,,,,,,,,,,,,,,,
sullivan_TE_CAR,Stephen Sullivan,TE,CAR,,,,,,,,,,,,,,,,,,,,,,
swain_WR_MIA,Freddie Swain,WR,MIA,,,,,,,,,,,,,,,,,,,,,,
sweeney_TE_NYG,Tommy Sweeney,TE,NYG,,,,,,,,,,,,,,,,,,,,,,
taylor_WR_NYJ,Malik Taylor,WR,NYJ,,,,,,,,,,,,,,,,,,,,,,
thedford_TE_CLE,Hunter Thedford,TE,CLE,,,,,,,,,,,,,,,,,,,,,,
thomas_WR_BAL,Mike Thomas,WR,BAL,,,,,,,,,,,,,,,,,,,,,,
thompson_WR_SEA,Cody Thompson,WR,SEA,,,,,,,,,,,,,,,,,,,,,,
thompsonrobinson_QB_CLE,Dorian Thompson-Robinson,QB,CLE,,,,,,,,,,,,,,,,,,,,,,
tillman_WR_CLE,Cedric Tillman,WR,CLE,,,,,,,,,,,,,,,,,,,,,,
tonges_TE_CHI,Jake Tonges,TE,CHI,,,,,,,,,,,,,,,,,,,,,,
trammell_WR_LAR,Austin Trammell,WR,LAR,,,,,,,,,,,,,,,,,,,,,,
treadwell_WR_BAL,Laquon Treadwell,WR,BAL,,,,,,,,,,,,,,,,,,,,,,
tucker_WR_LV,Tre Tucker,WR,LV,,,,,,,,,,,,,,,,,,,,,,
tune_QB_ARI,Clayton Tune,QB,ARI,,,,,,,,,,,,,,,,,,,,,,
turner_WR_LV,DJ Turner,WR,LV,,,,,,,,,,,,,,,,,,,,,,
turner_WR_IND,Malik Turner,WR,IND,,,,,,,,,,,,,,,,,,,,,,
vaughn_RB_DAL,Deuce Vaughn,RB,DAL,,,,,,,,,,,,,,,,,,,,,,
virgil_WR_DEN,Jalen Virgil,WR,DEN,,,,,,,,,,,,,,,,,,,,,,
wallace_WR_BAL,Tylan Wallace,WR,BAL,,,,,,,,,,,,,,,,,,,,,,
walter_RB_LV,Austin Walter,RB,LV,,,,,,,,,,,,,,,,,,,,,,
ward_RB_TEN,Jonathan Ward,RB,TEN,,,,,,,,,,,,,,,,,,,,,,
washington_TE_NE,Scotty Washington,TE,NE,,,,,,,,,,,,,,,,,,,,,,
watson_TE_SF,Leroy Watson,TE,SF,,,,,,,,,,,,,,,,,,,,,,
watts_WR_GB,Duece Watts,WR,GB,,,,,,,,,,,,,,,,,,,,,,
webb_WR_NE,Raleigh Webb,WR,NE,,,,,,,,,,,,,,,,,,,,,,
webster_WR_CHI,Nsimba Webster,WR,CHI,,,,,,,,,,,,,,,,,,,,,,
white_WR_PIT,Cody White,WR,PIT,,,,,,,,,,,,,,,,,,,,,,
wicks_WR_GB,Dontayvion Wicks,WR,GB,,,,,,,,,,,,,,,,,,,,,,
wilkerson_WR_LV,Kristian Wilkerson,WR,LV,,,,,,,,,,,,,,,,,,,,,,
williams_WR_PIT,Rod Williams,WR,PIT,,,,,,,,,,,,,,,,,,,,,,
willis_TE_SF,Brayden Willis,TE,SF,,,,,,,,,,,,,,,,,,,,,,
wilson_WR_ARI,Michael Wilson,WR,ARI,,,,,,,,,,,,,,,,,,,,,,
winfree_WR_IND,Juwann Winfree,WR,IND,,,,,,,,,,,,,,,,,,,,,,
winn_QB_LAR,Dresser Winn,QB,LAR,,,,,,,,,,,,,,,,,,,,,,
wolford_QB_TB,John Wolford,QB,TB,,,,,,,,,,,,,,,,,,,,,,
woods_WR_CLE,Mike Woods,WR,CLE,,,,,,,,,,,,,,,,,,,,,,
woodside_QB_ATL,Logan Woodside,QB,ATL,,,,,,,,,,,,,,,,,,,,,,
wright_WR_CAR,Derek Wright,WR,CAR,,,,,,,,,,,,,,,,,,,,,,
yeboah_TE_NYJ,Kenny Yeboah,TE,NYJ,,,,,,,,,,,,,,,,,,,,,,
badgley_K_DET,Mike Badgley,K,DET,,,,,,,,,,,1.1,8.08,8.61,6.15,,56.42,,,,,,
tucker_K_BAL,Justin Tucker,K,BAL,,,,,,,,,,,0.07,8.08,9.07,8.86,,42.74,,,,,,
koo_K_ATL,Younghoe Koo,K,ATL,,,,,,,,,,,0.05,8.08,8.73,7.31,,47.51,,,,,,
boswell_K_PIT,Chris Boswell,K,PIT,,,,,,,,,,,,8.08,9.26,7.33,,45.34,,,,,,
butker_K_KC,Harrison Butker,K,KC,,,,,,,,,,,,8.42,9.3,8.02,,41.31,,,,,,
carlson_K_LV,Daniel Carlson,K,LV,,,,,,,,,,,0.59,8.08,8.93,7.31,,43.46,,,,,,
lutz_K_NO,Wil Lutz,K,NO,,,,,,,,,,,,8.08,10.9,7.92,,37.37,,,,,,
myers_K_SEA,Jason Myers,K,SEA,,,,,,,,,,,0.38,8.05,9.1,9.09,,36.97,,,,,,
mcpherson_K_CIN,Evan McPherson,K,CIN,,,,,,,,,,,0.4,8.08,9.18,7.78,,36.61,,,,,,
pineiro_K_CAR,Eddy Pineiro,K,CAR,,,,,,,,,,,0.37,8.08,10.29,7.03,,35.09,,,,,,
mclaughlin_K_TB,Chase McLaughlin,K,TB,,,,,,,,,,,0.5,8.15,9.22,8.59,,32.82,,,,,,
joseph_K_MIN,Greg Joseph,K,MIN,,,,,,,,,,,0.27,8.08,11.35,7.92,,29.2,,,,,,
sanders_K_MIA,Jason Sanders,K,MIA,,,,,,,,,,,1.53,8.08,8.94,7.49,,33.25,,,,,,
mcmanus_K_JAX,Brandon McManus,K,JAX,,,,,,,,,,,0.01,8.08,8.46,7.19,,38.53,,,,,,
fairbairn_K_HOU,Ka'imi Fairbairn,K,HOU,,,,,,,,,,,0.15,8.08,8.88,7.18,,36.31,,,,,,
patterson_K_DET,Riley Patterson,K,DET,,,,,,,,,,,0.54,8.08,9.21,7.68,,31.95,,,,,,
gano_K_NYG,Graham Gano,K,NYG,,,,,,,,,,,0.39,8.08,8.66,7.26,,34.9,,,,,,
prater_K_ARI,Matt Prater,K,ARI,,,,,,,,,,,0.3,8.08,8.82,7.43,,33.51,,,,,,
santos_K_CHI,Cairo Santos,K,CHI,,,,,,,,,,,,8.08,8.58,6.71,,37.06,,,,,,
hopkins_K_LAC,Dustin Hopkins,K,LAC,,,,,,,,,,,0.87,8.08,9.14,7.25,,30.14,,,,,,
gay_K_IND,Matt Gay,K,IND,,,,,,,,,,,0.7,8.08,8.66,6.41,,34.03,,,,,,
bass_K_BUF,Tyler Bass,K,BUF,,,,,,,,,,,0.01,8.18,8.07,6.5,,37.27,,,,,,
zuerlein_K_NYJ,Greg Zuerlein,K,NYJ,,,,,,,,,,,0.25,8.08,7.73,6.56,,36.11,,,,,,
moody_K_SF,Jake Moody,K,SF,,,,,,,,,,,0.25,8.18,7.35,7.56,,33.85,,,,,,
slye_K_WSH,Joey Slye,K,WSH,,,,,,,,,,,0.17,8.08,8.79,7.01,,30.08,,,,,,
york_K_CLE,Cade York,K,CLE,,,,,,,,,,,0.65,8.18,7.37,7.67,,30.02,,,,,,
brown_K_LAR,Tanner Brown,K,LAR,,,,,,,,,,,0.21,8.18,7.46,7.54,,30.99,,,,,,
mccourt_K_JAX,James McCourt,K,JAX,,,,,,,,,,,0.52,8.18,7.34,7.47,,30.37,,,,,,
vizcaino_K_DAL,Tristan Vizcaino,K,DAL,,,,,,,,,,,0.22,8.18,7.37,7.54,,28.93,,,,,,
carlson_K_GB,Anders Carlson,K,GB,,,,,,,,,,,0.03,8.18,7.23,7.55,,28.88,,,,,,
shudak_K_TEN,Caleb Shudak,K,TEN,,,,,,,,,,,0.46,8.18,7.26,7.52,,26.64,,,,,,
elliott_K_PHI,Jake Elliott,K,PHI,,,,,,,,,,,0.29,8.05,10.47,8.66,,11.05,,,,,,
ryland_K_NE,Chad Ryland,K,NE,,,,,,,,,,,0.38,8.18,7.32,7.61,,18.29,,,,,,
dicker_K_LAC,Cameron Dicker,K,LAC,,,,,,,,,,,,,,,,,,,,,,
folk_K_NE,Nick Folk,K,NE,,,,,,,,,,,,,,,,,,,,,,
fry_K_DEN,Elliott Fry,K,DEN,,,,,,,,,,,,,,,,,,,,,,
gonzalez_K_SF,Zane Gonzalez,K,SF,,,,,,,,,,,,,,,,,,,,,,
grupe_K_NO,Blake Grupe,K,NO,,,,,,,,,,,,,,,,,,,,,,
havrisik_K_IND,Lucas Havrisik,K,IND,,,,,,,,,,,,,,,,,,,,,,
podlesny_K_MIN,Jack Podlesny,K,MIN,,,,,,,,,,,,,,,,,,,,,,
potter_K_PIT,B.T. Potter,K,PIT,,,,,,,,,,,,,,,,,,,,,,
parker_K_DET,John Parker Romo,K,DET,,,,,,,,,,,,,,,,,,,,,,
szmyt_K_CHI,Andre Szmyt,K,CHI,,,,,,,,,,,,,,,,,,,,,,
wolff_K_TEN,Trey Wolff,K,TEN,,,,,,,,,,,,,,,,,,,,,,
packers_DST_GB,Packers,DST,GB,,,,,,,,,,,,,,,,,1.20625,3.39,0.04,0.71,0.04,1.31
vikings_DST_MIN,Vikings,DST,MIN,,,,,,,,,,,,,,,,,1.4175,2.86,0.06,0.63,0.05,0.89
cardinals_DST_ARI,Cardinals,DST,ARI,,,,,,,,,,,,,,,,,1.56375,2.53,0.04,0.67,0.04,0.97
saints_DST_NO,Saints,DST,NO,,,,,,,,,,,,,,,,,1.200625,2.8,0.05,0.61,0.05,0.9
steelers_DST_PIT,Steelers,DST,PIT,,,,,,,,,,,,,,,,,1.375625,3,0.05,0.67,0.04,0.79
eagles_DST_PHI,Eagles,DST,PHI,,,,,,,,,,,,,,,,,1.30375,2.54,0.03,0.75,0.04,0.95
chargers_DST_LAC,Chargers,DST,LAC,,,,,,,,,,,,,,,,,1.32375,2.63,0.03,0.6,0.04,0.98
bengals_DST_CIN,Bengals,DST,CIN,,,,,,,,,,,,,,,,,1.2425,2.63,0.03,0.67,0.03,0.96
jets_DST_NYJ,Jets,DST,NYJ,,,,,,,,,,,,,,,,,1.3575,2.15,0.03,0.74,0.06,1.04
ers_DST_SF,49ers,DST,SF,,,,,,,,,,,,,,,,,1.22375,2.44,0.03,0.57,0.04,1.08
rams_DST_LAR,Rams,DST,LAR,,,,,,,,,,,,,,,,,1.5425,2.6,0.04,0.63,0.03,0.96
raiders_DST_LV,Raiders,DST,LV,,,,,,,,,,,,,,,,,1.398125,2.85,0.04,0.58,0.03,0.91
ravens_DST_BAL,Ravens,DST,BAL,,,,,,,,,,,,,,,,,1.093125,2.2,0.04,0.64,0.05,1.03
seahawks_DST_SEA,Seahawks,DST,SEA,,,,,,,,,,,,,,,,,1.1625,2.46,0.04,0.6,0.05,0.97
cowboys_DST_DAL,Cowboys,DST,DAL,,,,,,,,,,,,,,,,,1.27,2.65,0.03,0.62,0.04,0.91
bills_DST_BUF,Bills,DST,BUF,,,,,,,,,,,,,,,,,1.349375,2.14,0.03,0.67,0.07,0.94
commanders_DST_WSH,Commanders,DST,WSH,,,,,,,,,,,,,,,,,1.249375,2.49,0.04,0.74,0.04,0.8
panthers_DST_CAR,Panthers,DST,CAR,,,,,,,,,,,,,,,,,1.443125,2.53,0.03,0.66,0.03,0.9
jaguars_DST_JAX,Jaguars,DST,JAX,,,,,,,,,,,,,,,,,1.355,2.39,0.03,0.6,0.04,0.95
texans_DST_HOU,Texans,DST,HOU,,,,,,,,,,,,,,,,,1.5675,2.51,0.03,0.65,0.04,0.81
buccaneers_DST_TB,Buccaneers,DST,TB,,,,,,,,,,,,,,,,,1.634375,2.22,0.03,0.62,0.03,0.91
patriots_DST_NE,Patriots,DST,NE,,,,,,,,,,,,,,,,,1.34875,2.49,0.05,0.62,0.04,0.79
titans_DST_TEN,Titans,DST,TEN,,,,,,,,,,,,,,,,,1.3725,2.15,0.03,0.63,0.03,0.94
giants_DST_NYG,Giants,DST,NYG,,,,,,,,,,,,,,,,,1.55,2.02,0.03,0.66,0.04,0.94
browns_DST_CLE,Browns,DST,CLE,,,,,,,,,,,,,,,,,1.401875,2.41,0.05,0.57,0.05,0.8
falcons_DST_ATL,Falcons,DST,ATL,,,,,,,,,,,,,,,,,1.22,2.25,0.04,0.57,0.05,0.83
chiefs_DST_KC,Chiefs,DST,KC,,,,,,,,,,,,,,,,,1.24,2.1,0.03,0.64,0.05,0.84
bears_DST_CHI,Bears,DST,CHI,,,,,,,,,,,,,,,,,1.408125,2.07,0.03,0.65,0.08,0.7
colts_DST_IND,Colts,DST,IND,,,,,,,,,,,,,,,,,1.4825,2.08,0.03,0.68,0.04,0.75
broncos_DST_DEN,Broncos,DST,DEN,,,,,,,,,,,,,,,,,1.340625,2.09,0.03,0.63,0.05,0.64
dolphins_DST_MIA,Dolphins,DST,MIA,,,,,,,,,,,,,,,,,1.570625,2.31,0.03,0.53,0.02,0.75
lions_DST_DET,Lions,DST,DET,,,,,,,,,,,,,,,,,1.500625,1.75,0.02,0.64,0.03,0.66
