"","name","pos","pts_nfl"
"1","Deshaun Watson","QB",334.74
"2","Aaron Rodgers","QB",328.33
"3","Tom Brady","QB",312.2
"4","Russell Wilson","QB",303.58
"5","Andrew Luck","QB",300.65
"6","Drew Brees","QB",297.08
"7","Ben Roethlisberger","QB",293.32
"8","Jimmy Garoppolo","QB",286.42
"9","Alex Smith","QB",280.74
"10","Philip Rivers","QB",280.71
"11","Cam Newton","QB",279.36
"12","Matthew Stafford","QB",269.94
"13","Jared Goff","QB",268.87
"14","Matt Ryan","QB",266.83
"15","Kirk Cousins","QB",261.29
"16","Marcus Mariota","QB",252.31
"17","Ryan Tannehill","QB",247.03
"18","Blake Bortles","QB",245.56
"19","Carson Wentz","QB",242.89
"20","Ryan Fitzpatrick","QB",242.28
"21","Case Keenum","QB",240.15
"22","Dak Prescott","QB",236.49
"23","Patrick Mahomes","QB",233.02
"24","Andy Dalton","QB",230.22
"25","Derek Carr","QB",227.63
"26","Sam Darnold","QB",214.9
"27","Eli Manning","QB",209.34
"28","Joe Flacco","QB",206.68
"29","Josh Allen","QB",201.48
"30","Mitchell Trubisky","QB",191.82
"31","Tyrod Taylor","QB",168.31
"32","Sam Bradford","QB",164.08
"33","Josh Rosen","QB",75.13
"34","Baker Mayfield","QB",72.71
"35","Nick Foles","QB",22.48
"36","Nathan Peterman","QB",17.39
"37","Jacoby Brissett","QB",9.95
"38","Teddy Bridgewater","QB",9.53
"39","David Fales","QB",9.31
"40","Trevor Siemian","QB",8.19
"41","Brian Hoyer","QB",8.18
"42","Sean Mannion","QB",8.16
"43","Brett Hundley","QB",8.01
"44","Josh McCown","QB",7.35
"45","Kyle Lauletta","QB",7.15
"46","DeShone Kizer","QB",7.04
"47","Taylor Heinicke","QB",6.67
"48","Joshua Dobbs","QB",6.4
"49","Robert Griffin","QB",6.18
"50","C.J. Beathard","QB",5.79
"51","Cooper Rush","QB",5.6
"52","Cody Kessler","QB",5.55
"53","Kevin Hogan","QB",5.28
"54","AJ McCarron","QB",4.73
"55","Geno Smith","QB",4.51
"56","Brandon Weeden","QB",4.38
"57","Chase Daniel","QB",4.36
"58","Blaine Gabbert","QB",4.13
"59","Colt McCoy","QB",3.95
"60","Chad Henne","QB",3.45
"61","Matt Cassel","QB",3.27
"62","Matt Schaub","QB",3.04
"63","Chad Kelly","QB",2.15
"64","Joe Webb","QB",1.29
"65","Nate Sudfeld","QB",0.75
"66","Austin Allen","QB",0
"67","Brandon Allen","QB",0
"68","Kyle Allen","QB",0
"69","Matt Barkley","QB",0
"70","J.T. Barrett","QB",0
"71","Kurt Benkert","QB",0
"72","Tim Boyle","QB",0
"73","Tyler Bray","QB",0
"74","Joe Callahan","QB",0
"75","Connor Cook","QB",0
"76","Jay Cutler","QB",0
"77","Austin Davis","QB",0
"78","Danny Etling","QB",0
"79","Luke Falk","QB",0
"80","Tyler Ferguson","QB",0
"81","Garrett Gilbert","QB",0
"82","Mike Glennon","QB",0
"83","Garrett Grayson","QB",0
"84","Ryan Griffin","QB",0
"85","Christian Hackenberg","QB",0
"86","Jack Heneghan","QB",0
"87","Taysom Hill","QB",0
"88","Lamar Jackson","QB",0
"89","Josh Johnson","QB",0
"90","Cardale Jones","QB",0
"91","Landry Jones","QB",0
"92","Brad Kaaya","QB",0
"93","Colin Kaepernick","QB",0
"94","Chad Kanoff","QB",0
"95","Tanner Lee","QB",0
"96","Chase Litton","QB",0
"97","Paxton Lynch","QB",0
"98","EJ Manuel","QB",0
"99","Matt McGloin","QB",0
"100","Alex McGough","QB",0
"101","Todd Gurley","RB",287.69
"102","Le'Veon Bell","RB",258.57
"103","David Johnson","RB",255.66
"104","Ezekiel Elliott","RB",236.78
"105","Kareem Hunt","RB",227.39
"106","Melvin Gordon","RB",223.55
"107","Leonard Fournette","RB",220.8
"108","LeSean McCoy","RB",213.15
"109","Dalvin Cook","RB",209.72
"110","Saquon Barkley","RB",197.72
"111","Alvin Kamara","RB",195.1
"112","Alex Collins","RB",190.87
"113","Derrick Henry","RB",188.92
"114","Devonta Freeman","RB",188.4
"115","Jordan Howard","RB",187.66
"116","Royce Freeman","RB",186.83
"117","Kenyan Drake","RB",172.72
"118","Peyton Barber","RB",169.2
"119","Christian McCaffrey","RB",168.4
"120","Jamaal Williams","RB",165.58
"121","Jay Ajayi","RB",165.08
"122","Carlos Hyde","RB",161.03
"123","Marlon Mack","RB",158.6
"124","Joe Mixon","RB",158.53
"125","Lamar Miller","RB",157.95
"126","Bilal Powell","RB",146.14
"127","Adrian Peterson","RB",145.83
"128","Alfred Morris","RB",137.01
"129","Chris Carson","RB",133.04
"130","Marshawn Lynch","RB",131.09
"131","Matt Breida","RB",128.2
"132","Kerryon Johnson","RB",127.7
"133","Giovani Bernard","RB",126.6
"134","Dion Lewis","RB",126.57
"135","Duke Johnson","RB",122.37
"136","Tevin Coleman","RB",122.06
"137","C.J. Anderson","RB",111.67
"138","Rex Burkhead","RB",111.27
"139","James White","RB",103.87
"140","Chris Thompson","RB",103.18
"141","T.J. Yeldon","RB",95.92
"142","Isaiah Crowell","RB",92.09
"143","Mark Ingram","RB",90.3
"144","Kenneth Dixon","RB",89.15
"145","Alfred Blue","RB",89.05
"146","Doug Martin","RB",88.74
"147","Javorius Allen","RB",87.74
"148","Tarik Cohen","RB",83.37
"149","Devontae Booker","RB",83.21
"150","Ty Montgomery","RB",79.3
"151","Rod Smith","RB",75.31
"152","Theo Riddick","RB",74.78
"153","LeGarrette Blount","RB",73.64
"154","Latavius Murray","RB",73.57
"155","Ronald Jones","RB",73.11
"156","Nyheim Hines","RB",72.21
"157","Corey Clement","RB",72.16
"158","Mike Gillislee","RB",68.35
"159","Jeremy Hill","RB",65.54
"160","Darren Sproles","RB",65.26
"161","Frank Gore","RB",64.78
"162","Wayne Gallman","RB",62.26
"163","Austin Ekeler","RB",60.32
"164","Jonathan Stewart","RB",54.92
"165","Kyle Juszczyk","RB",50.97
"166","Rashaad Penny","RB",48.26
"167","Sony Michel","RB",47.2
"168","Chris Ivory","RB",44.73
"169","Damien Williams","RB",44.28
"170","Spencer Ware","RB",41.59
"171","Jordan Wilkins","RB",41.17
"172","Mark Walton","RB",40.4
"173","C.J. Prosise","RB",39.18
"174","John Kelly","RB",35.6
"175","Nick Chubb","RB",34.8
"176","Mike Boone","RB",32.6
"177","Chase Edmonds","RB",32.07
"178","Phillip Lindsay","RB",31.66
"179","Jalen Richard","RB",31.65
"180","Detrez Newsome","RB",31.01
"181","T.J. Logan","RB",30.52
"182","Trenton Cannon","RB",30.21
"183","Elijah McGuire","RB",29.98
"184","Malcolm Brown","RB",29.87
"185","Tavon Austin","RB",27.51
"186","Corey Grant","RB",27.13
"187","Benny Cunningham","RB",27.08
"188","Kalen Ballage","RB",25.46
"189","Ameer Abdullah","RB",24.74
"190","James Conner","RB",20.79
"191","Jacquizz Rodgers","RB",20.29
"192","Ito Smith","RB",16.47
"193","Rob Kelley","RB",14.45
"194","Marcus Murphy","RB",12.31
"195","Raheem Mostert","RB",11.91
"196","Ricky Ortiz","RB",11.63
"197","Patrick DiMarco","RB",11.47
"198","Michael Burton","RB",10.95
"199","Anthony Sherman","RB",10.58
"200","De'Anthony Thomas","RB",10.14
"201","Boston Scott","RB",9.01
"202","Andy Janovich","RB",8.59
"203","David Fluellen","RB",8.1
"204","Tommy Bohanon","RB",8.02
"205","Roosevelt Nix","RB",7.93
"206","Derek Watt","RB",7.53
"207","C.J. Ham","RB",7.27
"208","Zach Line","RB",7.06
"209","Cameron Artis-Payne","RB",6.73
"210","James Develin","RB",6.67
"211","Keith Smith","RB",5.33
"212","Jamize Olawale","RB",5.29
"213","Tre Madden","RB",4.68
"214","Taiwan Jones","RB",4.54
"215","Derrick Coleman","RB",4.52
"216","Alex Armah","RB",4.33
"217","Shane Smith","RB",3.89
"218","Christine Michael","RB",1.71
"219","Wendell Smallwood","RB",1.47
"220","Josh Adams","RB",0
"221","Lamar Atkins","RB",0
"222","Kenjon Barner","RB",0
"223","Nick Bawden","RB",0
"224","Kapri Bibbs","RB",0
"225","Brandon Bolden","RB",0
"226","Reggie Bonnafon","RB",0
"227","Joel Bouagnon","RB",0
"228","Algernon Brown","RB",0
"229","Mack Brown","RB",0
"230","Travaris Cadet","RB",0
"231","Tra Carson","RB",0
"232","Cethan Carter","RB",0
"233","Martez Carter","RB",0
"234","Jamaal Charles","RB",0
"235","Jordan Chunn","RB",0
"236","Lavon Coleman","RB",0
"237","Tim Cook","RB",0
"238","Justin Crawford","RB",0
"239","Dalton Crossan","RB",0
"240","Orleans Darkwa","RB",0
"241","Justin Davis","RB",0
"242","Mike Davis","RB",0
"243","Matt Dayes","RB",0
"244","Trey Edmunds","RB",0
"245","Gus Edwards","RB",0
"246","Andre Ellington","RB",0
"247","Tyler Ervin","RB",0
"248","Josh Ferguson","RB",0
"249","Dimitri Flowers","RB",0
"250","Quinton Flowers","RB",0
"251","D'Onta Foreman","RB",0
"252","Jalston Fowler","RB",0
"253","Jarvion Franklin","RB",0
"254","Aaron Green","RB",0
"255","Tion Green","RB",0
"256","Derrius Guice","RB",0
"257","Russell Hansbrough","RB",0
"258","Josh Harris","RB",0
"259","De'Angelo Henderson","RB",0
"260","Brian Hill","RB",0
"261","Bronson Hill","RB",0
"262","Khalid Hill","RB",0
"263","Dontrell Hilliard","RB",0
"264","Akeem Hunt","RB",0
"265","Justin Jackson","RB",0
"266","Malcolm Johnson","RB",0
"267","Aaron Jones","RB",0
"268","Matt Jones","RB",0
"269","Joe Kerridge","RB",0
"270","Eddie Lacy","RB",0
"271","Daniel Lasco","RB",0
"272","Zach Laskey","RB",0
"273","Terrence Magee","RB",0
"274","Anthony Manzo-Lewis","RB",0
"275","Keith Marshall","RB",0
"276","Antonio Brown","WR",215.44
"277","Keenan Allen","WR",192.51
"278","Julio Jones","WR",188.2
"279","Michael Thomas","WR",187.81
"280","DeAndre Hopkins","WR",174.03
"281","Odell Beckham","WR",159.22
"282","Tyreek Hill","WR",153.8
"283","A.J. Green","WR",149.43
"284","Davante Adams","WR",148.09
"285","Doug Baldwin","WR",147.88
"286","JuJu Smith-Schuster","WR",144.69
"287","Josh Gordon","WR",143.41
"288","Larry Fitzgerald","WR",143.32
"289","Stefon Diggs","WR",142.22
"290","Marvin Jones","WR",142.16
"291","Mike Evans","WR",141.45
"292","Robert Woods","WR",138.54
"293","Jarvis Landry","WR",138.26
"294","Marquise Goodwin","WR",136.33
"295","Amari Cooper","WR",135.6
"296","Cooper Kupp","WR",130.33
"297","Danny Amendola","WR",129.89
"298","Demaryius Thomas","WR",128.48
"299","Adam Thielen","WR",127.33
"300","Jamison Crowder","WR",127.03
"301","Golden Tate","WR",124.19
"302","Brandin Cooks","WR",122.27
"303","Ted Ginn","WR",121.8
"304","Devin Funchess","WR",121.37
"305","Michael Crabtree","WR",117.75
"306","Allen Robinson","WR",115.61
"307","Pierre Garcon","WR",114.05
"308","T.Y. Hilton","WR",112.04
"309","Robby Anderson","WR",111.95
"310","Sterling Shepard","WR",109.48
"311","Alshon Jeffery","WR",108.82
"312","Nelson Agholor","WR",106.57
"313","Chris Hogan","WR",106.5
"314","Corey Davis","WR",105.46
"315","Keelan Cole","WR",103.89
"316","Kenny Golladay","WR",103.34
"317","Mohamed Sanu","WR",103.13
"318","Mike Wallace","WR",102.24
"319","James Washington","WR",102.22
"320","Tyrell Williams","WR",101.58
"321","Randall Cobb","WR",101.49
"322","DeSean Jackson","WR",101.44
"323","Kelvin Benjamin","WR",101.36
"324","Cameron Meredith","WR",100.88
"325","DeVante Parker","WR",100.06
"326","Sammy Watkins","WR",96.87
"327","Quincy Enunwa","WR",95.28
"328","Emmanuel Sanders","WR",94.91
"329","Kenny Stills","WR",94.81
"330","Rishard Matthews","WR",93.66
"331","DJ Moore","WR",93.2
"332","John Ross","WR",91.98
"333","Allen Hurns","WR",90.13
"334","Will Fuller","WR",89.92
"335","Jermaine Kearse","WR",89.22
"336","Josh Doctson","WR",89.18
"337","Ryan Grant","WR",88.35
"338","Tyler Boyd","WR",88.06
"339","Dede Westbrook","WR",85.74
"340","Kevin White","WR",82.52
"341","Travis Benjamin","WR",81.81
"342","Brandon LaFell","WR",79.54
"343","Tyler Lockett","WR",77.76
"344","Adam Humphries","WR",75.51
"345","Terrance Williams","WR",74.59
"346","Chris Godwin","WR",73.08
"347","Jordy Nelson","WR",72.35
"348","John Brown","WR",70.44
"349","Donte Moncrief","WR",69.49
"350","Chris Conley","WR",68
"351","Bruce Ellington","WR",67.34
"352","Chad Williams","WR",66.76
"353","Paul Richardson","WR",64.56
"354","Zay Jones","WR",64.32
"355","Geronimo Allison","WR",61.81
"356","Trent Taylor","WR",61.5
"357","J.J. Nelson","WR",58.29
"358","Taylor Gabriel","WR",58.22
"359","Cole Beasley","WR",57.83
"360","Phillip Dorsett","WR",56.13
"361","Tajae Sharpe","WR",55.33
"362","Jeremy Kerley","WR",54.71
"363","Albert Wilson","WR",53.38
"364","Cody Latimer","WR",52.24
"365","Torrey Smith","WR",52.21
"366","Chester Rogers","WR",48.3
"367","Calvin Ridley","WR",46.77
"368","Courtland Sutton","WR",45.65
"369","Brandon Marshall","WR",44.9
"370","Terrelle Pryor","WR",44.9
"371","Rashard Higgins","WR",44.54
"372","Christian Kirk","WR",43.93
"373","Jaron Brown","WR",43
"374","Kendrick Bourne","WR",42.87
"375","Anthony Miller","WR",41.93
"376","T.J. Jones","WR",41.91
"377","Tre'Quan Smith","WR",41.28
"378","Dante Pettis","WR",39.61
"379","Cordarrelle Patterson","WR",39.04
"380","D.J. Chark","WR",37.04
"381","Michael Gallup","WR",36.58
"382","J.D. McKissic","WR",36.54
"383","Jakeem Grant","WR",36.32
"384","Curtis Samuel","WR",35.06
"385","Brandon Zylstra","WR",31.61
"386","Mike Williams","WR",31.43
"387","Equanimeous St.","WR",31.31
"388","Chris Moore","WR",30.92
"389","Seth DeValve","WR",30.36
"390","Antonio Callaway","WR",29.93
"391","DaeSean Hamilton","WR",29.65
"392","Trent Sherfield","WR",29.27
"393","Keke Coutee","WR",29.21
"394","Tim Patrick","WR",28.25
"395","Josh Malone","WR",28.02
"396","Auden Tate","WR",28
"397","Marquez Valdes-Scantling","WR",27.61
"398","Laquon Treadwell","WR",27.49
"399","Willie Snead","WR",26.97
"400","Trey Quinn","WR",26.73
"401","Chad Hansen","WR",26.42
"402","Robert Foster","WR",22.95
"403","Russell Gage","WR",22.78
"404","Justin Hardy","WR",22.72
"405","Taywan Taylor","WR",22.51
"406","Demarcus Robinson","WR",22.44
"407","Damiere Byrd","WR",21.76
"408","David Moore","WR",21.71
"409","Josh Reynolds","WR",21.04
"410","Russell Shepard","WR",20.85
"411","Mack Hollins","WR",20.75
"412","Josh Bellamy","WR",20.7
"413","Damion Ratley","WR",20.58
"414","Jordan Lasley","WR",19.76
"415","Isaiah McKenzie","WR",18.8
"416","Marcus Johnson","WR",17.15
"417","Kaelin Clay","WR",17.03
"418","Dan Arnold","WR",16.27
"419","Andre Holmes","WR",16.15
"420","Justin Watson","WR",15.3
"421","Pharoh Cooper","WR",14.06
"422","Janarion Grant","WR",13.52
"423","Trevor Davis","WR",13.11
"424","Ryan Switzer","WR",12.05
"425","Maurice Harris","WR",10.94
"426","Amara Darboh","WR",10.93
"427","Sammie Coates","WR",10.25
"428","Stacy Coley","WR",10.16
"429","Freddie Martino","WR",9.46
"430","Marvin Hall","WR",9.21
"431","Deonte Thompson","WR",7.4
"432","Darius Jennings","WR",7.16
"433","Shelton Gibson","WR",7.05
"434","Tommylee Lewis","WR",6.68
"435","Geremy Davis","WR",5.91
"436","Bradley Marquez","WR",5.91
"437","Rashad Greene","WR",4.55
"438","Darrius Heyward-Bey","WR",4.01
"439","DeAndre Carter","WR",3.99
"440","Dwayne Harris","WR",3.79
"441","Austin Carr","WR",3.34
"442","Matthew Slater","WR",1.24
"443","Andre Roberts","WR",0.56
"444","Jaelon Acklin","WR",0
"445","Quincy Adeboyejo","WR",0
"446","Carlton Agudosi","WR",0
"447","Dres Anderson","WR",0
"448","Marcell Ateman","WR",0
"449","DeMarcus Ayers","WR",0
"450","Jeff Badet","WR",0
"451","Rasheed Bailey","WR",0
"452","Sergio Bailey","WR",0
"453","Chad Beebe","WR",0
"454","Kenny Bell","WR",0
"455","Arrelious Benn","WR",0
"456","Braxton Berrios","WR",0
"457","Evan Berry","WR",0
"458","Jace Billingsley","WR",0
"459","Saeed Blacknall","WR",0
"460","Christian Blake","WR",0
"461","C.J. Board","WR",0
"462","Victor Bolden","WR",0
"463","Daniel Braverman","WR",0
"464","Quan Bray","WR",0
"465","K.J. Brent","WR",0
"466","Kenny Britt","WR",0
"467","Corey Brown","WR",0
"468","Fred Brown","WR",0
"469","Marlon Brown","WR",0
"470","Noah Brown","WR",0
"471","Dez Bryant","WR",0
"472","Martavis Bryant","WR",0
"473","Marquis Bundy","WR",0
"474","Aaron Burbridge","WR",0
"475","Deontay Burnett","WR",0
"476","Isaiah Burse","WR",0
"477","Deante Burton","WR",0
"478","Brice Butler","WR",0
"479","Dontez Byrd","WR",0
"480","Deon Cain","WR",0
"481","Michael Campanaro","WR",0
"482","KD Cannon","WR",0
"483","Dylan Cantrell","WR",0
"484","Leonte Carroo","WR",0
"485","Jehu Chesson","WR",0
"486","Detrich Clark","WR",0
"487","Michael Clark","WR",0
"488","Simmie Cobbs","WR",0
"489","Brandon Coleman","WR",0
"490","Corey Coleman","WR",0
"491","Cody Core","WR",0
"492","River Cracraft","WR",0
"493","Montay Crockett","WR",0
"494","Jawill Davis","WR",0
"495","Rashard Davis","WR",0
"496","Reggie Davis","WR",0
"497","Robert Davis","WR",0
"498","Eric Decker","WR",0
"499","John Diarse","WR",0
"500","Gehrig Dieter","WR",0
"501","Austin Duke","WR",0
"502","Steven Dunbar","WR",0
"503","Malachi Dupre","WR",0
"504","Travin Dural","WR",0
"505","Malik Earl","WR",0
"506","Julian Edelman","WR",0
"507","Alex Erickson","WR",0
"508","Amba Etta-Tawo","WR",0
"509","Shay Fields","WR",0
"510","Michael Floyd","WR",0
"511","Dontez Ford","WR",0
"512","Isaiah Ford","WR",0
"513","D.J. Foster","WR",0
"514","Daurice Fountain","WR",0
"515","Bennie Fowler","WR",0
"516","Mose Frazier","WR",0
"517","Tanner Gentry","WR",0
"518","LaQuvionte Gonzalez","WR",0
"519","C.J. Goodwin","WR",0
"520","Devin Gray","WR",0
"521","Cyril Grayson","WR",0
"522","Trey Griffey","WR",0
"523","Cobi Hamilton","WR",0
"524","Justin Hardee","WR",0
"525","Keon Hatcher","WR",0
"526","Rob Gronkowski","TE",159.93
"527","Travis Kelce","TE",137.91
"528","Zach Ertz","TE",121.99
"529","Delanie Walker","TE",115.81
"530","Greg Olsen","TE",112.31
"531","Evan Engram","TE",109.94
"532","Eric Ebron","TE",103.98
"533","Jack Doyle","TE",99.61
"534","Ricky Seals-Jones","TE",98.25
"535","Jordan Reed","TE",96.78
"536","George Kittle","TE",94.91
"537","Tyler Eifert","TE",94.02
"538","Jared Cook","TE",92.15
"539","Jimmy Graham","TE",89.74
"540","Kyle Rudolph","TE",86.82
"541","Cameron Brate","TE",83.47
"542","Charles Clay","TE",82.94
"543","Benjamin Watson","TE",77.8
"544","Trey Burton","TE",76.05
"545","Vance McDonald","TE",74.8
"546","Antonio Gates","TE",70.96
"547","Vernon Davis","TE",68.73
"548","O.J. Howard","TE",64.19
"549","Ryan Griffin","TE",63.81
"550","Austin Seferian-Jenkins","TE",61
"551","Jake Butt","TE",60.3
"552","Austin Hooper","TE",57.42
"553","David Njoku","TE",56.31
"554","Blake Jarwin","TE",53.98
"555","Hayden Hurst","TE",48.93
"556","Will Dissly","TE",48.02
"557","Jermaine Gresham","TE",46.07
"558","A.J. Derby","TE",45.17
"559","Jaylen Samuels","TE",44.03
"560","Tyler Higbee","TE",42.46
"561","Josh Hill","TE",37.35
"562","Dallas Goedert","TE",34.67
"563","Jeff Heuerman","TE",34.64
"564","Gerald Everett","TE",33.38
"565","Ian Thomas","TE",32.73
"566","Luke Willson","TE",32.64
"567","Rhett Ellison","TE",32.52
"568","Garrett Celek","TE",32.25
"569","Nick Vannett","TE",32.09
"570","Nick Boyle","TE",30.32
"571","Mike Gesicki","TE",29.27
"572","Jesse James","TE",26.42
"573","Niles Paul","TE",26.36
"574","Jonnu Smith","TE",26.02
"575","James O'Shaughnessy","TE",23
"576","Tyler Kroft","TE",22.69
"577","Mark Andrews","TE",21.29
"578","Levine Toilolo","TE",21.19
"579","Eric Tomlinson","TE",19.18
"580","Marcedes Lewis","TE",18.77
"581","C.J. Uzomah","TE",17.72
"582","Jordan Akins","TE",17.65
"583","Erik Swoope","TE",17.43
"584","Chris Herndon","TE",17.38
"585","Dalton Schultz","TE",17.22
"586","Virgil Green","TE",16.7
"587","Adam Shaheen","TE",16.54
"588","Rico Gathers","TE",16.04
"589","Dion Sims","TE",15.95
"590","Darren Fells","TE",15.65
"591","Maxx Williams","TE",15.38
"592","Lee Smith","TE",14.67
"593","Tyler Conklin","TE",14.13
"594","Richard Rodgers","TE",13.55
"595","Jordan Thomas","TE",12.85
"596","MarQueis Gray","TE",12.65
"597","Jason Croom","TE",12.49
"598","Alan Cross","TE",11.37
"599","Lance Kendricks","TE",11.33
"600","Jordan Leggett","TE",11.08
"601","David Morgan","TE",10.75
"602","Dwayne Allen","TE",10.39
"603","Geoff Swaim","TE",9.82
"604","Sean Culkin","TE",9.41
"605","Darrell Daniels","TE",9.1
"606","Xavier Grimble","TE",9.06
"607","Gabe Holmes","TE",8.78
"608","Michael Roberts","TE",8.76
"609","Alex Ellis","TE",8.33
"610","Jacob Hollister","TE",8.17
"611","Logan Thomas","TE",7.87
"612","Derek Carrier","TE",7.32
"613","Cole Wick","TE",7.26
"614","Johnny Mundt","TE",7.01
"615","Logan Paulsen","TE",6.24
"616","Eric Saubert","TE",5.83
"617","Jeremy Sprinkle","TE",5.82
"618","Antony Auclair","TE",5.32
"619","Luke Stocker","TE",5.21
"620","Chris Manhertz","TE",4.78
"621","Ryan Hewitt","TE",3.45
"622","Ben Braunecker","TE",1.83
"623","Daniel Brown","TE",1.26
"624","Clark Harris","TE",0.89
"625","Josh Perkins","TE",0.51
"626","Jerell Adams","TE",0
"627","Mo Alie-Cox","TE",0
"628","Julian Allen","TE",0
"629","Jace Amaro","TE",0
"630","Stephen Anderson","TE",0
"631","Brandon Barnes","TE",0
"632","Gary Barnidge","TE",0
"633","Marcus Baugh","TE",0
"634","Evan Baylis","TE",0
"635","Blake Bell","TE",0
"636","Alec Bloom","TE",0
"637","Braedon Bowman","TE",0
"638","Billy Brown","TE",0
"639","Pharaoh Brown","TE",0
"640","Paul Butler","TE",0
"641","Emanuel Byrd","TE",0
"642","Devon Cajuste","TE",0
"643","Kyle Carter","TE",0
"644","Asante Cleveland","TE",0
"645","Garrett Dickerson","TE",0
"646","Ed Dickson","TE",0
"647","Thomas Duarte","TE",0
"648","Ross Dwelley","TE",0
"649","Donnie Ernsberger","TE",0
"650","Gavin Escobar","TE",0
"651","Matt Flanagan","TE",0
"652","Coby Fleener","TE",0
"653","Jordan Franks","TE",0
"654","Troy Fumagalli","TE",0
"655","Manasseh Garner","TE",0
"656","DeAndre Goolsby","TE",0
"657","Alex Gray","TE",0
"658","Brandon Greene","TE",0
"659","Garrett Griffin","TE",0
"660","David Grinnage","TE",0
"661","Demetrius Harris","TE",0
"662","Temarrick Hemingway","TE",0
"663","Hunter Henry","TE",0
"664","Cole Hikutini","TE",0
"665","Bucky Hodges","TE",0
"666","Michael Hoomanawanui","TE",0
"667","Tyler Hoppes","TE",0
"668","Tanner Hudson","TE",0
"669","Cole Hunt","TE",0
"670","Ryan Izzo","TE",0
"671","Ben Johnson","TE",0
"672","Nick Keizer","TE",0
"673","Ben Koyack","TE",0
"674","Henry Krieger-Coble","TE",0
"675","Matt LaCosse","TE",0
"676","Stephen Gostkowski","K",131.59
"677","Wil Lutz","K",124.15
"678","Matt Bryant","K",122.98
"679","Chris Boswell","K",121.25
"680","Mason Crosby","K",120.92
"681","Caleb Sturgis","K",120.62
"682","Daniel Carlson","K",120.51
"683","Jake Elliott","K",119.8
"684","Greg Zuerlein","K",117.68
"685","Josh Lambo","K",117.55
"686","Dustin Hopkins","K",117
"687","Justin Tucker","K",114.93
"688","Phil Dawson","K",114.65
"689","Graham Gano","K",114.52
"690","Jason Sanders","K",113.87
"691","Robbie Gould","K",113.76
"692","Harrison Butker","K",112.68
"693","Chandler Catanzaro","K",112.26
"694","Randy Bullock","K",111.54
"695","Matt Prater","K",111.37
"696","Brandon McManus","K",110.73
"697","Mike Nugent","K",110.12
"698","Brett Maher","K",109.88
"699","Ryan Succop","K",109.68
"700","Sebastian Janikowski","K",108.76
"701","Adam Vinatieri","K",108.66
"702","Zane Gonzalez","K",108.21
"703","Aldrick Rosas","K",106.12
"704","Ka'imi Fairbairn","K",106.11
"705","Cody Parkey","K",104.95
"706","Jason Myers","K",103.44
"707","Stephen Hauschka","K",99.97
"708","Roberto Aguayo","K",0
"709","Mike Badgley","K",0
"710","Dan Bailey","K",0
"711","Taylor Bertolet","K",0
"712","Jon Brown","K",0
"713","Sam Ficken","K",0
"714","Kai Forbath","K",0
"715","Garrett Hartley","K",0
"716","Marshall Koehn","K",0
"717","Younghoe Koo","K",0
"718","David Marvin","K",0
"719","Matt McCrane","K",0
"720","Trevor Moore","K",0
"721","Eddy Pineiro","K",0
"722","Nick Rose","K",0
"723","Cairo Santos","K",0
"724","Giorgio Tavecchio","K",0
"725","Blair Walsh","K",0
"726","Jacksonville Jaguars DEF","DST",113.27
"727","New England Patriots DEF","DST",112.81
"728","Minnesota Vikings DEF","DST",112.46
"729","Denver Broncos DEF","DST",109.23
"730","Miami Dolphins DEF","DST",108.91
"731","Green Bay Packers DEF","DST",107.61
"732","Arizona Cardinals DEF","DST",107.51
"733","Chicago Bears DEF    View Videos","DST",107.47
"734","Los Angeles Rams DEF    View Videos","DST",107.23
"735","Cincinnati Bengals DEF","DST",107.1
"736","Buffalo Bills DEF","DST",106.77
"737","Baltimore Ravens DEF","DST",106.3
"738","Philadelphia Eagles DEF","DST",106.19
"739","Los Angeles Chargers DEF","DST",105.86
"740","Detroit Lions DEF    View Videos","DST",104.11
"741","Dallas Cowboys DEF","DST",103.2
"742","New York Jets DEF","DST",103.15
"743","Atlanta Falcons DEF","DST",102.93
"744","Carolina Panthers DEF","DST",102.55
"745","New York Giants DEF","DST",102.53
"746","Tennessee Titans DEF","DST",102.2
"747","Houston Texans DEF    View Videos","DST",101.74
"748","Washington Redskins DEF","DST",101.28
"749","Seattle Seahawks DEF","DST",100.66
"750","New Orleans Saints DEF","DST",100.23
"751","Pittsburgh Steelers DEF","DST",100.12
"752","Cleveland Browns DEF","DST",99.49
"753","Kansas City Chiefs DEF","DST",97.63
"754","Indianapolis Colts DEF","DST",97.44
"755","Oakland Raiders DEF","DST",97.21
"756","San Francisco 49ers DEF","DST",97.17
"757","Tampa Bay Buccaneers DEF","DST",96.68
