key,name,pos,team,pass_tds,pass_yds,pass_ints,rush_tds,rush_yds,receptions,reception_tds,reception_yds,two_pts,fumbles,kick_0_19,kick_20_29,kick_30_39,kick_40_49,kick_50,kick_extra_points,df_points_allowed_per_game,df_sacks,df_safeties,df_fumbles,df_tds,df_ints
kupp_WR_LAR,Cooper Kupp,WR,LAR,,,0.01,0.65,50,130.43,14.78,1854.83,,0.03,,,,,,,,,,,0.11,
allen_QB_BUF,Josh Allen,QB,BUF,32.07,4540.04,12.67,6.69,812.81,,,,1.59,2.73,,,,,,,,,,,,
mahomes_QB_KC,Patrick Mahomes,QB,KC,33.6,5288.14,13.39,3.72,443.4,,,,1.69,1.34,,,,,,,,,,,,
herbert_QB_LAC,Justin Herbert,QB,LAC,31.8,4990.65,15.07,3.31,307.77,,,,3.72,0.43,,,,,,,,,,,,
prescott_QB_DAL,Dak Prescott,QB,DAL,34.45,4887.96,14.14,2.32,259.43,,,,5.03,1.35,,,,,,,,,,,,
jackson_QB_BAL,Lamar Jackson,QB,BAL,22.3,3783.82,13.1,4.86,1049.11,,,,1.59,1.8,,,,,,,,,,,,
adams_WR_LV,Davante Adams,WR,LV,,,0.01,,0.87,125.18,11.21,1553.52,,,,,,,,,,,,,,
murray_QB_ARI,Kyler Murray,QB,ARI,28.86,4422.2,13.63,3.41,595.89,,,,0.53,0.92,,,,,,,,,,,,
brady_QB_TB,Tom Brady,QB,TB,35.89,5446.19,12.21,0.98,14.33,,,,,0.76,,,,,,,,,,,,
hurts_QB_PHI,Jalen Hurts,QB,PHI,24.18,3985.56,14.58,5.54,780.33,,,,3.2,1.9,,,,,,,,,,,,
stafford_QB_LAR,Matthew Stafford,QB,LAR,33.72,4940.44,12.88,2.21,181.82,,,,2.13,1.84,,,,,,,,,,,,
mccaffrey_RB_CAR,Christian McCaffrey,RB,CAR,,,0.01,7.27,1014.01,82.59,4.65,805.59,0.53,,,,,,,,,,,,,
rodgers_QB_GB,Aaron Rodgers,QB,GB,35.24,4926.39,10.14,1.5,101.6,,,,,0.76,,,,,,,,,,,,
lance_QB_SF,Trey Lance,QB,SF,22.87,3752.33,13.77,4.9,873.21,,,,1.37,1.77,,,,,,,,,,,,
ekeler_RB_LAC,Austin Ekeler,RB,LAC,,,0.01,8.45,1023.98,71.49,4.46,699.95,0.53,,,,,,,,,,,,,
jefferson_WR_MIN,Justin Jefferson,WR,MIN,,,0.01,0.27,42.86,105.33,10.45,1457.4,,0.03,,,,,,,,,,,,
andrews_TE_BAL,Mark Andrews,TE,BAL,,,0.01,0.03,11.83,110.99,9.45,1426.9,,0.01,,,,,,,,,,,,
burrow_QB_CIN,Joe Burrow,QB,CIN,29.81,4703.92,16.11,2.07,230.79,,,,1.15,0.83,,,,,,,,,,,,
cousins_QB_MIN,Kirk Cousins,QB,MIN,32.26,4589.38,12.85,1.23,111.81,,,,2.66,0.85,,,,,,,,,,,,
carr_QB_LV,Derek Carr,QB,LV,30.71,4773.29,13.43,1.31,129.62,,,,1.06,0.88,,,,,,,,,,,,
mixon_RB_CIN,Joe Mixon,RB,CIN,,,0.01,8.92,1286.58,59.25,2.71,512.39,,0.96,,,,,,,,,,,,
chase_WR_CIN,Ja'Marr Chase,WR,CIN,,,0.01,0.25,71.54,93.46,9.83,1418.07,,0.05,,,,,,,,,,,,
fournette_RB_TB,Leonard Fournette,RB,TB,,,0.01,8.48,992.52,75.35,3.08,588.25,,,,,,,,,,,,,,
kelce_TE_KC,Travis Kelce,TE,KC,,,0.01,,6.57,109.66,9.86,1296.66,,,,,,,,,,,,,,
jones_RB_GB,Aaron Jones,RB,GB,,,0.01,5.4,996.41,72.84,3.97,673.19,,0.5,,,,,,,,,,,,
winston_QB_NO,Jameis Winston,QB,NO,25.23,3870.34,13.86,3.35,421.95,,,,2.1,1.33,,,,,,,,,,,,
wilson_QB_DEN,Russell Wilson,QB,DEN,27.4,4025.04,9.06,2,199.63,,,,1.06,0.76,,,,,,,,,,,,
jones_QB_NE,Mac Jones,QB,NE,26.59,4147.45,14.19,2.34,259.42,,,,1.7,1.74,,,,,,,,,,,,
tannehill_QB_TEN,Ryan Tannehill,QB,TEN,25.76,3968.93,12.4,2.85,227.46,,,,2.24,0.76,,,,,,,,,,,,
brown_WR_PHI,A.J. Brown,WR,PHI,,,0.01,0.08,12.97,85.63,9.64,1326.08,,0.01,,,,,,,,,,,,
tagovailoa_QB_MIA,Tua Tagovailoa,QB,MIA,24.48,4015.98,13.57,2.55,289.81,,,,1.57,1.77,,,,,,,,,,,,
evans_WR_TB,Mike Evans,WR,TB,,,0.01,,0.96,90.88,9.63,1260.02,,,,,,,,,,,,,,
ryan_QB_IND,Matt Ryan,QB,IND,25.5,4159.79,10.96,1.68,191.68,,,,1.27,1.88,,,,,,,,,,,,
taylor_RB_IND,Jonathan Taylor,RB,IND,,,0.01,12.24,1284.67,34.96,1.21,277.06,0.01,1.59,,,,,,,,,,,,
samuel_WR_SF,Deebo Samuel,WR,SF,,,0.01,2.19,324.84,72.28,7.57,1053.16,,0.07,,,,,,,,,,,,
fields_QB_CHI,Justin Fields,QB,CHI,17.22,3340.92,13.1,3.62,718.29,,,,1.01,1.71,,,,,,,,,,,,
jones_QB_NYG,Daniel Jones,QB,NYG,19.26,3808.33,13.44,2.94,486.21,,,,2.69,3.09,,,,,,,,,,,,
higgins_WR_CIN,Tee Higgins,WR,CIN,,,0.01,0.02,5.9,85.92,8.32,1296.21,,,,,,,,,,,,,,
wentz_QB_WSH,Carson Wentz,QB,WSH,21.96,3779.34,12.22,1.98,294.83,,,,3.72,1.34,,,,,,,,,,,,
henry_RB_TEN,Derrick Henry,RB,TEN,,,0.01,11.48,1417.66,23.43,1.16,191.52,1.06,0.88,,,,,,,,,,,,
goff_QB_DET,Jared Goff,QB,DET,26.08,4202.06,12.53,0.78,38.33,,,,3.19,1.02,,,,,,,,,,,,
lawrence_QB_JAX,Trevor Lawrence,QB,JAX,19.19,3776.19,14.85,3.08,417.06,,,,1.75,0.82,,,,,,,,,,,,
cooks_WR_HOU,Brandin Cooks,WR,HOU,,,0.01,0.13,11.98,92.66,8,1133.94,,0.01,,,,,,,,,,,,
lockett_WR_SEA,Tyler Lockett,WR,SEA,,,0.01,0.04,15.33,73.23,8.9,1263.72,,0.01,,,,,,,,,,,,
johnson_WR_PIT,Diontae Johnson,WR,PIT,,,0.01,0.18,17.77,98.37,6.74,1099.02,,0.01,,,,,,,,,,,0.38,
montgomery_RB_CHI,David Montgomery,RB,CHI,,,0.01,8.6,1034.4,43.77,2.34,399.51,0.53,0.51,,,,,,,,,,,,
renfrow_WR_LV,Hunter Renfrow,WR,LV,,,0.01,,14.92,99.94,7.25,1059.38,,0.02,,,,,,,,,,,0.08,
hardman_WR_KC,Mecole Hardman,WR,KC,,,0.01,0.64,176.8,86.64,5.94,1025.84,,0.32,,,,,,,,,,,0.78,
brown_WR_DET,Amon-Ra St. Brown,WR,DET,,,0.01,0.13,35.3,93.67,7.28,1077.74,,0.03,,,,,,,,,,,,
conner_RB_ARI,James Conner,RB,ARI,,,0.01,8.44,927.69,47.34,2.5,429.07,,0.54,,,,,,,,,,,,
diggs_WR_BUF,Stefon Diggs,WR,BUF,,,0.01,0.01,2.43,89.23,6.97,1158.07,,,,,,,,,,,,,,
mills_QB_HOU,Davis Mills,QB,HOU,23.89,3932.9,13.36,1.32,106.58,,,,2.14,1.02,,,,,,,,,,,,
cook_RB_MIN,Dalvin Cook,RB,MIN,,,0.01,9.06,1243.84,36.76,0.75,262.09,2.13,2.27,,,,,,,,,,,,
hill_WR_MIA,Tyreek Hill,WR,MIA,,,0.01,0.1,35.81,86.32,7.67,1094.45,,0.02,,,,,,,,,,,,
barkley_RB_NYG,Saquon Barkley,RB,NYG,,,0.01,5.73,1077.01,52.64,1.52,416.64,,0.63,,,,,,,,,,,,
metcalf_WR_SEA,DK Metcalf,WR,SEA,,,0.01,,7.59,83.03,7.97,1097.93,,0.01,,,,,,,,,,,,
penny_RB_SEA,Rashaad Penny,RB,SEA,,,0.01,10.7,1385.7,18.23,0.85,157.49,0.14,1.17,,,,,,,,,,,,
pittman_WR_IND,Michael Pittman,WR,IND,,,0.01,0.19,22.21,89.7,6.08,1096.5,,0.02,,,,,,,,,,,,
williams_RB_DEN,Javonte Williams,RB,DEN,,,0.01,7.1,949.7,47.72,2.28,409.58,0.17,1.13,,,,,,,,,,,,
wilson_QB_NYJ,Zach Wilson,QB,NYJ,19.76,3416.54,13.14,3.15,270.54,,,,1.98,0.78,,,,,,,,,,,,
cooper_WR_CLE,Amari Cooper,WR,CLE,,,0.01,,5.09,77.93,7.2,1102.63,2.83,,,,,,,,,,,,,
schultz_TE_DAL,Dalton Schultz,TE,DAL,,,0.01,,1.02,89.03,7.16,1041.3,,,,,,,,,,,,,,
mckinnon_RB_KC,Jerick McKinnon,RB,KC,,,0.01,4.29,737.49,63.53,3.15,550.91,0.06,0.6,,,,,,,,,,,,
williams_WR_LAC,Mike Williams,WR,LAC,,,0.01,,2.3,81.41,7.06,1101.89,,,,,,,,,,,,,,
jacobs_RB_LV,Josh Jacobs,RB,LV,,,0.01,7.48,1075.2,46.64,1.13,317.19,,1.9,,,,,,,,,,,,
allen_WR_LAC,Keenan Allen,WR,LAC,,,0.01,,1.92,89.05,7.18,1009.43,,,,,,,,,,,,,,
woods_WR_TEN,Robert Woods,WR,TEN,,,0.01,0.57,79.8,81.98,5.88,1047.27,,0.11,,,,,,,,,,,,
mariota_QB_ATL,Marcus Mariota,QB,ATL,14.74,2866.16,7.89,4.36,508.2,,,,0.5,1.52,,,,,,,,,,,,
patterson_RB_ATL,Cordarrelle Patterson,RB,ATL,,,0.01,5.9,812.68,50.18,2.06,431.95,,,,,,,,,,,,,1.59,
waddle_WR_MIA,Jaylen Waddle,WR,MIA,,,0.01,0.04,14.47,91.89,6.5,989.88,,0.01,,,,,,,,,,,0.04,
harris_RB_PIT,Najee Harris,RB,PIT,,,0.01,6.11,1111.79,44.05,1.21,298.43,0.08,,,,,,,,,,,,,
elliott_RB_DAL,Ezekiel Elliott,RB,DAL,,,0.01,6.94,986.32,42.89,2.09,347.67,1.59,2.42,,,,,,,,,,,,
davis_WR_BUF,Gabriel Davis,WR,BUF,,,0.01,0.01,2.52,60.84,9.29,1099.02,,,,,,,,,,,,,,
sanders_RB_PHI,Miles Sanders,RB,PHI,,,0.01,7.42,1214.85,32.27,0.88,228.23,1.59,1.9,,,,,,,,,,,,
etienne_RB_JAX,Travis Etienne,RB,JAX,,,0.01,7.4,1029.69,36.95,1.49,325.98,0.17,1.32,,,,,,,,,,,,
akers_RB_LAR,Cam Akers,RB,LAR,,,0.01,7.85,1087.49,32.11,1.35,296.99,0.12,3.24,,,,,,,,,,,,
swift_RB_DET,D'Andre Swift,RB,DET,,,0.01,5.13,873.7,53.65,1.6,379.31,0.13,1.36,,,,,,,,,,,,
thomas_WR_NO,Michael Thomas,WR,NO,,,0.01,0.07,10.11,82.7,5.92,964.41,,0.01,,,,,,,,,,,,
thielen_WR_MIN,Adam Thielen,WR,MIN,,,0.01,0.02,5.61,73.1,7.17,959.18,,,,,,,,,,,,,,
mitchell_RB_SF,Elijah Mitchell,RB,SF,,,0.01,6.83,1026.72,30.71,1.48,276.86,0.11,,,,,,,,,,,,,
singletary_RB_BUF,Devin Singletary,RB,BUF,,,0.01,7.69,922.51,36.27,1.33,282.24,0.01,0.65,,,,,,,,,,,,
moore_WR_CAR,D.J. Moore,WR,CAR,,,0.01,0.05,22.07,77.81,5.55,921.85,,0.04,,,,,,,,,,,,
lamb_WR_DAL,CeeDee Lamb,WR,DAL,,,0.01,0.4,42.96,68.08,4.72,1000.62,1.06,0.02,,,,,,,,,,,0.04,
gallup_WR_DAL,Michael Gallup,WR,DAL,,,0.01,0.02,3.58,69.15,5.79,1001.39,,,,,,,,,,,,,,
gibson_RB_WSH,Antonio Gibson,RB,WSH,,,0.01,7.03,948.07,32.91,1.54,274.71,0.04,1.5,,,,,,,,,,,,
pitts_TE_ATL,Kyle Pitts,TE,ATL,,,0.01,,1.08,74.21,5.58,951.74,,,,,,,,,,,,,,
moore_WR_NYJ,Elijah Moore,WR,NYJ,,,0.01,0.12,36.28,67.66,6.26,914.43,,0.04,,,,,,,,,,,,
trubisky_QB_PIT,Mitchell Trubisky,QB,PIT,15.25,2475.67,8.69,2.68,382.29,,,,2.38,0.8,,,,,,,,,,,,
mooney_WR_CHI,Darnell Mooney,WR,CHI,,,0.01,0.14,30.86,70.25,5.61,912.1,,0.02,,,,,,,,,,,,
mack_RB_HOU,Marlon Mack,RB,HOU,,,0.01,7.27,1015.86,23.49,1.01,215.77,0.57,0.53,,,,,,,,,,,,
harris_RB_NE,Damien Harris,RB,NE,,,0.01,9.49,989.99,20.26,0.75,167.13,0.03,1.34,,,,,,,,,,,,
chubb_RB_CLE,Nick Chubb,RB,CLE,,,0.01,7,1042.61,22.53,1.06,207.31,,0.9,,,,,,,,,,,,
aiyuk_WR_SF,Brandon Aiyuk,WR,SF,,,0.01,0.13,16.74,58.21,5.17,969.4,,0.01,,,,,,,,,,,0.04,
meyers_WR_NE,Jakobi Meyers,WR,NE,,,0.01,0.02,8.92,76.22,5.02,809.68,,0.01,,,,,,,,,,,,
lazard_WR_GB,Allen Lazard,WR,GB,,,0.01,0.11,17.26,59.9,6.58,860.99,,0.01,,,,,,,,,,,,
shepard_WR_NYG,Sterling Shepard,WR,NYG,,,0.01,0.3,42.74,73.08,4.43,812.78,,0.02,,,,,,,,,,,,
landry_WR_NO,Jarvis Landry,WR,NO,,,0.01,0.65,63.63,68.24,5.07,776.12,,0.03,,,,,,,,,,,,
goedert_TE_PHI,Dallas Goedert,TE,PHI,,,0.01,,0.92,66.2,5.29,881.74,,,,,,,,,,,,,,
mclaurin_WR_WSH,Terry McLaurin,WR,WSH,,,0.01,,3.95,62.46,5.08,915.5,,,,,,,,,,,,,,
kittle_TE_SF,George Kittle,TE,SF,,,0.01,0.14,13.95,66.22,5.67,813.95,,0.01,,,,,,,,,,,,
mayfield_QB_CAR,Baker Mayfield,QB,CAR,15.74,2826.89,9.3,1.43,153.78,,,,1.3,0.52,,,,,,,,,,,,
waller_TE_LV,Darren Waller,TE,LV,,,0.01,,1.87,71.12,4.28,856.3,,,,,,,,,,,,,,
kamara_RB_NO,Alvin Kamara,RB,NO,,,0.01,5.02,742.21,35.41,1.99,307.97,,,,,,,,,,,,,,
jones_WR_JAX,Marvin Jones,WR,JAX,,,0.01,0.01,2.76,67.15,4.9,853.27,,,,,,,,,,,,,,
brown_WR_ARI,Marquise Brown,WR,ARI,,,0.01,0.01,3.3,71.57,4.46,833.59,,,,,,,,,,,,,,
valdesscantling_WR_KC,Marquez Valdes-Scantling,WR,KC,,,0.01,0.01,6.74,59.62,5.17,884.61,,0.01,,,,,,,,,,,,
bourne_WR_NE,Kendrick Bourne,WR,NE,,,0.01,0.38,74.43,59.7,5.88,750.68,,0.05,,,,,,,,,,,,
dobbins_RB_BAL,J.K. Dobbins,RB,BAL,,,0.01,7.44,884.53,24.34,0.68,177.15,0.16,0.04,,,,,,,,,,,,
pollard_RB_DAL,Tony Pollard,RB,DAL,,,,4.04,602.26,40.83,1.9,416.24,,,,,,,,,,,,,0.18,
godwin_WR_TB,Chris Godwin,WR,TB,,,0.01,0.14,18.34,69.73,4.43,783.69,,0.02,,,,,,,,,,,,
smith_WR_PHI,DeVonta Smith,WR,PHI,,,0.01,,0.58,58.15,4.58,891.28,,,,,,,,,,,,,,
everett_TE_LAC,Gerald Everett,TE,LAC,,,0.01,0.05,18.4,69.53,4.86,737.99,,0.02,,,,,,,,,,,,
cobb_WR_GB,Randall Cobb,WR,GB,,,0.01,0.01,3.2,60.45,5.11,813.93,,,,,,,,,,,,,,
kirk_WR_JAX,Christian Kirk,WR,JAX,,,0.01,,4.1,61.01,4.8,825.93,,,,,,,,,,,,,,
brissett_QB_CLE,Jacoby Brissett,QB,CLE,14.52,2748.24,9.92,1.49,147.64,,,,0.81,0.66,,,,,,,,,,,,
smithschuster_WR_KC,JuJu Smith-Schuster,WR,KC,,,0.01,0.07,51.26,69,3.8,727.72,,0.05,,,,,,,,,,,,
parker_WR_NE,DeVante Parker,WR,NE,,,0.01,,0.94,61.39,4.63,793.28,,,,,,,,,,,,,,
claypool_WR_PIT,Chase Claypool,WR,PIT,,,0.01,0.82,74.25,59.71,4,724.54,,0.05,,,,,,,,,,,,
higbee_TE_LAR,Tyler Higbee,TE,LAR,,,0.01,,1.07,67.83,5,694.27,,,,,,,,,,,,,,
samuel_WR_WSH,Curtis Samuel,WR,WSH,,,0.01,0.51,278.56,53.69,2.94,646.46,,0.13,,,,,,,,,,,,
jeudy_WR_DEN,Jerry Jeudy,WR,DEN,,,0.01,0.01,3.91,59.94,4.2,809.37,,,,,,,,,,,,,,
ingram_RB_NO,Mark Ingram,RB,NO,,,0.01,4.62,771.21,29.3,1.03,257.11,0.72,0.58,,,,,,,,,,,,
crowder_WR_BUF,Jamison Crowder,WR,BUF,,,0.01,0.08,7.56,64.55,4.45,737.17,,,,,,,,,,,,,,
patrick_WR_DEN,Tim Patrick,WR,DEN,,,0.01,0.01,1.77,54.84,5.1,802.7,,,,,,,,,,,,,,
edmonds_RB_MIA,Chase Edmonds,RB,MIA,,,0.01,4.18,593.62,39.43,1.39,320.88,0.09,,,,,,,,,,,,,
gordon_RB_DEN,Melvin Gordon,RB,DEN,,,,6.05,779.79,24.58,0.72,229.94,0.04,2.17,,,,,,,,,,,,
bateman_WR_BAL,Rashod Bateman,WR,BAL,,,0.01,,3.37,62.43,4.07,725.11,,,,,,,,,,,,,,
dillon_RB_GB,AJ Dillon,RB,GB,,,,6.04,735.86,22.25,1.04,209.25,0.01,0.69,,,,,,,,,,,,
burkhead_RB_HOU,Rex Burkhead,RB,HOU,,,,4.24,671.91,30.26,1.27,267.22,,,,,,,,,,,,,,
campbell_WR_IND,Parris Campbell,WR,IND,,,0.01,0.17,19.41,55.87,4.31,725.99,,0.02,,,,,,,,,,,,
boyd_WR_CIN,Tyler Boyd,WR,CIN,,,0.01,0.17,22.12,57.74,4.77,674.61,,0.01,,,,,,,,,,,,
fant_TE_SEA,Noah Fant,TE,SEA,,,0.01,,1.06,58.81,4.64,700.91,,,,,,,,,,,,,,
chark_WR_DET,D.J. Chark,WR,DET,,,0.01,,1.59,50.99,4.81,757.7,,,,,,,,,,,,,,
hockenson_TE_DET,T.J. Hockenson,TE,DET,,,0.01,0.01,2.85,64.03,4.73,605.24,,0.01,,,,,,,,,,,,
ertz_TE_ARI,Zach Ertz,TE,ARI,,,0.01,0.02,5.01,61.83,4.26,633.85,,0.01,,,,,,,,,,,,
robinson_WR_LAR,Allen Robinson,WR,LAR,,,0.01,,1.25,58.56,3.07,735.05,,,,,,,,,,,,,,
washington_WR_DAL,James Washington,WR,DAL,,,0.01,,1.1,46.99,4.41,741.84,,,,,,,,,,,,,,
shenault_WR_JAX,Laviska Shenault Jr.,WR,JAX,,,0.01,0.38,65.73,58.02,2.88,630.27,,0.05,,,,,,,,,,,,
freiermuth_TE_PIT,Pat Freiermuth,TE,PIT,,,0.01,,0.77,65.86,3.72,581.29,,,,,,,,,,,,,,
palmer_WR_LAC,Josh Palmer,WR,LAC,,,0.01,,7.67,55.88,4.17,638.05,,0.01,,,,,,,,,,,,
peoplesjones_WR_CLE,Donovan Peoples-Jones,WR,CLE,,,0.01,,1.03,47.69,3.97,732.47,,,,,,,,,,,,,,
lock_QB_SEA,Drew Lock,QB,SEA,12.63,2156.63,8.61,1.62,154.69,,,,0.8,0.81,,,,,,,,,,,,
davis_WR_NYJ,Corey Davis,WR,NYJ,,,0.01,,2.06,46.37,4.17,717.17,,,,,,,,,,,,,,
knox_TE_BUF,Dawson Knox,TE,BUF,,,0.01,0.01,1.38,47.47,5.21,640.23,,,,,,,,,,,,,,
smith_TE_MIN,Irv Smith,TE,MIN,,,0.01,,0.85,49.31,4.7,653.33,,,,,,,,,,,,,,
williams_RB_DET,Jamaal Williams,RB,DET,,,,4.79,703.42,21.57,0.66,141.58,0.53,,,,,,,,,,,,,
pringle_WR_CHI,Byron Pringle,WR,CHI,,,0.01,,0.98,47.68,4.68,638.43,,,,,,,,,,,,,,
sutton_WR_DEN,Courtland Sutton,WR,DEN,,,0.01,0.01,3.25,47.54,4.18,659.92,,,,,,,,,,,,,,
gage_WR_TB,Russell Gage,WR,TB,,,,,1.35,50.4,4.05,609.05,,,,,,,,,,,,,,
henry_TE_NE,Hunter Henry,TE,NE,,,0.01,,0.95,48.47,4.54,595.51,,,,,,,,,,,,,,
white_RB_NE,James White,RB,NE,,,,1.49,223.66,48.59,1.7,440.12,0.61,0.04,,,,,,,,,,,,
collins_WR_HOU,Nico Collins,WR,HOU,,,0.01,,1.13,48.11,3.71,631.17,,,,,,,,,,,,,,
anderson_WR_CAR,Robbie Anderson,WR,CAR,,,0.01,,16.12,52.49,3.43,573.45,,0.01,,,,,,,,,,,,
njoku_TE_CLE,David Njoku,TE,CLE,,,0.01,,3.19,51.31,4.1,553.48,,,,,,,,,,,,,,
mostert_RB_MIA,Raheem Mostert,RB,MIA,,,,5.36,673.14,16.93,0.56,142.62,,1.44,,,,,,,,,,,,
hopkins_WR_ARI,DeAndre Hopkins,WR,ARI,,,0.01,0.02,2.3,44.02,4.46,597.25,,,,,,,,,,,,,,
hunt_RB_CLE,Kareem Hunt,RB,CLE,,,,3.92,441.94,31.23,1.1,242.05,0.54,,,,,,,,,,,,,
gesicki_TE_MIA,Mike Gesicki,TE,MIA,,,0.01,,1.09,53.52,2.85,587.01,,,,,,,,,,,,,,
tonyan_TE_GB,Robert Tonyan,TE,GB,,,0.01,,1.16,44.05,4.34,590.39,,,,,,,,,,,,,,
thomas_TE_WSH,Logan Thomas,TE,WSH,,,0.01,0.01,7.09,48.74,4.35,525.56,,0.01,,,,,,,,,,,,
smith_QB_SEA,Geno Smith,QB,SEA,11.83,1953.74,6.37,0.9,96.91,,,,0.22,0.58,,,,,,,,,,,,
jefferson_WR_LAR,Van Jefferson,WR,LAR,,,0.01,0.16,18.2,45.17,2.88,618.71,,0.02,,,,,,,,,,,,
watkins_WR_GB,Sammy Watkins,WR,GB,,,0.01,0.01,2.96,45.24,2.93,603.71,,,,,,,,,,,,,,
brate_TE_TB,Cameron Brate,TE,TB,,,0.01,,0.76,51.3,4.03,477.41,,,,,,,,,,,,,,
mckissic_RB_WSH,J.D. McKissic,RB,WSH,,,,1.51,202.97,47.58,1.61,361.98,,0.02,,,,,,,,,,,,
golladay_WR_NYG,Kenny Golladay,WR,NYG,,,0.01,,1.82,46.2,2.53,579.28,,,,,,,,,,,,,,
carter_RB_NYJ,Michael Carter,RB,NYJ,,,,3.34,470.71,24.32,0.7,230.1,0.05,0.03,,,,,,,,,,,,
engram_TE_JAX,Evan Engram,TE,JAX,,,0.01,,2.6,51.72,3.09,474.88,,,,,,,,,,,,,,
edwards_WR_ATL,Bryan Edwards,WR,ATL,,,0.01,0.03,4.04,38.16,3.05,608.13,,,,,,,,,,,,,,
henderson_RB_LAR,Darrell Henderson,RB,LAR,,,,2.95,427.3,26.92,0.86,227.62,0.03,,,,,,,,,,,,,
green_WR_ARI,A.J. Green,WR,ARI,,,0.01,0.01,1.54,38.33,2.96,585.32,,,,,,,,,,,,,,
gainwell_RB_PHI,Kenneth Gainwell,RB,PHI,,,,2.6,299.5,31.31,0.86,302.53,0.73,0.61,,,,,,,,,,,,
kmet_TE_CHI,Cole Kmet,TE,CHI,,,0.01,0.02,4.47,45.43,2.95,474.85,,,,,,,,,,,,,,
osborn_WR_MIN,K.J. Osborn,WR,MIN,,,,0.02,8.03,39.31,3.4,496.44,,0.01,,,,,,,,,,,0.09,
watson_QB_CLE,Deshaun Watson,QB,CLE,9.38,1362.39,3.68,1.07,183.91,,,,0.78,0.35,,,,,,,,,,,,
watkins_WR_PHI,Quez Watkins,WR,PHI,,,0.01,,2.42,37.65,2.66,561.73,,,,,,,,,,,,,,
uzomah_TE_NYJ,C.J. Uzomah,TE,NYJ,,,0.01,,0.86,44.44,2.85,472.27,,,,,,,,,,,,,,
berrios_WR_NYJ,Braxton Berrios,WR,NYJ,,,,0.42,69.4,44.28,2.01,423.11,,0.04,,,,,,,,,,,0.06,
foreman_RB_CAR,D'Onta Foreman,RB,CAR,,,,4.24,636.19,9.68,0.46,92.89,0.02,1.24,,,,,,,,,,,,
mattison_RB_MIN,Alexander Mattison,RB,MIN,,,,3.18,403.49,24.07,0.92,199.41,,0.37,,,,,,,,,,,,
zaccheaus_WR_ATL,Olamide Zaccheaus,WR,ATL,,,0.01,0.02,3.24,37.68,2.48,545.78,,,,,,,,,,,,,0.1,
stevenson_RB_NE,Rhamondre Stevenson,RB,NE,,,,3.87,509.16,17.1,0.48,109.09,0.03,0.07,,,,,,,,,,,,
duvernay_WR_BAL,Devin Duvernay,WR,BAL,,,0.01,0.07,24.58,37.69,1.96,440.51,,0.02,,,,,,,,,,,0.97,
robinson_RB_JAX,James Robinson,RB,JAX,,,,3.18,427.96,19.39,0.49,188.03,0.05,0.49,,,,,,,,,,,,
hurst_TE_CIN,Hayden Hurst,TE,CIN,,,0.01,,1.36,37.57,3.39,418.97,,,,,,,,,,,,,,
hilliard_RB_TEN,Dontrell Hilliard,RB,TEN,,,,2.14,283.05,28.27,0.75,263.51,,0.55,,,,,,,,,,,,
edwardshelaire_RB_KC,Clyde Edwards-Helaire,RB,KC,,,,2.76,418.48,21.86,0.61,156.81,0.05,0.63,,,,,,,,,,,,
abdullah_RB_LV,Ameer Abdullah,RB,LV,,,,1.51,268.5,32.25,0.79,252.09,,0.09,,,,,,,,,,,,
johnson_RB_CLE,D'Ernest Johnson,RB,CLE,,,,2.68,383.79,17.91,0.75,168.06,,0.06,,,,,,,,,,,,
hooper_TE_TEN,Austin Hooper,TE,TEN,,,0.01,,0.88,37.34,2.4,404.77,,,,,,,,,,,,,,
edwards_RB_BAL,Gus Edwards,RB,BAL,,,,4.24,463.03,8.83,0.51,87.01,0.53,0.82,,,,,,,,,,,,
oshaughnessy_TE_CHI,James O'Shaughnessy,TE,CHI,,,0.01,,0.87,36.37,1.97,433.49,,,,,,,,,,,,,,
aliecox_TE_IND,Mo Alie-Cox,TE,IND,,,0.01,,0.95,36.62,2.46,393.73,,,,,,,,,,,,,,
arnold_TE_JAX,Dan Arnold,TE,JAX,,,,,0.51,34.57,2.51,404.64,,,,,,,,,,,,,,
coleman_RB_NYJ,Tevin Coleman,RB,NYJ,,,,2.82,462.4,13.59,0.29,106.05,,,,,,,,,,,,,,
okwuegbunam_TE_DEN,Albert Okwuegbunam,TE,DEN,,,,,0.83,36.02,2.36,386.27,,,,,,,,,,,,,,
trautman_TE_NO,Adam Trautman,TE,NO,,,0.01,,1.05,35.62,2.68,361.55,,,,,,,,,,,,,,
williams_RB_ARI,Darrel Williams,RB,ARI,,,,2.39,281.43,21.23,0.86,187.96,,,,,,,,,,,,,,
swain_WR_SEA,Freddie Swain,WR,SEA,,,0.01,0.02,8.47,29.01,2.76,394.56,,0.01,,,,,,,,,,,0.1,
moreau_TE_LV,Foster Moreau,TE,LV,,,0.01,,0.89,34.7,2.41,358.71,,,,,,,,,,,,,,
toney_WR_NYG,Kadarius Toney,WR,NYG,,,,0.07,19.93,33.14,2.06,360.06,,0.02,,,,,,,,,,,0.04,
jordan_TE_HOU,Brevin Jordan,TE,HOU,,,0.01,,1.06,32.09,2.39,352.9,,,,,,,,,,,,,,
westbrookikhine_WR_TEN,Nick Westbrook-Ikhine,WR,TEN,,,,,0.64,29.24,2.4,370.21,,,,,,,,,,,,,,
drake_RB_LV,Kenyan Drake,RB,LV,,,,1.74,266.65,22.17,0.75,155.46,0.57,0.16,,,,,,,,,,,,
guyton_WR_LAC,Jalen Guyton,WR,LAC,,,,,20.12,26.49,2.31,352.57,,0.02,,,,,,,,,,,0.1,
firkser_TE_ATL,Anthony Firkser,TE,ATL,,,,,0.73,30.82,2.18,340.29,,,,,,,,,,,,,,
wilson_WR_MIA,Ced Wilson,WR,MIA,,,,,2.08,29.12,2.26,349.9,,,,,,,,,,,,,,
moore_WR_ARI,Rondale Moore,WR,ARI,,,,0.69,102.01,28.97,0.74,293.38,,0.07,,,,,,,,,,,0.12,
raymond_WR_DET,Kalif Raymond,WR,DET,,,,0.2,24.2,26.25,2.16,341.85,,0.02,,,,,,,,,,,0.09,
proche_WR_BAL,James Proche,WR,BAL,,,,,1.26,29.3,2.32,340.43,,,,,,,,,,,,,,
reynolds_WR_DET,Josh Reynolds,WR,DET,,,,,1.38,25.23,2.26,382.76,,,,,,,,,,,,,,
treadwell_WR_JAX,Laquon Treadwell,WR,JAX,,,,,1.25,25.43,2.22,372.3,,,,,,,,,,,,,,
davis_RB_BAL,Mike Davis,RB,BAL,,,,1.72,288,21.47,0.47,126.46,0.42,0.45,,,,,,,,,,,,
bernard_RB_TB,Giovani Bernard,RB,TB,,,,1.46,234.73,21.39,0.77,182.27,,0.31,,,,,,,,,,,,
jennings_WR_SF,Jauan Jennings,WR,SF,,,,,0.76,26.73,1.86,375.86,,,,,,,,,,,,,,
smythe_TE_MIA,Durham Smythe,TE,MIA,,,0.01,0.07,17.92,30.52,1.73,315.83,,0.01,,,,,,,,,,,,
hines_RB_IND,Nyheim Hines,RB,IND,,,,0.62,96.09,27.79,0.9,249.91,,,,,,,,,,,,,0.5,
williams_RB_ATL,Damien Williams,RB,ATL,,,,1.13,153.87,26.3,0.81,214.07,,0.24,,,,,,,,,,,,
mckenzie_WR_BUF,Isaiah McKenzie,WR,BUF,,,,1.35,111.06,20.62,1.42,242.74,,0.06,,,,,,,,,,,0.17,
jones_RB_KC,Ronald Jones,RB,KC,,,,2.97,407.59,9.27,0.29,47.21,0.01,0.61,,,,,,,,,,,,
conklin_TE_NYJ,Tyler Conklin,TE,NYJ,,,,,0.59,33.38,1.55,296.36,,,,,,,,,,,,,,
scott_RB_PHI,Boston Scott,RB,PHI,,,,3.33,317.96,10.15,0.31,87.88,,0.35,,,,,,,,,,,,
beck_TE_DEN,Andrew Beck,TE,DEN,,,0.01,0.02,3.92,26.34,2.75,274.3,,,,,,,,,,,,,,
swaim_TE_TEN,Geoff Swaim,TE,TEN,,,0.01,,0.93,30.37,2.01,277.5,,,,,,,,,,,,,,
marshall_WR_CAR,Terrace Marshall Jr.,WR,CAR,,,0.01,,6.77,27.71,1.56,320.59,,0.01,,,,,,,,,,,,
akins_TE_NYG,Jordan Akins,TE,NYG,,,0.01,0.02,6.62,29.17,1.45,305.48,,0.01,,,,,,,,,,,,
deguara_TE_GB,Josiah Deguara,TE,GB,,,,,1.47,27.02,1.78,287.14,,,,,,,,,,,,,,
bowden_WR_MIA,Lynn Bowden,WR,MIA,,,,0.05,33.44,26.79,1.32,280.17,,0.03,,,,,,,,,,,,
benjamin_RB_ARI,Eno Benjamin,RB,ARI,,,,1.67,264.01,14.49,0.53,114.05,0.04,0.26,,,,,,,,,,,,
robinson_WR_LV,Demarcus Robinson,WR,LV,,,,,0.65,23.71,1.65,301.06,,,,,,,,,,,,,,
homer_RB_SEA,Travis Homer,RB,SEA,,,,1.15,159.54,17.84,0.71,180.81,0.01,0.08,,,,,,,,,,,,
hamler_WR_DEN,K.J. Hamler,WR,DEN,,,,0.28,33.65,22.43,1.49,259.29,,0.03,,,,,,,,,,,,
conley_WR_HOU,Chris Conley,WR,HOU,,,,0.01,4.76,23.7,1.62,281.62,,,,,,,,,,,,,,
slayton_WR_NYG,Darius Slayton,WR,NYG,,,,,1.95,22.58,1.24,317.15,,,,,,,,,,,,,,
tremble_TE_CAR,Tommy Tremble,TE,CAR,,,,,11.84,26.55,1.28,261.96,,0.01,,,,,,,,,,,,
higgins_WR_CAR,Rashard Higgins,WR,CAR,,,,,0.75,21.34,1.51,300.93,,,,,,,,,,,,,,
breida_RB_NYG,Matt Breida,RB,NYG,,,,1.44,245.16,14.77,0.54,114.96,,1.07,,,,,,,,,,,,
kelley_RB_LAC,Joshua Kelley,RB,LAC,,,,1.69,309.62,10.84,0.35,84.89,0.02,1.41,,,,,,,,,,,,
brown_TE_HOU,Pharaoh Brown,TE,HOU,,,0.01,,1.1,25.37,1.45,253.7,,,,,,,,,,,,,,
gaskin_RB_MIA,Myles Gaskin,RB,MIA,,,,1.36,242.92,16.93,0.21,90.36,0.03,0.49,,,,,,,,,,,,
callaway_WR_NO,Marquez Callaway,WR,NO,,,,0.05,7.57,16.87,1.8,289.82,,0.01,,,,,,,,,,,0.1,
darnold_QB_CAR,Sam Darnold,QB,CAR,4.42,891.49,3.46,0.79,59.02,,,,0.69,0.33,,,,,,,,,,,,
mccloud_WR_SF,Ray-Ray McCloud,WR,SF,,,,0.05,7.44,22,0.67,305.58,,0.01,,,,,,,,,,,,
sims_WR_WSH,Cam Sims,WR,WSH,,,,,1.91,18.7,1.6,277.18,,,,,,,,,,,,,,
patterson_RB_WSH,Jaret Patterson,RB,WSH,,,,1.95,278.2,9.36,0.3,49.02,0.03,0.2,,,,,,,,,,,,
hubbard_RB_CAR,Chuba Hubbard,RB,CAR,,,,1.58,237.65,13.01,0.28,75.68,0.04,0.33,,,,,,,,,,,,
agholor_WR_NE,Nelson Agholor,WR,NE,,,,0.03,17.97,19.09,1.69,237.04,,0.01,,,,,,,,,,,,
lewis_TE_GB,Marcedes Lewis,TE,GB,,,,,2.03,20.45,1.48,246.17,,,,,,,,,,,,,,
bryant_TE_CLE,Harrison Bryant,TE,CLE,,,,,0.65,20.95,1.57,236.13,,,,,,,,,,,,,,
lindsay_RB_IND,Phillip Lindsay,RB,IND,,,,1.59,346.87,4.82,0.19,36.62,0.02,0.27,,,,,,,,,,,,
williams_RB_CIN,Trayveon Williams,RB,CIN,,,,1.66,248.05,9.68,0.31,67.54,0.04,0.64,,,,,,,,,,,,
johnson_WR_TB,Tyler Johnson,WR,TB,,,,0.01,4.78,20.12,1.18,233.08,,0.01,,,,,,,,,,,,
gentry_TE_PIT,Zach Gentry,TE,PIT,,,,,0.62,21.59,1.31,194.86,,,,,,,,,,,,,,
miller_WR_PIT,Anthony Miller,WR,PIT,,,,0.06,11.93,17.91,1.05,224.67,,0.02,,,,,,,,,,,,
felton_RB_CLE,Demetric Felton,RB,CLE,,,,0.4,69.21,19.2,0.69,143.16,0.03,0.05,,,,,,,,,,,,
skowronek_WR_LAR,Ben Skowronek,WR,LAR,,,,0.03,4.97,17.36,1.26,211.79,,0.01,,,,,,,,,,,,
herbert_RB_CHI,Khalil Herbert,RB,CHI,,,,1.34,183.54,8.17,0.4,96.59,0.03,0.09,,,,,,,,,,,,
perriman_WR_TB,Breshad Perriman,WR,TB,,,,,10.43,15.54,1.44,208.14,,0.01,,,,,,,,,,,,
moore_WR_BAL,Jaylon Moore,WR,BAL,,,,0.01,7.49,16.75,1.32,202.82,,0.01,,,,,,,,,,,,
moss_RB_BUF,Zack Moss,RB,BUF,,,,1.42,202.43,8.63,0.34,61.79,0.01,,,,,,,,,,,,,
mcfarland_RB_PIT,Anthony McFarland,RB,PIT,,,,1.07,187.76,10.35,0.44,70.41,0.03,0.19,,,,,,,,,,,,
parham_TE_LAC,Donald Parham,TE,LAC,,,,,0.56,20.37,1.15,173.68,,,,,,,,,,,,,,
byrd_WR_ATL,Damiere Byrd,WR,ATL,,,,,0.8,16.44,1.25,205.01,,,,,,,,,,,,,,
taylor_RB_NE,J.J. Taylor,RB,NE,,,,1.69,199.5,6.45,0.22,41.66,0.03,0.19,,,,,,,,,,,0.26,
brown_WR_CHI,Equanimeous St. Brown,WR,CHI,,,,0.09,20.98,15.25,1,193.02,,0.02,,,,,,,,,,,,
sealsjones_TE_NYG,Ricky Seals-Jones,TE,NYG,,,,,0.68,19.72,0.88,180.3,,,,,,,,,,,,,,
bates_TE_WSH,John Bates,TE,WSH,,,,,0.68,16.84,1.26,180.89,,,,,,,,,,,,,,
smith_TE_NE,Jonnu Smith,TE,NE,,,,0.07,41.58,16.49,1.05,148.85,,0.03,,,,,,,,,,,,
juszczyk_RB_SF,Kyle Juszczyk,RB,SF,,,0.01,0.18,8.21,18.13,0.94,161.72,,0.05,,,,,,,,,,,,
michel_RB_MIA,Sony Michel,RB,MIA,,,,1.43,192.05,7.63,0.13,42.46,0.01,0.13,,,,,,,,,,,,
evans_RB_CIN,Chris Evans,RB,CIN,,,,0.69,101.24,13.38,0.49,93.5,0.03,0.09,,,,,,,,,,,,
grant_WR_CLE,Jakeem Grant,WR,CLE,,,,0.17,43.4,9.92,0.63,129.99,,0.03,,,,,,,,,,,1.28,
blanton_TE_LAR,Kendall Blanton,TE,LAR,,,,,0.56,16.38,1.21,158.09,,,,,,,,,,,,,,
dorsett_WR_HOU,Phillip Dorsett,WR,HOU,,,,0.12,15.12,12.7,1.06,174.49,,0.01,,,,,,,,,,,,
dissly_TE_SEA,Will Dissly,TE,SEA,,,,,0.55,15.46,1.08,162.89,,,,,,,,,,,,,,
wesley_WR_ARI,Antoine Wesley,WR,ARI,,,,,0.97,14.52,0.89,174.9,,,,,,,,,,,,,,
vannett_TE_NO,Nick Vannett,TE,NO,,,,,0.7,15.63,0.94,148.16,,,,,,,,,,,,,,
thomas_TE_CAR,Ian Thomas,TE,CAR,,,0.01,,1.01,14.91,0.86,147.28,,,,,,,,,,,,,,
boyle_TE_BAL,Nick Boyle,TE,BAL,,,0.01,,1.04,13.95,0.85,135.6,,,,,,,,,,,,,,
ham_RB_MIN,C.J. Ham,RB,MIN,,,0.01,0.08,2.05,16.45,0.64,114.49,0.04,0.01,,,,,,,,,,,,
fitzpatrick_WR_TEN,Dez Fitzpatrick,WR,TEN,,,,0.01,2.54,11.19,0.88,145.09,,,,,,,,,,,,,,
wright_TE_DET,Brock Wright,TE,DET,,,,,0.66,12.86,0.83,133.52,,,,,,,,,,,,,,
eskridge_WR_SEA,D'Wayne Eskridge,WR,SEA,,,,0.13,22.23,10.8,0.54,135.91,,0.02,,,,,,,,,,,,
griffin_TE_CHI,Ryan Griffin,TE,CHI,,,,,0.63,11.69,0.83,135.14,,,,,,,,,,,,,,
smithmarsette_WR_MIN,Ihmir Smith-Marsette,WR,MIN,,,,0.01,3.17,10.63,1.04,127.93,,,,,,,,,,,,,,
brown_WR_DAL,Noah Brown,WR,DAL,,,,,1.19,10.76,0.78,135.49,,,,,,,,,,,,,,
smith_WR_NYJ,Jeff Smith,WR,NYJ,,,,0.02,5.65,9.48,0.71,146.6,,0.01,,,,,,,,,,,,
williams_TE_ARI,Maxx Williams,TE,ARI,,,,,1.04,10.84,1.01,114.61,,,,,,,,,,,,,,
reagor_WR_PHI,Jalen Reagor,WR,PHI,,,,0.02,24.61,11.01,0.5,112.99,,0.02,,,,,,,,,,,,
smith_WR_NO,Tre'Quan Smith,WR,NO,,,,,0.76,12.3,0.74,105.09,,,,,,,,,,,,,,
pascal_WR_PHI,Zach Pascal,WR,PHI,,,,0.05,13.5,7.89,0.53,135.97,,0.01,,,,,,,,,,,,
carter_WR_LAC,DeAndre Carter,WR,LAC,,,,0.03,37.82,8.53,0.52,105.08,,0.03,,,,,,,,,,,,
hill_TE_NO,Taysom Hill,TE,NO,,,,1.14,115.48,2.98,0.36,29.11,,0.28,,,,,,,,,,,,
dalton_QB_NO,Andy Dalton,QB,NO,2.09,418.22,2.03,0.17,13.81,,,,0.62,0.11,,,,,,,,,,,,
moore_WR_CHI,David Moore,WR,CHI,,,,0.15,21.64,8.06,0.5,94.67,,0.02,,,,,,,,,,,,
hollister_TE_LV,Jacob Hollister,TE,LV,,,,,0.57,9.5,0.56,105.2,,,,,,,,,,,,,,
sweeney_TE_BUF,Tommy Sweeney,TE,BUF,,,,,0.71,9.71,0.67,93.73,,,,,,,,,,,,,,
ward_WR_PHI,Greg Ward,WR,PHI,,,,,1.9,7.85,0.52,114.08,,,,,,,,,,,,,0.08,
huntley_QB_BAL,Tyler Huntley,QB,BAL,1.55,323.51,1.54,0.48,34.28,,,,0.49,0.19,,,,,,,,,,,,
dulin_WR_IND,Ashton Dulin,WR,IND,,,,0.11,21.24,5.89,0.59,96.7,,0.02,,,,,,,,,,,0.16,
newsome_WR_CHI,Dazz Newsome,WR,CHI,,,,0.03,4.93,7.69,0.56,102.64,,0.01,,,,,,,,,,,0.1,
siemian_QB_CHI,Trevor Siemian,QB,CHI,2.02,434.46,2.42,0.13,2.1,,,,0.53,0.08,,,,,,,,,,,,
wallace_WR_BAL,Tylan Wallace,WR,BAL,,,,,0.95,8.85,0.61,98.69,,,,,,,,,,,,,,
nwangwu_RB_MIN,Kene Nwangwu,RB,MIN,,,,0.67,85.31,5.69,0.22,27.3,0.04,0.11,,,,,,,,,,,,
wilson_RB_SF,Jeff Wilson,RB,SF,,,,0.73,104.56,3.95,0.16,29,0.02,0.33,,,,,,,,,,,,
sargent_RB_JAX,Mekhi Sargent,RB,JAX,,,,0.64,98.55,4.94,0.15,24.24,0.04,0.12,,,,,,,,,,,,
funk_RB_LAR,Jake Funk,RB,LAR,,,,0.57,72.47,5.14,0.27,39.52,0.04,0.1,,,,,,,,,,,,
rodgers_TE_PHI,Richard Rodgers,TE,PHI,,,,,0.67,5.96,0.87,98.04,,,,,,,,,,,,,,
wilkins_RB_TEN,Jordan Wilkins,RB,TEN,,,,0.33,55.67,5.64,0.25,48.06,0.63,,,,,,,,,,,,,
brightwell_RB_NYG,Gary Brightwell,RB,NYG,,,,0.52,68.38,4.82,0.2,47.53,0.05,0.09,,,,,,,,,,,,
nall_RB_DAL,Ryan Nall,RB,DAL,,,,0.23,31.13,7.26,0.36,66.12,0.03,0.03,,,,,,,,,,,,
hopkins_TE_LAR,Brycen Hopkins,TE,LAR,,,,,0.56,8.49,0.72,75.71,,,,,,,,,,,,,,
evans_RB_CHI,Darrynton Evans,RB,CHI,,,,0.49,62.47,6.31,0.2,37.91,0.03,0.08,,,,,,,,,,,,
boone_RB_DEN,Mike Boone,RB,DEN,,,,0.63,82.28,4,0.2,30.49,0.03,0.05,,,,,,,,,,,,
zylstra_WR_CAR,Brandon Zylstra,WR,CAR,,,,,0.98,6.87,0.58,95.84,,,,,,,,,,,,,,
jones_RB_NO,Tony Jones,RB,NO,,,,0.44,94.25,3.91,0.12,33.11,0.02,0.06,,,,,,,,,,,,
hollins_WR_LV,Mack Hollins,WR,LV,,,,,0.84,5.68,0.58,105.38,,,,,,,,,,,,,,
shaheen_TE_MIA,Adam Shaheen,TE,MIA,,,,,0.74,7.15,0.64,84.58,,,,,,,,,,,,,,
board_WR_NYG,C.J. Board,WR,NYG,,,,0.04,12.39,5.41,0.49,93.94,,0.01,,,,,,,,,,,,
gray_TE_KC,Noah Gray,TE,KC,,,,,0.63,9.33,0.56,63.7,,,,,,,,,,,,,,
rodgers_WR_GB,Amari Rodgers,WR,GB,,,,0.03,8.37,5.1,0.44,96.66,,0.01,,,,,,,,,,,0.12,
thompson_RB_SEA,Darwin Thompson,RB,SEA,,,,0.55,75.58,3.77,0.18,28.83,0.03,0.14,,,,,,,,,,,0.09,
mckitty_TE_LAC,Tre' McKitty,TE,LAC,,,,,0.62,7.73,0.58,74.22,,,,,,,,,,,,,,
granson_TE_IND,Kylen Granson,TE,IND,,,,,0.62,6.55,0.65,80.64,,,,,,,,,,,,,,
montgomery_WR_NE,Ty Montgomery,WR,NE,,,,0.35,36.74,5.03,0.13,66.15,,0.01,,,,,,,,,,,,
ralston_RB_DAL,Nick Ralston,RB,DAL,,,,,0.97,7.76,0.58,66.86,,,,,,,,,,,,,,
dafney_TE_GB,Dominique Dafney,TE,GB,,,,,0.76,6.38,0.6,79.48,,,,,,,,,,,,,,
love_QB_GB,Jordan Love,QB,GB,0.82,319.02,1.63,0.27,0.69,,,,1.83,0.1,,,,,,,,,,,,
sample_TE_CIN,Drew Sample,TE,CIN,,,,,0.68,8.07,0.54,63.27,,,,,,,,,,,,,,
harry_WR_CHI,N'Keal Harry,WR,CHI,,,,,1.04,5.74,0.45,91.29,,,,,,,,,,,,,,
garoppolo_QB_SF,Jimmy Garoppolo,QB,SF,1.12,381.54,1.65,0.08,0.94,,,,0.34,0.07,,,,,,,,,,,,
brown_WR_WSH,Dyami Brown,WR,WSH,,,,,2.6,3.27,0.47,101.74,,,,,,,,,,,,,0.12,
roberts_WR_CAR,Andre Roberts,WR,CAR,,,,0.08,31.94,1.9,0.19,62.4,,0.02,,,,,,,,,,,0.67,
thomas_WR_CIN,Mike Thomas,WR,CIN,,,,,1.37,6.19,0.44,79.01,,,,,,,,,,,,,,
hasty_RB_SF,JaMycal Hasty,RB,SF,,,,0.1,3.47,7.38,0.29,64.99,0.02,0.01,,,,,,,,,,,,
ricard_RB_BAL,Patrick Ricard,RB,BAL,,,,0.06,3.54,8.44,0.33,49.81,0.05,0.02,,,,,,,,,,,,
anderson_TE_ARI,Stephen Anderson,TE,ARI,,,,,0.66,5.56,0.6,69.33,,,,,,,,,,,,,,
stanton_RB_CLE,Johnny Stanton,RB,CLE,,,,0.43,49.67,4.93,0.2,23.56,0.05,0.07,,,,,,,,,,,,
oliver_TE_BAL,Josh Oliver,TE,BAL,,,,,0.67,5.32,0.58,69.69,,,,,,,,,,,,,,
howard_TE_BUF,O.J. Howard,TE,BUF,,,,,0.7,5.41,0.58,65.69,,,,,,,,,,,,,,
reynolds_RB_DET,Craig Reynolds,RB,DET,,,,0.38,68.05,3.03,0.11,25,0.01,0.06,,,,,,,,,,,,
parkinson_TE_SEA,Colby Parkinson,TE,SEA,,,,,0.51,5.62,0.48,64.17,,,,,,,,,,,,,,
davidson_TE_MIN,Zach Davidson,TE,MIN,,,,,0.99,5.75,0.55,56.08,,,,,,,,,,,,,,
turner_WR_SF,Malik Turner,WR,SF,,,,,0.94,4.17,0.39,78.45,,,,,,,,,,,,,,
washington_RB_NO,Dwayne Washington,RB,NO,,,,0.07,6.64,6.23,0.24,54.92,,,,,,,,,,,,,,
horsted_TE_LV,Jesper Horsted,TE,LV,,,,,0.67,5.08,0.52,59.77,,,,,,,,,,,,,,
hudson_TE_TEN,Tommy Hudson,TE,TEN,,,,,0.69,5.62,0.48,55.17,,,,,,,,,,,,,,
eubanks_TE_CIN,Nick Eubanks,TE,CIN,,,,,0.82,6,0.51,48.09,,,,,,,,,,,,,,
williams_RB_IND,Ty'Son Williams,RB,IND,,,,0.34,54.48,2.98,0.2,22.66,0.04,0.03,,,,,,,,,,,,
crockett_RB_DEN,Damarea Crockett,RB,DEN,,,,0.17,14.72,4.72,0.23,46.68,0.05,0.03,,,,,,,,,,,0.1,
gilliam_TE_BUF,Reggie Gilliam,TE,BUF,,,,0.06,4.71,7.11,0.25,42.38,0.04,0.01,,,,,,,,,,,,
minshew_QB_PHI,Gardner Minshew,QB,PHI,1.22,184.31,0.84,0.12,4.39,,,,1.06,0.09,,,,,,,,,,,,
reed_WR_LAC,Joe Reed,WR,LAC,,,,0.01,34.91,2.7,0.23,56.89,,0.03,,,,,,,,,,,,
bell_TE_KC,Blake Bell,TE,KC,,,,,8.38,4.54,0.48,49.83,,0.01,,,,,,,,,,,,
hoyer_QB_NE,Brian Hoyer,QB,NE,0.89,275.55,1.37,0.23,1.18,,,,,0.16,,,,,,,,,,,,
gabbert_QB_TB,Blaine Gabbert,QB,TB,0.9,257.69,1.27,0.17,0.75,,,,0.26,0.04,,,,,,,,,,,,
jackson_TE_PHI,Tyree Jackson,TE,PHI,,,,,0.7,5.23,0.36,49.87,,,,,,,,,,,,,,
myarick_TE_NYG,Chris Myarick,TE,NYG,,,,,0.68,3.63,0.44,58.7,,,,,,,,,,,,,,
cabinda_RB_DET,Jason Cabinda,RB,DET,,,,0.08,4.85,6.25,0.19,34.86,0.04,0.01,,,,,,,,,,,,
cannon_RB_TEN,Trenton Cannon,RB,TEN,,,,0.03,0.29,4.35,0.25,46.91,,,,,,,,,,,,,0.16,
heinicke_QB_WSH,Taylor Heinicke,QB,WSH,0.99,215.2,1.51,0.19,0.46,,,,0.47,0.05,,,,,,,,,,,,
bridgewater_QB_MIA,Teddy Bridgewater,QB,MIA,0.8,203.09,1.08,0.18,2.47,,,,0.43,0.12,,,,,,,,,,,,
smith_RB_ATL,Keith Smith,RB,ATL,,,,0.1,7.74,5.23,0.26,29.39,0.01,0.01,,,,,,,,,,,,
darden_WR_TB,Jaelon Darden,WR,TB,,,,0.01,4.14,2.92,0.25,53.22,,,,,,,,,,,,,0.12,
blasingame_RB_CHI,Khari Blasingame,RB,CHI,,,,0.11,10.01,4.57,0.23,32.61,0.04,0.03,,,,,,,,,,,,
allen_QB_CIN,Brandon Allen,QB,CIN,0.72,207.77,1.07,0.12,0.74,,,,0.53,0.1,,,,,,,,,,,,
rush_QB_DAL,Cooper Rush,QB,DAL,0.81,187.79,0.94,0.17,0.32,,,,0.51,0.14,,,,,,,,,,,,
ellefson_TE_MIN,Ben Ellefson,TE,MIN,,,,,0.75,4.76,0.37,34.03,,,,,,,,,,,,,,
quessenberry_TE_HOU,Paul Quessenberry,TE,HOU,,,,,1.19,3.6,0.41,41.84,,,,,,,,,,,,,,
dwelley_TE_SF,Ross Dwelley,TE,SF,,,,,0.85,2.83,0.41,47.02,,,,,,,,,,,,,,
keenum_QB_BUF,Case Keenum,QB,BUF,0.63,194.76,0.91,0.13,0.59,,,,0.45,0.12,,,,,,,,,,,,
mccoy_QB_ARI,Colt McCoy,QB,ARI,0.57,191.77,0.81,0.15,1.1,,,,0.34,0.05,,,,,,,,,,,,
lovett_QB_MIA,John Lovett,QB,MIA,,,,0.05,37.26,1.78,0.29,22.03,,0.03,,,,,,,,,,,,
beathard_QB_JAX,C.J. Beathard,QB,JAX,0.6,184.6,0.86,0.12,0.21,,,,0.47,0.04,,,,,,,,,,,,
burton_RB_KC,Michael Burton,RB,KC,,,,0.28,28.09,3.16,0.17,10.06,0.01,0.03,,,,,,,,,,,,
bradley_WR_CLE,Ja'Marcus Bradley,WR,CLE,,,,,1.46,1.8,0.24,62.07,,,,,,,,,,,,,,
watt_RB_PIT,Derek Watt,RB,PIT,,,,0.13,12.6,4.01,0.2,19.14,0.01,0.01,,,,,,,,,,,,
mcmath_WR_TEN,Racey McMath,WR,TEN,,,,,0.67,2.93,0.18,50.55,,,,,,,,,,,,,,
boykin_WR_PIT,Miles Boykin,WR,PIT,,,,,1.53,2.67,0.23,48.87,,,,,,,,,,,,,,
stoll_TE_PHI,Jack Stoll,TE,PHI,,,,,0.64,4.41,0.32,26.76,,,,,,,,,,,,,,
rypien_QB_DEN,Brett Rypien,QB,DEN,0.61,172.45,1.24,0.16,1.28,,,,0.56,0.12,,,,,,,,,,,,
taylor_QB_NYG,Tyrod Taylor,QB,NYG,0.75,154.06,0.93,0.13,1.13,,,,0.28,0.01,,,,,,,,,,,,
auclair_TE_HOU,Antony Auclair,TE,HOU,,,,,0.72,2.83,0.38,34.9,,,,,,,,,,,,,,
boyle_QB_DET,Tim Boyle,QB,DET,0.78,188,1.7,0.11,0.86,,,,0.38,0.09,,,,,,,,,,,,
manhertz_TE_JAX,Chris Manhertz,TE,JAX,,,,,0.62,2.89,0.36,34.62,,,,,,,,,,,,,,
flacco_QB_NYJ,Joe Flacco,QB,NYJ,0.6,151.73,0.77,0.09,1.26,,,,0.56,0.08,,,,,,,,,,,,
mannion_QB_MIN,Sean Mannion,QB,MIN,0.65,168.85,1.15,0.12,1.89,,,,0.39,0.11,,,,,,,,,,,,
quinn_WR_DEN,Trey Quinn,WR,DEN,,,,0.01,2.62,2.78,0.12,45.23,,,,,,,,,,,,,,
johnson_RB_LV,Jakob Johnson,RB,LV,,,,0.02,2.24,4.54,0.2,21.07,0.05,,,,,,,,,,,,,
janovich_RB_HOU,Andy Janovich,RB,HOU,,,,0.03,0.08,4.05,0.2,27.14,0.01,,,,,,,,,,,,,
fountain_WR_KC,Daurice Fountain,WR,KC,,,,,1.59,2.25,0.18,46.59,,,,,,,,,,,,,,
wolford_QB_LAR,John Wolford,QB,LAR,0.52,146.49,1.05,0.18,0.28,,,,0.56,0.06,,,,,,,,,,,,
sokol_TE_NE,Matt Sokol,TE,NE,,,,,0.95,2.54,0.36,31.02,,,,,,,,,,,,,,
henne_QB_KC,Chad Henne,QB,KC,0.54,151.17,0.75,0.16,0.12,,,,0.22,0.16,,,,,,,,,,,,
sherfield_WR_MIA,Trent Sherfield,WR,MIA,,,,,1.23,1.88,0.15,47.87,,,,,,,,,,,,,,
slater_WR_NE,Matthew Slater,WR,NE,,,,,2.06,0.62,0.14,59.54,,,,,,,,,,,,,,
sullivan_TE_CAR,Stephen Sullivan,TE,CAR,,,,,0.74,2.43,0.35,28.27,,,,,,,,,,,,,,
johnson_WR_MIN,Bisi Johnson,WR,MIN,,,,,0.53,2.07,0.21,39.84,,,,,,,,,,,,,,
powell_WR_LAR,Brandon Powell,WR,LAR,,,,0.01,2.65,1.44,0.12,46.59,,,,,,,,,,,,,,
ricci_TE_CAR,Giovanni Ricci,TE,CAR,,,,0.09,5.05,3.47,0.16,14.03,0.05,0.01,,,,,,,,,,,,
moss_TE_CIN,Thaddeus Moss,TE,CIN,,,,,0.66,3.17,0.3,18.89,,,,,,,,,,,,,,
taylor_WR_CIN,Trent Taylor,WR,CIN,,,,,3.52,1.43,0.14,40.9,,,,,,,,,,,,,0.03,
winston_WR_NO,Easop Winston,WR,NO,,,,0.03,4.63,1.63,0.14,36.29,,,,,,,,,,,,,,
mckeon_TE_DAL,Sean McKeon,TE,DAL,,,,,0.8,2.39,0.33,21.38,,,,,,,,,,,,,,
mullens_QB_LV,Nick Mullens,QB,LV,0.35,80.51,0.52,0.07,0.05,,,,1.34,0.05,,,,,,,,,,,,
saubert_TE_DEN,Eric Saubert,TE,DEN,,,,,0.65,1.92,0.32,26.22,,,,,,,,,,,,,,
daniel_QB_LAC,Chase Daniel,QB,LAC,0.48,142.53,0.82,0.06,0.03,,,,0.13,0.04,,,,,,,,,,,,
miller_WR_TB,Scott Miller,WR,TB,,,,0.04,7.81,1.74,0.16,26.38,,0.01,,,,,,,,,,,,
webster_WR_CHI,Nsimba Webster,WR,CHI,,,,0.01,2.59,,0.09,51.39,,,,,,,,,,,,,,
woerner_TE_SF,Charlie Woerner,TE,SF,,,,,0.7,1.66,0.31,22.29,,,,,,,,,,,,,,
tate_WR_ATL,Auden Tate,WR,ATL,,,,,0.72,1.8,0.15,29.49,,,,,,,,,,,,,,
carter_TE_TEN,Tory Carter,TE,TEN,,,,0.07,2.93,3.01,0.15,9.28,0.05,0.01,,,,,,,,,,,,
reyes_TE_WSH,Sammis Reyes,TE,WSH,,,,,0.71,1.25,0.29,23.49,,,,,,,,,,,,,,
wesco_TE_NYJ,Trevon Wesco,TE,NYJ,,,,,0.8,1.61,0.28,17.8,,,,,,,,,,,,,,
nabers_RB_LAC,Gabe Nabers,RB,LAC,,,,0.09,9.24,2.22,0.12,5.91,0.03,0.01,,,,,,,,,,,,
benson_WR_DET,Trinity Benson,WR,DET,,,,,0.18,1.76,0.11,21.42,,,,,,,,,,,,,,
isabella_WR_ARI,Andy Isabella,WR,ARI,,,,,1.45,0.39,0.09,34.62,,,,,,,,,,,,,,
bargas_RB_MIN,Jake Bargas,RB,MIN,,,,0.06,2.69,2.21,0.12,4.86,0.04,0.01,,,,,,,,,,,,
stidham_QB_LV,Jarrett Stidham,QB,LV,0.22,73.8,0.74,0.11,1.84,,,,0.32,0.08,,,,,,,,,,,,
allen_QB_HOU,Kyle Allen,QB,HOU,0.21,34.09,0.32,0.1,0.44,,,,0.53,0.07,,,,,,,,,,,,
johnson_WR_NO,Juwan Johnson,WR,NO,,,,,0.08,0.98,0.07,9.29,,,,,,,,,,,,,,
williams_WR_DEN,Seth Williams,WR,DEN,,,,,0.53,0.67,0.06,11.11,,,,,,,,,,,,,,
hokit_RB_SF,Josh Hokit,RB,SF,,,,0.03,2.2,0.87,0.04,5.27,0.01,,,,,,,,,,,,,
gordon_WR_KC,Josh Gordon,WR,KC,,,,,0.05,0.56,0.05,6.94,,,,,,,,,,,,,,
erickson_WR_WSH,Alex Erickson,WR,WSH,,,,,0.24,0.39,0.04,8.14,,,,,,,,,,,,,,
milne_WR_WSH,Dax Milne,WR,WSH,,,,,0.88,0.42,0.03,6.56,,,,,,,,,,,,,,
atwell_WR_LAR,Tutu Atwell,WR,LAR,,,,,1.21,,0.02,10.07,,,,,,,,,,,,,,
walker_QB_CAR,P.J. Walker,QB,CAR,0.04,20.46,0.12,0.03,0.04,,,,0.08,0.02,,,,,,,,,,,,
fulgham_WR_DEN,Travis Fulgham,WR,DEN,,,,,0.05,0.2,0.02,5.16,,,,,,,,,,,,,,
tomlinson_TE_DEN,Eric Tomlinson,TE,DEN,,,,,0.04,0.01,0.01,,,,,,,,,,,,,,,
abram_WR_NYJ,Keshunn Abram,WR,NYJ,,,,,,,,,,,,,,,,,,,,,,
adams_WR_NYJ,Rodney Adams,WR,NYJ,,,,,,,,,,,,,,,,,,,,,,
ahmed_RB_MIA,Salvon Ahmed,RB,MIA,,,,,,,,,,,,,,,,,,,,,,
akers_WR_LAR,Landen Akers,WR,LAR,,,,,,,,,,,,,,,,,,,,,,
allen_TE_CHI,Chase Allen,TE,CHI,,,,,,,,,,,,,,,,,,,,,,
allen_WR_PHI,Devon Allen,WR,PHI,,,,,,,,,,,,,,,,,,,,,,
allgeier_RB_ATL,Tyler Allgeier,RB,ATL,,,,,,,,,,,,,,,,,,,,,,
anderson_RB_HOU,Darius Anderson,RB,HOU,,,,,,,,,,,,,,,,,,,,,,
arcegawhiteside_WR_PHI,J.J. Arcega-Whiteside,WR,PHI,,,,,,,,,,,,,,,,,,,,,,
armah_RB_WSH,Alex Armah,RB,WSH,,,,,,,,,,,,,,,,,,,,,,
armstead_RB_JAX,Ryquell Armstead,RB,JAX,,,,,,,,,,,,,,,,,,,,,,
asiasi_TE_NE,Devin Asiasi,TE,NE,,,,,,,,,,,,,,,,,,,,,,
austin_WR_PIT,Calvin Austin III,WR,PIT,,,,,,,,,,,,,,,,,,,,,,
baccellia_WR_ARI,Andre Baccellia,WR,ARI,,,,,,,,,,,,,,,,,,,,,,
bachman_WR_NYG,Alex Bachman,WR,NYG,,,,,,,,,,,,,,,,,,,,,,
badie_RB_BAL,Tyler Badie,RB,BAL,,,,,,,,,,,,,,,,,,,,,,
baker_WR_NO,Kawaan Baker,WR,NO,,,,,,,,,,,,,,,,,,,,,,
bandy_WR_LAC,Michael Bandy,WR,LAC,,,,,,,,,,,,,,,,,,,,,,
barkley_QB_BUF,Matt Barkley,QB,BUF,,,,,,,,,,,,,,,,,,,,,,
barner_RB_TB,Kenjon Barner,RB,TB,,,,,,,,,,,,,,,,,,,,,,
bawden_RB_NYJ,Nick Bawden,RB,NYJ,,,,,,,,,,,,,,,,,,,,,,
bayless_WR_KC,Omar Bayless,WR,KC,,,,,,,,,,,,,,,,,,,,,,
baylor_RB_GB,B.J. Baylor,RB,GB,,,,,,,,,,,,,,,,,,,,,,
bell_WR_CLE,David Bell,WR,CLE,,,,,,,,,,,,,,,,,,,,,,
bellinger_TE_NYG,Daniel Bellinger,TE,NYG,,,,,,,,,,,,,,,,,,,,,,
bellore_RB_SEA,Nick Bellore,RB,SEA,,,,,,,,,,,,,,,,,,,,,,
black_WR_NYJ,Tarik Black,WR,NYJ,,,,,,,,,,,,,,,,,,,,,,
blough_QB_DET,David Blough,QB,DET,,,,,,,,,,,,,,,,,,,,,,
bolden_RB_LV,Brandon Bolden,RB,LV,,,,,,,,,,,,,,,,,,,,,,
bolden_WR_BAL,Slade Bolden,WR,BAL,,,,,,,,,,,,,,,,,,,,,,
bonnafon_RB_WSH,Reggie Bonnafon,RB,WSH,,,,,,,,,,,,,,,,,,,,,,
book_QB_NO,Ian Book,QB,NO,,,,,,,,,,,,,,,,,,,,,,
bowers_TE_LV,Nick Bowers,TE,LV,,,,,,,,,,,,,,,,,,,,,,
bradwell_RB_CAR,Darius Bradwell,RB,CAR,,,,,,,,,,,,,,,,,,,,,,
brewer_TE_SEA,Cade Brewer,TE,SEA,,,,,,,,,,,,,,,,,,,,,,
brooks_RB_PHI,Kennedy Brooks,RB,PHI,,,,,,,,,,,,,,,,,,,,,,
brown_RB_LV,Brittain Brown,RB,LV,,,,,,,,,,,,,,,,,,,,,,
brown_RB_CAR,Spencer Brown,RB,CAR,,,,,,,,,,,,,,,,,,,,,,
browning_QB_CIN,Jake Browning,QB,CIN,,,,,,,,,,,,,,,,,,,,,,
buechele_QB_KC,Shane Buechele,QB,KC,,,,,,,,,,,,,,,,,,,,,,
bunting_TE_DAL,Ian Bunting,TE,DAL,,,,,,,,,,,,,,,,,,,,,,
burks_WR_TEN,Treylon Burks,WR,TEN,,,,,,,,,,,,,,,,,,,,,,
bushman_TE_KC,Matt Bushman,TE,KC,,,,,,,,,,,,,,,,,,,,,,
cager_WR_NYJ,Lawrence Cager,WR,NYJ,,,,,,,,,,,,,,,,,,,,,,
cain_WR_PHI,Deon Cain,WR,PHI,,,,,,,,,,,,,,,,,,,,,,
calais_RB_LAR,Raymond Calais,RB,LAR,,,,,,,,,,,,,,,,,,,,,,
calcaterra_TE_PHI,Grant Calcaterra,TE,PHI,,,,,,,,,,,,,,,,,,,,,,
camp_WR_HOU,Jalen Camp,WR,HOU,,,,,,,,,,,,,,,,,,,,,,
carson_RB_SEA,Chris Carson,RB,SEA,,,,,,,,,,,,,,,,,,,,,,
carter_RB_MIA,Cethan Carter,RB,MIA,,,,,,,,,,,,,,,,,,,,,,
cephus_WR_DET,Quintez Cephus,WR,DET,,,,,,,,,,,,,,,,,,,,,,
chandler_RB_MIN,Ty Chandler,RB,MIN,,,,,,,,,,,,,,,,,,,,,,
charles_WR_NYJ,Irvin Charles,WR,NYJ,,,,,,,,,,,,,,,,,,,,,,
chisena_WR_MIN,Dan Chisena,WR,MIN,,,,,,,,,,,,,,,,,,,,,,
cleveland_WR_DEN,Tyrie Cleveland,WR,DEN,,,,,,,,,,,,,,,,,,,,,,
coleman_WR_KC,Corey Coleman,WR,KC,,,,,,,,,,,,,,,,,,,,,,
conner_RB_JAX,Snoop Conner,RB,JAX,,,,,,,,,,,,,,,,,,,,,,
cook_RB_BUF,James Cook,RB,BUF,,,,,,,,,,,,,,,,,,,,,,
corbin_RB_NYG,Jashaun Corbin,RB,NYG,,,,,,,,,,,,,,,,,,,,,,
core_WR_MIA,Cody Core,WR,MIA,,,,,,,,,,,,,,,,,,,,,,
corral_QB_CAR,Matt Corral,QB,CAR,,,,,,,,,,,,,,,,,,,,,,
cotton_WR_JAX,Jeff Cotton,WR,JAX,,,,,,,,,,,,,,,,,,,,,,
cottrell_RB_JAX,Nathan Cottrell,RB,JAX,,,,,,,,,,,,,,,,,,,,,,
coulter_WR_CHI,Isaiah Coulter,WR,CHI,,,,,,,,,,,,,,,,,,,,,,
coutee_WR_IND,Keke Coutee,WR,IND,,,,,,,,,,,,,,,,,,,,,,
covey_WR_PHI,Britain Covey,WR,PHI,,,,,,,,,,,,,,,,,,,,,,
cracraft_WR_MIA,River Cracraft,WR,MIA,,,,,,,,,,,,,,,,,,,,,,
dallas_RB_SEA,DeeJay Dallas,RB,SEA,,,,,,,,,,,,,,,,,,,,,,
darby_WR_ATL,Frank Darby,WR,ATL,,,,,,,,,,,,,,,,,,,,,,
davis_WR_GB,Danny Davis,WR,GB,,,,,,,,,,,,,,,,,,,,,,
davis_WR_HOU,Davion Davis,WR,HOU,,,,,,,,,,,,,,,,,,,,,,
davis_TE_GB,Tyler Davis,TE,GB,,,,,,,,,,,,,,,,,,,,,,
davisprice_RB_SF,Tyrion Davis-Price,RB,SF,,,,,,,,,,,,,,,,,,,,,,
dedmon_WR_MIA,DeVonte Dedmon,WR,MIA,,,,,,,,,,,,,,,,,,,,,,
dillon_TE_NO,Brandon Dillon,TE,NO,,,,,,,,,,,,,,,,,,,,,,
dinucci_QB_DAL,Ben DiNucci,QB,DAL,,,,,,,,,,,,,,,,,,,,,,
dixon_WR_NO,Dai'Jean Dixon,WR,NO,,,,,,,,,,,,,,,,,,,,,,
doaks_RB_MIA,Gerrid Doaks,RB,MIA,,,,,,,,,,,,,,,,,,,,,,
dobbs_QB_CLE,Joshua Dobbs,QB,CLE,,,,,,,,,,,,,,,,,,,,,,
dortch_WR_ARI,Greg Dortch,WR,ARI,,,,,,,,,,,,,,,,,,,,,,
dotson_WR_WSH,Jahan Dotson,WR,WSH,,,,,,,,,,,,,,,,,,,,,,
doubs_WR_GB,Romeo Doubs,WR,GB,,,,,,,,,,,,,,,,,,,,,,
dowdle_RB_DAL,Rico Dowdle,RB,DAL,,,,,,,,,,,,,,,,,,,,,,
driskel_QB_HOU,Jeff Driskel,QB,HOU,,,,,,,,,,,,,,,,,,,,,,
dulcich_TE_DEN,Greg Dulcich,TE,DEN,,,,,,,,,,,,,,,,,,,,,,
durant_RB_PIT,Mataeo Durant,RB,PIT,,,,,,,,,,,,,,,,,,,,,,
ealy_RB_KC,Jerrion Ealy,RB,KC,,,,,,,,,,,,,,,,,,,,,,
eason_QB_SEA,Jacob Eason,QB,SEA,,,,,,,,,,,,,,,,,,,,,,
ebner_RB_CHI,Trestan Ebner,RB,CHI,,,,,,,,,,,,,,,,,,,,,,
edmunds_RB_PIT,Trey Edmunds,RB,PIT,,,,,,,,,,,,,,,,,,,,,,
ehlinger_QB_IND,Sam Ehlinger,QB,IND,,,,,,,,,,,,,,,,,,,,,,
ellis_TE_ARI,Alex Ellis,TE,ARI,,,,,,,,,,,,,,,,,,,,,,
etling_QB_GB,Danny Etling,QB,GB,,,,,,,,,,,,,,,,,,,,,,
ezukanma_WR_MIA,Erik Ezukanma,WR,MIA,,,,,,,,,,,,,,,,,,,,,,
ezzard_WR_WSH,Jequez Ezzard,WR,WSH,,,,,,,,,,,,,,,,,,,,,,
farrell_TE_JAX,Luke Farrell,TE,JAX,,,,,,,,,,,,,,,,,,,,,,
fehoko_WR_DAL,Simi Fehoko,WR,DAL,,,,,,,,,,,,,,,,,,,,,,
ferguson_TE_DAL,Jake Ferguson,TE,DAL,,,,,,,,,,,,,,,,,,,,,,
ffrench_WR_LAC,Maurice Ffrench,WR,LAC,,,,,,,,,,,,,,,,,,,,,,
finke_WR_CHI,Chris Finke,WR,CHI,,,,,,,,,,,,,,,,,,,,,,
fitzpatrick_TE_ATL,John FitzPatrick,TE,ATL,,,,,,,,,,,,,,,,,,,,,,
ford_RB_CLE,Jerome Ford,RB,CLE,,,,,,,,,,,,,,,,,,,,,,
forristall_TE_CLE,Miller Forristall,TE,CLE,,,,,,,,,,,,,,,,,,,,,,
fortson_WR_KC,Jody Fortson,WR,KC,,,,,,,,,,,,,,,,,,,,,,
foster_WR_NYG,Robert Foster,WR,NYG,,,,,,,,,,,,,,,,,,,,,,
franks_QB_ATL,Feleipe Franks,QB,ATL,,,,,,,,,,,,,,,,,,,,,,
franks_TE_KC,Jordan Franks,TE,KC,,,,,,,,,,,,,,,,,,,,,,
freeman_RB_HOU,Royce Freeman,RB,HOU,,,,,,,,,,,,,,,,,,,,,,
fuller_WR_SEA,Aaron Fuller,WR,SEA,,,,,,,,,,,,,,,,,,,,,,
gafford_WR_GB,Rico Gafford,WR,GB,,,,,,,,,,,,,,,,,,,,,,
gandygolden_WR_WSH,Antonio Gandy-Golden,WR,WSH,,,,,,,,,,,,,,,,,,,,,,
gentry_WR_BUF,Tanner Gentry,WR,BUF,,,,,,,,,,,,,,,,,,,,,,
goodson_RB_GB,Tyler Goodson,RB,GB,,,,,,,,,,,,,,,,,,,,,,
gore_RB_KC,Derrick Gore,RB,KC,,,,,,,,,,,,,,,,,,,,,,
gray_WR_SF,Danny Gray,WR,SF,,,,,,,,,,,,,,,,,,,,,,
grayson_WR_TB,Cyril Grayson,WR,TB,,,,,,,,,,,,,,,,,,,,,,
grier_QB_DAL,Will Grier,QB,DAL,,,,,,,,,,,,,,,,,,,,,,
griffin_TE_DET,Garrett Griffin,TE,DET,,,,,,,,,,,,,,,,,,,,,,
griffin_QB_TB,Ryan Griffin,QB,TB,,,,,,,,,,,,,,,,,,,,,,
gunter_TE_JAX,Grayson Gunter,TE,JAX,,,,,,,,,,,,,,,,,,,,,,
hall_RB_NYJ,Breece Hall,RB,NYJ,,,,,,,,,,,,,,,,,,,,,,
hammond_WR_PHI,Josh Hammond,WR,PHI,,,,,,,,,,,,,,,,,,,,,,
harmon_WR_WSH,Kelvin Harmon,WR,WSH,,,,,,,,,,,,,,,,,,,,,,
harris_WR_IND,De'Michael Harris,WR,IND,,,,,,,,,,,,,,,,,,,,,,
harris_TE_LAR,Jacob Harris,TE,LAR,,,,,,,,,,,,,,,,,,,,,,
hart_WR_SEA,Penny Hart,WR,SEA,,,,,,,,,,,,,,,,,,,,,,
harty_WR_NO,Deonte Harty,WR,NO,,,,,,,,,,,,,,,,,,,,,,
haskins_RB_TEN,Hassan Haskins,RB,TEN,,,,,,,,,,,,,,,,,,,,,,
hesse_TE_ATL,Parker Hesse,TE,ATL,,,,,,,,,,,,,,,,,,,,,,
heyward_TE_PIT,Connor Heyward,TE,PIT,,,,,,,,,,,,,,,,,,,,,,
hightower_WR_PHI,John Hightower,WR,PHI,,,,,,,,,,,,,,,,,,,,,,
hill_RB_BAL,Justice Hill,RB,BAL,,,,,,,,,,,,,,,,,,,,,,
hill_RB_GB,Kylin Hill,RB,GB,,,,,,,,,,,,,,,,,,,,,,
hinton_WR_DEN,Kendall Hinton,WR,DEN,,,,,,,,,,,,,,,,,,,,,,
hodge_WR_ATL,KhaDarel Hodge,WR,ATL,,,,,,,,,,,,,,,,,,,,,,
hodges_TE_WSH,Curtis Hodges,TE,WSH,,,,,,,,,,,,,,,,,,,,,,
hodgins_WR_BUF,Isaiah Hodgins,WR,BUF,,,,,,,,,,,,,,,,,,,,,,
hogan_QB_HOU,Kevin Hogan,QB,HOU,,,,,,,,,,,,,,,,,,,,,,
hollister_WR_TEN,Cody Hollister,WR,TEN,,,,,,,,,,,,,,,,,,,,,,
holtz_TE_NO,J.P. Holtz,TE,NO,,,,,,,,,,,,,,,,,,,,,,
holyfield_RB_CIN,Elijah Holyfield,RB,CIN,,,,,,,,,,,,,,,,,,,,,,
horvath_RB_LAC,Zander Horvath,RB,LAC,,,,,,,,,,,,,,,,,,,,,,
howell_QB_WSH,Sam Howell,QB,WSH,,,,,,,,,,,,,,,,,,,,,,
hudson_TE_SF,Tanner Hudson,TE,SF,,,,,,,,,,,,,,,,,,,,,,
humphrey_WR_NE,Lil'Jordan Humphrey,WR,NE,,,,,,,,,,,,,,,,,,,,,,
huntley_RB_ATL,Caleb Huntley,RB,ATL,,,,,,,,,,,,,,,,,,,,,,
huntley_RB_PHI,Jason Huntley,RB,PHI,,,,,,,,,,,,,,,,,,,,,,
ingold_RB_MIA,Alec Ingold,RB,MIA,,,,,,,,,,,,,,,,,,,,,,
ingram_RB_ARI,Keaontay Ingram,RB,ARI,,,,,,,,,,,,,,,,,,,,,,
irwin_WR_CIN,Trenton Irwin,WR,CIN,,,,,,,,,,,,,,,,,,,,,,
jackson_RB_IND,Deon Jackson,RB,IND,,,,,,,,,,,,,,,,,,,,,,
jackson_WR_MIN,Trishton Jackson,WR,MIN,,,,,,,,,,,,,,,,,,,,,,
jackson_WR_LAR,Warren Jackson,WR,LAR,,,,,,,,,,,,,,,,,,,,,,
jacobson_TE_IND,Michael Jacobson,TE,IND,,,,,,,,,,,,,,,,,,,,,,
james_WR_NYG,Richie James,WR,NYG,,,,,,,,,,,,,,,,,,,,,,
jefferson_RB_DET,Jermar Jefferson,RB,DET,,,,,,,,,,,,,,,,,,,,,,
john_TE_CHI,Rysen John,TE,CHI,,,,,,,,,,,,,,,,,,,,,,
johnson_WR_SEA,Cade Johnson,WR,SEA,,,,,,,,,,,,,,,,,,,,,,
johnson_WR_NYG,Collin Johnson,WR,NYG,,,,,,,,,,,,,,,,,,,,,,
johnson_RB_BUF,Duke Johnson,RB,BUF,,,,,,,,,,,,,,,,,,,,,,
johnson_RB_SEA,Josh Johnson,RB,SEA,,,,,,,,,,,,,,,,,,,,,,
johnson_QB_DEN,Josh Johnson,QB,DEN,,,,,,,,,,,,,,,,,,,,,,
johnson_WR_SF,KeeSean Johnson,WR,SF,,,,,,,,,,,,,,,,,,,,,,
johnson_RB_NYJ,Ty Johnson,RB,NYJ,,,,,,,,,,,,,,,,,,,,,,
johnson_WR_LV,Tyron Johnson,WR,LV,,,,,,,,,,,,,,,,,,,,,,
jones_RB_BUF,Taiwan Jones,RB,BUF,,,,,,,,,,,,,,,,,,,,,,
jones_WR_CHI,Velus Jones,WR,CHI,,,,,,,,,,,,,,,,,,,,,,
jones_RB_LAR,Xavier Jones,RB,LAR,,,,,,,,,,,,,,,,,,,,,,
kalinic_TE_IND,Nikola Kalinic,TE,IND,,,,,,,,,,,,,,,,,,,,,,
kampmoyer_TE_LAC,Hunter Kampmoyer,TE,LAC,,,,,,,,,,,,,,,,,,,,,,
keene_TE_NE,Dalton Keene,TE,NE,,,,,,,,,,,,,,,,,,,,,,
kelley_QB_WSH,Cole Kelley,QB,WSH,,,,,,,,,,,,,,,,,,,,,,
kelly_RB_CLE,John Kelly,RB,CLE,,,,,,,,,,,,,,,,,,,,,,
kennedy_WR_DET,Tom Kennedy,WR,DET,,,,,,,,,,,,,,,,,,,,,,
kieft_TE_TB,Ko Kieft,TE,TB,,,,,,,,,,,,,,,,,,,,,,
kinsey_WR_TEN,Mason Kinsey,WR,TEN,,,,,,,,,,,,,,,,,,,,,,
knight_RB_NYJ,Bam Knight,RB,NYJ,,,,,,,,,,,,,,,,,,,,,,
kolar_TE_BAL,Charlie Kolar,TE,BAL,,,,,,,,,,,,,,,,,,,,,,
koski_WR_LAR,J.J. Koski,WR,LAR,,,,,,,,,,,,,,,,,,,,,,
kumerow_WR_BUF,Jake Kumerow,WR,BUF,,,,,,,,,,,,,,,,,,,,,,
lenius_TE_ATL,Brayden Lenius,TE,ATL,,,,,,,,,,,,,,,,,,,,,,
likely_TE_BAL,Isaiah Likely,TE,BAL,,,,,,,,,,,,,,,,,,,,,,
london_WR_ATL,Drake London,WR,ATL,,,,,,,,,,,,,,,,,,,,,,
long_TE_MIA,Hunter Long,TE,MIA,,,,,,,,,,,,,,,,,,,,,,
luton_QB_JAX,Jake Luton,QB,JAX,,,,,,,,,,,,,,,,,,,,,,
mabry_TE_SEA,Tyler Mabry,TE,SEA,,,,,,,,,,,,,,,,,,,,,,
mack_TE_GB,Alize Mack,TE,GB,,,,,,,,,,,,,,,,,,,,,,
mack_WR_SF,Austin Mack,WR,SF,,,,,,,,,,,,,,,,,,,,,,
malone_WR_TEN,Josh Malone,WR,TEN,,,,,,,,,,,,,,,,,,,,,,
markway_TE_LAR,Kyle Markway,TE,LAR,,,,,,,,,,,,,,,,,,,,,,
mason_TE_BAL,Ben Mason,TE,BAL,,,,,,,,,,,,,,,,,,,,,,
matthews_WR_SF,Jordan Matthews,WR,SF,,,,,,,,,,,,,,,,,,,,,,
mcbride_TE_ARI,Trey McBride,TE,ARI,,,,,,,,,,,,,,,,,,,,,,
mccrary_RB_BAL,Nate McCrary,RB,BAL,,,,,,,,,,,,,,,,,,,,,,
mccutcheon_WR_LAR,Lance McCutcheon,WR,LAR,,,,,,,,,,,,,,,,,,,,,,
mcelroy_TE_TB,Codey McElroy,TE,TB,,,,,,,,,,,,,,,,,,,,,,
mcsorley_QB_ARI,Trace McSorley,QB,ARI,,,,,,,,,,,,,,,,,,,,,,
melton_WR_SEA,Bo Melton,WR,SEA,,,,,,,,,,,,,,,,,,,,,,
merritt_WR_NO,Kirk Merritt,WR,NO,,,,,,,,,,,,,,,,,,,,,,
metchie_WR_HOU,John Metchie III,WR,HOU,,,,,,,,,,,,,,,,,,,,,,
michel_WR_WSH,Marken Michel,WR,WSH,,,,,,,,,,,,,,,,,,,,,,
mims_WR_NYJ,Denzel Mims,WR,NYJ,,,,,,,,,,,,,,,,,,,,,,
mitchell_TE_DET,James Mitchell,TE,DET,,,,,,,,,,,,,,,,,,,,,,
mitchell_WR_MIN,Myron Mitchell,WR,MIN,,,,,,,,,,,,,,,,,,,,,,
mond_QB_MIN,Kellen Mond,QB,MIN,,,,,,,,,,,,,,,,,,,,,,
montgomery_WR_NYJ,D.J. Montgomery,WR,NYJ,,,,,,,,,,,,,,,,,,,,,,
moore_WR_HOU,Chris Moore,WR,HOU,,,,,,,,,,,,,,,,,,,,,,
moore_WR_LAC,Jason Moore,WR,LAC,,,,,,,,,,,,,,,,,,,,,,
moore_WR_KC,Skyy Moore,WR,KC,,,,,,,,,,,,,,,,,,,,,,
mooremckinney_TE_TEN,Briley Moore-McKinney,TE,TEN,,,,,,,,,,,,,,,,,,,,,,
morgan_WR_CIN,Stanley Morgan,WR,CIN,,,,,,,,,,,,,,,,,,,,,,
morris_TE_BUF,Quintin Morris,TE,BUF,,,,,,,,,,,,,,,,,,,,,,
mundt_TE_MIN,Johnny Mundt,TE,MIN,,,,,,,,,,,,,,,,,,,,,,
muse_TE_MIN,Nick Muse,TE,MIN,,,,,,,,,,,,,,,,,,,,,,
nailor_WR_MIN,Jalen Nailor,WR,MIN,,,,,,,,,,,,,,,,,,,,,,
nixon_WR_NE,Tre Nixon,WR,NE,,,,,,,,,,,,,,,,,,,,,,
ogletree_TE_IND,Andrew Ogletree,TE,IND,,,,,,,,,,,,,,,,,,,,,,
ogunbowale_RB_HOU,Dare Ogunbowale,RB,HOU,,,,,,,,,,,,,,,,,,,,,,
okonkwo_TE_TEN,Chigoziem Okonkwo,TE,TEN,,,,,,,,,,,,,,,,,,,,,,
oladokun_QB_PIT,Chris Oladokun,QB,PIT,,,,,,,,,,,,,,,,,,,,,,
olave_WR_NO,Chris Olave,WR,NO,,,,,,,,,,,,,,,,,,,,,,
ollison_RB_ATL,Qadree Ollison,RB,ATL,,,,,,,,,,,,,,,,,,,,,,
olszewski_WR_PIT,Gunner Olszewski,WR,PIT,,,,,,,,,,,,,,,,,,,,,,
otton_TE_TB,Cade Otton,TE,TB,,,,,,,,,,,,,,,,,,,,,,
pacheco_RB_KC,Isiah Pacheco,RB,KC,,,,,,,,,,,,,,,,,,,,,,
parker_WR_KC,Aaron Parker,WR,KC,,,,,,,,,,,,,,,,,,,,,,
patmon_WR_IND,Dezmon Patmon,WR,IND,,,,,,,,,,,,,,,,,,,,,,
perine_RB_NYJ,La'Mical Perine,RB,NYJ,,,,,,,,,,,,,,,,,,,,,,
perine_RB_CIN,Samaje Perine,RB,CIN,,,,,,,,,,,,,,,,,,,,,,
perkins_QB_LAR,Bryce Perkins,QB,LAR,,,,,,,,,,,,,,,,,,,,,,
pettigrew_TE_LAR,Jamal Pettigrew,TE,LAR,,,,,,,,,,,,,,,,,,,,,,
philips_WR_TEN,Kyle Philips,WR,TEN,,,,,,,,,,,,,,,,,,,,,,
pickens_WR_PIT,George Pickens,WR,PIT,,,,,,,,,,,,,,,,,,,,,,
pickett_QB_PIT,Kenny Pickett,QB,PIT,,,,,,,,,,,,,,,,,,,,,,
pierce_WR_IND,Alec Pierce,WR,IND,,,,,,,,,,,,,,,,,,,,,,
pierce_RB_HOU,Dameon Pierce,RB,HOU,,,,,,,,,,,,,,,,,,,,,,
pinkney_TE_LAR,Jared Pinkney,TE,LAR,,,,,,,,,,,,,,,,,,,,,,
platzgummer_RB_NYG,Sandro Platzgummer,RB,NYG,,,,,,,,,,,,,,,,,,,,,,
poljan_TE_BAL,Tony Poljan,TE,BAL,,,,,,,,,,,,,,,,,,,,,,
polk_WR_BAL,Makai Polk,WR,BAL,,,,,,,,,,,,,,,,,,,,,,
powell_WR_KC,Cornell Powell,WR,KC,,,,,,,,,,,,,,,,,,,,,,
prentice_RB_NO,Adam Prentice,RB,NO,,,,,,,,,,,,,,,,,,,,,,
price_RB_IND,D'vonte Price,RB,IND,,,,,,,,,,,,,,,,,,,,,,
proehl_WR_NYG,Austin Proehl,WR,NYG,,,,,,,,,,,,,,,,,,,,,,
proehl_WR_MIN,Blake Proehl,WR,MIN,,,,,,,,,,,,,,,,,,,,,,
purdy_QB_SF,Brock Purdy,QB,SF,,,,,,,,,,,,,,,,,,,,,,
quitoriano_TE_HOU,Teagan Quitoriano,TE,HOU,,,,,,,,,,,,,,,,,,,,,,
rader_TE_PIT,Kevin Rader,TE,PIT,,,,,,,,,,,,,,,,,,,,,,
raine_TE_ATL,John Raine,TE,ATL,,,,,,,,,,,,,,,,,,,,,,
ridder_QB_ATL,Desmond Ridder,QB,ATL,,,,,,,,,,,,,,,,,,,,,,
ridley_WR_ATL,Calvin Ridley,WR,ATL,,,,,,,,,,,,,,,,,,,,,,
robinson_RB_WSH,Brian Robinson,RB,WSH,,,,,,,,,,,,,,,,,,,,,,
robinson_WR_NYG,Wan'Dale Robinson,WR,NYG,,,,,,,,,,,,,,,,,,,,,,
rogers_QB_WSH,Armani Rogers,QB,WSH,,,,,,,,,,,,,,,,,,,,,,
rose_RB_LAR,A.J. Rose,RB,LAR,,,,,,,,,,,,,,,,,,,,,,
ross_WR_KC,Justyn Ross,WR,KC,,,,,,,,,,,,,,,,,,,,,,
rountree_RB_LAC,Larry Rountree III,RB,LAC,,,,,,,,,,,,,,,,,,,,,,
ruckert_TE_NYJ,Jeremy Ruckert,TE,NYJ,,,,,,,,,,,,,,,,,,,,,,
rudolph_QB_PIT,Mason Rudolph,QB,PIT,,,,,,,,,,,,,,,,,,,,,,
santossilva_TE_CLE,Marcus Santos-Silva,TE,CLE,,,,,,,,,,,,,,,,,,,,,,
saunders_WR_CAR,C.J. Saunders,WR,CAR,,,,,,,,,,,,,,,,,,,,,,
schwartz_WR_CLE,Anthony Schwartz,WR,CLE,,,,,,,,,,,,,,,,,,,,,,
seikovits_TE_ARI,Bernhard Seikovits,TE,ARI,,,,,,,,,,,,,,,,,,,,,,
sermon_RB_SF,Trey Sermon,RB,SF,,,,,,,,,,,,,,,,,,,,,,
shaa_WR_CHI,Kevin Shaa,WR,CHI,,,,,,,,,,,,,,,,,,,,,,
shakir_WR_BUF,Khalil Shakir,WR,BUF,,,,,,,,,,,,,,,,,,,,,,
sills_WR_NYG,David Sills,WR,NYG,,,,,,,,,,,,,,,,,,,,,,
sims_WR_PIT,Steven Sims,WR,PIT,,,,,,,,,,,,,,,,,,,,,,
sinnett_QB_PHI,Reid Sinnett,QB,PHI,,,,,,,,,,,,,,,,,,,,,,
smith_RB_NO,Abram Smith,RB,NO,,,,,,,,,,,,,,,,,,,,,,
smith_WR_DAL,Brandon Smith,WR,DAL,,,,,,,,,,,,,,,,,,,,,,
smith_WR_CAR,Shi Smith,WR,CAR,,,,,,,,,,,,,,,,,,,,,,
smith_WR_TB,Vyncint Smith,WR,TB,,,,,,,,,,,,,,,,,,,,,,
snell_RB_PIT,Benny Snell,RB,PIT,,,,,,,,,,,,,,,,,,,,,,
soehner_TE_NO,Dylan Soehner,TE,NO,,,,,,,,,,,,,,,,,,,,,,
spiller_RB_LAC,Isaiah Spiller,RB,LAC,,,,,,,,,,,,,,,,,,,,,,
sprinkle_TE_DAL,Jeremy Sprinkle,TE,DAL,,,,,,,,,,,,,,,,,,,,,,
sternberger_TE_PIT,Jace Sternberger,TE,PIT,,,,,,,,,,,,,,,,,,,,,,
stevenson_WR_BUF,Marquez Stevenson,WR,BUF,,,,,,,,,,,,,,,,,,,,,,
stick_QB_LAC,Easton Stick,QB,LAC,,,,,,,,,,,,,,,,,,,,,,
stoner_WR_LV,Dillon Stoner,WR,LV,,,,,,,,,,,,,,,,,,,,,,
strachan_WR_IND,Mike Strachan,WR,IND,,,,,,,,,,,,,,,,,,,,,,
strong_QB_PHI,Carson Strong,QB,PHI,,,,,,,,,,,,,,,,,,,,,,
strong_RB_NE,Pierre Strong,RB,NE,,,,,,,,,,,,,,,,,,,,,,
sudfeld_QB_SF,Nate Sudfeld,QB,SF,,,,,,,,,,,,,,,,,,,,,,
taylor_WR_GB,Malik Taylor,WR,GB,,,,,,,,,,,,,,,,,,,,,,
taylor_RB_GB,Patrick Taylor,RB,GB,,,,,,,,,,,,,,,,,,,,,,
thompson_WR_SEA,Cody Thompson,WR,SEA,,,,,,,,,,,,,,,,,,,,,,
thompson_TE_CAR,Colin Thompson,TE,CAR,,,,,,,,,,,,,,,,,,,,,,
thompson_QB_MIA,Skylar Thompson,QB,MIA,,,,,,,,,,,,,,,,,,,,,,
thornton_WR_NE,Tyquan Thornton,WR,NE,,,,,,,,,,,,,,,,,,,,,,
togiai_TE_PHI,Noah Togiai,TE,PHI,,,,,,,,,,,,,,,,,,,,,,
toivonen_WR_NYG,Travis Toivonen,WR,NYG,,,,,,,,,,,,,,,,,,,,,,
tolbert_WR_DAL,Jalen Tolbert,WR,DAL,,,,,,,,,,,,,,,,,,,,,,
tonges_TE_CHI,Jake Tonges,TE,CHI,,,,,,,,,,,,,,,,,,,,,,
toure_WR_GB,Samori Toure,WR,GB,,,,,,,,,,,,,,,,,,,,,,
trask_QB_TB,Kyle Trask,QB,TB,,,,,,,,,,,,,,,,,,,,,,
turner_TE_WSH,Cole Turner,TE,WSH,,,,,,,,,,,,,,,,,,,,,,
turner_WR_LV,DJ Turner,WR,LV,,,,,,,,,,,,,,,,,,,,,,
vasher_WR_DAL,T.J. Vasher,WR,DAL,,,,,,,,,,,,,,,,,,,,,,
vaughn_RB_TB,Ke'Shawn Vaughn,RB,TB,,,,,,,,,,,,,,,,,,,,,,
vaughns_WR_PIT,Tyler Vaughns,WR,PIT,,,,,,,,,,,,,,,,,,,,,,
victor_WR_BAL,Ben Victor,WR,BAL,,,,,,,,,,,,,,,,,,,,,,
vital_TE_KC,Mark Vital,TE,KC,,,,,,,,,,,,,,,,,,,,,,
walker_RB_SEA,Kenneth Walker III,RB,SEA,,,,,,,,,,,,,,,,,,,,,,
ward_RB_ARI,Jonathan Ward,RB,ARI,,,,,,,,,,,,,,,,,,,,,,
washington_WR_DEN,Montrell Washington,WR,DEN,,,,,,,,,,,,,,,,,,,,,,
washington_TE_CIN,Scotty Washington,TE,CIN,,,,,,,,,,,,,,,,,,,,,,
watson_WR_GB,Christian Watson,WR,GB,,,,,,,,,,,,,,,,,,,,,,
watson_WR_KC,Justin Watson,WR,KC,,,,,,,,,,,,,,,,,,,,,,
webb_QB_NYG,Davis Webb,QB,NYG,,,,,,,,,,,,,,,,,,,,,,
wedington_WR_HOU,Connor Wedington,WR,HOU,,,,,,,,,,,,,,,,,,,,,,
wells_TE_ARI,David Wells,TE,ARI,,,,,,,,,,,,,,,,,,,,,,
white_WR_PIT,Cody White,WR,PIT,,,,,,,,,,,,,,,,,,,,,,
white_WR_NO,Kevin White,WR,NO,,,,,,,,,,,,,,,,,,,,,,
white_QB_NYJ,Mike White,QB,NYJ,,,,,,,,,,,,,,,,,,,,,,
white_RB_TB,Rachaad White,RB,TB,,,,,,,,,,,,,,,,,,,,,,
white_RB_LV,Zamir White,RB,LV,,,,,,,,,,,,,,,,,,,,,,
wilcox_TE_CIN,Mitchell Wilcox,TE,CIN,,,,,,,,,,,,,,,,,,,,,,
wilkerson_WR_NE,Kristian Wilkerson,WR,NE,,,,,,,,,,,,,,,,,,,,,,
williams_RB_NYG,Antonio Williams,RB,NYG,,,,,,,,,,,,,,,,,,,,,,
williams_WR_BAL,Devon Williams,WR,BAL,,,,,,,,,,,,,,,,,,,,,,
williams_WR_DET,Jameson Williams,WR,DET,,,,,,,,,,,,,,,,,,,,,,
williams_RB_WSH,Jonathan Williams,RB,WSH,,,,,,,,,,,,,,,,,,,,,,
williams_RB_LAR,Kyren Williams,RB,LAR,,,,,,,,,,,,,,,,,,,,,,
willis_QB_TEN,Malik Willis,QB,TEN,,,,,,,,,,,,,,,,,,,,,,
wilson_WR_NYJ,Garrett Wilson,WR,NYJ,,,,,,,,,,,,,,,,,,,,,,
wims_WR_CLE,Javon Wims,WR,CLE,,,,,,,,,,,,,,,,,,,,,,
winfree_WR_GB,Juwann Winfree,WR,GB,,,,,,,,,,,,,,,,,,,,,,
winningham_WR_JAX,Lujuan Winningham,WR,JAX,,,,,,,,,,,,,,,,,,,,,,
woods_TE_IND,Jelani Woods,TE,IND,,,,,,,,,,,,,,,,,,,,,,
woods_WR_CLE,Mike Woods,WR,CLE,,,,,,,,,,,,,,,,,,,,,,
woodside_QB_TEN,Logan Woodside,QB,TEN,,,,,,,,,,,,,,,,,,,,,,
yeboah_TE_NYJ,Kenny Yeboah,TE,NYJ,,,,,,,,,,,,,,,,,,,,,,
yelder_TE_ARI,Deon Yelder,TE,ARI,,,,,,,,,,,,,,,,,,,,,,
young_WR_SEA,Dareke Young,WR,SEA,,,,,,,,,,,,,,,,,,,,,,
zappe_QB_NE,Bailey Zappe,QB,NE,,,,,,,,,,,,,,,,,,,,,,
zylstra_TE_DET,Shane Zylstra,TE,DET,,,,,,,,,,,,,,,,,,,,,,
succop_K_TB,Ryan Succop,K,TB,,,,,,,,,,,0.14,8.08,8.73,7.81,,49.07,,,,,,
crosby_K_GB,Mason Crosby,K,GB,,,,,,,,,,,0.6,8.08,8.25,8.18,,47.05,,,,,,
bullock_K_TEN,Randy Bullock,K,TEN,,,,,,,,,,,0.48,8.08,9.45,8.29,,43.42,,,,,,
gould_K_SF,Robbie Gould,K,SF,,,,,,,,,,,0.94,8.08,8.04,9.2,,43.46,,,,,,
prater_K_ARI,Matt Prater,K,ARI,,,,,,,,,,,0.92,8.08,8.84,7.53,,42.8,,,,,,
boswell_K_PIT,Chris Boswell,K,PIT,,,,,,,,,,,0.13,8.08,9.25,7.52,,43.44,,,,,,
butker_K_KC,Harrison Butker,K,KC,,,,,,,,,,,0.09,8.42,9.41,8.03,,40.27,,,,,,
tucker_K_BAL,Justin Tucker,K,BAL,,,,,,,,,,,0.09,8.08,9.04,8.63,,39.54,,,,,,
santos_K_CHI,Cairo Santos,K,CHI,,,,,,,,,,,0.21,8.08,8.59,6.73,,43.31,,,,,,
koo_K_ATL,Younghoe Koo,K,ATL,,,,,,,,,,,,8.08,8.68,7.24,,41.55,,,,,,
fairbairn_K_HOU,Ka'imi Fairbairn,K,HOU,,,,,,,,,,,0.86,8.08,8.47,7.22,,38.32,,,,,,
myers_K_SEA,Jason Myers,K,SEA,,,,,,,,,,,0.36,8.05,8.97,8.56,,34.39,,,,,,
gay_K_LAR,Matt Gay,K,LAR,,,,,,,,,,,0.9,8.08,8.68,6.31,,39.99,,,,,,
lutz_K_NO,Wil Lutz,K,NO,,,,,,,,,,,0.01,8.08,10.9,7.35,,32.65,,,,,,
carlson_K_LV,Daniel Carlson,K,LV,,,,,,,,,,,0.01,8.08,8.87,7.28,,38.59,,,,,,
joseph_K_MIN,Greg Joseph,K,MIN,,,,,,,,,,,0.08,8.08,11.44,8.25,,27.47,,,,,,
mcmanus_K_DEN,Brandon McManus,K,DEN,,,,,,,,,,,0.24,8.08,8.28,7.1,,39.32,,,,,,
sanders_K_MIA,Jason Sanders,K,MIA,,,,,,,,,,,0.24,8.08,8.93,7.5,,36.17,,,,,,
folk_K_NE,Nick Folk,K,NE,,,,,,,,,,,0.33,8.08,8.34,6.74,,38.2,,,,,,
gonzalez_K_CAR,Zane Gonzalez,K,CAR,,,,,,,,,,,0.52,8.08,9.01,7.67,,30.66,,,,,,
bass_K_BUF,Tyler Bass,K,BUF,,,,,,,,,,,0.2,8.18,8.04,6.6,,36.34,,,,,,
mcpherson_K_CIN,Evan McPherson,K,CIN,,,,,,,,,,,0.05,8.08,8.96,8.01,,29.75,,,,,,
slye_K_WSH,Joey Slye,K,WSH,,,,,,,,,,,0.13,8.08,8.78,7.03,,32.44,,,,,,
blankenship_K_IND,Rodrigo Blankenship,K,IND,,,,,,,,,,,0.09,8.08,9.01,8.11,,28.27,,,,,,
hopkins_K_LAC,Dustin Hopkins,K,LAC,,,,,,,,,,,0.9,8.08,8.95,7.2,,28.2,,,,,,
patterson_K_DET,Riley Patterson,K,DET,,,,,,,,,,,0.1,8.18,7.34,7.58,,32.18,,,,,,
gano_K_NYG,Graham Gano,K,NYG,,,,,,,,,,,0.43,8.08,8.67,7.27,,27.9,,,,,,
zuerlein_K_NYJ,Greg Zuerlein,K,NYJ,,,,,,,,,,,0.28,8.08,7.74,6.49,,29.35,,,,,,
santoso_K_JAX,Ryan Santoso,K,JAX,,,,,,,,,,,0.47,8.18,7.33,7.54,,19.84,,,,,,
elliott_K_PHI,Jake Elliott,K,PHI,,,,,,,,,,,0.29,8.05,10.44,8.64,,3.66,,,,,,
borregales_K_TB,Jose Borregales,K,TB,,,,,,,,,,,,,,,,,,,,,,
garibay_K_DAL,Jonathan Garibay,K,DAL,,,,,,,,,,,,,,,,,,,,,,
mevis_K_JAX,Andrew Mevis,K,JAX,,,,,,,,,,,,,,,,,,,,,,
nordin_K_NE,Quinn Nordin,K,NE,,,,,,,,,,,,,,,,,,,,,,
pineiro_K_NYJ,Eddy Pineiro,K,NYJ,,,,,,,,,,,,,,,,,,,,,,
seibert_K_DET,Austin Seibert,K,DET,,,,,,,,,,,,,,,,,,,,,,
verity_K_IND,Jake Verity,K,IND,,,,,,,,,,,,,,,,,,,,,,
york_K_CLE,Cade York,K,CLE,,,,,,,,,,,,,,,,,,,,,,
packers_DST_GB,Packers,DST,GB,,,,,,,,,,,,,,,,,21.283125,44.3,0.67,10.23,0.54,21.2
bills_DST_BUF,Bills,DST,BUF,,,,,,,,,,,,,,,,,20.40125,45.01,0.69,10.93,0.64,17.34
cowboys_DST_DAL,Cowboys,DST,DAL,,,,,,,,,,,,,,,,,20.2975,44.67,0.77,10.68,0.5,17.81
buccaneers_DST_TB,Buccaneers,DST,TB,,,,,,,,,,,,,,,,,21.584375,42.73,0.73,11.3,0.56,15.96
colts_DST_IND,Colts,DST,IND,,,,,,,,,,,,,,,,,21.435625,39.68,0.6,10.92,0.99,16.65
steelers_DST_PIT,Steelers,DST,PIT,,,,,,,,,,,,,,,,,25.444375,45.69,0.67,10.63,0.62,15.4
ers_DST_SF,49ers,DST,SF,,,,,,,,,,,,,,,,,21.319375,42.92,0.65,11.33,0.57,15.7
saints_DST_NO,Saints,DST,NO,,,,,,,,,,,,,,,,,23.21625,43.39,0.64,10.94,0.57,15.6
titans_DST_TEN,Titans,DST,TEN,,,,,,,,,,,,,,,,,21.1275,43.56,0.6,10.21,0.59,16.07
rams_DST_LAR,Rams,DST,LAR,,,,,,,,,,,,,,,,,21.565,41.3,0.63,11.54,0.51,15.54
bears_DST_CHI,Bears,DST,CHI,,,,,,,,,,,,,,,,,23.540625,42.3,0.63,10.3,1.13,14.66
chargers_DST_LAC,Chargers,DST,LAC,,,,,,,,,,,,,,,,,23.40875,43.21,0.65,10.16,0.52,14.89
eagles_DST_PHI,Eagles,DST,PHI,,,,,,,,,,,,,,,,,23.00375,42.65,0.62,10.53,0.42,15.36
patriots_DST_NE,Patriots,DST,NE,,,,,,,,,,,,,,,,,21.726875,40.05,0.62,10.43,0.6,16.08
vikings_DST_MIN,Vikings,DST,MIN,,,,,,,,,,,,,,,,,23.935625,41.01,0.67,10.73,0.48,15.37
dolphins_DST_MIA,Dolphins,DST,MIA,,,,,,,,,,,,,,,,,22.715,47.98,0.73,7.54,0.52,15.17
bengals_DST_CIN,Bengals,DST,CIN,,,,,,,,,,,,,,,,,22.3075,41.16,0.66,9.81,0.56,16.03
chiefs_DST_KC,Chiefs,DST,KC,,,,,,,,,,,,,,,,,21.860625,39.63,0.56,10.43,0.62,15.48
ravens_DST_BAL,Ravens,DST,BAL,,,,,,,,,,,,,,,,,22.78,40.53,0.72,10.73,0.59,14.69
browns_DST_CLE,Browns,DST,CLE,,,,,,,,,,,,,,,,,23.0225,42.11,0.61,9.76,0.66,15.32
broncos_DST_DEN,Broncos,DST,DEN,,,,,,,,,,,,,,,,,22.843125,41.24,0.6,9.72,0.52,14.5
seahawks_DST_SEA,Seahawks,DST,SEA,,,,,,,,,,,,,,,,,22.405,39.32,0.66,10.76,0.5,14.33
giants_DST_NYG,Giants,DST,NYG,,,,,,,,,,,,,,,,,26.14375,40.65,0.59,10.87,0.54,13.88
team_DST_WSH,Team,DST,WSH,,,,,,,,,,,,,,,,,23.99875,39.57,0.67,10.95,0.47,14.35
panthers_DST_CAR,Panthers,DST,CAR,,,,,,,,,,,,,,,,,25.009375,40.95,0.71,11.16,0.47,13.16
cardinals_DST_ARI,Cardinals,DST,ARI,,,,,,,,,,,,,,,,,23.00875,36.21,0.6,10.83,0.48,14.45
texans_DST_HOU,Texans,DST,HOU,,,,,,,,,,,,,,,,,27.145,40.15,0.61,10.75,0.41,13.17
raiders_DST_LV,Raiders,DST,LV,,,,,,,,,,,,,,,,,24.874375,40.02,0.59,10.69,0.45,13.31
lions_DST_DET,Lions,DST,DET,,,,,,,,,,,,,,,,,26.370625,38.79,0.57,10.77,0.31,13.67
jaguars_DST_JAX,Jaguars,DST,JAX,,,,,,,,,,,,,,,,,26.444375,38.76,0.63,10.64,0.56,12.64
falcons_DST_ATL,Falcons,DST,ATL,,,,,,,,,,,,,,,,,26.154375,37.66,0.59,10.1,0.64,13.58
jets_DST_NYJ,Jets,DST,NYJ,,,,,,,,,,,,,,,,,26.218125,39.05,0.64,10.51,0.3,13.12
