key,name,pos,team,pass_tds,pass_yds,pass_ints,rush_tds,rush_yds,receptions,reception_tds,reception_yds,two_pts,fumbles,kick_0_19,kick_20_29,kick_30_39,kick_40_49,kick_50,kick_extra_points,df_points_allowed_per_game,df_sacks,df_safeties,df_fumbles,df_tds,df_ints
mccaffrey_RB_CAR,Christian McCaffrey,RB,CAR,,,0.01,7.69,1088.64,89.96,5.02,861.03,0.03,0.69,,,,,,,,,,,,
mahomes_QB_KC,Patrick Mahomes,QB,KC,32.94,5001.51,14.7,2.29,241.57,,,,1.06,0.62,,,,,,,,,,,,
jones_WR_ATL,Julio Jones,WR,ATL,,,0.01,0.03,6.37,112.66,10.33,1562.94,,0.01,,,,,,,,,,,,
barkley_RB_NYG,Saquon Barkley,RB,NYG,,,0.01,8.75,1209.6,73.52,2.87,653.1,0.58,,,,,,,,,,,,,
watson_QB_HOU,Deshaun Watson,QB,HOU,28.77,4289.57,12.64,4.08,408.57,,,,1.89,0.94,,,,,,,,,,,,
kamara_RB_NO,Alvin Kamara,RB,NO,,,0.01,7.75,926.06,82.9,3.94,690.39,1.57,0.57,,,,,,,,,,,,
ryan_QB_ATL,Matt Ryan,QB,ATL,30.3,4834.44,13.16,1.67,144.67,,,,1.5,1.21,,,,,,,,,,,,
winston_QB_TB,Jameis Winston,QB,TB,28.78,4501.64,16.57,2.49,310.65,,,,1.5,1.61,,,,,,,,,,,,
brees_QB_NO,Drew Brees,QB,NO,31.7,4673.21,11.17,1.38,78.53,,,,0.5,0.49,,,,,,,,,,,,
rodgers_QB_GB,Aaron Rodgers,QB,GB,27.96,4280.35,9.97,2.29,271.76,,,,2.07,0.68,,,,,,,,,,,,
newton_QB_CAR,Cam Newton,QB,CAR,26.92,4056.28,13.92,3.48,378.23,,,,2,0.43,,,,,,,,,,,,
garoppolo_QB_SF,Jimmy Garoppolo,QB,SF,30.97,4450.98,13.39,1.79,161.13,,,,1.45,0.67,,,,,,,,,,,,
roethlisberger_QB_PIT,Ben Roethlisberger,QB,PIT,29.61,4781.78,14.64,1.44,95.37,,,,3,0.69,,,,,,,,,,,,
goff_QB_LAR,Jared Goff,QB,LAR,30.95,4471.02,13.88,1.71,161.46,,,,1.5,0.95,,,,,,,,,,,,
wentz_QB_PHI,Carson Wentz,QB,PHI,29.34,4348.46,14.43,1.64,205.86,,,,3.5,0.93,,,,,,,,,,,,
adams_WR_GB,Davante Adams,WR,GB,,,0.01,,0.77,104.59,9.21,1372.78,,,,,,,,,,,,,,
smithschuster_WR_PIT,JuJu Smith-Schuster,WR,PIT,,,0.01,0.01,15.91,106.49,8.28,1366.07,,0.01,,,,,,,,,,,0.45,
prescott_QB_DAL,Dak Prescott,QB,DAL,26.72,4114.95,12.93,3.27,279.3,,,,1.53,0.65,,,,,,,,,,,,
mayfield_QB_CLE,Baker Mayfield,QB,CLE,28.78,4266.14,15.67,1.78,254.84,,,,2.32,1.19,,,,,,,,,,,,
brown_WR_OAK,Antonio Brown,WR,OAK,,,0.01,0.02,2.69,96.67,9.74,1351.8,,,,,,,,,,,,,,
cousins_QB_MIN,Kirk Cousins,QB,MIN,29.49,4307.21,13.38,1.47,162.45,,,,1.5,1.21,,,,,,,,,,,,
trubisky_QB_CHI,Mitchell Trubisky,QB,CHI,26.2,3907.46,13.71,2.9,337.34,,,,3.24,1.23,,,,,,,,,,,,
brady_QB_NE,Tom Brady,QB,NE,30.1,4532.07,11.05,0.84,18.9,,,,0.5,0.47,,,,,,,,,,,,
fitzpatrick_QB_MIA,Ryan Fitzpatrick,QB,MIA,25.68,4111.97,15.77,2.74,337.77,,,,,0.49,,,,,,,,,,,,
elliott_RB_DAL,Ezekiel Elliott,RB,DAL,,,0.01,7.26,1120.11,64.6,2.44,497.02,,0.76,,,,,,,,,,,,
bell_RB_NYJ,Le'Veon Bell,RB,NYJ,,,0.01,7.48,1026.77,61.72,3.35,557.85,,1.09,,,,,,,,,,,,
hopkins_WR_HOU,DeAndre Hopkins,WR,HOU,,,0.01,,1.24,92.09,8.83,1365.6,,,,,,,,,,,,,,
rivers_QB_LAC,Philip Rivers,QB,LAC,28.7,4501.37,13.64,0.58,31.95,,,,3.5,0.35,,,,,,,,,,,,
jackson_QB_BAL,Lamar Jackson,QB,BAL,16.73,2980.75,10.93,7.22,761.62,,,,1.04,2.71,,,,,,,,,,,,
kelce_TE_KC,Travis Kelce,TE,KC,,,0.01,0.01,1.69,105.09,8.05,1240.19,,,,,,,,,,,,,,
wilson_QB_SEA,Russell Wilson,QB,SEA,25.91,3737.43,11,2.69,257.08,,,,1.5,0.12,,,,,,,,,,,,
conner_RB_PIT,James Conner,RB,PIT,,,0.01,9.07,1112.86,53.47,1.93,455.28,0.1,1.03,,,,,,,,,,,,
williams_RB_KC,Damien Williams,RB,KC,,,0.01,6.88,950.49,64.46,3.89,501.39,0.12,1.27,,,,,,,,,,,,
johnson_RB_DET,Kerryon Johnson,RB,DET,,,0.01,7.78,1135.96,54.71,2.3,450.48,0.13,1.86,,,,,,,,,,,,
edelman_WR_NE,Julian Edelman,WR,NE,,,0.01,0.42,62.86,97.41,7.32,1200.14,,0.04,,,,,,,,,,,,
evans_WR_TB,Mike Evans,WR,TB,,,0.01,,1.27,78.15,8.92,1379.96,,,,,,,,,,,,,,
kittle_TE_SF,George Kittle,TE,SF,,,0.01,,6.16,95.16,7.84,1268.73,,,,,,,,,,,,,,
thomas_WR_NO,Michael Thomas,WR,NO,,,0.01,,1.22,100.11,7.39,1243.62,,,,,,,,,,,,,,
allen_WR_LAC,Keenan Allen,WR,LAC,,,0.01,,12.2,96.76,7.02,1249.6,,0.02,,,,,,,,,,,,
hill_WR_KC,Tyreek Hill,WR,KC,,,0.01,0.14,71.8,78.6,7.6,1239.6,,0.04,,,,,,,,,,,1.11,
dalton_QB_CIN,Andy Dalton,QB,CIN,27.81,3948.8,13.46,1.22,124.8,,,,,1.22,,,,,,,,,,,,
cook_RB_MIN,Dalvin Cook,RB,MIN,,,0.01,6.12,1129.69,57.03,2.28,452.54,0.09,3.46,,,,,,,,,,,,
stafford_QB_DET,Matthew Stafford,QB,DET,26.45,4081.77,11.89,0.84,49.67,,,,1,0.65,,,,,,,,,,,,
drake_RB_MIA,Kenyan Drake,RB,MIA,,,0.01,3.91,660.14,76.3,3.9,644.23,0.09,1.81,,,,,,,,,,,0.6,
gurley_RB_LAR,Todd Gurley,RB,LAR,,,0.01,8.27,1021.86,46.6,1.96,430.66,1,0.79,,,,,,,,,,,,
lockett_WR_SEA,Tyler Lockett,WR,SEA,,,0.01,0.42,73.17,60.5,8.07,1290.98,,0.05,,,,,,,,,,,0.5,
foles_QB_JAX,Nick Foles,QB,JAX,25.76,4082.52,15.17,1.24,79.86,,,,0.5,0.98,,,,,,,,,,,,
johnson_RB_ARI,David Johnson,RB,ARI,,,0.01,6.07,1004.49,48.76,2.57,511.38,0.5,2.85,,,,,,,,,,,,
mixon_RB_CIN,Joe Mixon,RB,CIN,,,0.01,8.59,1154.38,42.2,1.24,318.82,0.06,0.66,,,,,,,,,,,,
allen_QB_BUF,Josh Allen,QB,BUF,15.94,3103.57,13.35,6.33,481.92,,,,1.4,1.66,,,,,,,,,,,,
carson_RB_SEA,Chris Carson,RB,SEA,,,0.01,9.78,1265.37,30.19,1.26,263.18,0.54,1.93,,,,,,,,,,,,
cooks_WR_LAR,Brandin Cooks,WR,LAR,,,0.01,0.41,52.61,79.78,6.61,1175.17,,0.03,,,,,,,,,,,,
beckham_WR_CLE,Odell Beckham,WR,CLE,,,0.01,,23.94,83.81,7.89,1106.73,,0.03,,,,,,,,,,,,
chubb_RB_CLE,Nick Chubb,RB,CLE,,,0.01,8.9,1230.59,32.65,1.21,259.12,0.12,,,,,,,,,,,,,
darnold_QB_NYJ,Sam Darnold,QB,NYJ,21.41,3662.87,15.73,2.33,273.34,,,,0.82,1.27,,,,,,,,,,,,
brissett_QB_IND,Jacoby Brissett,QB,IND,19.75,3531.37,12.25,2.93,300.64,,,,0.65,1.83,,,,,,,,,,,,
fournette_RB_JAX,Leonard Fournette,RB,JAX,,,0.01,6.88,962.74,48.59,1.79,421.24,0.04,,,,,,,,,,,,,
diggs_WR_MIN,Stefon Diggs,WR,MIN,,,0.01,0.21,48.64,87.02,7.38,1016.02,,0.04,,,,,,,,,,,,
carr_QB_OAK,Derek Carr,QB,OAK,23.17,3937.27,13.74,0.87,61.49,,,,1.5,0.72,,,,,,,,,,,,
boyd_WR_CIN,Tyler Boyd,WR,CIN,,,0.01,0.11,13.04,82.84,6.97,1080.66,,0.02,,,,,,,,,,,0.13,
kupp_WR_LAR,Cooper Kupp,WR,LAR,,,0.01,0.2,39.48,80.2,6.97,1079.64,,0.03,,,,,,,,,,,,
henry_RB_TEN,Derrick Henry,RB,TEN,,,0.01,11.01,1305.13,17.42,0.59,132.06,0.07,,,,,,,,,,,,,
mariota_QB_TEN,Marcus Mariota,QB,TEN,17.72,3362.43,11.89,2.71,327.37,,,,0.5,1.13,,,,,,,,,,,,
hilton_WR_IND,T.Y. Hilton,WR,IND,,,0.01,0.01,2.45,76.16,6.82,1099.75,,,,,,,,,,,,,0.19,
jones_RB_GB,Aaron Jones,RB,GB,,,0.01,7.67,1000.02,40.76,1.6,329.13,0.1,1.05,,,,,,,,,,,,
ertz_TE_PHI,Zach Ertz,TE,PHI,,,0.01,,1.29,90.96,6.42,945.34,,,,,,,,,,,,,,
thielen_WR_MIN,Adam Thielen,WR,MIN,,,0.01,0.13,38.58,79.36,5.89,1046.96,,0.03,,,,,,,,,,,,
jacobs_RB_OAK,Josh Jacobs,RB,OAK,,,0.01,6.97,1016.62,39.16,1.68,332.08,0.16,1.28,,,,,,,,,,,,
woods_WR_LAR,Robert Woods,WR,LAR,,,0.01,0.33,109.7,78.56,5.33,998.22,,0.09,,,,,,,,,,,,
cooper_WR_DAL,Amari Cooper,WR,DAL,,,0.01,0.07,15.77,76.02,6.56,1022.16,,0.01,,,,,,,,,,,,
flacco_QB_DEN,Joe Flacco,QB,DEN,21.04,3569.8,12.26,0.99,82.52,,,,0.95,0.58,,,,,,,,,,,,
murray_QB_ARI,Kyler Murray,QB,ARI,17,3543.38,15.88,2.22,258.07,,,,1.38,1.32,,,,,,,,,,,,
golladay_WR_DET,Kenny Golladay,WR,DET,,,0.01,0.02,8.64,74.56,6.07,1051.72,,0.01,,,,,,,,,,,,
watkins_WR_KC,Sammy Watkins,WR,KC,,,0.01,0.08,20.22,73.49,5.86,1007.78,,0.02,,,,,,,,,,,,
godwin_WR_TB,Chris Godwin,WR,TB,,,0.01,,0.83,70.28,6.5,1020.21,,,,,,,,,,,,,,
robinson_WR_CHI,Allen Robinson,WR,CHI,,,0.01,0.02,6.92,71.18,6.06,994.43,,0.01,,,,,,,,,,,,
lindsay_RB_DEN,Phillip Lindsay,RB,DEN,,,0.01,7.46,918.26,34.67,1.18,280.21,0.12,,,,,,,,,,,,,
montgomery_RB_CHI,David Montgomery,RB,CHI,,,0.01,6.33,939.49,35.89,1.59,304.71,0.16,1.15,,,,,,,,,,,,
landry_WR_CLE,Jarvis Landry,WR,CLE,,,0.01,0.03,27.15,76.72,5.54,922.18,,0.02,,,,,,,,,,,,
sanders_WR_DEN,Emmanuel Sanders,WR,DEN,,,0.01,0.17,29.13,73.91,5.42,942.59,,0.02,,,,,,,,,,,,
jeffery_WR_PHI,Alshon Jeffery,WR,PHI,,,0.01,0.01,2.39,69.99,5.99,980.24,,,,,,,,,,,,,,
mack_RB_IND,Marlon Mack,RB,IND,,,0.01,8.49,1122.85,21.01,0.7,158.27,0.6,0.81,,,,,,,,,,,,
guice_RB_WSH,Derrius Guice,RB,WSH,,,0.01,6.39,907.31,35.92,1.47,298.54,0.16,1.12,,,,,,,,,,,,
green_WR_CIN,A.J. Green,WR,CIN,,,0.01,0.01,1.85,66.04,6.1,980.99,,,,,,,,,,,,,,
gordon_RB_LAC,Melvin Gordon,RB,LAC,,,0.01,6.57,796.8,37.36,1.65,329.06,0.44,,,,,,,,,,,,,
westbrook_WR_JAX,Dede Westbrook,WR,JAX,,,0.01,1.06,81.15,73.34,4.71,819.69,,0.05,,,,,,,,,,,0.25,
michel_RB_NE,Sony Michel,RB,NE,,,0.01,10.63,1159.29,11.02,0.26,75.08,0.11,1.02,,,,,,,,,,,0.21,
williams_WR_LAC,Mike Williams,WR,LAC,,,0.01,0.07,28.12,66.24,5.89,943.35,,0.03,,,,,,,,,,,,
jones_WR_DET,Marvin Jones,WR,DET,,,0.01,,2.45,59.79,6.58,969.27,,,,,,,,,,,,,,
sanu_WR_ATL,Mohamed Sanu,WR,ATL,,,0.01,0.19,37.39,71.44,4.64,878,,0.03,,,,,,,,,,,,
engram_TE_NYG,Evan Engram,TE,NYG,,,0.01,0.36,39.96,68.29,5.6,823.54,,0.04,,,,,,,,,,,,
manning_QB_NYG,Eli Manning,QB,NYG,19.21,3155.6,9.62,0.56,6.93,,,,1.27,0.35,,,,,,,,,,,,
pettis_WR_SF,Dante Pettis,WR,SF,,,0.01,,11.52,58.1,6.64,898.17,,0.01,,,,,,,,,,,0.11,
freeman_RB_ATL,Devonta Freeman,RB,ATL,,,0.01,5.47,741.13,41.52,1.69,318.84,,0.86,,,,,,,,,,,,
anderson_WR_NYJ,Robby Anderson,WR,NYJ,,,0.01,0.06,11.83,61.73,6.4,855.62,,0.01,,,,,,,,,,,,
fuller_WR_HOU,Will Fuller,WR,HOU,,,0.01,,13.82,60.99,6.23,862.69,,,,,,,,,,,,,,
reed_TE_WSH,Jordan Reed,TE,WSH,,,0.01,,1.24,77.67,5.08,761.45,,,,,,,,,,,,,,
wilson_WR_MIA,Albert Wilson,WR,MIA,,,0.01,0.31,58.6,64.68,5.79,755.8,,0.05,,,,,,,,,,,,
kirk_WR_ARI,Christian Kirk,WR,ARI,,,0.01,0.14,32.19,66.56,5.25,790.87,,0.03,,,,,,,,,,,0.09,
gordon_WR_NE,Josh Gordon,WR,NE,,,0.01,,2.05,58.98,4.92,904.88,,,,,,,,,,,,,,
cook_TE_NO,Jared Cook,TE,NO,,,0.01,,1.33,69,4.9,792.35,,,,,,,,,,,,,,
ridley_WR_ATL,Calvin Ridley,WR,ATL,,,0.01,0.02,9.91,63.65,5.88,746.37,,0.01,,,,,,,,,,,0.43,
white_RB_NE,James White,RB,NE,,,,2.06,252.91,63.61,2.56,586.25,0.53,0.02,,,,,,,,,,,,
mcdonald_TE_PIT,Vance McDonald,TE,PIT,,,0.01,,1.38,74.77,4.78,714.48,,,,,,,,,,,,,,
ginn_WR_NO,Ted Ginn,WR,NO,,,0.01,0.57,60.1,55.22,4.19,848.67,,0.04,,,,,,,,,,,,
humphries_WR_TEN,Adam Humphries,WR,TEN,,,0.01,0.06,9.57,66.83,4.62,780.48,,0.01,,,,,,,,,,,0.02,
mccoy_RB_BUF,LeSean McCoy,RB,BUF,,,0.01,4.06,766.7,36.64,1.23,291.42,,0.41,,,,,,,,,,,,
davis_WR_TEN,Corey Davis,WR,TEN,,,0.01,0.21,32.2,62.04,4.49,796.5,,0.04,,,,,,,,,,,,
fitzgerald_WR_ARI,Larry Fitzgerald,WR,ARI,,,0.01,,1.83,65.59,5.05,753.77,,,,,,,,,,,,,,
moore_WR_CAR,D.J. Moore,WR,CAR,,,0.01,0.35,88.5,57.83,4.14,776.27,,0.11,,,,,,,,,,,,
shepard_WR_NYG,Sterling Shepard,WR,NYG,,,0.01,0.02,18.07,59.73,4.5,807.36,,0.02,,,,,,,,,,,,
barber_RB_TB,Peyton Barber,RB,TB,,,0.01,6.22,904.05,20.92,0.86,175.47,0.05,1.19,,,,,,,,,,,,
stills_WR_MIA,Kenny Stills,WR,MIA,,,0.01,,3.23,52.39,5.6,806.2,,,,,,,,,,,,,0.11,
goodwin_WR_SF,Marquise Goodwin,WR,SF,,,0.01,,11.17,55.38,4.87,804.08,,0.01,,,,,,,,,,,,
jackson_WR_PHI,DeSean Jackson,WR,PHI,,,0.01,0.4,60.61,54.85,4.06,764.89,,0.03,,,,,,,,,,,0.21,
howard_TE_TB,O.J. Howard,TE,TB,,,0.01,,1.32,48.47,6.12,781.04,,,,,,,,,,,,,,
johnson_RB_HOU,Duke Johnson,RB,HOU,,,0.01,2.51,413.01,47.3,2.26,403.25,0.65,0.08,,,,,,,,,,,,
jones_WR_BUF,Zay Jones,WR,BUF,,,0.01,0.03,6.01,49.38,5.27,724.07,,0.01,,,,,,,,,,,,
gabriel_WR_CHI,Taylor Gabriel,WR,CHI,,,0.01,0.3,49.64,58.66,3.09,677.35,,0.05,,,,,,,,,,,,
ekeler_RB_LAC,Austin Ekeler,RB,LAC,,,,3.06,463.45,39.49,1.49,377.81,0.03,0.68,,,,,,,,,,,,
walker_TE_TEN,Delanie Walker,TE,TEN,,,0.01,0.01,5.29,59.89,4.33,630.57,,0.01,,,,,,,,,,,,
moncrief_WR_PIT,Donte Moncrief,WR,PIT,,,0.01,,3.82,58.79,3.39,695.4,,,,,,,,,,,,,,
gallup_WR_DAL,Michael Gallup,WR,DAL,,,0.01,,0.84,49.46,4.17,729.63,,,,,,,,,,,,,,
allison_WR_GB,Geronimo Allison,WR,GB,,,0.01,,2.65,51.15,4.03,701.04,,,,,,,,,,,,,,
samuel_WR_CAR,Curtis Samuel,WR,CAR,,,0.01,0.17,31.68,49.18,4.23,667.01,,0.03,,,,,,,,,,,,
amendola_WR_DET,Danny Amendola,WR,DET,,,0.01,0.01,12.55,62.01,3.19,628.25,,0.01,,,,,,,,,,,,
cohen_RB_CHI,Tarik Cohen,RB,CHI,,,,1.71,268.9,46.17,2.41,473.98,0.02,0.97,,,,,,,,,,,0.17,
ingram_RB_BAL,Mark Ingram,RB,BAL,,,0.01,4.76,668.29,22.65,0.91,202.9,1,1.12,,,,,,,,,,,,
olsen_TE_CAR,Greg Olsen,TE,CAR,,,0.01,,1.15,53.71,4.53,624.72,,,,,,,,,,,,,,
mckinnon_RB_SF,Jerick McKinnon,RB,SF,,,,1.93,357.17,46.08,1.41,394.16,0.97,0.51,,,,,,,,,,,,
anderson_RB_DET,C.J. Anderson,RB,DET,,,,5.87,726.35,17.12,0.52,146.69,,0.41,,,,,,,,,,,,
hooper_TE_ATL,Austin Hooper,TE,ATL,,,0.01,,0.71,61,3.73,578.76,,,,,,,,,,,,,,
henry_TE_LAC,Hunter Henry,TE,LAC,,,0.01,,0.88,49.82,4.55,635.6,,,,,,,,,,,,,,
howard_RB_PHI,Jordan Howard,RB,PHI,,,0.01,5.43,798.25,14.65,0.47,111.13,0.01,0.74,,,,,,,,,,,,
hamilton_WR_DEN,DaeSean Hamilton,WR,DEN,,,0.01,0.01,2.75,53.01,3.72,628.19,,,,,,,,,,,,,0.13,
crowder_WR_NYJ,Jamison Crowder,WR,NYJ,,,,0.11,22.42,53.56,3.65,609.11,,0.02,,,,,,,,,,,,
richard_RB_OAK,Jalen Richard,RB,OAK,,,,2.02,276.86,44.53,2.53,404.25,,1.21,,,,,,,,,,,0.1,
andrews_TE_BAL,Mark Andrews,TE,BAL,,,,,3.7,46.68,4.69,612.39,,,,,,,,,,,,,,
lewis_RB_TEN,Dion Lewis,RB,TEN,,,,1.71,369.29,42.41,0.8,325.77,,0.24,,,,,,,,,,,1.5,
doyle_TE_IND,Jack Doyle,TE,IND,,,0.01,,1,55.59,4.31,533.31,,,,,,,,,,,,,,
eifert_TE_CIN,Tyler Eifert,TE,CIN,,,0.01,,1.32,46.45,4.91,569.25,,,,,,,,,,,,,,
keenum_QB_WSH,Case Keenum,QB,WSH,12.06,2248.98,8.46,0.85,57.95,,,,0.51,0.41,,,,,,,,,,,,
sutton_WR_DEN,Courtland Sutton,WR,DEN,,,0.01,0.05,14.86,45.7,3.73,623.04,,0.02,,,,,,,,,,,,
rudolph_TE_MIN,Kyle Rudolph,TE,MIN,,,0.01,,0.96,53.84,4.24,518.61,,,,,,,,,,,,,,
parker_WR_MIA,DeVante Parker,WR,MIA,,,0.01,,0.78,53.45,2.8,603.55,,,,,,,,,,,,,,
beasley_WR_BUF,Cole Beasley,WR,BUF,,,0.01,,1.06,46.43,3.75,613.97,,,,,,,,,,,,,0.04,
richardson_WR_WSH,Paul Richardson,WR,WSH,,,0.01,0.1,15.4,43.11,3.67,634.01,,0.01,,,,,,,,,,,,
cobb_WR_DAL,Randall Cobb,WR,DAL,,,0.01,0.07,17.46,50.02,3.44,577.35,,0.01,,,,,,,,,,,,
williams_WR_OAK,Tyrell Williams,WR,OAK,,,0.01,0.03,6.66,44.78,3.22,645.36,,0.01,,,,,,,,,,,,
njoku_TE_CLE,David Njoku,TE,CLE,,,0.01,,1.13,49.44,3.75,569.19,,,,,,,,,,,,,,
mclaurin_WR_WSH,Terry McLaurin,WR,WSH,,,0.01,0.06,10.93,47.62,3.35,589.69,,0.01,,,,,,,,,,,,
tate_WR_NYG,Golden Tate,WR,NYG,,,0.01,0.05,10.1,50.18,3.16,571.86,,0.02,,,,,,,,,,,,
perriman_WR_TB,Breshad Perriman,WR,TB,,,0.01,0.08,21.8,36.21,4.2,632.38,,0.02,,,,,,,,,,,,
witten_TE_DAL,Jason Witten,TE,DAL,,,0.01,,0.8,51.1,3.74,520.26,,,,,,,,,,,,,,
burton_TE_CHI,Trey Burton,TE,CHI,,,0.01,,2.98,47.15,3.84,516.54,,,,,,,,,,,,,,
smith_RB_ATL,Ito Smith,RB,ATL,,,,3.02,507.45,27.91,0.81,205.36,0.03,0.34,,,,,,,,,,,,
coleman_RB_SF,Tevin Coleman,RB,SF,,,0.01,3.64,620.04,17.12,0.95,138.94,0.06,,,,,,,,,,,,,
foster_WR_BUF,Robert Foster,WR,BUF,,,,,0.92,37.28,4.32,552.79,,,,,,,,,,,,,,
williams_RB_GB,Jamaal Williams,RB,GB,,,,2.87,434.9,26.76,1.07,236.36,0.03,,,,,,,,,,,,,
brown_WR_BAL,Marquise Brown,WR,BAL,,,0.01,0.32,27.32,36.99,3.57,542.98,,0.03,,,,,,,,,,,,
graham_TE_GB,Jimmy Graham,TE,GB,,,0.01,,1.65,49.12,2.94,498.07,,,,,,,,,,,,,,
snead_WR_BAL,Willie Snead,WR,BAL,,,0.01,0.05,4.32,46.29,2.63,536.71,,,,,,,,,,,,,,
samuels_RB_PIT,Jaylen Samuels,RB,PIT,,,,1.99,340.88,35.01,1.43,268.6,0.04,0.32,,,,,,,,,,,,
enunwa_WR_NYJ,Quincy Enunwa,WR,NYJ,,,0.01,0.01,3.59,45.2,2.35,528.97,,,,,,,,,,,,,,
valdesscantling_WR_GB,Marquez Valdes-Scantling,WR,GB,,,0.01,0.17,28.5,42.38,2.66,503.96,,0.03,,,,,,,,,,,,
breida_RB_SF,Matt Breida,RB,SF,,,,2.84,400.02,24.26,1.13,224.14,0.02,0.37,,,,,,,,,,,0.2,
willis_WR_CIN,Damion Willis,WR,CIN,,,0.01,0.07,9.16,41.21,2.73,510.21,,0.01,,,,,,,,,,,,
campbell_WR_IND,Parris Campbell,WR,IND,,,0.01,0.13,15.03,38.25,2.96,515.15,,0.01,,,,,,,,,,,,
higgins_WR_CLE,Rashard Higgins,WR,CLE,,,,,0.46,34.73,3.67,526.31,,,,,,,,,,,,,,
taylor_WR_TEN,Taywan Taylor,WR,TEN,,,0.01,0.06,9.62,41.5,2.57,492.63,,0.01,,,,,,,,,,,,
hines_RB_IND,Nyheim Hines,RB,IND,,,,2.08,292.47,28.96,1.32,291.27,0.03,0.19,,,,,,,,,,,,
robinson_WR_KC,Demarcus Robinson,WR,KC,,,0.01,,1.78,34.77,3.51,497.72,,,,,,,,,,,,,,
funchess_WR_IND,Devin Funchess,WR,IND,,,0.01,,1.02,39.73,2.95,478.28,,,,,,,,,,,,,,
miller_RB_HOU,Lamar Miller,RB,HOU,,,,2.87,494.09,19.65,0.67,148.94,,,,,,,,,,,,,,
cole_WR_JAX,Keelan Cole,WR,JAX,,,0.01,,1.05,39.02,2.51,506.69,,,,,,,,,,,,,,
sims_WR_WSH,Cam Sims,WR,WSH,,,0.01,0.06,9.73,39.03,2.63,482.65,,0.01,,,,,,,,,,,,
heuerman_TE_DEN,Jeff Heuerman,TE,DEN,,,0.01,,0.91,41.97,3.47,409.83,,,,,,,,,,,,,,
thompson_RB_WSH,Chris Thompson,RB,WSH,,,,0.9,209.32,40.12,0.94,322.49,,0.29,,,,,,,,,,,,
ebron_TE_IND,Eric Ebron,TE,IND,,,,0.15,31.95,39.22,2.55,445.87,,0.03,,,,,,,,,,,,
dissly_TE_SEA,Will Dissly,TE,SEA,,,0.01,,2.17,33.73,3.78,458.78,,,,,,,,,,,,,,
sanders_RB_PHI,Miles Sanders,RB,PHI,,,,3.07,430.91,20.91,0.83,159.57,0.08,0.58,,,,,,,,,,,,
miller_WR_CHI,Anthony Miller,WR,CHI,,,,,17.23,36.52,2.47,465.07,,0.03,,,,,,,,,,,0.17,
lee_WR_JAX,Marqise Lee,WR,JAX,,,,0.19,25.48,33.75,2.55,472.93,,0.02,,,,,,,,,,,,
davis_RB_CHI,Mike Davis,RB,CHI,,,,2.61,338.58,27.14,0.82,176.25,0.58,0.33,,,,,,,,,,,,
ballage_RB_MIA,Kalen Ballage,RB,MIA,,,,3.31,478.64,16.29,0.61,141.61,0.03,1.26,,,,,,,,,,,,
renfrow_WR_OAK,Hunter Renfrow,WR,OAK,,,0.01,0.06,9.02,37.02,2.7,448.5,,0.01,,,,,,,,,,,,
inman_WR_LAC,Dontrelle Inman,WR,LAC,,,,,0.39,35.62,3.13,441.72,,,,,,,,,,,,,,
roberts_WR_BAL,Seth Roberts,WR,BAL,,,,0.15,11.66,34.13,2.62,440.76,,0.01,,,,,,,,,,,,
hogan_WR_CAR,Chris Hogan,WR,CAR,,,0.01,0.02,7.43,31.32,2.51,482.52,,,,,,,,,,,,,,
bernard_RB_CIN,Giovani Bernard,RB,CIN,,,,1.24,181.18,35.9,0.8,284.82,,,,,,,,,,,,,,
washington_WR_PIT,James Washington,WR,PIT,,,0.01,,1.89,32.99,2.11,489.1,,,,,,,,,,,,,,
penny_RB_SEA,Rashaad Penny,RB,SEA,,,,3.91,562.34,6.87,0.32,62.81,0.04,0.36,,,,,,,,,,,,
freeman_RB_DEN,Royce Freeman,RB,DEN,,,,3.06,461.98,15.74,0.46,120.83,0.04,0.82,,,,,,,,,,,,
coutee_WR_HOU,Keke Coutee,WR,HOU,,,,0.01,16.2,36.25,2.04,411.73,,0.02,,,,,,,,,,,0.13,
smith_WR_NO,Tre'Quan Smith,WR,NO,,,0.01,0.11,13.14,32.42,2.66,412.16,,0.01,,,,,,,,,,,,
brown_WR_BUF,John Brown,WR,BUF,,,0.01,0.01,6.79,30.68,2.6,444.2,,0.01,,,,,,,,,,,,
rogers_WR_IND,Chester Rogers,WR,IND,,,,0.04,5.4,35.05,2.09,415.19,,,,,,,,,,,,,,
moore_WR_SEA,David Moore,WR,SEA,,,0.01,0.01,2.38,30.16,2.59,438.43,,,,,,,,,,,,,,
edwards_RB_BAL,Gus Edwards,RB,BAL,,,,4.06,555.88,4.22,0.16,29.77,0.54,0.07,,,,,,,,,,,,
riddick_RB_DEN,Theo Riddick,RB,DEN,,,,1.28,207.62,30.78,0.78,246.77,,0.25,,,,,,,,,,,,
thomas_WR_NE,Demaryius Thomas,WR,NE,,,0.01,,1.33,33.96,2.14,411.47,,,,,,,,,,,,,,
fowler_WR_NYG,Bennie Fowler,WR,NYG,,,0.01,,0.86,31.28,2.19,398.24,,,,,,,,,,,,,,
rogers_WR_PIT,Eli Rogers,WR,PIT,,,,,5.04,35.47,1.94,362.27,,,,,,,,,,,,,,
powell_RB_NYJ,Bilal Powell,RB,NYJ,,,,2.2,375.56,14.88,0.48,130.19,,0.24,,,,,,,,,,,,
jones_RB_TB,Ronald Jones,RB,TB,,,,1.95,281.6,18.91,0.74,167.06,0.07,0.33,,,,,,,,,,,,
higbee_TE_LAR,Tyler Higbee,TE,LAR,,,0.01,,0.95,30.56,2.24,347.48,,,,,,,,,,,,,,
waller_TE_OAK,Darren Waller,TE,OAK,,,0.01,0.1,15.77,31.37,2.09,326.44,,0.02,,,,,,,,,,,,
conley_WR_JAX,Chris Conley,WR,JAX,,,0.01,,1.06,25.85,2.32,388.02,,,,,,,,,,,,,,
croom_TE_BUF,Jason Croom,TE,BUF,,,0.01,,1.65,30.05,2.15,355.18,,,,,,,,,,,,,,
agholor_WR_PHI,Nelson Agholor,WR,PHI,,,,0.06,9.44,25.04,2.37,376.07,,0.01,,,,,,,,,,,,
jarwin_TE_DAL,Blake Jarwin,TE,DAL,,,,,0.41,30.13,2.38,333.51,,,,,,,,,,,,,,
clement_RB_PHI,Corey Clement,RB,PHI,,,,1.87,240.39,20.16,0.7,156.52,1.01,0.02,,,,,,,,,,,,
edmonds_RB_ARI,Chase Edmonds,RB,ARI,,,,2.33,339.1,14.52,0.46,121.19,0.03,0.31,,,,,,,,,,,,
davis_TE_WSH,Vernon Davis,TE,WSH,,,,,0.72,30.23,2.31,324.89,,,,,,,,,,,,,,
james_TE_DET,Jesse James,TE,DET,,,0.01,,0.88,29.27,2.13,339.48,,,,,,,,,,,,,,
jones_QB_NYG,Daniel Jones,QB,NYG,6.59,1197.94,5.39,0.73,69.81,,,,0.77,0.44,,,,,,,,,,,,
blue_RB_JAX,Alfred Blue,RB,JAX,,,,1.48,290.75,16.42,0.72,165.92,,,,,,,,,,,,,,
murray_RB_NO,Latavius Murray,RB,NO,,,,2.91,413.38,8.84,0.31,54.28,0.01,,,,,,,,,,,,,
everett_TE_LAR,Gerald Everett,TE,LAR,,,,0.02,4.32,29,2.12,312.79,,,,,,,,,,,,,,
brate_TE_TB,Cameron Brate,TE,TB,,,,,0.42,27.42,1.99,338.7,,,,,,,,,,,,,,
watson_TE_NE,Benjamin Watson,TE,NE,,,0.01,,1.1,27.84,1.98,321.01,,,,,,,,,,,,,,
harry_WR_NE,N'Keal Harry,WR,NE,,,,0.09,21.91,26.17,1.89,314.86,,0.02,,,,,,,,,,,,
mattison_RB_MIN,Alexander Mattison,RB,MIN,,,,1.85,281.28,16.08,0.53,118.94,0.05,0.41,,,,,,,,,,,,
thomas_TE_CAR,Ian Thomas,TE,CAR,,,,,0.51,26.63,2.07,301.09,,,,,,,,,,,,,,
swaim_TE_JAX,Geoff Swaim,TE,JAX,,,0.01,,1.04,28.8,1.8,295.06,,,,,,,,,,,,,,
crabtree_WR_ARI,Michael Crabtree,WR,ARI,,,,0.02,10.68,26.18,1.7,303.01,,0.01,,,,,,,,,,,,
hunt_RB_CLE,Kareem Hunt,RB,CLE,,,,1.88,236.33,14.56,0.8,127.63,0.02,0.12,,,,,,,,,,,,
jackson_RB_LAC,Justin Jackson,RB,LAC,,,,1.49,229.58,16.85,0.6,144.04,0.04,0.23,,,,,,,,,,,,
gore_RB_BUF,Frank Gore,RB,BUF,,,,1.79,329.14,10.75,0.42,91.32,0.03,0.18,,,,,,,,,,,,
patrick_WR_DEN,Tim Patrick,WR,DEN,,,,0.06,15.84,20.84,1.78,320.76,,0.01,,,,,,,,,,,,
kirkwood_WR_NO,Keith Kirkwood,WR,NO,,,,0.01,1.84,22.75,1.88,294.01,,,,,,,,,,,,,,
rodgers_RB_NO,Jacquizz Rodgers,RB,NO,,,,0.65,105.44,22.87,0.95,201.41,,,,,,,,,,,,,,
sealsjones_TE_ARI,Ricky Seals-Jones,TE,ARI,,,,,0.45,26.97,1.44,274.86,,,,,,,,,,,,,,
patterson_WR_CHI,Cordarrelle Patterson,WR,CHI,,,,1.61,139.44,15.54,0.95,174.78,,0.07,,,,,,,,,,,,
herndon_TE_NYJ,Chris Herndon,TE,NYJ,,,0.01,,0.76,22.88,1.46,287.17,,,,,,,,,,,,,,
akins_TE_HOU,Jordan Akins,TE,HOU,,,0.01,,0.9,24.04,1.49,270.34,,,,,,,,,,,,,,
peterson_RB_WSH,Adrian Peterson,RB,WSH,,,,2.12,344.73,7.65,0.27,45.87,0.03,0.66,,,,,,,,,,,,
uzomah_TE_CIN,C.J. Uzomah,TE,CIN,,,,,0.37,22.48,1.62,271.28,,,,,,,,,,,,,,
brown_WR_GB,Equanimeous St. Brown,WR,GB,,,,0.01,2.91,20.71,1.84,271.21,,,,,,,,,,,,,,
reynolds_WR_LAR,Josh Reynolds,WR,LAR,,,,0.01,15.3,18.67,1.6,281.78,,0.02,,,,,,,,,,,,
lacosse_TE_NE,Matt LaCosse,TE,NE,,,,,0.51,25.8,1.4,233.33,,,,,,,,,,,,,,
vannett_TE_SEA,Nick Vannett,TE,SEA,,,,,0.79,23.32,1.48,252.86,,,,,,,,,,,,,,
ross_WR_CIN,John Ross,WR,CIN,,,,0.18,23.32,19.17,0.87,287.63,,0.06,,,,,,,,,,,,
harris_RB_NE,Damien Harris,RB,NE,,,,1.71,240.39,11.9,0.42,83.01,0.04,0.36,,,,,,,,,,,,
morris_RB_DAL,Alfred Morris,RB,DAL,,,,2.04,277.34,8.4,0.3,66.11,,0.27,,,,,,,,,,,,
gallman_RB_NYG,Wayne Gallman,RB,NYG,,,,1.81,243.56,10.45,0.31,93.42,0.01,0.41,,,,,,,,,,,,
gesicki_TE_MIA,Mike Gesicki,TE,MIA,,,0.01,,0.69,24.2,1.18,242.38,,,,,,,,,,,,,,
clay_TE_ARI,Charles Clay,TE,ARI,,,0.01,,2.27,25.57,1.26,221.29,,,,,,,,,,,,,,
hill_RB_ATL,Brian Hill,RB,ATL,,,,2.22,318.71,6.06,0.3,36.72,0.04,0.86,,,,,,,,,,,,
benjamin_WR_LAC,Travis Benjamin,WR,LAC,,,,0.32,39.87,16.98,1.26,243.31,,0.03,,,,,,,,,,,,
crockett_RB_HOU,Damarea Crockett,RB,HOU,,,,1.5,217.12,11.91,0.44,99.23,0.05,0.33,,,,,,,,,,,,
switzer_WR_PIT,Ryan Switzer,WR,PIT,,,,0.09,22.83,20.01,1.18,227.56,,0.02,,,,,,,,,,,0.17,
griffin_TE_NYJ,Ryan Griffin,TE,NYJ,,,0.01,,1.01,24.7,1.19,207.06,,,,,,,,,,,,,,
hill_RB_BAL,Justice Hill,RB,BAL,,,,1.48,203.65,12.05,0.4,94.01,0.05,0.31,,,,,,,,,,,,
moore_WR_BAL,Chris Moore,WR,BAL,,,0.01,0.3,27.87,16.39,1.52,218.69,,0.03,,,,,,,,,,,0.09,
callaway_WR_CLE,Antonio Callaway,WR,CLE,,,,0.01,2.62,18.99,1.5,235.52,,,,,,,,,,,,,,
latimer_WR_NYG,Cody Latimer,WR,NYG,,,,0.03,4.23,16.23,1.55,245.67,,,,,,,,,,,,,0.15,
samuel_WR_SF,Deebo Samuel,WR,SF,,,,,5.82,19.17,1.37,235.18,,0.01,,,,,,,,,,,,
mckissic_RB_SEA,J.D. McKissic,RB,SEA,,,,0.66,98.58,16.7,0.67,152.07,0.02,0.09,,,,,,,,,,,,
oshaughnessy_TE_JAX,James O'Shaughnessy,TE,JAX,,,,,0.46,21.46,1.24,204.48,,,,,,,,,,,,,,
smith_TE_TEN,Jonnu Smith,TE,TEN,,,,,0.93,19.56,1.35,215.02,,,,,,,,,,,,,,
singletary_RB_BUF,Devin Singletary,RB,BUF,,,,1.43,192.3,10.89,0.39,85.88,0.05,0.31,,,,,,,,,,,,
hardman_WR_KC,Mecole Hardman,WR,KC,,,,0.03,5.29,18.73,1.31,210.46,,0.01,,,,,,,,,,,,
artispayne_RB_CAR,Cameron Artis-Payne,RB,CAR,,,,1.6,206.03,8.13,0.34,79.46,0.03,0.07,,,,,,,,,,,,
goedert_TE_PHI,Dallas Goedert,TE,PHI,,,,,0.55,19.48,1.31,207.17,,,,,,,,,,,,,,
armstead_RB_JAX,Ryquell Armstead,RB,JAX,,,,1.25,178.26,10.75,0.45,93.43,0.05,0.27,,,,,,,,,,,,
thompson_RB_KC,Darwin Thompson,RB,KC,,,,1.17,175.43,11.88,0.4,92.31,0.05,0.27,,,,,,,,,,,,
wilson_WR_TB,Bobo Wilson,WR,TB,,,,0.06,13.58,15.83,1.35,207.66,,0.01,,,,,,,,,,,0.11,
grant_WR_MIA,Jakeem Grant,WR,MIA,,,,,2.59,16.91,1.2,216.37,,,,,,,,,,,,,,
juszczyk_RB_SF,Kyle Juszczyk,RB,SF,,,0.01,0.2,2.9,20.85,0.88,178.02,,0.06,,,,,,,,,,,,
carter_WR_HOU,DeAndre Carter,WR,HOU,,,,0.01,8.88,17,1.16,203.17,,0.01,,,,,,,,,,,,
toilolo_TE_SF,Levine Toilolo,TE,SF,,,,,0.41,17.99,1.56,178.02,,,,,,,,,,,,,,
hurst_TE_BAL,Hayden Hurst,TE,BAL,,,,0.01,1.36,15.11,1.35,217.06,,,,,,,,,,,,,,
firkser_TE_TEN,Anthony Firkser,TE,TEN,,,,,0.41,16.8,1.33,201.64,,,,,,,,,,,,,,
wright_WR_CAR,Jarius Wright,WR,CAR,,,,0.04,8.72,16.25,1.1,208.06,,0.01,,,,,,,,,,,,
isabella_WR_ARI,Andy Isabella,WR,ARI,,,,0.01,6.05,16.86,1.24,196.62,,0.01,,,,,,,,,,,,
mckenzie_WR_BUF,Isaiah McKenzie,WR,BUF,,,,0.17,52.68,13.66,0.85,188.29,,0.05,,,,,,,,,,,,
lock_QB_DEN,Drew Lock,QB,DEN,3.55,716.82,3.54,0.46,36.21,,,,0.67,0.27,,,,,,,,,,,,
hardy_WR_ATL,Justin Hardy,WR,ATL,,,,,1.54,16.37,1.12,186.64,,,,,,,,,,,,,0.09,
bonnafon_RB_CAR,Reggie Bonnafon,RB,CAR,,,,0.98,138.78,10.97,0.42,85.17,0.05,0.22,,,,,,,,,,,,
montgomery_RB_NYJ,Ty Montgomery,RB,NYJ,,,,0.66,81.84,13.52,0.49,121.41,,,,,,,,,,,,,0.08,
yeldon_RB_BUF,T.J. Yeldon,RB,BUF,,,,0.49,90.95,14.37,0.49,116.2,0.01,0.19,,,,,,,,,,,,
hurd_WR_SF,Jalen Hurd,WR,SF,,,,,5.38,15.44,1.06,182.58,,0.01,,,,,,,,,,,,
williams_TE_ARI,Maxx Williams,TE,ARI,,,0.01,0.01,14.79,17.31,1.11,141.5,,0.01,,,,,,,,,,,,
brown_WR_TEN,A.J. Brown,WR,TEN,,,,0.03,6.05,14.86,0.98,180.36,,0.01,,,,,,,,,,,,
boyle_TE_BAL,Nick Boyle,TE,BAL,,,0.01,,0.86,18.84,0.86,153.96,,,,,,,,,,,,,,
hilliard_RB_CLE,Dontrell Hilliard,RB,CLE,,,,0.47,63.27,13.62,0.64,116.93,0.05,0.1,,,,,,,,,,,0.21,
jones_WR_NYG,T.J. Jones,WR,NYG,,,,,1.02,14.9,1.04,181.46,,,,,,,,,,,,,,
austin_WR_DAL,Tavon Austin,WR,DAL,,,,0.67,56.02,11.25,0.71,139.11,,0.02,,,,,,,,,,,,
boykin_WR_BAL,Miles Boykin,WR,BAL,,,,0.08,7.16,14.47,0.96,173,,0.01,,,,,,,,,,,,
beebe_WR_MIN,Chad Beebe,WR,MIN,,,,,3.27,14.16,1.04,171.01,,,,,,,,,,,,,0.11,
butt_TE_DEN,Jake Butt,TE,DEN,,,,,0.59,12.08,1.13,194.18,,,,,,,,,,,,,,
arnold_TE_NO,Dan Arnold,TE,NO,,,,,0.47,13.46,1.12,175.13,,,,,,,,,,,,,,
smith_RB_NYG,Rod Smith,RB,NYG,,,,1.27,143.05,8.64,0.34,52.65,0.01,0.08,,,,,,,,,,,,
chark_WR_JAX,D.J. Chark,WR,JAX,,,,0.01,2.15,11.99,0.86,191.89,,,,,,,,,,,,,0.16,
williams_RB_CIN,Trayveon Williams,RB,CIN,,,,1.04,135.86,9.04,0.34,69.28,0.05,0.22,,,,,,,,,,,,
fant_TE_DEN,Noah Fant,TE,DEN,,,,,2.2,14.84,1.15,155.04,,,,,,,,,,,,,,
quinn_WR_WSH,Trey Quinn,WR,WSH,,,,0.05,8.5,12.8,0.95,166.63,,0.01,,,,,,,,,,,0.1,
ellison_TE_NYG,Rhett Ellison,TE,NYG,,,,,0.57,14.36,1.24,148.91,,,,,,,,,,,,,,
jennings_WR_SEA,Gary Jennings,WR,SEA,,,,0.02,6.94,12.75,0.96,171.53,,0.01,,,,,,,,,,,,
brown_RB_LAR,Malcolm Brown,RB,LAR,,,,1.1,179.18,7.15,0.25,37.62,,0.32,,,,,,,,,,,,
sternberger_TE_GB,Jace Sternberger,TE,GB,,,,,1.24,15.02,1.09,143.96,,,,,,,,,,,,,,
grant_WR_OAK,Ryan Grant,WR,OAK,,,,,0.37,14.8,0.88,159.57,,,,,,,,,,,,,,
green_TE_LAC,Virgil Green,TE,LAC,,,0.01,,1.62,14.66,0.94,152.59,,,,,,,,,,,,,,
mostert_RB_SF,Raheem Mostert,RB,SF,,,,1.35,176.36,5.69,0.22,42.25,0.02,0.74,,,,,,,,,,,,
wilkins_RB_IND,Jordan Wilkins,RB,IND,,,,1.15,155.98,7.06,0.2,47.71,0.03,0.14,,,,,,,,,,,,
nelson_WR_OAK,J.J. Nelson,WR,OAK,,,,0.3,29.96,9.35,0.67,139.3,1.5,0.03,,,,,,,,,,,,
shaheen_TE_CHI,Adam Shaheen,TE,CHI,,,0.01,,0.77,12.82,1.06,157.03,,,,,,,,,,,,,,
gage_WR_ATL,Russell Gage,WR,ATL,,,,,0.73,12.82,0.93,159.19,,,,,,,,,,,,,,
kumerow_WR_GB,Jake Kumerow,WR,GB,,,,,2.17,12.75,0.96,152.49,,,,,,,,,,,,,,
pascal_WR_IND,Zach Pascal,WR,IND,,,,0.14,16.62,11.5,0.58,160.63,,0.02,,,,,,,,,,,,
ogunbowale_RB_TB,Dare Ogunbowale,RB,TB,,,,0.56,73.06,10.14,0.49,93.05,0.05,0.11,,,,,,,,,,,,
smith_WR_HOU,Vyncint Smith,WR,HOU,,,,,0.85,11.32,0.94,155.69,,,,,,,,,,,,,,
stocker_TE_ATL,Luke Stocker,TE,ATL,,,,,1.27,14.27,0.97,119.06,,,,,,,,,,,,,,
harris_TE_CLE,Demetrius Harris,TE,CLE,,,0.01,,0.88,14,0.81,131.49,,,,,,,,,,,,,,
walton_RB_MIA,Mark Walton,RB,MIA,,,,0.81,107.03,7.25,0.34,73.96,0.04,0.16,,,,,,,,,,,,
warring_TE_HOU,Kahale Warring,TE,HOU,,,,,1.24,13.38,0.93,127.68,,,,,,,,,,,,,,
thomas_WR_KC,De'Anthony Thomas,WR,KC,,,,0.1,10.2,12.28,0.66,137.61,,0.01,,,,,,,,,,,,
hockenson_TE_DET,T.J. Hockenson,TE,DET,,,,,2.24,12,1.03,131.5,,,,,,,,,,,,,,
gentry_TE_PIT,Zach Gentry,TE,PIT,,,,,0.87,12.63,0.99,121.85,,,,,,,,,,,,,,
williams_WR_MIA,Preston Williams,WR,MIA,,,,0.02,4.55,11.36,0.81,136.7,,0.01,,,,,,,,,,,,
oleary_TE_MIA,Nick O'Leary,TE,MIA,,,,,0.4,13.21,0.95,114.71,,,,,,,,,,,,,,
sharpe_WR_TEN,Tajae Sharpe,WR,TEN,,,,,1.11,10.69,0.7,154.02,,,,,,,,,,,,,,
pollard_RB_DAL,Tony Pollard,RB,DAL,,,,0.71,99.2,8.07,0.31,54.22,0.05,0.15,,,,,,,,,,,,
kroft_TE_BUF,Tyler Kroft,TE,BUF,,,,,0.39,10.62,0.72,136,,,,,,,,,,,,,,
bellamy_WR_NYJ,Josh Bellamy,WR,NYJ,,,,,0.74,8.64,0.78,142.12,,,,,,,,,,,,,,
hill_TE_NO,Josh Hill,TE,NO,,,,,0.57,12.8,0.66,100.85,,,,,,,,,,,,,,
oliver_TE_JAX,Josh Oliver,TE,JAX,,,,,1.27,9.73,0.85,118.6,,,,,,,,,,,,,,
boone_RB_MIN,Mike Boone,RB,MIN,,,,0.77,128.72,4.65,0.21,31.33,0.04,0.18,,,,,,,,,,,,
johnson_RB_CLE,D'Ernest Johnson,RB,CLE,,,,0.59,89.74,6.76,0.26,55.9,0.02,0.14,,,,,,,,,,,,
simonson_TE_NYG,Scott Simonson,TE,NYG,,,,,0.39,11.2,0.79,98.17,,,,,,,,,,,,,,
scott_WR_LAC,Artavis Scott,WR,LAC,,,,0.02,4.76,9.06,0.65,122.13,,,,,,,,,,,,,,
lacy_WR_DET,Chris Lacy,WR,DET,,,,,4.5,9.28,0.66,119.6,,,,,,,,,,,,,,
brown_WR_DAL,Noah Brown,WR,DAL,,,,,0.41,8.91,0.64,128.5,,,,,,,,,,,,,,
bell_TE_KC,Blake Bell,TE,KC,,,,,0.39,10.98,0.7,98.14,,,,,,,,,,,,,,
thomas_TE_DET,Logan Thomas,TE,DET,,,,,0.39,10.74,0.69,100.7,,,,,,,,,,,,,,
watson_WR_TB,Justin Watson,WR,TB,,,,0.01,2.44,8.11,0.61,124.38,,,,,,,,,,,,,,
hall_WR_CHI,Marvin Hall,WR,CHI,,,,0.03,13.89,7.94,0.52,117.42,,0.02,,,,,,,,,,,,
abdullah_RB_MIN,Ameer Abdullah,RB,MIN,,,,0.3,39.65,8.4,0.37,79.89,0.02,0.11,,,,,,,,,,,0.01,
kendricks_TE_NE,Lance Kendricks,TE,NE,,,,,0.39,9.28,0.75,102.81,,,,,,,,,,,,,,
dortch_WR_NYJ,Greg Dortch,WR,NYJ,,,,0.03,6.53,8.62,0.57,104.83,,0.01,,,,,,,,,,,0.11,
harmon_WR_WSH,Kelvin Harmon,WR,WSH,,,,0.02,4.81,8.57,0.61,110.52,,,,,,,,,,,,,,
sample_TE_CIN,Drew Sample,TE,CIN,,,,,0.96,8.54,0.8,101.78,,,,,,,,,,,,,,
willson_TE_OAK,Luke Willson,TE,OAK,,,,,0.43,10.24,0.68,92.16,,,,,,,,,,,,,,
finley_QB_CIN,Ryan Finley,QB,CIN,1.46,519.76,3.05,0.3,2.66,,,,0.56,0.17,,,,,,,,,,,,
washington_RB_OAK,DeAndre Washington,RB,OAK,,,,0.8,111.03,4,0.17,26.04,,0.17,,,,,,,,,,,,
booker_RB_DEN,Devontae Booker,RB,DEN,,,,0.28,42.01,8.26,0.3,71.51,,,,,,,,,,,,,,
rosen_QB_MIA,Josh Rosen,QB,MIA,1.82,515.03,3.64,0.19,1.24,,,,0.55,0.09,,,,,,,,,,,,
godwin_WR_CAR,Terry Godwin,WR,CAR,,,,0.04,6.8,7.65,0.54,102.68,,0.01,,,,,,,,,,,0.11,
meyers_WR_NE,Jakobi Meyers,WR,NE,,,,0.02,6.13,8.1,0.58,103.54,,0.01,,,,,,,,,,,,
brown_WR_SEA,Jaron Brown,WR,SEA,,,,,0.47,7.38,0.61,106.61,,,,,,,,,,,,,,
moreau_TE_OAK,Foster Moreau,TE,OAK,,,,,0.84,8.04,0.7,92.77,,,,,,,,,,,,,,
thomas_TE_HOU,Jordan Thomas,TE,HOU,,,,,0.53,7.86,0.74,89.78,,,,,,,,,,,,,,
erickson_WR_CIN,Alex Erickson,WR,CIN,,,,0.17,20.08,6.08,0.42,94.38,,0.02,,,,,,,,,,,,
ervin_RB_BAL,Tyler Ervin,RB,BAL,,,,0.33,42.99,6.51,0.29,51.18,0.01,0.06,,,,,,,,,,,,
fluellen_RB_TEN,David Fluellen,RB,TEN,,,,0.47,68.79,4.7,0.2,40.34,0.04,0.09,,,,,,,,,,,,
aliecox_TE_IND,Mo Alie-Cox,TE,IND,,,,,0.46,7.12,0.64,79.25,,,,,,,,,,,,,,
rudolph_QB_PIT,Mason Rudolph,QB,PIT,1.6,365.39,2.3,0.25,1.26,,,,0.56,0.14,,,,,,,,,,,,
miller_WR_CLE,Braxton Miller,WR,CLE,,,,,5.9,5.95,0.35,96.22,,0.01,,,,,,,,,,,,
janovich_RB_DEN,Andy Janovich,RB,DEN,,,,0.09,4.03,9.1,0.36,54.88,0.02,0.01,,,,,,,,,,,,
develin_RB_NE,James Develin,RB,NE,,,,0.48,35.76,6.01,0.27,35.97,0.01,0.05,,,,,,,,,,,,
fells_TE_HOU,Darren Fells,TE,HOU,,,0.01,,0.98,6.34,0.67,67.64,,,,,,,,,,,,,,
logan_RB_ARI,T.J. Logan,RB,ARI,,,,0.17,6.82,7.24,0.28,49.22,0.04,0.03,,,,,,,,,,,0.21,
bortles_QB_LAR,Blake Bortles,QB,LAR,1.1,303.85,1.2,0.23,1.85,,,,0.53,0.1,,,,,,,,,,,,
tannehill_QB_TEN,Ryan Tannehill,QB,TEN,1.04,389.03,2.48,0.16,0.17,,,,0.56,0.14,,,,,,,,,,,,
schultz_TE_DAL,Dalton Schultz,TE,DAL,,,,,0.44,6.21,0.62,65.91,,,,,,,,,,,,,,
minshew_QB_JAX,Gardner Minshew,QB,JAX,1.03,328.51,1.93,0.23,0.38,,,,0.56,0.13,,,,,,,,,,,,
smith_WR_CAR,Torrey Smith,WR,CAR,,,,,0.46,4.8,0.34,87.26,,,,,,,,,,,,,,
grimble_TE_PIT,Xavier Grimble,TE,PIT,,,,,0.42,5.31,0.61,61.21,,,,,,,,,,,,,,
tate_WR_CIN,Auden Tate,WR,CIN,,,,0.01,0.72,5.83,0.31,72.22,,,,,,,,,,,,,,
keizer_TE_KC,Nick Keizer,TE,KC,,,,,0.6,5.48,0.52,59.38,,,,,,,,,,,,,,
hyde_RB_KC,Carlos Hyde,RB,KC,,,,0.14,19.95,6.69,0.15,39.48,0.02,0.03,,,,,,,,,,,,
sproles_RB_PHI,Darren Sproles,RB,PHI,,,,0.18,29.51,4.78,0.23,41.22,,,,,,,,,,,,,,
grier_QB_CAR,Will Grier,QB,CAR,0.87,284.62,1.41,0.2,0.2,,,,0.56,0.12,,,,,,,,,,,,
bawden_RB_DET,Nick Bawden,RB,DET,,,,0.29,27.9,5.01,0.24,31.73,0.05,0.06,,,,,,,,,,,,
hollins_WR_PHI,Mack Hollins,WR,PHI,,,,,0.51,4.47,0.36,73.43,,,,,,,,,,,,,,
line_RB_NO,Zach Line,RB,NO,,,,0.48,45.28,3.91,0.15,19.05,0.01,0.06,,,,,,,,,,,,
ham_RB_MIN,C.J. Ham,RB,MIN,,,,0.08,3.32,6.45,0.32,46.52,0.02,0.01,,,,,,,,,,,,
bellore_RB_SEA,Nick Bellore,RB,SEA,,,,0.06,1.33,6.77,0.27,46.92,0.04,0.01,,,,,,,,,,,,
wesco_TE_NYJ,Trevon Wesco,TE,NYJ,,,,,0.8,4.9,0.49,55.09,,,,,,,,,,,,,,
carr_WR_NO,Austin Carr,WR,NO,,,,,1.03,4.96,0.3,64.99,,,,,,,,,,,,,,
smith_TE_BUF,Lee Smith,TE,BUF,,,,,0.39,5.06,0.44,55.69,,,,,,,,,,,,,,
zylstra_WR_MIN,Brandon Zylstra,WR,MIN,,,,,2.46,3.75,0.33,70.71,,,,,,,,,,,,,,
dorsett_WR_NE,Phillip Dorsett,WR,NE,,,,0.05,8.76,4.03,0.34,55.1,,0.01,,,,,,,,,,,,
nix_RB_PIT,Roosevelt Nix,RB,PIT,,,,0.13,3.59,6.19,0.26,34.73,0.03,0.02,,,,,,,,,,,,
cracraft_WR_DEN,River Cracraft,WR,DEN,,,,,1.97,2.85,0.34,72.13,,,,,,,,,,,,,,
anderson_TE_NE,Stephen Anderson,TE,NE,,,,,0.11,4.65,0.31,55.41,,,,,,,,,,,,,,
savage_QB_DET,Tom Savage,QB,DET,0.71,250.95,1.1,0.03,,,,,0.51,0.03,,,,,,,,,,,,
griffin_QB_BAL,Robert Griffin III,QB,BAL,0.79,239.15,1.39,0.18,0.32,,,,0.49,0.12,,,,,,,,,,,,
sherman_RB_KC,Anthony Sherman,RB,KC,,,,0.09,5.71,5.22,0.25,35.56,,0.01,,,,,,,,,,,,
knox_TE_BUF,Dawson Knox,TE,BUF,,,,,0.35,4.37,0.34,48.68,,,,,,,,,,,,,,
lynch_QB_SEA,Paxton Lynch,QB,SEA,0.8,215.81,1.13,0.1,0.45,,,,0.55,0.05,,,,,,,,,,,,
hoyer_QB_NE,Brian Hoyer,QB,NE,0.69,195.17,0.85,0.3,0.26,,,,0.11,0.13,,,,,,,,,,,,
dwelley_TE_SF,Ross Dwelley,TE,SF,,,,,0.44,2.87,0.42,50.76,,,,,,,,,,,,,,
bohanon_RB_GB,Tommy Bohanon,RB,GB,,,,0.07,1.91,4.86,0.25,33.76,0.01,0.01,,,,,,,,,,,,
taylor_QB_LAC,Tyrod Taylor,QB,LAC,1.08,149.12,0.73,0.13,0.9,,,,0.34,0.02,,,,,,,,,,,,
mullens_QB_SF,Nick Mullens,QB,SF,0.7,205.72,1.12,0.06,0.01,,,,0.56,0.03,,,,,,,,,,,,
braunecker_TE_CHI,Ben Braunecker,TE,CHI,,,,,0.35,3.37,0.41,43.36,,,,,,,,,,,,,,
ortiz_RB_ATL,Ricky Ortiz,RB,ATL,,,,0.08,4.03,4.77,0.23,26.03,0.05,0.01,,,,,,,,,,,,
williams_RB_NO,Kerwynn Williams,RB,NO,,,,0.26,43.87,1.79,0.07,15.48,,0.05,,,,,,,,,,,,
devalve_TE_CLE,Seth DeValve,TE,CLE,,,,,0.4,3.25,0.4,38.48,,,,,,,,,,,,,,
paulsen_TE_ATL,Logan Paulsen,TE,ATL,,,,,0.34,3.69,0.41,33.3,,,,,,,,,,,,,,
stanton_QB_CLE,Drew Stanton,QB,CLE,0.77,221.64,1.66,0.06,0.05,,,,0.21,0.03,,,,,,,,,,,,
siemian_QB_NYJ,Trevor Siemian,QB,NYJ,0.52,201.13,1.35,0.11,1.21,,,,0.53,0.06,,,,,,,,,,,,
armah_RB_CAR,Alex Armah,RB,CAR,,,,0.24,18.48,3.29,0.16,15.43,0.04,0.04,,,,,,,,,,,,
kizer_QB_GB,DeShone Kizer,QB,GB,0.56,192.58,1.65,0.21,0.04,,,,0.51,0.09,,,,,,,,,,,,
davis_WR_GB,Trevor Davis,WR,GB,,,,0.03,8.12,1.81,0.14,40.64,,0.01,,,,,,,,,,,0.16,
sprinkle_TE_WSH,Jeremy Sprinkle,TE,WSH,,,,,0.44,2.9,0.34,36.24,,,,,,,,,,,,,,
gabbert_QB_TB,Blaine Gabbert,QB,TB,0.6,172.15,1.18,0.13,1.43,,,,0.42,0.06,,,,,,,,,,,,
howell_RB_HOU,Buddy Howell,RB,HOU,,,,0.12,8.71,2.66,0.15,33.93,0.02,0.02,,,,,,,,,,,,
hundley_QB_ARI,Brett Hundley,QB,ARI,0.64,147.63,1.06,0.2,1.69,,,,0.44,0.09,,,,,,,,,,,,
hollister_TE_SEA,Jacob Hollister,TE,SEA,,,,,0.49,2.47,0.35,37.43,,,,,,,,,,,,,,
kelly_QB_IND,Chad Kelly,QB,IND,0.47,155.78,0.89,0.16,0.74,,,,0.56,0.09,,,,,,,,,,,,
olawale_RB_DAL,Jamize Olawale,RB,DAL,,,,0.02,0.96,3.98,0.22,25.31,,,,,,,,,,,,,,
conklin_TE_MIN,Tyler Conklin,TE,MIN,,,,,0.47,2.38,0.38,31.86,,,,,,,,,,,,,,
mccown_QB_PHI,Josh McCown,QB,PHI,0.57,167.19,0.97,0.03,0.16,,,,0.32,0.05,,,,,,,,,,,,
smith_RB_OAK,Keith Smith,RB,OAK,,,,0.05,0.82,3.99,0.18,22.28,0.03,0.01,,,,,,,,,,,,
watt_RB_LAC,Derek Watt,RB,LAC,,,,0.1,5.13,3.51,0.19,18.91,0.03,0.02,,,,,,,,,,,,
edmunds_RB_PIT,Trey Edmunds,RB,PIT,,,,0.02,0.01,3.69,0.18,26.78,0.03,,,,,,,,,,,,,
mundt_TE_LAR,Johnny Mundt,TE,LAR,,,,,0.45,2.52,0.33,30.5,,,,,,,,,,,,,,
rush_QB_DAL,Cooper Rush,QB,DAL,0.48,146.02,1.03,0.14,0.02,,,,0.53,0.05,,,,,,,,,,,,
bridgewater_QB_NO,Teddy Bridgewater,QB,NO,0.5,120.18,0.63,0.15,1.34,,,,0.48,0.06,,,,,,,,,,,,
mannion_QB_MIN,Sean Mannion,QB,MIN,0.44,141.44,0.81,0.14,0.04,,,,0.41,0.06,,,,,,,,,,,,
dimarco_RB_BUF,Patrick DiMarco,RB,BUF,,,,0.1,7.96,3.15,0.18,15.92,,0.02,,,,,,,,,,,,
henne_QB_KC,Chad Henne,QB,KC,0.47,141,0.79,0.08,2.07,,,,0.34,0.09,,,,,,,,,,,,
gathers_TE_CLE,Rico Gathers,TE,CLE,,,,,0.37,2.43,0.32,26.83,,,,,,,,,,,,,,
rodgers_TE_PHI,Richard Rodgers,TE,PHI,,,,,0.43,2.38,0.33,26.7,,,,,,,,,,,,,,
tomlinson_TE_NYJ,Eric Tomlinson,TE,NYJ,,,,,0.54,2.47,0.3,27.19,,,,,,,,,,,,,,
byrd_WR_ARI,Damiere Byrd,WR,ARI,,,,,1.98,2.05,0.15,37.22,,,,,,,,,,,,,,
auclair_TE_TB,Antony Auclair,TE,TB,,,,,0.4,2.13,0.34,26.46,,,,,,,,,,,,,,
natson_WR_LAR,JoJo Natson,WR,LAR,,,,0.03,7.93,0.59,0.09,38.48,,0.01,,,,,,,,,,,0.12,
schaub_QB_ATL,Matt Schaub,QB,ATL,0.26,81.89,0.68,0.03,0.34,,,,1.64,0.05,,,,,,,,,,,,
barkley_QB_BUF,Matt Barkley,QB,BUF,0.51,143.93,1.44,0.05,0.4,,,,0.48,0.03,,,,,,,,,,,,
vitale_RB_GB,Danny Vitale,RB,GB,,,,0.07,1.29,2.97,0.15,15.81,0.05,0.01,,,,,,,,,,,,
manhertz_TE_CAR,Chris Manhertz,TE,CAR,,,,,0.46,2.03,0.31,19.58,,,,,,,,,,,,,,
daniel_QB_CHI,Chase Daniel,QB,CHI,0.46,103.87,0.59,0.06,0.33,,,,0.25,0.04,,,,,,,,,,,,
morgan_TE_MIN,David Morgan,TE,MIN,,,,,0.43,1.89,0.31,17.05,,,,,,,,,,,,,,
wilson_RB_SF,Jeff Wilson,RB,SF,,,,0.16,24.62,1.07,0.04,9.7,,0.1,,,,,,,,,,,,
willies_WR_CLE,Derrick Willies,WR,CLE,,,,,0.55,1.48,0.11,25.9,,,,,,,,,,,,,,
webb_QB_HOU,Joe Webb,QB,HOU,0.28,77.67,0.52,0.2,,,,,,0.05,,,,,,,,,,,,
lewis_TE_GB,Marcedes Lewis,TE,GB,,,,,0.41,1.33,0.26,11.3,,,,,,,,,,,,,,
glennon_QB_OAK,Mike Glennon,QB,OAK,0.21,41.67,0.34,0.03,0.01,,,,0.99,0.03,,,,,,,,,,,,
culkin_TE_LAC,Sean Culkin,TE,LAC,,,,,0.45,1.11,0.25,11.65,,,,,,,,,,,,,,
powell_WR_DET,Brandon Powell,WR,DET,,,,,1.38,1.14,0.07,16.53,,,,,,,,,,,,,0.01,
allen_TE_MIA,Dwayne Allen,TE,MIA,,,,,0.44,0.97,0.19,9.45,,,,,,,,,,,,,,
peake_WR_NYJ,Charone Peake,WR,NYJ,,,,,0.86,0.16,0.05,25.49,,,,,,,,,,,,,,
daniels_TE_ARI,Darrell Daniels,TE,ARI,,,,,0.43,0.44,0.22,11.88,,,,,,,,,,,,,,
tye_TE_PHI,Will Tye,TE,PHI,,,,,0.03,0.82,0.07,10.08,,,,,,,,,,,,,,
lazard_WR_GB,Allen Lazard,WR,GB,,,,,0.54,0.84,0.04,9.22,,,,,,,,,,,,,,
perkins_TE_PHI,Josh Perkins,TE,PHI,,,,,0.09,0.54,0.08,9.52,,,,,,,,,,,,,,
hill_QB_NO,Taysom Hill,QB,NO,0.1,30.16,0.15,0.02,0.15,,,,0.02,0.01,,,,,,,,,,,,
pruitt_TE_TEN,MyCole Pruitt,TE,TEN,,,,,0.02,0.54,0.04,6.71,,,,,,,,,,,,,,
smythe_TE_MIA,Durham Smythe,TE,MIA,,,,,0.03,0.46,0.04,5.95,,,,,,,,,,,,,,
washington_RB_NO,Dwayne Washington,RB,NO,,,,0.03,6.58,0.16,0.01,1.75,,,,,,,,,,,,,,
brown_TE_NYJ,Daniel Brown,TE,NYJ,,,,,0.11,0.29,0.05,6.02,,,,,,,,,,,,,,
mack_TE_NO,Alize Mack,TE,NO,,,,,0.05,0.26,0.03,4.02,,,,,,,,,,,,,,
bunting_TE_CHI,Ian Bunting,TE,CHI,,,,,0.04,0.26,0.03,3.72,,,,,,,,,,,,,,
saubert_TE_NE,Eric Saubert,TE,NE,,,,,0.03,0.18,0.03,3.04,,,,,,,,,,,,,,
travis_TE_IND,Ross Travis,TE,IND,,,,,0.03,0.22,0.02,2.81,,,,,,,,,,,,,,
hemingway_TE_CAR,Temarrick Hemingway,TE,CAR,,,,,0.03,0.13,0.02,3.59,,,,,,,,,,,,,,
schreck_TE_CIN,Mason Schreck,TE,CIN,,,,,0.03,0.13,0.02,2.43,,,,,,,,,,,,,,
garner_TE_KC,Manasseh Garner,TE,KC,,,,,0.03,0.13,0.02,1.48,,,,,,,,,,,,,,
koyack_TE_JAX,Ben Koyack,TE,JAX,,,,,0.03,0.07,0.02,1.24,,,,,,,,,,,,,,
dickerson_TE_NYG,Garrett Dickerson,TE,NYG,,,,,0.03,0.02,0.01,0.26,,,,,,,,,,,,,,
adams_TE_HOU,Jerell Adams,TE,HOU,,,,,,,,,,,,,,,,,,,,,,
adams_RB_PHI,Josh Adams,RB,PHI,,,,,,,,,,,,,,,,,,,,,,
adeboyejo_WR_NYJ,Quincy Adeboyejo,WR,NYJ,,,,,,,,,,,,,,,,,,,,,,
agudosi_WR_PHI,Carlton Agudosi,WR,PHI,,,,,,,,,,,,,,,,,,,,,,
allen_QB_LAR,Brandon Allen,QB,LAR,,,,,,,,,,,,,,,,,,,,,,
allen_RB_NO,Javorius Allen,RB,NO,,,,,,,,,,,,,,,,,,,,,,
allen_QB_CAR,Kyle Allen,QB,CAR,,,,,,,,,,,,,,,,,,,,,,
anderson_RB_TB,Bruce Anderson,RB,TB,,,,,,,,,,,,,,,,,,,,,,
anderson_QB_ARI,Drew Anderson,QB,ARI,,,,,,,,,,,,,,,,,,,,,,
anderson_RB_CIN,Rodney Anderson,RB,CIN,,,,,,,,,,,,,,,,,,,,,,
arcegawhiteside_WR_PHI,J.J. Arcega-Whiteside,WR,PHI,,,,,,,,,,,,,,,,,,,,,,
ateman_WR_OAK,Marcell Ateman,WR,OAK,,,,,,,,,,,,,,,,,,,,,,
badet_WR_MIN,Jeff Badet,WR,MIN,,,,,,,,,,,,,,,,,,,,,,
baker_WR_CLE,Dorian Baker,WR,CLE,,,,,,,,,,,,,,,,,,,,,,
barner_RB_ATL,Kenjon Barner,RB,ATL,,,,,,,,,,,,,,,,,,,,,,
barnes_RB_TEN,Alex Barnes,RB,TEN,,,,,,,,,,,,,,,,,,,,,,
barrett_QB_SEA,J.T. Barrett,QB,SEA,,,,,,,,,,,,,,,,,,,,,,
batson_WR_TEN,Cameron Batson,WR,TEN,,,,,,,,,,,,,,,,,,,,,,
baugh_TE_CAR,Marcus Baugh,TE,CAR,,,,,,,,,,,,,,,,,,,,,,
baylis_TE_GB,Evan Baylis,TE,GB,,,,,,,,,,,,,,,,,,,,,,
beathard_QB_SF,C.J. Beathard,QB,SF,,,,,,,,,,,,,,,,,,,,,,
beck_TE_NE,Andrew Beck,TE,NE,,,,,,,,,,,,,,,,,,,,,,
belcher_TE_ARI,Drew Belcher,TE,ARI,,,,,,,,,,,,,,,,,,,,,,
benkert_QB_ATL,Kurt Benkert,QB,ATL,,,,,,,,,,,,,,,,,,,,,,
berrios_WR_NE,Braxton Berrios,WR,NE,,,,,,,,,,,,,,,,,,,,,,
blackmon_WR_JAX,Justin Blackmon,WR,JAX,,,,,,,,,,,,,,,,,,,,,,
blake_WR_ATL,Christian Blake,WR,ATL,,,,,,,,,,,,,,,,,,,,,,
blanton_TE_LAR,Kendall Blanton,TE,LAR,,,,,,,,,,,,,,,,,,,,,,
blasingame_RB_MIN,Khari Blasingame,RB,MIN,,,,,,,,,,,,,,,,,,,,,,
blough_QB_CLE,David Blough,QB,CLE,,,,,,,,,,,,,,,,,,,,,,
board_WR_JAX,C.J. Board,WR,JAX,,,,,,,,,,,,,,,,,,,,,,
boehringer_TE_CIN,Moritz Boehringer,TE,CIN,,,,,,,,,,,,,,,,,,,,,,
bolden_RB_NE,Brandon Bolden,RB,NE,,,,,,,,,,,,,,,,,,,,,,
bolden_WR_BUF,Victor Bolden,WR,BUF,,,,,,,,,,,,,,,,,,,,,,
bourne_WR_SF,Kendrick Bourne,WR,SF,,,,,,,,,,,,,,,,,,,,,,
boyle_QB_GB,Tim Boyle,QB,GB,,,,,,,,,,,,,,,,,,,,,,
bray_QB_CHI,Tyler Bray,QB,CHI,,,,,,,,,,,,,,,,,,,,,,
brent_WR_TB,K.J. Brent,WR,TB,,,,,,,,,,,,,,,,,,,,,,
brossette_RB_NE,Nick Brossette,RB,NE,,,,,,,,,,,,,,,,,,,,,,
brown_TE_IND,Billy Brown,TE,IND,,,,,,,,,,,,,,,,,,,,,,
brown_WR_DEN,Fred Brown,WR,DEN,,,,,,,,,,,,,,,,,,,,,,
brown_TE_LAR,Keenen Brown,TE,LAR,,,,,,,,,,,,,,,,,,,,,,
brown_TE_CLE,Pharaoh Brown,TE,CLE,,,,,,,,,,,,,,,,,,,,,,
browning_QB_MIN,Jake Browning,QB,MIN,,,,,,,,,,,,,,,,,,,,,,
burkhead_RB_NE,Rex Burkhead,RB,NE,,,,,,,,,,,,,,,,,,,,,,
burnett_WR_NYJ,Deontay Burnett,WR,NYJ,,,,,,,,,,,,,,,,,,,,,,
burton_RB_NO,Michael Burton,RB,NO,,,,,,,,,,,,,,,,,,,,,,
butler_WR_MIA,Brice Butler,WR,MIA,,,,,,,,,,,,,,,,,,,,,,
butler_WR_NO,Emmanuel Butler,WR,NO,,,,,,,,,,,,,,,,,,,,,,
butler_WR_ARI,Hakeem Butler,WR,ARI,,,,,,,,,,,,,,,,,,,,,,
butler_RB_OAK,James Butler,RB,OAK,,,,,,,,,,,,,,,,,,,,,,
butler_TE_OAK,Paul Butler,TE,OAK,,,,,,,,,,,,,,,,,,,,,,
cain_WR_IND,Deon Cain,WR,IND,,,,,,,,,,,,,,,,,,,,,,
caldwell_RB_CHI,Josh Caldwell,RB,CHI,,,,,,,,,,,,,,,,,,,,,,
callahan_QB_BAL,Joe Callahan,QB,BAL,,,,,,,,,,,,,,,,,,,,,,
cannon_RB_NYJ,Trenton Cannon,RB,NYJ,,,,,,,,,,,,,,,,,,,,,,
cantrell_WR_LAC,Dylan Cantrell,WR,LAC,,,,,,,,,,,,,,,,,,,,,,
carlson_TE_CLE,Stephen Carlson,TE,CLE,,,,,,,,,,,,,,,,,,,,,,
carrier_TE_OAK,Derek Carrier,TE,OAK,,,,,,,,,,,,,,,,,,,,,,
carson_RB_GB,Tra Carson,RB,GB,,,,,,,,,,,,,,,,,,,,,,
carter_RB_CIN,Cethan Carter,RB,CIN,,,,,,,,,,,,,,,,,,,,,,
celek_TE_SF,Garrett Celek,TE,SF,,,,,,,,,,,,,,,,,,,,,,
charles_TE_DEN,Orson Charles,TE,DEN,,,,,,,,,,,,,,,,,,,,,,
chesson_WR_WSH,Jehu Chesson,WR,WSH,,,,,,,,,,,,,,,,,,,,,,
chunn_RB_DAL,Jordan Chunn,RB,DAL,,,,,,,,,,,,,,,,,,,,,,
cobbs_WR_NO,Simmie Cobbs,WR,NO,,,,,,,,,,,,,,,,,,,,,,
coleman_WR_NYG,Corey Coleman,WR,NYG,,,,,,,,,,,,,,,,,,,,,,
conrad_TE_NYG,C.J. Conrad,TE,NYG,,,,,,,,,,,,,,,,,,,,,,
cooper_WR_ARI,Pharoh Cooper,WR,ARI,,,,,,,,,,,,,,,,,,,,,,
core_WR_CIN,Cody Core,WR,CIN,,,,,,,,,,,,,,,,,,,,,,
cox_RB_MIA,Chandler Cox,RB,MIA,,,,,,,,,,,,,,,,,,,,,,
cox_RB_LAC,Jeremy Cox,RB,LAC,,,,,,,,,,,,,,,,,,,,,,
crowell_RB_OAK,Isaiah Crowell,RB,OAK,,,,,,,,,,,,,,,,,,,,,,
cunningham_TE_DET,Jerome Cunningham,TE,DET,,,,,,,,,,,,,,,,,,,,,,
davis_WR_LAC,Geremy Davis,WR,LAC,,,,,,,,,,,,,,,,,,,,,,
davis_RB_LAR,Justin Davis,RB,LAR,,,,,,,,,,,,,,,,,,,,,,
davis_WR_KC,Rashard Davis,WR,KC,,,,,,,,,,,,,,,,,,,,,,
davis_WR_DAL,Reggie Davis,WR,DAL,,,,,,,,,,,,,,,,,,,,,,
davis_WR_WSH,Robert Davis,WR,WSH,,,,,,,,,,,,,,,,,,,,,,
dawkins_RB_TEN,Dalyn Dawkins,RB,TEN,,,,,,,,,,,,,,,,,,,,,,
dayes_RB_NO,Matt Dayes,RB,NO,,,,,,,,,,,,,,,,,,,,,,
derby_TE_NO,A.J. Derby,TE,NO,,,,,,,,,,,,,,,,,,,,,,
dickson_TE_SEA,Ed Dickson,TE,SEA,,,,,,,,,,,,,,,,,,,,,,
dieter_WR_KC,Gehrig Dieter,WR,KC,,,,,,,,,,,,,,,,,,,,,,
dillon_TE_MIN,Brandon Dillon,TE,MIN,,,,,,,,,,,,,,,,,,,,,,
dixon_RB_BAL,Kenneth Dixon,RB,BAL,,,,,,,,,,,,,,,,,,,,,,
dobbs_QB_PIT,Joshua Dobbs,QB,PIT,,,,,,,,,,,,,,,,,,,,,,
doctson_WR_WSH,Josh Doctson,WR,WSH,,,,,,,,,,,,,,,,,,,,,,
dolegala_QB_CIN,Jake Dolegala,QB,CIN,,,,,,,,,,,,,,,,,,,,,,
doss_WR_OAK,Keelan Doss,WR,OAK,,,,,,,,,,,,,,,,,,,,,,
driskel_QB_CIN,Jeff Driskel,QB,CIN,,,,,,,,,,,,,,,,,,,,,,
duarte_TE_ATL,Thomas Duarte,TE,ATL,,,,,,,,,,,,,,,,,,,,,,
dunbar_WR_DEN,Steven Dunbar,WR,DEN,,,,,,,,,,,,,,,,,,,,,,
dupre_WR_LAC,Malachi Dupre,WR,LAC,,,,,,,,,,,,,,,,,,,,,,
dural_WR_NO,Travin Dural,WR,NO,,,,,,,,,,,,,,,,,,,,,,
ellington_RB_TB,Andre Ellington,RB,TB,,,,,,,,,,,,,,,,,,,,,,
ellis_TE_PHI,Alex Ellis,TE,PHI,,,,,,,,,,,,,,,,,,,,,,
ellis_RB_CIN,Jordan Ellis,RB,CIN,,,,,,,,,,,,,,,,,,,,,,
ernsberger_TE_JAX,Donnie Ernsberger,TE,JAX,,,,,,,,,,,,,,,,,,,,,,
etling_QB_ATL,Danny Etling,QB,ATL,,,,,,,,,,,,,,,,,,,,,,
ezeala_RB_BAL,Christopher Ezeala,RB,BAL,,,,,,,,,,,,,,,,,,,,,,
falk_QB_NYJ,Luke Falk,QB,NYJ,,,,,,,,,,,,,,,,,,,,,,
farrow_RB_MIA,Kenneth Farrow,RB,MIA,,,,,,,,,,,,,,,,,,,,,,
ferguson_RB_HOU,Josh Ferguson,RB,HOU,,,,,,,,,,,,,,,,,,,,,,
fitzgerald_QB_TB,Nick Fitzgerald,QB,TB,,,,,,,,,,,,,,,,,,,,,,
flanagan_TE_WSH,Matt Flanagan,TE,WSH,,,,,,,,,,,,,,,,,,,,,,
flowers_RB_CIN,Quinton Flowers,RB,CIN,,,,,,,,,,,,,,,,,,,,,,
floyd_WR_BAL,Michael Floyd,WR,BAL,,,,,,,,,,,,,,,,,,,,,,
ford_WR_MIA,Isaiah Ford,WR,MIA,,,,,,,,,,,,,,,,,,,,,,
ford_RB_GB,Keith Ford,RB,GB,,,,,,,,,,,,,,,,,,,,,,
fort_TE_DEN,Austin Fort,TE,DEN,,,,,,,,,,,,,,,,,,,,,,
foster_RB_ARI,D.J. Foster,RB,ARI,,,,,,,,,,,,,,,,,,,,,,
fountain_WR_IND,Daurice Fountain,WR,IND,,,,,,,,,,,,,,,,,,,,,,
franks_TE_CIN,Jordan Franks,TE,CIN,,,,,,,,,,,,,,,,,,,,,,
fulgham_WR_DET,Travis Fulgham,WR,DET,,,,,,,,,,,,,,,,,,,,,,
fumagalli_TE_DEN,Troy Fumagalli,TE,DEN,,,,,,,,,,,,,,,,,,,,,,
gafford_WR_OAK,Rico Gafford,WR,OAK,,,,,,,,,,,,,,,,,,,,,,
gaskin_RB_MIA,Myles Gaskin,RB,MIA,,,,,,,,,,,,,,,,,,,,,,
gentry_WR_CHI,Tanner Gentry,WR,CHI,,,,,,,,,,,,,,,,,,,,,,
gilbert_QB_CLE,Garrett Gilbert,QB,CLE,,,,,,,,,,,,,,,,,,,,,,
gillaspia_RB_HOU,Cullen Gillaspia,RB,HOU,,,,,,,,,,,,,,,,,,,,,,
golden_WR_NYG,Brittan Golden,WR,NYG,,,,,,,,,,,,,,,,,,,,,,
graham_TE_ATL,Jaeden Graham,TE,ATL,,,,,,,,,,,,,,,,,,,,,,
gray_TE_ATL,Alex Gray,TE,ATL,,,,,,,,,,,,,,,,,,,,,,
gray_WR_ATL,Devin Gray,WR,ATL,,,,,,,,,,,,,,,,,,,,,,
grayson_WR_NO,Cyril Grayson,WR,NO,,,,,,,,,,,,,,,,,,,,,,
grayson_WR_KC,Davon Grayson,WR,KC,,,,,,,,,,,,,,,,,,,,,,
green_RB_ATL,Marcus Green,RB,ATL,,,,,,,,,,,,,,,,,,,,,,
griffey_WR_PIT,Trey Griffey,WR,PIT,,,,,,,,,,,,,,,,,,,,,,
griffin_TE_NO,Garrett Griffin,TE,NO,,,,,,,,,,,,,,,,,,,,,,
griffin_QB_TB,Ryan Griffin,QB,TB,,,,,,,,,,,,,,,,,,,,,,
guyton_WR_DAL,Jalen Guyton,WR,DAL,,,,,,,,,,,,,,,,,,,,,,
hall_WR_TB,Emanuel Hall,WR,TB,,,,,,,,,,,,,,,,,,,,,,
hansen_WR_HOU,Chad Hansen,WR,HOU,,,,,,,,,,,,,,,,,,,,,,
harris_WR_NO,Deonte Harris,WR,NO,,,,,,,,,,,,,,,,,,,,,,
harris_WR_OAK,Dwayne Harris,WR,OAK,,,,,,,,,,,,,,,,,,,,,,
hart_WR_IND,Penny Hart,WR,IND,,,,,,,,,,,,,,,,,,,,,,
haskins_QB_WSH,Dwayne Haskins,QB,WSH,,,,,,,,,,,,,,,,,,,,,,
hatcher_WR_OAK,Keon Hatcher,WR,OAK,,,,,,,,,,,,,,,,,,,,,,
heinicke_QB_CAR,Taylor Heinicke,QB,CAR,,,,,,,,,,,,,,,,,,,,,,
helm_TE_SF,Daniel Helm,TE,SF,,,,,,,,,,,,,,,,,,,,,,
henderson_RB_LAR,Darrell Henderson,RB,LAR,,,,,,,,,,,,,,,,,,,,,,
henderson_RB_MIN,De'Angelo Henderson Sr.,RB,MIN,,,,,,,,,,,,,,,,,,,,,,
henderson_WR_JAX,Quadree Henderson,WR,JAX,,,,,,,,,,,,,,,,,,,,,,
hentges_TE_IND,Hale Hentges,TE,IND,,,,,,,,,,,,,,,,,,,,,,
hewitt_TE_TEN,Ryan Hewitt,TE,TEN,,,,,,,,,,,,,,,,,,,,,,
higdon_RB_HOU,Karan Higdon,RB,HOU,,,,,,,,,,,,,,,,,,,,,,
hikutini_TE_MIN,Cole Hikutini,TE,MIN,,,,,,,,,,,,,,,,,,,,,,
hills_RB_ARI,Wes Hills,RB,ARI,,,,,,,,,,,,,,,,,,,,,,
hodge_WR_LAR,KhaDarel Hodge,WR,LAR,,,,,,,,,,,,,,,,,,,,,,
hodges_QB_PIT,Devlin Hodges,QB,PIT,,,,,,,,,,,,,,,,,,,,,,
hodges_TE_NYJ,Temuchin Hodges,TE,NYJ,,,,,,,,,,,,,,,,,,,,,,
hogan_QB_DEN,Kevin Hogan,QB,DEN,,,,,,,,,,,,,,,,,,,,,,
hogan_WR_IND,Krishawn Hogan,WR,IND,,,,,,,,,,,,,,,,,,,,,,
hollister_WR_TEN,Cody Hollister,WR,TEN,,,,,,,,,,,,,,,,,,,,,,
holmes_TE_IND,Gabe Holmes,TE,IND,,,,,,,,,,,,,,,,,,,,,,
holmes_RB_NYJ,Valentine Holmes,RB,NYJ,,,,,,,,,,,,,,,,,,,,,,
holton_WR_PIT,Johnny Holton,WR,PIT,,,,,,,,,,,,,,,,,,,,,,
holtz_TE_WSH,J.P. Holtz,TE,WSH,,,,,,,,,,,,,,,,,,,,,,
holyfield_RB_CAR,Elijah Holyfield,RB,CAR,,,,,,,,,,,,,,,,,,,,,,
homer_RB_SEA,Travis Homer,RB,SEA,,,,,,,,,,,,,,,,,,,,,,
hood_RB_JAX,Elijah Hood,RB,JAX,,,,,,,,,,,,,,,,,,,,,,
horn_WR_MIA,Reece Horn,WR,MIA,,,,,,,,,,,,,,,,,,,,,,
howard_WR_DEN,Bug Howard,WR,DEN,,,,,,,,,,,,,,,,,,,,,,
hudson_TE_TB,Tanner Hudson,TE,TB,,,,,,,,,,,,,,,,,,,,,,
humphrey_WR_NO,Lil'Jordan Humphrey,WR,NO,,,,,,,,,,,,,,,,,,,,,,
hunt_TE_CAR,Cole Hunt,TE,CAR,,,,,,,,,,,,,,,,,,,,,,
hurns_WR_MIA,Allen Hurns,WR,MIA,,,,,,,,,,,,,,,,,,,,,,
hyman_WR_CLE,Ishmael Hyman,WR,CLE,,,,,,,,,,,,,,,,,,,,,,
ingold_RB_OAK,Alec Ingold,RB,OAK,,,,,,,,,,,,,,,,,,,,,,
irwin_WR_MIA,Trenton Irwin,WR,MIA,,,,,,,,,,,,,,,,,,,,,,
ishmael_WR_IND,Steve Ishmael,WR,IND,,,,,,,,,,,,,,,,,,,,,,
izzo_TE_NE,Ryan Izzo,TE,NE,,,,,,,,,,,,,,,,,,,,,,
jackson_RB_DAL,Darius Jackson,RB,DAL,,,,,,,,,,,,,,,,,,,,,,
jackson_QB_BUF,Tyree Jackson,QB,BUF,,,,,,,,,,,,,,,,,,,,,,
james_WR_SF,Richie James,WR,SF,,,,,,,,,,,,,,,,,,,,,,
jeanpiere_WR_CAR,Damion Jeanpiere,WR,CAR,,,,,,,,,,,,,,,,,,,,,,
jennings_WR_TEN,Darius Jennings,WR,TEN,,,,,,,,,,,,,,,,,,,,,,
johnson_WR_TB,Anthony Johnson,WR,TB,,,,,,,,,,,,,,,,,,,,,,
johnson_WR_MIN,Bisi Johnson,WR,MIN,,,,,,,,,,,,,,,,,,,,,,
d_WR_PHI,Charles D. Johnson,WR,PHI,,,,,,,,,,,,,,,,,,,,,,
johnson_WR_PIT,Diontae Johnson,WR,PIT,,,,,,,,,,,,,,,,,,,,,,
johnson_TE_NE,Jakob Johnson,TE,NE,,,,,,,,,,,,,,,,,,,,,,
johnson_WR_DAL,Jon'Vea Johnson,WR,DAL,,,,,,,,,,,,,,,,,,,,,,
johnson_QB_DET,Josh Johnson,QB,DET,,,,,,,,,,,,,,,,,,,,,,
johnson_WR_ARI,KeeSean Johnson,WR,ARI,,,,,,,,,,,,,,,,,,,,,,
johnson_TE_GB,Malcolm Johnson,TE,GB,,,,,,,,,,,,,,,,,,,,,,
johnson_WR_IND,Marcus Johnson,WR,IND,,,,,,,,,,,,,,,,,,,,,,
johnson_WR_HOU,Tyron Johnson,WR,HOU,,,,,,,,,,,,,,,,,,,,,,
jones_QB_LAC,Cardale Jones,QB,LAC,,,,,,,,,,,,,,,,,,,,,,
jones_RB_HOU,Taiwan Jones,RB,HOU,,,,,,,,,,,,,,,,,,,,,,
jones_WR_PIT,Tevin Jones,WR,PIT,,,,,,,,,,,,,,,,,,,,,,
kanoff_QB_ARI,Chad Kanoff,QB,ARI,,,,,,,,,,,,,,,,,,,,,,
kearse_WR_DET,Jermaine Kearse,WR,DET,,,,,,,,,,,,,,,,,,,,,,
kelly_RB_LAR,John Kelly,RB,LAR,,,,,,,,,,,,,,,,,,,,,,
kemp_WR_KC,Marcus Kemp,WR,KC,,,,,,,,,,,,,,,,,,,,,,
kessler_QB_PHI,Cody Kessler,QB,PHI,,,,,,,,,,,,,,,,,,,,,,
kidsy_WR_WSH,Darvin Kidsy,WR,WSH,,,,,,,,,,,,,,,,,,,,,,
laird_RB_MIA,Patrick Laird,RB,MIA,,,,,,,,,,,,,,,,,,,,,,
langley_WR_DEN,Brendan Langley,WR,DEN,,,,,,,,,,,,,,,,,,,,,,
lasley_WR_DET,Jordan Lasley,WR,DET,,,,,,,,,,,,,,,,,,,,,,
lauletta_QB_NYG,Kyle Lauletta,QB,NYG,,,,,,,,,,,,,,,,,,,,,,
leggett_TE_TB,Jordan Leggett,TE,TB,,,,,,,,,,,,,,,,,,,,,,
lenoir_WR_DAL,Lance Lenoir,WR,DAL,,,,,,,,,,,,,,,,,,,,,,
levrone_WR_CAR,Andre Levrone,WR,CAR,,,,,,,,,,,,,,,,,,,,,,
lewis_WR_IND,Roger Lewis,WR,IND,,,,,,,,,,,,,,,,,,,,,,
lewis_WR_DET,Tommylee Lewis,WR,DET,,,,,,,,,,,,,,,,,,,,,,
liggins_WR_LAC,Justice Liggins,WR,LAC,,,,,,,,,,,,,,,,,,,,,,
litton_QB_KC,Chase Litton,QB,KC,,,,,,,,,,,,,,,,,,,,,,
louis_WR_MIA,Ricardo Louis,WR,MIA,,,,,,,,,,,,,,,,,,,,,,
love_RB_WSH,Bryce Love,RB,WSH,,,,,,,,,,,,,,,,,,,,,,
lovett_QB_KC,John Lovett,QB,KC,,,,,,,,,,,,,,,,,,,,,,
lucas_TE_DAL,Marcus Lucas,TE,DAL,,,,,,,,,,,,,,,,,,,,,,
luck_QB_IND,Andrew Luck,QB,IND,,,,,,,,,,,,,,,,,,,,,,
malone_WR_CIN,Josh Malone,WR,CIN,,,,,,,,,,,,,,,,,,,,,,
marshall_RB_WSH,Byron Marshall,RB,WSH,,,,,,,,,,,,,,,,,,,,,,
martin_RB_OAK,Doug Martin,RB,OAK,,,,,,,,,,,,,,,,,,,,,,
matthews_WR_SF,Jordan Matthews,WR,SF,,,,,,,,,,,,,,,,,,,,,,
mayle_TE_LAC,Vince Mayle,TE,LAC,,,,,,,,,,,,,,,,,,,,,,
mays_RB_JAX,Devante Mays,RB,JAX,,,,,,,,,,,,,,,,,,,,,,
mcbride_WR_JAX,Tre McBride,WR,JAX,,,,,,,,,,,,,,,,,,,,,,
mccarron_QB_HOU,AJ McCarron,QB,HOU,,,,,,,,,,,,,,,,,,,,,,
mccloud_WR_BUF,Ray-Ray McCloud,WR,BUF,,,,,,,,,,,,,,,,,,,,,,
mccoy_QB_WSH,Colt McCoy,QB,WSH,,,,,,,,,,,,,,,,,,,,,,
mcelroy_WR_DAL,Codey McElroy,WR,DAL,,,,,,,,,,,,,,,,,,,,,,
mcgough_QB_JAX,Alex McGough,QB,JAX,,,,,,,,,,,,,,,,,,,,,,
mcguire_RB_NYJ,Elijah McGuire,RB,NYJ,,,,,,,,,,,,,,,,,,,,,,
mckever_TE_GB,Pharoah McKever,TE,GB,,,,,,,,,,,,,,,,,,,,,,
mcknight_WR_DEN,Kelvin McKnight,WR,DEN,,,,,,,,,,,,,,,,,,,,,,
mcnichols_RB_TEN,Jeremy McNichols,RB,TEN,,,,,,,,,,,,,,,,,,,,,,
mcsorley_QB_BAL,Trace McSorley,QB,BAL,,,,,,,,,,,,,,,,,,,,,,
meredith_WR_NE,Cameron Meredith,WR,NE,,,,,,,,,,,,,,,,,,,,,,
metcalf_WR_SEA,D.K. Metcalf,WR,SEA,,,,,,,,,,,,,,,,,,,,,,
michel_WR_PHI,Marken Michel,WR,PHI,,,,,,,,,,,,,,,,,,,,,,
mickens_WR_CAR,Jaydon Mickens,WR,CAR,,,,,,,,,,,,,,,,,,,,,,
miller_WR_TB,Scott Miller,WR,TB,,,,,,,,,,,,,,,,,,,,,,
mitchell_WR_TB,Bryant Mitchell,WR,TB,,,,,,,,,,,,,,,,,,,,,,
mitchell_WR_MIN,Dillon Mitchell,WR,MIN,,,,,,,,,,,,,,,,,,,,,,
mitchell_WR_HOU,Steven Mitchell,WR,HOU,,,,,,,,,,,,,,,,,,,,,,
mizzell_RB_CHI,Taquan Mizzell,RB,CHI,,,,,,,,,,,,,,,,,,,,,,
montgomery_WR_CLE,D.J. Montgomery,WR,CLE,,,,,,,,,,,,,,,,,,,,,,
moore_WR_GB,J'Mon Moore,WR,GB,,,,,,,,,,,,,,,,,,,,,,
moore_RB_NYJ,Jalin Moore,RB,NYJ,,,,,,,,,,,,,,,,,,,,,,
moore_WR_LAC,Jason Moore,WR,LAC,,,,,,,,,,,,,,,,,,,,,,
muhammad_RB_DEN,Khalfani Muhammad,RB,DEN,,,,,,,,,,,,,,,,,,,,,,
murphy_RB_BUF,Marcus Murphy,RB,BUF,,,,,,,,,,,,,,,,,,,,,,
nall_RB_CHI,Ryan Nall,RB,CHI,,,,,,,,,,,,,,,,,,,,,,
nauta_TE_DET,Isaac Nauta,TE,DET,,,,,,,,,,,,,,,,,,,,,,
newsome_RB_LAC,Detrez Newsome,RB,LAC,,,,,,,,,,,,,,,,,,,,,,
ollison_RB_ATL,Qadree Ollison,RB,ATL,,,,,,,,,,,,,,,,,,,,,,
orzech_TE_BAL,Matthew Orzech,TE,BAL,,,,,,,,,,,,,,,,,,,,,,
ozigbo_RB_NO,Devine Ozigbo,RB,NO,,,,,,,,,,,,,,,,,,,,,,
patterson_WR_NE,Damoun Patterson,WR,NE,,,,,,,,,,,,,,,,,,,,,,
patton_WR_LAC,Andre Patton,WR,LAC,,,,,,,,,,,,,,,,,,,,,,
penny_RB_NYG,Elijhaa Penny,RB,NYG,,,,,,,,,,,,,,,,,,,,,,
perez_QB_DET,Luis Perez,QB,DET,,,,,,,,,,,,,,,,,,,,,,
perine_RB_WSH,Samaje Perine,RB,WSH,,,,,,,,,,,,,,,,,,,,,,
perkins_RB_NYG,Paul Perkins,RB,NYG,,,,,,,,,,,,,,,,,,,,,,
perry_RB_BUF,Senorise Perry,RB,BUF,,,,,,,,,,,,,,,,,,,,,,
peterman_QB_OAK,Nathan Peterman,QB,OAK,,,,,,,,,,,,,,,,,,,,,,
phillips_WR_BUF,Cam Phillips,WR,BUF,,,,,,,,,,,,,,,,,,,,,,
piersonel_WR_OAK,De'Mornay Pierson-El,WR,OAK,,,,,,,,,,,,,,,,,,,,,,
pope_RB_LAC,Troymaine Pope,RB,LAC,,,,,,,,,,,,,,,,,,,,,,
pringle_WR_KC,Byron Pringle,WR,KC,,,,,,,,,,,,,,,,,,,,,,
proehl_WR_LAR,Austin Proehl,WR,LAR,,,,,,,,,,,,,,,,,,,,,,
prosise_RB_SEA,C.J. Prosise,RB,SEA,,,,,,,,,,,,,,,,,,,,,,
pumphrey_RB_PHI,Donnel Pumphrey,RB,PHI,,,,,,,,,,,,,,,,,,,,,,
quick_WR_WSH,Brian Quick,WR,WSH,,,,,,,,,,,,,,,,,,,,,,
rader_TE_PIT,Kevin Rader,TE,PIT,,,,,,,,,,,,,,,,,,,,,,
ratley_WR_CLE,Damion Ratley,WR,CLE,,,,,,,,,,,,,,,,,,,,,,
ratliffwilliams_WR_TEN,Anthony Ratliff-Williams,WR,TEN,,,,,,,,,,,,,,,,,,,,,,
rawls_RB_JAX,Thomas Rawls,RB,JAX,,,,,,,,,,,,,,,,,,,,,,
raymond_TE_CHI,Dax Raymond,TE,CHI,,,,,,,,,,,,,,,,,,,,,,
raymond_WR_TEN,Kalif Raymond,WR,TEN,,,,,,,,,,,,,,,,,,,,,,
redding_WR_GB,Teo Redding,WR,GB,,,,,,,,,,,,,,,,,,,,,,
reilly_WR_PIT,Brandon Reilly,WR,PIT,,,,,,,,,,,,,,,,,,,,,,
reynolds_RB_WSH,Craig Reynolds,RB,WSH,,,,,,,,,,,,,,,,,,,,,,
reynolds_WR_SEA,Keenan Reynolds,WR,SEA,,,,,,,,,,,,,,,,,,,,,,
ricard_RB_BAL,Patrick Ricard,RB,BAL,,,,,,,,,,,,,,,,,,,,,,
richardson_TE_CHI,Ellis Richardson,TE,CHI,,,,,,,,,,,,,,,,,,,,,,
ridley_WR_CHI,Riley Ridley,WR,CHI,,,,,,,,,,,,,,,,,,,,,,
roberts_WR_BUF,Andre Roberts,WR,BUF,,,,,,,,,,,,,,,,,,,,,,
robinson_WR_CAR,Aldrick Robinson,WR,CAR,,,,,,,,,,,,,,,,,,,,,,
ross_WR_CAR,Rashad Ross,WR,CAR,,,,,,,,,,,,,,,,,,,,,,
rudock_QB_MIA,Jake Rudock,QB,MIA,,,,,,,,,,,,,,,,,,,,,,
russell_WR_NYG,Alonzo Russell,WR,NYG,,,,,,,,,,,,,,,,,,,,,,
rypien_QB_DEN,Brett Rypien,QB,DEN,,,,,,,,,,,,,,,,,,,,,,
scarbrough_RB_SEA,Bo Scarbrough,RB,SEA,,,,,,,,,,,,,,,,,,,,,,
scarlett_RB_CAR,Jordan Scarlett,RB,CAR,,,,,,,,,,,,,,,,,,,,,,
scotlandwilliamson_TE_PIT,Christian Scotland-Williamson,TE,PIT,,,,,,,,,,,,,,,,,,,,,,
scott_RB_PHI,Boston Scott,RB,PHI,,,,,,,,,,,,,,,,,,,,,,
scott_WR_BAL,Jaleel Scott,WR,BAL,,,,,,,,,,,,,,,,,,,,,,
sharp_WR_CIN,Hunter Sharp,WR,CIN,,,,,,,,,,,,,,,,,,,,,,
sheehyguiseppi_WR_CLE,Damon Sheehy-Guiseppi,WR,CLE,,,,,,,,,,,,,,,,,,,,,,
sherfield_WR_ARI,Trent Sherfield,WR,ARI,,,,,,,,,,,,,,,,,,,,,,
shurmur_QB_KC,Kyle Shurmur,QB,KC,,,,,,,,,,,,,,,,,,,,,,
sills_WR_BUF,David Sills,WR,BUF,,,,,,,,,,,,,,,,,,,,,,
slater_WR_NE,Matthew Slater,WR,NE,,,,,,,,,,,,,,,,,,,,,,
slayton_WR_NYG,Darius Slayton,WR,NYG,,,,,,,,,,,,,,,,,,,,,,
sloter_QB_MIN,Kyle Sloter,QB,MIN,,,,,,,,,,,,,,,,,,,,,,
smallwood_WR_LAC,Jordan Smallwood,WR,LAC,,,,,,,,,,,,,,,,,,,,,,
smallwood_RB_PHI,Wendell Smallwood,RB,PHI,,,,,,,,,,,,,,,,,,,,,,
smith_QB_WSH,Alex Smith,QB,WSH,,,,,,,,,,,,,,,,,,,,,,
smith_WR_DAL,Devin Smith,WR,DAL,,,,,,,,,,,,,,,,,,,,,,
smith_QB_SEA,Geno Smith,QB,SEA,,,,,,,,,,,,,,,,,,,,,,
smith_TE_MIN,Irv Smith,TE,MIN,,,,,,,,,,,,,,,,,,,,,,
smith_WR_NYJ,Jeff Smith,WR,NYJ,,,,,,,,,,,,,,,,,,,,,,
smith_TE_SF,Kaden Smith,TE,SF,,,,,,,,,,,,,,,,,,,,,,
snell_RB_PIT,Benny Snell,RB,PIT,,,,,,,,,,,,,,,,,,,,,,
sokol_TE_LAC,Matt Sokol,TE,LAC,,,,,,,,,,,,,,,,,,,,,,
speight_QB_SF,Wilton Speight,QB,SF,,,,,,,,,,,,,,,,,,,,,,
spencer_WR_PIT,Diontae Spencer,WR,PIT,,,,,,,,,,,,,,,,,,,,,,
stick_QB_LAC,Easton Stick,QB,LAC,,,,,,,,,,,,,,,,,,,,,,
stidham_QB_NE,Jarrett Stidham,QB,NE,,,,,,,,,,,,,,,,,,,,,,
sudfeld_QB_PHI,Nate Sudfeld,QB,PHI,,,,,,,,,,,,,,,,,,,,,,
sweeney_TE_BUF,Tommy Sweeney,TE,BUF,,,,,,,,,,,,,,,,,,,,,,
tanney_QB_NYG,Alex Tanney,QB,NYG,,,,,,,,,,,,,,,,,,,,,,
taylor_WR_SF,Trent Taylor,WR,SF,,,,,,,,,,,,,,,,,,,,,,
thomas_WR_LAR,Mike Thomas,WR,LAR,,,,,,,,,,,,,,,,,,,,,,
thompson_WR_KC,Cody Thompson,WR,KC,,,,,,,,,,,,,,,,,,,,,,
thompson_WR_NYJ,Deonte Thompson,WR,NYJ,,,,,,,,,,,,,,,,,,,,,,
thompson_RB_DET,Mark Thompson,RB,DET,,,,,,,,,,,,,,,,,,,,,,
thorson_QB_PHI,Clayton Thorson,QB,PHI,,,,,,,,,,,,,,,,,,,,,,
tolliver_WR_KC,Jalen Tolliver,WR,KC,,,,,,,,,,,,,,,,,,,,,,
tonyan_TE_GB,Robert Tonyan,TE,GB,,,,,,,,,,,,,,,,,,,,,,
towbridge_TE_BUF,Keith Towbridge,TE,BUF,,,,,,,,,,,,,,,,,,,,,,
treadwell_WR_MIN,Laquon Treadwell,WR,MIN,,,,,,,,,,,,,,,,,,,,,,
turner_RB_BAL,De'Lance Turner,RB,BAL,,,,,,,,,,,,,,,,,,,,,,
turner_WR_SEA,Malik Turner,WR,SEA,,,,,,,,,,,,,,,,,,,,,,
ursua_WR_SEA,John Ursua,WR,SEA,,,,,,,,,,,,,,,,,,,,,,
vander_TE_CAR,Jason Vander Laan,TE,CAR,,,,,,,,,,,,,,,,,,,,,,
veasy_WR_IND,Jordan Veasy,WR,IND,,,,,,,,,,,,,,,,,,,,,,
vollert_TE_LAC,Andrew Vollert,TE,LAC,,,,,,,,,,,,,,,,,,,,,,
wade_RB_BUF,Christian Wade,RB,BUF,,,,,,,,,,,,,,,,,,,,,,
walker_QB_IND,Phillip Walker,QB,IND,,,,,,,,,,,,,,,,,,,,,,
ward_WR_PHI,Greg Ward,WR,PHI,,,,,,,,,,,,,,,,,,,,,,
ware_RB_IND,Spencer Ware,RB,IND,,,,,,,,,,,,,,,,,,,,,,
weah_WR_HOU,Jester Weah,WR,HOU,,,,,,,,,,,,,,,,,,,,,,
webb_QB_NYJ,Davis Webb,QB,NYJ,,,,,,,,,,,,,,,,,,,,,,
weber_RB_DAL,Mike Weber,RB,DAL,,,,,,,,,,,,,,,,,,,,,,
wells_TE_KC,David Wells,TE,KC,,,,,,,,,,,,,,,,,,,,,,
west_RB_IND,Charcandrick West,RB,IND,,,,,,,,,,,,,,,,,,,,,,
white_WR_CAR,DeAndrew White,WR,CAR,,,,,,,,,,,,,,,,,,,,,,
white_QB_DAL,Mike White,QB,DAL,,,,,,,,,,,,,,,,,,,,,,
white_WR_NYG,Reggie White Jr.,WR,NYG,,,,,,,,,,,,,,,,,,,,,,
white_WR_NYJ,Tim White,WR,NYJ,,,,,,,,,,,,,,,,,,,,,,
whitney_WR_HOU,Isaac Whitney,WR,HOU,,,,,,,,,,,,,,,,,,,,,,
whyte_RB_CHI,Kerrith Whyte,RB,CHI,,,,,,,,,,,,,,,,,,,,,,
wick_TE_TEN,Cole Wick,TE,TEN,,,,,,,,,,,,,,,,,,,,,,
wilkins_QB_GB,Manny Wilkins,QB,GB,,,,,,,,,,,,,,,,,,,,,,
williams_WR_ARI,Chad Williams,WR,ARI,,,,,,,,,,,,,,,,,,,,,,
williams_RB_DEN,Dave Williams,RB,DEN,,,,,,,,,,,,,,,,,,,,,,
williams_WR_BUF,Duke Williams,WR,BUF,,,,,,,,,,,,,,,,,,,,,,
williams_RB_IND,Jonathan Williams,RB,IND,,,,,,,,,,,,,,,,,,,,,,
williams_RB_PIT,Malik Williams,RB,PIT,,,,,,,,,,,,,,,,,,,,,,
williamslambert_WR_CHI,Jordan Williams-Lambert,WR,CHI,,,,,,,,,,,,,,,,,,,,,,
wilson_TE_ARI,Caleb Wilson,TE,ARI,,,,,,,,,,,,,,,,,,,,,,
wilson_WR_DAL,Ced Wilson,WR,DAL,,,,,,,,,,,,,,,,,,,,,,
wilson_RB_WSH,Shaun Wilson,RB,WSH,,,,,,,,,,,,,,,,,,,,,,
wims_WR_CHI,Javon Wims,WR,CHI,,,,,,,,,,,,,,,,,,,,,,
winfree_WR_DEN,Juwann Winfree,WR,DEN,,,,,,,,,,,,,,,,,,,,,,
wolf_TE_JAX,Ethan Wolf,TE,JAX,,,,,,,,,,,,,,,,,,,,,,
wolford_QB_LAR,John Wolford,QB,LAR,,,,,,,,,,,,,,,,,,,,,,
wood_TE_PIT,Trevor Wood,TE,PIT,,,,,,,,,,,,,,,,,,,,,,
woodrum_QB_WSH,Josh Woodrum,QB,WSH,,,,,,,,,,,,,,,,,,,,,,
woodside_QB_TEN,Logan Woodside,QB,TEN,,,,,,,,,,,,,,,,,,,,,,
yancey_WR_TEN,DeAngelo Yancey,WR,TEN,,,,,,,,,,,,,,,,,,,,,,
yelder_TE_KC,Deon Yelder,TE,KC,,,,,,,,,,,,,,,,,,,,,,
yurachek_RB_DAL,Ryan Yurachek,RB,DAL,,,,,,,,,,,,,,,,,,,,,,
zaccheaus_WR_ATL,Olamide Zaccheaus,WR,ATL,,,,,,,,,,,,,,,,,,,,,,
gostkowski_K_NE,Stephen Gostkowski,K,NE,,,,,,,,,,,0.59,7.7,8.62,7.88,,43.45,,,,,,
badgley_K_LAC,Mike Badgley,K,LAC,,,,,,,,,,,0.55,7.58,8.86,9.38,,34.78,,,,,,
butker_K_KC,Harrison Butker,K,KC,,,,,,,,,,,0.46,7.7,9.05,8.15,,37.15,,,,,,
gould_K_SF,Robbie Gould,K,SF,,,,,,,,,,,0.07,7.6,8.16,6.91,,44.55,,,,,,
rosas_K_NYG,Aldrick Rosas,K,NYG,,,,,,,,,,,0.19,7.7,9.81,8.37,,34,,,,,,
vinatieri_K_IND,Adam Vinatieri,K,IND,,,,,,,,,,,,7.6,9.34,8.51,,35.76,,,,,,
zuerlein_K_LAR,Greg Zuerlein,K,LAR,,,,,,,,,,,0.69,7.6,8.49,7.37,,38.87,,,,,,
mcmanus_K_DEN,Brandon McManus,K,DEN,,,,,,,,,,,0.95,7.6,8.16,8.21,,32.45,,,,,,
lutz_K_NO,Wil Lutz,K,NO,,,,,,,,,,,1.11,7.6,7.21,7.4,,37.23,,,,,,
sanders_K_MIA,Jason Sanders,K,MIA,,,,,,,,,,,1.04,7.58,9.02,8.3,,29.35,,,,,,
elliott_K_PHI,Jake Elliott,K,PHI,,,,,,,,,,,0.28,7.6,7.9,7.01,,36.82,,,,,,
gonzalez_K_ARI,Zane Gonzalez,K,ARI,,,,,,,,,,,0.49,7.6,9.36,7.94,,28.96,,,,,,
boswell_K_PIT,Chris Boswell,K,PIT,,,,,,,,,,,0.5,7.6,7.66,5.75,,40.56,,,,,,
tucker_K_BAL,Justin Tucker,K,BAL,,,,,,,,,,,0.52,7.6,7.75,7.32,,35.09,,,,,,
fairbairn_K_HOU,Ka'imi Fairbairn,K,HOU,,,,,,,,,,,0.06,7.6,7.98,6.91,,36.65,,,,,,
succop_K_TEN,Ryan Succop,K,TEN,,,,,,,,,,,1.39,7.6,8.31,5.77,,34.65,,,,,,
joseph_K_CLE,Greg Joseph,K,CLE,,,,,,,,,,,0.15,7.6,7.89,6.51,,35.28,,,,,,
maher_K_DAL,Brett Maher,K,DAL,,,,,,,,,,,0.04,7.7,9.43,6.06,,31.81,,,,,,
tavecchio_K_ATL,Giorgio Tavecchio,K,ATL,,,,,,,,,,,0.01,7.6,8.14,6.21,,35.59,,,,,,
crosby_K_GB,Mason Crosby,K,GB,,,,,,,,,,,0.35,7.58,9.01,8.7,,24.12,,,,,,
lambo_K_JAX,Josh Lambo,K,JAX,,,,,,,,,,,0.22,7.6,7.94,8.27,,28.3,,,,,,
bullock_K_CIN,Randy Bullock,K,CIN,,,,,,,,,,,0.8,7.6,7.83,8.57,,25.76,,,,,,
prater_K_DET,Matt Prater,K,DET,,,,,,,,,,,0.46,7.58,9.32,8.19,,23.26,,,,,,
santos_K_TB,Cairo Santos,K,TB,,,,,,,,,,,0.27,7.6,8.28,6,,33.41,,,,,,
gano_K_CAR,Graham Gano,K,CAR,,,,,,,,,,,0.65,7.6,7.71,5.91,,33.78,,,,,,
hopkins_K_WSH,Dustin Hopkins,K,WSH,,,,,,,,,,,0.89,7.6,7.77,6.6,,30.14,,,,,,
myers_K_SEA,Jason Myers,K,SEA,,,,,,,,,,,0.32,7.58,8.38,7.53,,26.21,,,,,,
hauschka_K_BUF,Stephen Hauschka,K,BUF,,,,,,,,,,,0.04,7.6,8.3,7.39,,27.35,,,,,,
bertolet_K_NYJ,Taylor Bertolet,K,NYJ,,,,,,,,,,,0.36,7.6,7.09,7,,29.96,,,,,,
carlson_K_OAK,Daniel Carlson,K,OAK,,,,,,,,,,,0.07,7.7,8.41,7.52,,24.86,,,,,,
bailey_K_MIN,Dan Bailey,K,MIN,,,,,,,,,,,,7.6,9.59,6.49,,21.25,,,,,,
pineiro_K_CHI,Eddy Pineiro,K,CHI,,,,,,,,,,,0.06,7.6,6.9,6.7,,27.85,,,,,,
catanzaro_K_NYJ,Chandler Catanzaro,K,NYJ,,,,,,,,,,,,,,,,,,,,,,
ficken_K_GB,Sam Ficken,K,GB,,,,,,,,,,,,,,,,,,,,,,
fry_K_BAL,Elliott Fry,K,BAL,,,,,,,,,,,,,,,,,,,,,,
gay_K_TB,Matt Gay,K,TB,,,,,,,,,,,,,,,,,,,,,,
hedlund_K_IND,Cole Hedlund,K,IND,,,,,,,,,,,,,,,,,,,,,,
mclaughlin_K_BUF,Chase McLaughlin,K,BUF,,,,,,,,,,,,,,,,,,,,,,
seibert_K_CLE,Austin Seibert,K,CLE,,,,,,,,,,,,,,,,,,,,,,
vedvik_K_MIN,Kaare Vedvik,K,MIN,,,,,,,,,,,,,,,,,,,,,,
vizcaino_K_CIN,Tristan Vizcaino,K,CIN,,,,,,,,,,,,,,,,,,,,,,
wright_K_PIT,Matthew Wright,K,PIT,,,,,,,,,,,,,,,,,,,,,,
bears_DST_CHI,Bears,DST,CHI,,,,,,,,,,,,,,,,,18.785625,39.27,0.61,10.25,0.96,16.2
rams_DST_LAR,Rams,DST,LAR,,,,,,,,,,,,,,,,,20.9825,42.76,0.56,10.43,0.36,15.31
steelers_DST_PIT,Steelers,DST,PIT,,,,,,,,,,,,,,,,,19.629375,44.09,0.6,10.17,0.25,15.02
patriots_DST_NE,Patriots,DST,NE,,,,,,,,,,,,,,,,,18.773125,39.74,0.55,9.99,0.48,16.52
saints_DST_NO,Saints,DST,NO,,,,,,,,,,,,,,,,,19.176875,42.33,0.62,9.66,0.34,15.85
eagles_DST_PHI,Eagles,DST,PHI,,,,,,,,,,,,,,,,,21.3025,40.04,0.62,10.29,0.32,14.82
texans_DST_HOU,Texans,DST,HOU,,,,,,,,,,,,,,,,,20.699375,39.07,0.59,10.62,0.31,14.49
packers_DST_GB,Packers,DST,GB,,,,,,,,,,,,,,,,,22.5525,37.33,0.48,9.67,0.26,16.54
browns_DST_CLE,Browns,DST,CLE,,,,,,,,,,,,,,,,,21.82375,39.23,0.61,10.33,0.38,14.21
panthers_DST_CAR,Panthers,DST,CAR,,,,,,,,,,,,,,,,,23.009375,39.37,0.59,10.43,0.21,14.31
chiefs_DST_KC,Chiefs,DST,KC,,,,,,,,,,,,,,,,,20.66,38.02,0.7,9.75,0.52,14.6
colts_DST_IND,Colts,DST,IND,,,,,,,,,,,,,,,,,20.865625,39.13,0.56,9.75,0.17,15.09
giants_DST_NYG,Giants,DST,NYG,,,,,,,,,,,,,,,,,22.14,37.73,0.58,10.55,0.3,14.68
broncos_DST_DEN,Broncos,DST,DEN,,,,,,,,,,,,,,,,,21.3375,40.2,0.54,10.07,0.23,14.03
chargers_DST_LAC,Chargers,DST,LAC,,,,,,,,,,,,,,,,,20.310625,37.59,0.55,10.18,0.36,14.58
jaguars_DST_JAX,Jaguars,DST,JAX,,,,,,,,,,,,,,,,,22.883125,40.77,0.55,10.12,0.22,13.36
ravens_DST_BAL,Ravens,DST,BAL,,,,,,,,,,,,,,,,,18.94875,35.38,0.55,10.28,0.31,15.52
lions_DST_DET,Lions,DST,DET,,,,,,,,,,,,,,,,,22.256875,39.06,0.5,10.6,0.35,12.94
vikings_DST_MIN,Vikings,DST,MIN,,,,,,,,,,,,,,,,,21.585625,40.16,0.51,8.98,0.29,13.9
redskins_DST_WSH,Redskins,DST,WSH,,,,,,,,,,,,,,,,,23.855,39.58,0.53,9.66,0.16,13.69
cowboys_DST_DAL,Cowboys,DST,DAL,,,,,,,,,,,,,,,,,21.858125,36.72,0.58,10.06,0.31,13.91
buccaneers_DST_TB,Buccaneers,DST,TB,,,,,,,,,,,,,,,,,23.533125,38.02,0.59,10.01,0.19,13.16
bills_DST_BUF,Bills,DST,BUF,,,,,,,,,,,,,,,,,22.813125,34.33,0.54,10.06,0.23,14.75
titans_DST_TEN,Titans,DST,TEN,,,,,,,,,,,,,,,,,21.436875,36.68,0.53,8.72,0.23,14.37
falcons_DST_ATL,Falcons,DST,ATL,,,,,,,,,,,,,,,,,23.115625,36.69,0.51,9.1,0.09,14.25
cardinals_DST_ARI,Cardinals,DST,ARI,,,,,,,,,,,,,,,,,26.036875,39.11,0.55,9.93,0.13,11.92
ers_DST_SF,49ers,DST,SF,,,,,,,,,,,,,,,,,23.56875,35.65,0.51,10.13,0.29,12.75
seahawks_DST_SEA,Seahawks,DST,SEA,,,,,,,,,,,,,,,,,20.690625,32.79,0.55,9.73,0.31,14.24
jets_DST_NYJ,Jets,DST,NYJ,,,,,,,,,,,,,,,,,23.558125,34.5,0.54,9.58,0.25,13.03
bengals_DST_CIN,Bengals,DST,CIN,,,,,,,,,,,,,,,,,22.880625,33.54,0.52,9.03,0.24,13.21
raiders_DST_OAK,Raiders,DST,OAK,,,,,,,,,,,,,,,,,24.726875,33.15,0.45,9.72,0.22,12.63
dolphins_DST_MIA,Dolphins,DST,MIA,,,,,,,,,,,,,,,,,24.644375,33.17,0.62,7.67,0.42,12.82
