key,name,pos,team,pass_tds,pass_yds,pass_ints,rush_tds,rush_yds,receptions,reception_tds,reception_yds,two_pts,fumbles,kick_0_19,kick_20_29,kick_30_39,kick_40_49,kick_50,kick_extra_points,df_points_allowed_per_game,df_sacks,df_safeties,df_fumbles,df_tds,df_ints
jackson_QB_BAL,Lamar Jackson,QB,BAL,26.07,3638.12,11.89,5.94,1076.23,,,,0.34,1.87,,,,,,,,,,,,
mahomes_QB_KC,Patrick Mahomes,QB,KC,32.28,4616.32,13.08,3.11,408.39,,,,1.05,0.44,,,,,,,,,,,,
mccaffrey_RB_CAR,Christian McCaffrey,RB,CAR,,,0.01,7.4,999.21,92.82,4.86,796.4,0.47,0.45,,,,,,,,,,,,
thomas_WR_NO,Michael Thomas,WR,NO,,,0.01,0.01,5.64,127.52,9.61,1560.57,,0.01,,,,,,,,,,,,
watson_QB_HOU,Deshaun Watson,QB,HOU,26.58,4053.33,9.98,3.79,532.44,,,,1.88,0.52,,,,,,,,,,,,
wilson_QB_SEA,Russell Wilson,QB,SEA,28.86,3886.85,8,2.47,397.26,,,,0.97,1.17,,,,,,,,,,,,
ryan_QB_ATL,Matt Ryan,QB,ATL,28.96,4671.96,12.77,1.67,150.91,,,,3,1.36,,,,,,,,,,,,
prescott_QB_DAL,Dak Prescott,QB,DAL,29.4,4468.93,13.03,2.17,192.84,,,,1.44,0.56,,,,,,,,,,,,
adams_WR_GB,Davante Adams,WR,GB,,,0.01,,0.74,109.2,9.01,1369.19,,,,,,,,,,,,,,
rodgers_QB_GB,Aaron Rodgers,QB,GB,29.04,4144.73,9,1.57,144.83,,,,3.14,0.83,,,,,,,,,,,,
murray_QB_ARI,Kyler Murray,QB,ARI,23.86,3850.45,12.27,3.58,446.03,,,,2.19,1.73,,,,,,,,,,,,
jones_WR_ATL,Julio Jones,WR,ATL,,,0.01,0.05,8,98.75,7.93,1406.24,,,,,,,,,,,,,,
minshew_QB_JAX,Gardner Minshew,QB,JAX,25.51,3927.75,14.24,2.32,455.24,,,,1.86,2.93,,,,,,,,,,,,
allen_QB_BUF,Josh Allen,QB,BUF,19.33,3477.17,12.6,4.66,655.02,,,,2.19,1.72,,,,,,,,,,,,
brees_QB_NO,Drew Brees,QB,NO,28.62,4550.14,10.73,0.69,5.12,,,,0.51,0.42,,,,,,,,,,,,
newton_QB_NE,Cam Newton,QB,NE,24.78,3989.21,14.44,2.52,313.62,,,,2,0.86,,,,,,,,,,,,
elliott_RB_DAL,Ezekiel Elliott,RB,DAL,,,0.01,8.91,1219.74,50.32,2.21,409.42,,1.26,,,,,,,,,,,,
tannehill_QB_TEN,Ryan Tannehill,QB,TEN,25.78,3724.59,11.24,2.6,283.37,,,,1.44,1.6,,,,,,,,,,,,
mayfield_QB_CLE,Baker Mayfield,QB,CLE,26.92,4054.21,14.77,1.72,193.82,,,,2.13,0.78,,,,,,,,,,,,
wentz_QB_PHI,Carson Wentz,QB,PHI,26.15,3980.93,12.73,1.75,207.12,,,,2.7,1.36,,,,,,,,,,,,
kamara_RB_NO,Alvin Kamara,RB,NO,,,0.01,6.01,854.39,79.12,2.23,554.86,1.36,0.46,,,,,,,,,,,0.09,
brady_QB_TB,Tom Brady,QB,TB,27.88,4269.83,10.55,1.11,23.22,,,,0.5,0.71,,,,,,,,,,,,
goff_QB_LAR,Jared Goff,QB,LAR,27.49,4236.34,14.73,1.26,108.54,,,,0.94,1.18,,,,,,,,,,,,
barkley_RB_NYG,Saquon Barkley,RB,NYG,,,0.01,7.05,1188.25,49.5,2.19,431.29,0.48,,,,,,,,,,,,,
jones_QB_NYG,Daniel Jones,QB,NYG,25.67,3916.07,18.69,2.65,289.36,,,,1.86,1.86,,,,,,,,,,,,
stafford_QB_DET,Matthew Stafford,QB,DET,26.68,4197.05,11.06,1.09,85.61,,,,0.47,1.22,,,,,,,,,,,,
garoppolo_QB_SF,Jimmy Garoppolo,QB,SF,27.33,4033.38,13.7,1.46,127.51,,,,2.13,1.5,,,,,,,,,,,,
bridgewater_QB_CAR,Teddy Bridgewater,QB,CAR,26.07,3911.25,11.51,1.52,172.87,,,,0.99,1.03,,,,,,,,,,,,
godwin_WR_TB,Chris Godwin,WR,TB,,,0.01,,10.06,84.36,8.21,1284.75,,0.01,,,,,,,,,,,,
burrow_QB_CIN,Joe Burrow,QB,CIN,22.32,3733.65,16.07,2.94,379.94,,,,1.38,1.2,,,,,,,,,,,,
cook_RB_MIN,Dalvin Cook,RB,MIN,,,0.01,7.9,1016.53,56.23,1.81,510.33,0.01,2.39,,,,,,,,,,,,
moore_WR_CAR,D.J. Moore,WR,CAR,,,0.01,0.11,43.26,91.12,6.97,1218.6,,0.07,,,,,,,,,,,0.42,
hill_WR_KC,Tyreek Hill,WR,KC,,,0.01,0.26,72.44,83.02,7.57,1123.95,,0.03,,,,,,,,,,,1.02,
woods_WR_LAR,Robert Woods,WR,LAR,,,0.01,0.82,108.8,89.03,6.27,1116.32,,0.05,,,,,,,,,,,,
henry_RB_TEN,Derrick Henry,RB,TEN,,,0.01,11.3,1507.74,18.7,0.69,155.6,,1.72,,,,,,,,,,,,
ekeler_RB_LAC,Austin Ekeler,RB,LAC,,,0.01,3.89,647.14,64.39,4.63,742.43,0.07,0.6,,,,,,,,,,,,
rivers_QB_IND,Philip Rivers,QB,IND,26.06,4087.48,11.53,0.39,,,,,3.32,0.42,,,,,,,,,,,,
cousins_QB_MIN,Kirk Cousins,QB,MIN,26.96,3924.75,11.51,0.68,23.21,,,,2.81,0.65,,,,,,,,,,,,
lock_QB_DEN,Drew Lock,QB,DEN,23.7,3757.29,13.49,1.76,228.84,,,,1.13,1.93,,,,,,,,,,,,
hopkins_WR_ARI,DeAndre Hopkins,WR,ARI,,,0.01,0.06,8.17,86.56,6.97,1182.7,,0.01,,,,,,,,,,,,
kelce_TE_KC,Travis Kelce,TE,KC,,,0.01,0.11,22.19,87.84,7.76,1093.31,,0.02,,,,,,,,,,,,
roethlisberger_QB_PIT,Ben Roethlisberger,QB,PIT,24.18,3888.2,11.76,1.06,63.32,,,,2.88,0.62,,,,,,,,,,,,
kupp_WR_LAR,Cooper Kupp,WR,LAR,,,0.01,0.02,8.23,89.14,7.57,1102.91,,0.01,,,,,,,,,,,,
sanders_RB_PHI,Miles Sanders,RB,PHI,,,0.01,6.45,1044.96,47.78,2.11,415.08,0.12,1.23,,,,,,,,,,,0.14,
cooper_WR_DAL,Amari Cooper,WR,DAL,,,0.01,0.05,9.72,82.02,6.66,1198.37,,0.01,,,,,,,,,,,,
darnold_QB_NYJ,Sam Darnold,QB,NYJ,23.19,3793.72,14.74,1.54,169.33,,,,1.76,1.34,,,,,,,,,,,,
evans_WR_TB,Mike Evans,WR,TB,,,0.01,,4.97,77.34,7.6,1184.13,,,,,,,,,,,,,,
drake_RB_ARI,Kenyan Drake,RB,ARI,,,0.01,7.25,1011.47,52.68,1.41,366.08,0.17,1.36,,,,,,,,,,,,
lockett_WR_SEA,Tyler Lockett,WR,SEA,,,0.01,0.1,9.96,74.41,7.42,1134.29,,,,,,,,,,,,,0.5,
robinson_WR_CHI,Allen Robinson,WR,CHI,,,0.01,0.02,11.64,87.23,7,1057.24,,0.01,,,,,,,,,,,,
parker_WR_MIA,DeVante Parker,WR,MIA,,,0.01,,0.76,74.09,7.67,1146.66,,,,,,,,,,,,,,
carr_QB_LV,Derek Carr,QB,LV,24.2,3671.75,10.28,0.88,67.28,,,,0.51,1.24,,,,,,,,,,,,
allen_WR_LAC,Keenan Allen,WR,LAC,,,0.01,0.09,17.46,85.68,6.56,1062.89,,0.01,,,,,,,,,,,,
ridley_WR_ATL,Calvin Ridley,WR,ATL,,,0.01,0.08,16.66,74.98,7.21,1127.4,,0.02,,,,,,,,,,,,
jones_RB_GB,Aaron Jones,RB,GB,,,0.01,7.95,990.13,41.37,1.95,352.46,0.01,1.1,,,,,,,,,,,,
bell_RB_NYJ,Le'Veon Bell,RB,NYJ,,,0.01,4.6,907.82,56.48,1.8,486.41,,0.8,,,,,,,,,,,,
conner_RB_PIT,James Conner,RB,PIT,,,0.01,6.3,917.02,50.13,2.3,422.06,0.04,1.77,,,,,,,,,,,,
mixon_RB_CIN,Joe Mixon,RB,CIN,,,0.01,7.97,1253.7,27.75,1.27,243.52,,0.56,,,,,,,,,,,,
carson_RB_SEA,Chris Carson,RB,SEA,,,0.01,7.98,1158.87,33.7,1.39,273.1,0.5,1.86,,,,,,,,,,,,
johnson_RB_HOU,David Johnson,RB,HOU,,,0.01,4.91,753.5,49.96,3.14,532.9,0.5,1.8,,,,,,,,,,,,
chubb_RB_CLE,Nick Chubb,RB,CLE,,,0.01,8.23,1203.96,27.11,0.95,213.82,0.04,1.17,,,,,,,,,,,,
gibson_RB_WSH,Antonio Gibson,RB,WSH,,,0.01,5.68,870.74,47.37,2.1,416.58,0.16,0.81,,,,,,,,,,,,
gordon_RB_DEN,Melvin Gordon,RB,DEN,,,0.01,6.28,779.12,50.2,2.09,431.7,0.5,0.75,,,,,,,,,,,,
gallup_WR_DAL,Michael Gallup,WR,DAL,,,0.01,,0.61,68.67,6.78,1095.01,,,,,,,,,,,,,,
mclaurin_WR_WSH,Terry McLaurin,WR,WSH,,,0.01,,2.7,68.04,7,1060.28,,,,,,,,,,,,,,
edwardshelaire_RB_KC,Clyde Edwards-Helaire,RB,KC,,,0.01,6.43,966.53,40.83,1.5,331.44,0.16,1.43,,,,,,,,,,,,
ertz_TE_PHI,Zach Ertz,TE,PHI,,,0.01,,1.05,80.65,6.35,947.89,,,,,,,,,,,,,,
jacobs_RB_LV,Josh Jacobs,RB,LV,,,0.01,8.52,1168.43,24.8,0.79,180.06,0.09,1.17,,,,,,,,,,,,
green_WR_CIN,A.J. Green,WR,CIN,,,0.01,0.01,2.4,70.65,6.6,1026.84,,,,,,,,,,,,,,
golladay_WR_DET,Kenny Golladay,WR,DET,,,0.01,,3.22,65.72,7.51,1019.93,,,,,,,,,,,,,,
thielen_WR_MIN,Adam Thielen,WR,MIN,,,0.01,0.08,23.71,71.24,6.63,982.47,,0.01,,,,,,,,,,,,
kittle_TE_SF,George Kittle,TE,SF,,,0.01,0.13,25.71,85.57,5.48,896.69,,0.03,,,,,,,,,,,,
metcalf_WR_SEA,DK Metcalf,WR,SEA,,,0.01,0.04,5.25,66.51,6.78,1032.4,,0.01,,,,,,,,,,,,
brown_WR_TEN,A.J. Brown,WR,TEN,,,0.01,0.07,24.89,59.9,6.89,1049.53,,0.02,,,,,,,,,,,,
landry_WR_CLE,Jarvis Landry,WR,CLE,,,0.01,0.01,6.36,76.75,5.82,948.97,,,,,,,,,,,,,,
thompson_RB_JAX,Chris Thompson,RB,JAX,,,0.01,3.23,614.03,58.89,2.22,537.22,0.13,0.03,,,,,,,,,,,,
boyd_WR_CIN,Tyler Boyd,WR,CIN,,,0.01,0.12,24.79,72.31,5.9,950.67,,0.01,,,,,,,,,,,0.12,
crowder_WR_NYJ,Jamison Crowder,WR,NYJ,,,0.01,0.05,7.13,74.11,6.41,905.52,,,,,,,,,,,,,0.14,
jones_WR_DET,Marvin Jones,WR,DET,,,0.01,0.11,15.11,64.32,6.88,932.18,,0.01,,,,,,,,,,,,
gurley_RB_ATL,Todd Gurley,RB,ATL,,,0.01,7.18,864.99,33.37,1.57,265.45,1.41,0.81,,,,,,,,,,,,
edelman_WR_NE,Julian Edelman,WR,NE,,,0.01,0.36,50.29,75.17,4.34,913.78,,0.02,,,,,,,,,,,,
shepard_WR_NYG,Sterling Shepard,WR,NYG,,,0.01,0.12,24.44,74.76,5.09,903.16,,0.02,,,,,,,,,,,,
jones_RB_TB,Ronald Jones,RB,TB,,,0.01,5.58,840.08,39.19,1.38,345.36,0.11,1.02,,,,,,,,,,,,
haskins_QB_WSH,Dwayne Haskins,QB,WSH,18.15,3161.39,14.48,1.65,162.48,,,,1.58,0.94,,,,,,,,,,,,
diggs_WR_BUF,Stefon Diggs,WR,BUF,,,0.01,0.34,36.28,58.35,6.42,948.09,,0.02,,,,,,,,,,,,
johnson_WR_PIT,Diontae Johnson,WR,PIT,,,0.01,0.06,13.39,75.86,5.35,850.22,,0.01,,,,,,,,,,,0.25,
sutton_WR_DEN,Courtland Sutton,WR,DEN,,,0.01,0.08,24.67,66.65,5.63,927.24,,0.03,,,,,,,,,,,,
beckham_WR_CLE,Odell Beckham Jr.,WR,CLE,,,0.01,0.01,8.8,68.32,5.91,906.17,,,,,,,,,,,,,,
tate_WR_NYG,Golden Tate,WR,NYG,,,0.01,0.01,6.01,70.09,6.12,875.43,,0.01,,,,,,,,,,,,
hilton_WR_IND,T.Y. Hilton,WR,IND,,,0.01,,2.18,70.45,5.67,900.6,,,,,,,,,,,,,,
singletary_RB_BUF,Devin Singletary,RB,BUF,,,0.01,5.11,869.9,35.67,1.53,343.37,0.1,1.2,,,,,,,,,,,,
chark_WR_JAX,D.J. Chark,WR,JAX,,,0.01,0.05,9.27,69.47,5.56,903.19,,0.01,,,,,,,,,,,,
slayton_WR_NYG,Darius Slayton,WR,NYG,,,0.01,,0.78,58.81,6.93,863.23,,,,,,,,,,,,,,
brown_WR_BUF,John Brown,WR,BUF,,,0.01,0.06,9.59,56.88,6.23,906.66,,0.01,,,,,,,,,,,,
waller_TE_LV,Darren Waller,TE,LV,,,0.01,0.06,12.5,69.58,5.15,831.83,,0.01,,,,,,,,,,,,
perriman_WR_NYJ,Breshad Perriman,WR,NYJ,,,0.01,0.04,12.38,46.66,6.75,962.13,,0.01,,,,,,,,,,,,
andrews_TE_BAL,Mark Andrews,TE,BAL,,,0.01,,0.94,61.68,6.78,818.92,,,,,,,,,,,,,,
williams_WR_MIA,Preston Williams,WR,MIA,,,0.01,,1.42,64.82,5.25,867.74,,,,,,,,,,,,,,
brown_WR_BAL,Marquise Brown,WR,BAL,,,0.01,,1.93,61.83,5.92,849.62,,,,,,,,,,,,,0.05,
kirk_WR_ARI,Christian Kirk,WR,ARI,,,0.01,0.12,32.5,72.71,4.32,758.9,,0.03,,,,,,,,,,,0.07,
higbee_TE_LAR,Tyler Higbee,TE,LAR,,,0.01,,0.9,69.82,4.44,821.49,,,,,,,,,,,,,,
tagovailoa_QB_MIA,Tua Tagovailoa,QB,MIA,15.37,2562.85,11.15,1.79,239.8,,,,1.07,0.84,,,,,,,,,,,,
engram_TE_NYG,Evan Engram,TE,NYG,,,0.01,0.22,36.27,66.69,4.75,764.98,,0.04,,,,,,,,,,,,
jackson_WR_PHI,DeSean Jackson,WR,PHI,,,0.01,0.29,28.93,57.86,5.32,818.42,,0.01,,,,,,,,,,,,
beasley_WR_BUF,Cole Beasley,WR,BUF,,,0.01,,0.81,61.59,4.91,843.53,,,,,,,,,,,,,,
fuller_WR_HOU,Will Fuller,WR,HOU,,,0.01,,2.03,59.97,5.29,831.96,,,,,,,,,,,,,,
lamb_WR_DAL,CeeDee Lamb,WR,DAL,,,0.01,0.05,10.67,62.18,4.75,825.44,,0.01,,,,,,,,,,,,
smithschuster_WR_PIT,JuJu Smith-Schuster,WR,PIT,,,0.01,,1.54,67.14,4.65,753.98,,,,,,,,,,,,,,
cook_TE_NO,Jared Cook,TE,NO,,,0.01,,2.45,54.92,6.61,752.66,,,,,,,,,,,,,,
hunt_RB_CLE,Kareem Hunt,RB,CLE,,,,2.59,385.93,53.7,2.53,455.97,0.04,,,,,,,,,,,,,
white_RB_NE,James White,RB,NE,,,,1.33,207.34,65.36,2.97,554.96,0.47,,,,,,,,,,,,,
anderson_WR_CAR,Robby Anderson,WR,CAR,,,0.01,0.02,7.91,53.63,5.05,834.32,,0.01,,,,,,,,,,,,
ingram_RB_BAL,Mark Ingram,RB,BAL,,,0.01,5.41,727.53,26.37,1.86,258.85,0.94,1.27,,,,,,,,,,,,
samuel_WR_SF,Deebo Samuel,WR,SF,,,0.01,0.67,88.12,59.18,3.72,721.61,,0.03,,,,,,,,,,,,
miller_WR_CHI,Anthony Miller,WR,CHI,,,0.01,,9.93,58.66,4.59,764.77,,0.02,,,,,,,,,,,0.14,
watkins_WR_KC,Sammy Watkins,WR,KC,,,0.01,0.03,12.7,52.55,4.24,834.83,,0.01,,,,,,,,,,,,
michel_RB_NE,Sony Michel,RB,NE,,,0.01,6.08,940.28,17.94,0.55,124.78,0.04,0.86,,,,,,,,,,,,
sims_WR_WSH,Steven Sims,WR,WSH,,,0.01,0.1,27.51,57.57,4.76,676.49,,0.04,,,,,,,,,,,0.73,
henry_TE_LAC,Hunter Henry,TE,LAC,,,0.01,,0.76,56.56,5.14,706.85,,,,,,,,,,,,,,
amendola_WR_DET,Danny Amendola,WR,DET,,,0.01,0.01,3.23,63.69,3.45,727.17,,,,,,,,,,,,,,
westbrook_WR_JAX,Dede Westbrook,WR,JAX,,,0.01,0.21,23.75,61.42,3.54,691.17,,0.01,,,,,,,,,,,0.34,
cohen_RB_CHI,Tarik Cohen,RB,CHI,,,,1.3,275.99,61.07,2,502.26,0.01,0.75,,,,,,,,,,,,
taylor_RB_IND,Jonathan Taylor,RB,IND,,,0.01,4.81,711.4,27.74,1.16,238.54,0.16,1.04,,,,,,,,,,,,
jeffery_WR_PHI,Alshon Jeffery,WR,PHI,,,0.01,0.02,2.44,56.2,4.43,726.29,,,,,,,,,,,,,,
foles_QB_CHI,Nick Foles,QB,CHI,15.47,2608.68,10.09,0.73,41.84,,,,0.78,0.74,,,,,,,,,,,,
cooks_WR_HOU,Brandin Cooks,WR,HOU,,,0.01,0.21,33.12,49.12,4.04,759.2,,0.01,,,,,,,,,,,,
mostert_RB_SF,Raheem Mostert,RB,SF,,,0.01,7.43,813.93,15.53,0.58,116.76,0.12,2.48,,,,,,,,,,,,
inman_WR_WSH,Dontrelle Inman,WR,WSH,,,0.01,,1.04,50.15,4.28,759.16,,,,,,,,,,,,,,
montgomery_RB_CHI,David Montgomery,RB,CHI,,,0.01,5.46,901.12,15.82,0.7,121.99,0.1,1.78,,,,,,,,,,,,
williams_WR_LAC,Mike Williams,WR,LAC,,,0.01,0.01,4.98,42.95,4.69,779.85,,,,,,,,,,,,,,
johnson_RB_DET,Kerryon Johnson,RB,DET,,,0.01,5.48,709.51,21.93,1.05,201.09,0.07,1.52,,,,,,,,,,,,
reagor_WR_PHI,Jalen Reagor,WR,PHI,,,0.01,0.14,14.88,52.91,4.1,674.57,,0.02,,,,,,,,,,,,
jefferson_WR_MIN,Justin Jefferson,WR,MIN,,,0.01,0.04,12.93,50.53,4.56,673.26,,0.01,,,,,,,,,,,,
herbert_QB_LAC,Justin Herbert,QB,LAC,10.5,1908.04,8.45,1.56,324.37,,,,0.92,0.72,,,,,,,,,,,,
sanders_WR_NO,Emmanuel Sanders,WR,NO,,,0.01,0.01,5.7,51.6,3.43,701.61,,,,,,,,,,,,,,
ruggs_WR_LV,Henry Ruggs III,WR,LV,,,0.01,0.04,17.29,48.89,4.17,661.79,,0.02,,,,,,,,,,,,
harry_WR_NE,N'Keal Harry,WR,NE,,,0.01,0.32,69.31,52.43,3.61,591.88,,0.08,,,,,,,,,,,,
conley_WR_JAX,Chris Conley,WR,JAX,,,0.01,,1.37,47.86,4.18,687.48,,,,,,,,,,,,,,
taylor_QB_LAC,Tyrod Taylor,QB,LAC,10.43,1822.73,5.42,1.74,265.27,,,,0.68,0.29,,,,,,,,,,,,
gesicki_TE_MIA,Mike Gesicki,TE,MIA,,,0.01,,0.82,52.45,4.58,615.01,,,,,,,,,,,,,,
fitzgerald_WR_ARI,Larry Fitzgerald,WR,ARI,,,0.01,0.01,2.63,54.79,3.43,639.38,,,,,,,,,,,,,,
samuel_WR_CAR,Curtis Samuel,WR,CAR,,,0.01,1.24,137.02,43.73,3.16,558.72,,0.06,,,,,,,,,,,,
jeudy_WR_DEN,Jerry Jeudy,WR,DEN,,,0.01,0.04,12.41,49.18,4.29,629.96,,0.01,,,,,,,,,,,,
lazard_WR_GB,Allen Lazard,WR,GB,,,0.01,0.14,25.18,49.41,3.53,649.09,,0.02,,,,,,,,,,,,
hooper_TE_CLE,Austin Hooper,TE,CLE,,,0.01,,0.85,50.4,4.03,620.43,,,,,,,,,,,,,,
davis_WR_TEN,Corey Davis,WR,TEN,,,0.01,,1.83,46.23,3.39,694.98,,,,,,,,,,,,,,
goedert_TE_PHI,Dallas Goedert,TE,PHI,,,,,0.69,52.41,3.95,586.57,,,,,,,,,,,,,,
mack_RB_IND,Marlon Mack,RB,IND,,,,5.76,753.76,11.33,0.33,82.31,0.89,0.36,,,,,,,,,,,,
gage_WR_ATL,Russell Gage,WR,ATL,,,0.01,0.19,33.73,53.14,2.75,573.8,,0.03,,,,,,,,,,,,
gronkowski_TE_TB,Rob Gronkowski,TE,TB,,,0.01,,1.13,47.31,3.73,615.14,,,,,,,,,,,,,,
ebron_TE_PIT,Eric Ebron,TE,PIT,,,0.01,,2.85,52.14,3.68,567.13,,,,,,,,,,,,,,
renfrow_WR_LV,Hunter Renfrow,WR,LV,,,,,4.11,49.69,3.95,573.38,,,,,,,,,,,,,0.01,
herndon_TE_NYJ,Chris Herndon,TE,NYJ,,,0.01,,1.07,47.54,3.79,601.64,,,,,,,,,,,,,,
edwards_WR_LV,Bryan Edwards,WR,LV,,,0.01,0.04,16.31,47.89,3.3,608.96,,0.02,,,,,,,,,,,,
akers_RB_LAR,Cam Akers,RB,LAR,,,0.01,4.05,605.64,22.93,0.86,178,0.09,0.89,,,,,,,,,,,,
fant_TE_DEN,Noah Fant,TE,DEN,,,0.01,0.07,23.82,45.11,4,555.15,,0.03,,,,,,,,,,,,
aiyuk_WR_SF,Brandon Aiyuk,WR,SF,,,0.01,0.04,17.16,44.26,3.58,593.56,,0.02,,,,,,,,,,,,
eifert_TE_JAX,Tyler Eifert,TE,JAX,,,0.01,,0.63,45.28,3.55,599.55,,,,,,,,,,,,,,
reynolds_WR_LAR,Josh Reynolds,WR,LAR,,,0.01,0.04,47.67,45.5,2.93,578.61,,0.05,,,,,,,,,,,,
grant_WR_MIA,Jakeem Grant,WR,MIA,,,0.01,0.22,50.51,45.95,2.39,501.89,,0.05,,,,,,,,,,,1.4,
lindsay_RB_DEN,Phillip Lindsay,RB,DEN,,,,3.92,614.76,21.26,0.31,163.79,0.04,,,,,,,,,,,,,
trubisky_QB_CHI,Mitchell Trubisky,QB,CHI,9.84,1767.57,6.24,1.14,170.66,,,,1.48,0.36,,,,,,,,,,,,
cobb_WR_HOU,Randall Cobb,WR,HOU,,,,,7.97,40.62,3.44,598.42,,,,,,,,,,,,,,
washington_WR_PIT,James Washington,WR,PIT,,,0.01,,1.27,39.94,3.61,591.62,,,,,,,,,,,,,,
fitzpatrick_QB_MIA,Ryan Fitzpatrick,QB,MIA,10.42,1761.71,6.23,1.19,128.94,,,,0.9,0.35,,,,,,,,,,,,
hurst_TE_ATL,Hayden Hurst,TE,ATL,,,0.01,,2.29,46.28,3.87,507.35,,,,,,,,,,,,,,
hockenson_TE_DET,T.J. Hockenson,TE,DET,,,0.01,,0.87,47.87,2.95,527.15,,,,,,,,,,,,,,
pittman_WR_IND,Michael Pittman,WR,IND,,,0.01,0.04,11.69,41.94,3.37,545.83,,0.01,,,,,,,,,,,,
humphries_WR_TEN,Adam Humphries,WR,TEN,,,,,3.47,45.7,3.34,514.18,,,,,,,,,,,,,,
thomas_TE_CAR,Ian Thomas,TE,CAR,,,0.01,,1.02,48.2,3.47,475.07,,,,,,,,,,,,,,
henderson_RB_LAR,Darrell Henderson,RB,LAR,,,0.01,2.72,483.82,26.64,0.83,174.87,0.08,0.56,,,,,,,,,,,,
doyle_TE_IND,Jack Doyle,TE,IND,,,0.01,,0.96,45.82,3.32,462.49,,,,,,,,,,,,,,
scott_RB_PHI,Boston Scott,RB,PHI,,,,3.03,341.99,29.69,0.95,240.08,0.05,0.21,,,,,,,,,,,0.09,
fournette_RB_TB,Leonard Fournette,RB,TB,,,,2.88,469.61,22.38,0.67,184.54,0.05,,,,,,,,,,,,,
mckinnon_RB_SF,Jerick McKinnon,RB,SF,,,,1.56,296.48,35.19,0.92,283.91,0.77,0.42,,,,,,,,,,,,
smith_TE_TEN,Jonnu Smith,TE,TEN,,,0.01,0.1,19.03,39.01,3.48,455.04,,0.02,,,,,,,,,,,,
howard_RB_MIA,Jordan Howard,RB,MIA,,,,4.48,586.9,12.28,0.4,81.09,0.02,0.3,,,,,,,,,,,,
jackson_RB_LAC,Justin Jackson,RB,LAC,,,0.01,3.24,460.97,21.9,0.6,165.23,0.08,0.27,,,,,,,,,,,,
jarwin_TE_DAL,Blake Jarwin,TE,DAL,,,0.01,,0.7,42.72,2.57,475.82,,,,,,,,,,,,,,
brown_WR_GB,Equanimeous St. Brown,WR,GB,,,,0.01,5.74,36.68,3.15,486.28,,0.01,,,,,,,,,,,0.1,
higgins_WR_CIN,Tee Higgins,WR,CIN,,,0.01,0.04,15.43,36.48,2.97,489.79,,0.02,,,,,,,,,,,,
swift_RB_DET,D'Andre Swift,RB,DET,,,,2.51,380.37,25.87,1.03,202.89,0.07,0.43,,,,,,,,,,,,
pollard_RB_DAL,Tony Pollard,RB,DAL,,,,3.13,442.41,20.38,0.83,162.69,0.53,0.9,,,,,,,,,,,,
murray_RB_NO,Latavius Murray,RB,NO,,,,2.9,437.52,21.96,0.61,161.62,,,,,,,,,,,,,,
hardman_WR_KC,Mecole Hardman,WR,KC,,,0.01,0.07,29.84,34.51,2.81,470.22,,0.03,,,,,,,,,,,0.05,
mccoy_RB_TB,LeSean McCoy,RB,TB,,,,2.64,371.84,25.01,0.64,204.06,0.02,0.24,,,,,,,,,,,,
campbell_WR_IND,Parris Campbell,WR,IND,,,0.01,0.03,29.61,38.55,2.18,464.16,,0.03,,,,,,,,,,,,
hines_RB_IND,Nyheim Hines,RB,IND,,,,1.46,206.12,32.94,1,282.52,0.01,0.04,,,,,,,,,,,0.69,
graham_TE_CHI,Jimmy Graham,TE,CHI,,,0.01,,1.66,40.53,2.21,464.1,,,,,,,,,,,,,,
richard_RB_LV,Jalen Richard,RB,LV,,,,1.42,255.03,31.02,1.34,283.64,0.02,1.16,,,,,,,,,,,0.06,
burkhead_RB_NE,Rex Burkhead,RB,NE,,,,2.15,278.17,26.07,1.26,243.2,,,,,,,,,,,,,,
ford_WR_MIA,Isaiah Ford,WR,MIA,,,,0.05,10.51,36.52,2.63,438.06,,0.01,,,,,,,,,,,,
fells_TE_HOU,Darren Fells,TE,HOU,,,0.01,,0.88,37.58,3.19,396.46,,,,,,,,,,,,,,
bourne_WR_SF,Kendrick Bourne,WR,SF,,,,,0.59,33.63,2.34,485.84,,,,,,,,,,,,,,
rudolph_TE_MIN,Kyle Rudolph,TE,MIN,,,0.01,,0.77,37.54,3.14,398.36,,,,,,,,,,,,,,
mattison_RB_MIN,Alexander Mattison,RB,MIN,,,,3.23,458.15,16.34,0.61,126.94,0.03,0.89,,,,,,,,,,,,
snead_WR_BAL,Willie Snead,WR,BAL,,,0.01,0.05,12.79,35.63,2.69,426.98,,0.01,,,,,,,,,,,0.02,
hogan_WR_NYJ,Chris Hogan,WR,NYJ,,,0.01,0.01,4.81,33.95,2.17,473.24,,,,,,,,,,,,,,
breida_RB_MIA,Matt Breida,RB,MIA,,,0.01,2.61,432.2,19.67,0.66,140.59,0.05,0.94,,,,,,,,,,,,
asiasi_TE_NE,Devin Asiasi,TE,NE,,,0.01,,1.35,39.29,2.72,383.48,,,,,,,,,,,,,,
ross_WR_CIN,John Ross,WR,CIN,,,,0.05,37.8,29.01,2.69,439.01,,0.08,,,,,,,,,,,,
hamler_WR_DEN,K.J. Hamler,WR,DEN,,,0.01,0.05,13.46,31.15,2.73,418.57,,0.01,,,,,,,,,,,0.05,
arnold_TE_ARI,Dan Arnold,TE,ARI,,,,,0.46,32.96,2.81,408.31,,,,,,,,,,,,,,
stills_WR_HOU,Kenny Stills,WR,HOU,,,,,1.06,29.09,3.05,424.1,,,,,,,,,,,,,,
moss_RB_BUF,Zack Moss,RB,BUF,,,,3,448.99,13.88,0.48,112.24,0.08,0.67,,,,,,,,,,,,
coleman_RB_SF,Tevin Coleman,RB,SF,,,,3.36,477.49,10.97,0.43,74.66,,,,,,,,,,,,,,
olsen_TE_SEA,Greg Olsen,TE,SEA,,,0.01,,0.97,33.66,2.36,409.55,,,,,,,,,,,,,,
ginn_WR_CHI,Ted Ginn,WR,CHI,,,0.01,0.13,18.23,29.94,2.27,420.76,,0.01,,,,,,,,,,,,
knox_TE_BUF,Dawson Knox,TE,BUF,,,0.01,,0.61,30.33,2.54,414.12,,,,,,,,,,,,,,
uzomah_TE_CIN,C.J. Uzomah,TE,CIN,,,0.01,,0.92,36.94,2.62,336.19,,,,,,,,,,,,,,
dorsett_WR_SEA,Phillip Dorsett,WR,SEA,,,0.01,0.11,8.01,26.91,2.33,437,,,,,,,,,,,,,,
bernard_RB_CIN,Giovani Bernard,RB,CIN,,,,1.42,253.78,25.31,0.94,207.3,,,,,,,,,,,,,,
smith_WR_NO,Tre'Quan Smith,WR,NO,,,0.01,,0.56,27.37,2.88,403.57,,,,,,,,,,,,,,
williams_RB_GB,Jamaal Williams,RB,GB,,,,1.56,263.44,23.68,0.75,200.27,,,,,,,,,,,,,,
smith_RB_ATL,Ito Smith,RB,ATL,,,,2.38,277.13,21.7,0.75,146.27,0.03,0.1,,,,,,,,,,,,
howard_TE_TB,O.J. Howard,TE,TB,,,0.01,,0.98,27.56,2.35,405.42,,,,,,,,,,,,,,
williams_RB_KC,Darrel Williams,RB,KC,,,,2.32,281.43,21.35,0.7,157.43,0.03,0.61,,,,,,,,,,,,
barber_RB_WSH,Peyton Barber,RB,WSH,,,,2.34,380.64,15.13,0.42,121.53,0.52,0.44,,,,,,,,,,,,
smith_TE_MIN,Irv Smith,TE,MIN,,,0.01,,1.01,34.43,2.31,333.33,,,,,,,,,,,,,,
njoku_TE_CLE,David Njoku,TE,CLE,,,0.01,,1.05,30.58,2.45,359.14,,,,,,,,,,,,,,
claypool_WR_PIT,Chase Claypool,WR,PIT,,,0.01,0.02,8.7,29.27,2.29,368.87,,0.01,,,,,,,,,,,,
olszewski_WR_NE,Gunner Olszewski,WR,NE,,,0.01,,3.98,32.74,1.77,362.66,,,,,,,,,,,,,,
miller_WR_TB,Scott Miller,WR,TB,,,,0.01,15.16,27.85,2.53,350.77,,0.02,,,,,,,,,,,,
evans_RB_TEN,Darrynton Evans,RB,TEN,,,,2.56,359.09,13.43,0.53,117.37,0.06,0.53,,,,,,,,,,,,
everett_TE_LAR,Gerald Everett,TE,LAR,,,0.01,,2.1,30.12,2.14,351.75,,,,,,,,,,,,,,
mcdonald_TE_PIT,Vance McDonald,TE,PIT,,,0.01,0.01,3.92,35.05,1.97,290.68,,,,,,,,,,,,,,
ozigbo_RB_JAX,Devine Ozigbo,RB,JAX,,,,2.01,301.94,17.38,0.63,129.2,0.07,0.36,,,,,,,,,,,,
byrd_WR_NE,Damiere Byrd,WR,NE,,,,,0.85,26.42,2.31,352.86,,,,,,,,,,,,,,
snell_RB_PIT,Benny Snell,RB,PIT,,,,3.42,489.26,3.84,0.17,30.72,0.04,0.93,,,,,,,,,,,,
sprinkle_TE_WSH,Jeremy Sprinkle,TE,WSH,,,0.01,,0.83,33.95,1.86,291.72,,,,,,,,,,,,,,
dobbins_RB_BAL,J.K. Dobbins,RB,BAL,,,,2.49,357.15,12.31,0.49,86.93,0.06,0.52,,,,,,,,,,,,
boyle_TE_BAL,Nick Boyle,TE,BAL,,,0.01,,0.95,29.94,1.92,292.24,,,,,,,,,,,,,,
griffin_TE_NYJ,Ryan Griffin,TE,NYJ,,,,,0.73,27.89,2.07,301.39,,,,,,,,,,,,,,
reed_TE_SF,Jordan Reed,TE,SF,,,,,0.93,28.52,1.74,313.75,,,,,,,,,,,,,,
sternberger_TE_GB,Jace Sternberger,TE,GB,,,0.01,,0.91,27.58,2.31,256.72,,,,,,,,,,,,,,
edmonds_RB_ARI,Chase Edmonds,RB,ARI,,,,2,261.12,14.22,0.47,118.38,0.05,0.08,,,,,,,,,,,,
moore_WR_SEA,David Moore,WR,SEA,,,,0.2,23.03,20.24,1.9,308.39,,0.02,,,,,,,,,,,,
hill_RB_BAL,Justice Hill,RB,BAL,,,,1.4,211.9,16.37,0.61,142.13,0.02,0.17,,,,,,,,,,,0.17,
brown_RB_LAR,Malcolm Brown,RB,LAR,,,,2.7,339.28,7.43,0.24,46.78,0.04,,,,,,,,,,,,,
yeldon_RB_BUF,T.J. Yeldon,RB,BUF,,,,0.68,127.26,21.41,0.9,204.12,0.01,0.4,,,,,,,,,,,,
akins_TE_HOU,Jordan Akins,TE,HOU,,,0.01,,0.74,25.1,1.61,267.41,,,,,,,,,,,,,,
pascal_WR_IND,Zach Pascal,WR,IND,,,,0.02,8.73,20.93,1.41,306.74,,0.01,,,,,,,,,,,,
dissly_TE_SEA,Will Dissly,TE,SEA,,,,0.04,4.41,19.77,2.12,272.67,,,,,,,,,,,,,,
gandygolden_WR_WSH,Antonio Gandy-Golden,WR,WSH,,,,0.04,7.36,20.79,1.5,287.5,,0.01,,,,,,,,,,,,
hyde_RB_SEA,Carlos Hyde,RB,SEA,,,,2.08,329.74,7.75,0.21,59.76,0.01,0.7,,,,,,,,,,,,
gore_RB_NYJ,Frank Gore,RB,NYJ,,,,1.55,270.72,10.79,0.4,90.91,0.02,,,,,,,,,,,,,
robinson_RB_JAX,James Robinson,RB,JAX,,,,1.74,255.62,11.15,0.44,94.5,0.05,0.34,,,,,,,,,,,,
boykin_WR_BAL,Miles Boykin,WR,BAL,,,0.01,,1.05,19.66,1.82,272.01,,,,,,,,,,,,,,
cole_WR_JAX,Keelan Cole,WR,JAX,,,,0.08,12.63,16.12,2.01,277.02,,0.01,,,,,,,,,,,,
hill_TE_NO,Josh Hill,TE,NO,,,0.01,,0.99,25.26,1.57,221.53,,,,,,,,,,,,,,
shenault_WR_JAX,Laviska Shenault Jr.,WR,JAX,,,,0.05,8.65,19.63,1.63,251.58,,0.01,,,,,,,,,,,,
mims_WR_NYJ,Denzel Mims,WR,NYJ,,,,0.04,8.52,19.97,1.62,247.58,,0.01,,,,,,,,,,,,
hurts_QB_PHI,Jalen Hurts,QB,PHI,4.1,738.83,3.22,0.84,90.78,,,,0.67,0.33,,,,,,,,,,,,
laird_RB_MIA,Patrick Laird,RB,MIA,,,,0.97,171.39,14.74,0.55,133.1,0.02,0.12,,,,,,,,,,,,
juszczyk_RB_SF,Kyle Juszczyk,RB,SF,,,0.01,0.07,,24.28,1.42,207.74,,0.02,,,,,,,,,,,,
firkser_TE_TEN,Anthony Firkser,TE,TEN,,,,,0.77,17.83,1.62,255.84,,,,,,,,,,,,,,
johnson_WR_TB,Tyler Johnson,WR,TB,,,,0.01,6.18,18.94,1.35,252.72,,0.01,,,,,,,,,,,,
dillon_RB_GB,A.J. Dillon,RB,GB,,,,1.75,251.43,9.35,0.38,60,0.05,0.36,,,,,,,,,,,,
nall_RB_CHI,Ryan Nall,RB,CHI,,,,1.27,176.88,12.78,0.55,113.79,0.07,0.19,,,,,,,,,,,,
robinson_WR_KC,Demarcus Robinson,WR,KC,,,,,0.79,17.4,1.49,261.15,,,,,,,,,,,,,,
oshaughnessy_TE_JAX,James O'Shaughnessy,TE,JAX,,,,,0.62,21.38,1.48,218.35,,,,,,,,,,,,,,
mcfarland_RB_PIT,Anthony McFarland,RB,PIT,,,,1.6,228.98,10.75,0.39,68.95,0.06,0.3,,,,,,,,,,,,
peterson_RB_DET,Adrian Peterson,RB,DET,,,,1.55,226.68,9.01,0.36,89.99,0.03,0.23,,,,,,,,,,,,
kmet_TE_CHI,Cole Kmet,TE,CHI,,,0.01,,1.7,20.94,1.55,212.36,,,,,,,,,,,,,,
thompson_RB_KC,Darwin Thompson,RB,KC,,,,1.51,220.61,10.48,0.35,72.61,0.03,0.18,,,,,,,,,,,,
smith_TE_NYG,Kaden Smith,TE,NYG,,,,,0.43,19.1,1.41,225.87,,,,,,,,,,,,,,
mariota_QB_LV,Marcus Mariota,QB,LV,3.9,736.59,2.27,0.54,58.52,,,,0.5,0.26,,,,,,,,,,,,
brate_TE_TB,Cameron Brate,TE,TB,,,,,0.55,20.23,1.21,225.3,,,,,,,,,,,,,,
freeman_RB_DEN,Royce Freeman,RB,DEN,,,,1.11,181.52,13.68,0.3,98.52,0.01,0.16,,,,,,,,,,,,
edwards_RB_BAL,Gus Edwards,RB,BAL,,,,2.33,290.51,2.82,0.13,26.53,0.39,0.24,,,,,,,,,,,,
lewis_RB_NYG,Dion Lewis,RB,NYG,,,,0.79,171.08,15.43,0.54,92.49,,0.34,,,,,,,,,,,,
hollister_TE_SEA,Jacob Hollister,TE,SEA,,,,,0.52,19.36,1.3,215.75,,,,,,,,,,,,,,
perine_RB_NYJ,La'Mical Perine,RB,NYJ,,,,1.41,206.68,10.04,0.39,74.15,0.06,0.28,,,,,,,,,,,,
jefferson_WR_LAR,Van Jefferson,WR,LAR,,,,0.01,7.94,17.49,1.44,203.2,,0.01,,,,,,,,,,,,
james_TE_DET,Jesse James,TE,DET,,,0.01,,0.74,18.59,1.12,201.52,,,,,,,,,,,,,,
sealsjones_TE_KC,Ricky Seals-Jones,TE,KC,,,,,0.68,17.14,1.28,203.59,,,,,,,,,,,,,,
witten_TE_LV,Jason Witten,TE,LV,,,,,2.44,17.94,1.08,202.66,,,,,,,,,,,,,,
tate_WR_CIN,Auden Tate,WR,CIN,,,,,0.65,15.05,1.29,220.01,,,,,,,,,,,,,,
duvernay_WR_BAL,Devin Duvernay,WR,BAL,,,,0.03,8.74,16.18,1.23,198.67,,0.01,,,,,,,,,,,,
ward_WR_PHI,Greg Ward,WR,PHI,,,,0.06,6.35,16.59,1.05,203.43,,0.01,,,,,,,,,,,,
raymond_WR_TEN,Kalif Raymond,WR,TEN,,,,0.01,13.93,11.52,1.35,223.38,,0.01,,,,,,,,,,,0.08,
kelley_RB_LAC,Joshua Kelley,RB,LAC,,,,1.34,182.57,8.56,0.33,69.43,0.05,0.26,,,,,,,,,,,,
mckissic_RB_WSH,J.D. McKissic,RB,WSH,,,,0.25,38.83,20.29,0.52,143.12,,0.02,,,,,,,,,,,,
ratley_WR_NYG,Damion Ratley,WR,NYG,,,,,0.6,15.41,1.29,198.59,,,,,,,,,,,,,,
williams_TE_ARI,Maxx Williams,TE,ARI,,,0.01,,1.32,18.03,1.18,177.49,,,,,,,,,,,,,,
hall_WR_DET,Marvin Hall,WR,DET,,,,0.01,11.87,12.22,1.52,200.68,,0.01,,,,,,,,,,,,
isabella_WR_ARI,Andy Isabella,WR,ARI,,,,0.01,16,14.05,1.08,187.86,,0.02,,,,,,,,,,,0.25,
burton_TE_IND,Trey Burton,TE,IND,,,,,1.04,17.51,0.94,188.59,,,,,,,,,,,,,,
walker_QB_CAR,P.J. Walker,QB,CAR,2.18,540.03,2.75,0.72,118.45,,,,0.62,0.33,,,,,,,,,,,,
wolford_QB_LAR,John Wolford,QB,LAR,2.3,526.12,2.36,0.75,107.87,,,,0.62,0.31,,,,,,,,,,,,
winston_QB_NO,Jameis Winston,QB,NO,3.95,591.41,2.18,0.36,30.43,,,,0.78,0.23,,,,,,,,,,,,
johnson_WR_MIN,Bisi Johnson,WR,MIN,,,,0.02,8.17,16.19,0.84,192.03,,0.01,,,,,,,,,,,,
blake_WR_ATL,Christian Blake,WR,ATL,,,,,1.45,17.98,0.96,172.82,,,,,,,,,,,,,,
patrick_WR_DEN,Tim Patrick,WR,DEN,,,,0.01,4.07,13.19,1.12,204.09,,,,,,,,,,,,,,
reed_WR_LAC,Joe Reed,WR,LAC,,,,0.01,5.24,15,1.08,182.3,,0.01,,,,,,,,,,,,
hill_QB_NO,Taysom Hill,QB,NO,0.21,30.08,0.34,0.99,324.91,,,,0.14,0.39,,,,,,,,,,,,
booker_RB_LV,Devontae Booker,RB,LV,,,,0.52,77.44,13.91,0.45,114.78,,,,,,,,,,,,,0.03,
hill_WR_LAC,K.J. Hill,WR,LAC,,,,0.01,5.23,14.29,1.05,177.79,,0.01,,,,,,,,,,,,
moreau_TE_LV,Foster Moreau,TE,LV,,,,,0.7,17.25,0.9,155.94,,,,,,,,,,,,,,
peoplesjones_WR_CLE,Donovan Peoples-Jones,WR,CLE,,,,0.01,6.01,13.95,1.05,171.68,,0.01,,,,,,,,,,,,
hill_RB_ATL,Brian Hill,RB,ATL,,,,1.38,201.41,3.61,0.15,35.99,0.01,0.38,,,,,,,,,,,0.1,
taylor_WR_SF,Trent Taylor,WR,SF,,,,,2.43,14.41,0.7,174.03,,,,,,,,,,,,,,
roberts_WR_CAR,Seth Roberts,WR,CAR,,,,,0.69,12.24,1,172.36,,,,,,,,,,,,,,
harris_TE_CHI,Demetrius Harris,TE,CHI,,,,,0.68,15.02,0.91,148.94,,,,,,,,,,,,,,
boone_RB_MIN,Mike Boone,RB,MIN,,,,1.43,181.61,3.74,0.15,40.89,0.03,0.15,,,,,,,,,,,,
clement_RB_PHI,Corey Clement,RB,PHI,,,,0.9,103.09,9.32,0.32,57.13,1.08,0.01,,,,,,,,,,,,
thomas_TE_WSH,Logan Thomas,TE,WSH,,,,,0.59,13.94,0.83,157.2,,,,,,,,,,,,,,
patmon_WR_IND,Dezmon Patmon,WR,IND,,,,0.02,5.89,12.46,0.93,157.96,,0.01,,,,,,,,,,,,
ridley_WR_CHI,Riley Ridley,WR,CHI,,,,,1.7,12.44,1.01,157.78,,,,,,,,,,,,,,
guyton_WR_LAC,Jalen Guyton,WR,LAC,,,,,3.6,12.3,0.85,165.88,,,,,,,,,,,,,,
ham_RB_MIN,C.J. Ham,RB,MIN,,,,0.2,26.91,14.14,0.63,121.99,0.04,0.03,,,,,,,,,,,,
sharpe_WR_MIN,Tajae Sharpe,WR,MIN,,,,,0.7,12.76,0.83,161.62,,,,,,,,,,,,,,
hamilton_WR_DEN,DaeSean Hamilton,WR,DEN,,,,,1.23,14.11,0.7,151.27,,,,,,,,,,,,,0.06,
lewis_TE_GB,Marcedes Lewis,TE,GB,,,0.01,,0.9,14.21,0.91,140.06,,,,,,,,,,,,,,
davis_WR_BUF,Gabriel Davis,WR,BUF,,,,0.02,5.58,11.58,0.86,162.98,,0.01,,,,,,,,,,,,
keene_TE_NE,Dalton Keene,TE,NE,,,,,1.31,14.93,0.9,130.17,,,,,,,,,,,,,,
montgomery_RB_NO,Ty Montgomery,RB,NO,,,,0.66,111.3,9.64,0.36,64.86,,,,,,,,,,,,,,
bowden_RB_MIA,Lynn Bowden,RB,MIA,,,,0.69,116.31,9.31,0.33,64.02,0.02,0.15,,,,,,,,,,,,
davis_RB_CAR,Mike Davis,RB,CAR,,,,0.44,64.47,11.12,0.38,98.05,0.53,0.08,,,,,,,,,,,,
jones_WR_LV,Zay Jones,WR,LV,,,,,0.91,13.63,0.73,148.96,,,,,,,,,,,,,,
valdesscantling_WR_GB,Marquez Valdes-Scantling,WR,GB,,,,0.01,2.12,10.44,0.8,169.29,,,,,,,,,,,,,,
brown_WR_DAL,Noah Brown,WR,DAL,,,,,0.51,11.42,0.93,148.06,,,,,,,,,,,,,,
gaskin_RB_MIA,Myles Gaskin,RB,MIA,,,,0.83,138.85,6.81,0.2,51.38,0.01,0.14,,,,,,,,,,,,
hodge_WR_CLE,KhaDarel Hodge,WR,CLE,,,,,0.65,11.74,0.78,150.8,,,,,,,,,,,,,,
abdullah_RB_MIN,Ameer Abdullah,RB,MIN,,,,0.51,67.81,9.17,0.34,100.75,,0.14,,,,,,,,,,,,
green_TE_LAC,Virgil Green,TE,LAC,,,0.01,,1.49,11.83,0.98,125.07,,,,,,,,,,,,,,
pruitt_TE_TEN,MyCole Pruitt,TE,TEN,,,0.01,,0.85,12.33,0.84,125.96,,,,,,,,,,,,,,
proche_WR_BAL,James Proche,WR,BAL,,,,0.02,6.7,10.12,0.81,141.66,,0.01,,,,,,,,,,,,
beck_TE_DEN,Andrew Beck,TE,DEN,,,,0.03,10.09,12.09,0.75,117.55,,0.01,,,,,,,,,,,,
berrios_WR_NYJ,Braxton Berrios,WR,NYJ,,,,0.04,8.42,10.33,0.79,126.32,,0.01,,,,,,,,,,,0.09,
brissett_QB_IND,Jacoby Brissett,QB,IND,2.05,468.37,1.37,0.39,19.01,,,,0.46,0.23,,,,,,,,,,,,
trautman_TE_NO,Adam Trautman,TE,NO,,,,,1.29,11.6,0.94,115.35,,,,,,,,,,,,,,
agholor_WR_LV,Nelson Agholor,WR,LV,,,,0.01,6.24,12.02,0.44,135.47,,,,,,,,,,,,,,
powell_WR_ATL,Brandon Powell,WR,ATL,,,,0.06,9.63,9.75,0.67,131.56,,0.01,,,,,,,,,,,0.11,
deguara_TE_GB,Josiah Deguara,TE,GB,,,,,1.3,11.45,0.95,115.7,,,,,,,,,,,,,,
kroft_TE_BUF,Tyler Kroft,TE,BUF,,,,,0.57,11.45,0.59,126.95,,,,,,,,,,,,,,
bryant_TE_CLE,Harrison Bryant,TE,CLE,,,,,1.28,10.3,0.83,122.07,,,,,,,,,,,,,,
driskel_QB_DEN,Jeff Driskel,QB,DEN,1.85,425.42,1.77,0.36,29.4,,,,0.61,0.11,,,,,,,,,,,,
gabbert_QB_TB,Blaine Gabbert,QB,TB,2.4,457.27,2.28,0.22,15.81,,,,0.46,0.1,,,,,,,,,,,,
dalton_QB_DAL,Andy Dalton,QB,DAL,2.28,462.78,1.97,0.18,10.53,,,,0.6,0.1,,,,,,,,,,,,
benjamin_RB_ARI,Eno Benjamin,RB,ARI,,,,0.82,111.92,5.92,0.21,35.55,0.04,0.16,,,,,,,,,,,,
rudolph_QB_PIT,Mason Rudolph,QB,PIT,2.03,527.86,3,0.26,8.95,,,,0.56,0.25,,,,,,,,,,,,
wilkins_RB_IND,Jordan Wilkins,RB,IND,,,,1.09,117.35,4.07,0.14,28.62,0.01,0.05,,,,,,,,,,,,
shaheen_TE_MIA,Adam Shaheen,TE,MIA,,,,,0.5,10.23,0.68,115.57,,,,,,,,,,,,,,
warring_TE_HOU,Kahale Warring,TE,HOU,,,,,1.21,9.83,0.82,110.41,,,,,,,,,,,,,,
woodside_QB_TEN,Logan Woodside,QB,TEN,2.1,476.03,2.44,0.22,9.85,,,,0.62,0.2,,,,,,,,,,,,
cannon_RB_CAR,Trenton Cannon,RB,CAR,,,,0.47,68.41,8.05,0.33,60.83,0.03,0.07,,,,,,,,,,,,
wilson_WR_DAL,Ced Wilson,WR,DAL,,,,,1.47,8.99,0.78,115.35,,,,,,,,,,,,,,
daniel_QB_DET,Chase Daniel,QB,DET,2.07,450.83,1.77,0.14,13.04,,,,0.27,0.08,,,,,,,,,,,,
harris_WR_NO,Deonte Harris,WR,NO,,,,0.14,24.43,7.52,0.64,97.51,,0.02,,,,,,,,,,,0.15,
arcegawhiteside_WR_PHI,J.J. Arcega-Whiteside,WR,PHI,,,,0.01,1.19,8.45,0.77,113.16,,,,,,,,,,,,,,
board_WR_NYG,C.J. Board,WR,NYG,,,,,1.7,8.73,0.68,114.38,,,,,,,,,,,,,,
janovich_RB_CLE,Andy Janovich,RB,CLE,,,,0.37,44.35,9.68,0.38,58.63,0.02,0.05,,,,,,,,,,,,
davis_TE_JAX,Tyler Davis,TE,JAX,,,,,1.22,9.9,0.74,98.83,,,,,,,,,,,,,,
vannett_TE_DEN,Nick Vannett,TE,DEN,,,0.01,,0.69,9.86,0.63,105.11,,,,,,,,,,,,,,
watson_WR_TB,Justin Watson,WR,TB,,,,,1.15,7.28,0.55,126.78,,,,,,,,,,,,,0.07,
swaim_TE_TEN,Geoff Swaim,TE,TEN,,,,,0.42,9.64,0.6,103.03,,,,,,,,,,,,,,
wilson_RB_SF,Jeff Wilson,RB,SF,,,,0.94,95.17,4.89,0.21,28.03,0.03,0.33,,,,,,,,,,,,
ingold_RB_LV,Alec Ingold,RB,LV,,,0.01,0.45,60.29,7.54,0.33,48.39,0.09,0.07,,,,,,,,,,,,
zylstra_WR_CAR,Brandon Zylstra,WR,CAR,,,,,0.67,7.73,0.7,108.16,,,,,,,,,,,,,,
zaccheaus_WR_ATL,Olamide Zaccheaus,WR,ATL,,,,,1.34,7.86,0.72,104.26,,,,,,,,,,,,,,
scarbrough_RB_DET,Bo Scarbrough,RB,DET,,,,0.76,151.83,1.88,0.09,11.42,0.02,0.32,,,,,,,,,,,,
mccarron_QB_HOU,AJ McCarron,QB,HOU,1.81,378.12,1.53,0.18,15.44,,,,0.45,0.21,,,,,,,,,,,,
graham_TE_ATL,Jaeden Graham,TE,ATL,,,0.01,,1.03,7.48,0.74,91.7,,,,,,,,,,,,,,
smythe_TE_MIA,Durham Smythe,TE,MIA,,,,,0.62,9.81,0.54,79.65,,,,,,,,,,,,,,
love_RB_WSH,Bryce Love,RB,WSH,,,,0.72,99.57,3.27,0.14,26.11,0.02,0.12,,,,,,,,,,,,
cooper_WR_CAR,Pharoh Cooper,WR,CAR,,,,,2.69,7.36,0.52,100.23,,,,,,,,,,,,,,
smith_QB_SEA,Geno Smith,QB,SEA,1.53,319.44,1.44,0.24,26.86,,,,0.4,0.24,,,,,,,,,,,,
carter_WR_HOU,DeAndre Carter,WR,HOU,,,,,7.19,5.21,0.54,106.93,,0.01,,,,,,,,,,,0.08,
bryant_TE_DET,Hunter Bryant,TE,DET,,,,,0.91,7.43,0.68,84.84,,,,,,,,,,,,,,
allen_QB_WSH,Kyle Allen,QB,WSH,1.28,427.09,2.09,0.2,0.56,,,,0.53,0.17,,,,,,,,,,,,
stocker_TE_ATL,Luke Stocker,TE,ATL,,,,,0.65,8.98,0.58,73.76,,,,,,,,,,,,,,
bell_TE_DAL,Blake Bell,TE,DAL,,,,,0.37,8.7,0.58,76.19,,,,,,,,,,,,,,
patterson_WR_CHI,Cordarrelle Patterson,WR,CHI,,,,0.18,49.96,5.2,0.32,66.53,,0.02,,,,,,,,,,,,
samuels_RB_PIT,Jaylen Samuels,RB,PIT,,,,0.19,36.46,7.64,0.23,55.88,0.01,0.01,,,,,,,,,,,,
willson_TE_SEA,Luke Willson,TE,SEA,,,,0.13,14.26,7.22,0.56,65.73,,0.01,,,,,,,,,,,,
sample_TE_CIN,Drew Sample,TE,CIN,,,,,0.92,7.98,0.47,78.01,,,,,,,,,,,,,,
mundt_TE_LAR,Johnny Mundt,TE,LAR,,,,,0.75,8.41,0.54,63.39,,,,,,,,,,,,,,
mannion_QB_MIN,Sean Mannion,QB,MIN,1.49,310.85,1.85,0.28,13.24,,,,0.43,0.3,,,,,,,,,,,,
conklin_TE_MIN,Tyler Conklin,TE,MIN,,,,,0.68,7.31,0.55,68.39,,,,,,,,,,,,,,
dallas_RB_SEA,DeeJay Dallas,RB,SEA,,,,0.51,73.67,3.57,0.15,26.65,0.02,0.1,,,,,,,,,,,,
hundley_QB_ARI,Brett Hundley,QB,ARI,1.79,259.96,2.1,0.45,7.43,,,,0.39,0.17,,,,,,,,,,,,
baugh_TE_WSH,Marcus Baugh,TE,WSH,,,,,0.83,6.31,0.56,72.38,,,,,,,,,,,,,,
hollister_WR_TEN,Cody Hollister,WR,TEN,,,,,3.19,4.5,0.43,93.99,,,,,,,,,,,,,,
erickson_WR_CIN,Alex Erickson,WR,CIN,,,,0.02,7.88,6.62,0.35,71.34,,,,,,,,,,,,,,
parham_TE_LAC,Donald Parham,TE,LAC,,,,,0.88,6.54,0.54,67.92,,,,,,,,,,,,,,
tonyan_TE_GB,Robert Tonyan,TE,GB,,,,,0.63,5.86,0.57,73.07,,,,,,,,,,,,,,
mccloud_WR_PIT,Ray-Ray McCloud,WR,PIT,,,,0.04,13.23,4.5,0.33,75.41,,0.01,,,,,,,,,,,0.13,
okwuegbunam_TE_DEN,Albert Okwuegbunam,TE,DEN,,,,,0.89,5.7,0.56,70.98,,,,,,,,,,,,,,
aliecox_TE_IND,Mo Alie-Cox,TE,IND,,,0.01,,1.2,6.06,0.5,70.59,,,,,,,,,,,,,,
ursua_WR_SEA,John Ursua,WR,SEA,,,,0.03,4.02,5.16,0.44,76.04,,,,,,,,,,,,,,
webster_WR_LAR,Nsimba Webster,WR,LAR,,,,0.01,9.15,4.59,0.36,71.35,,0.01,,,,,,,,,,,0.17,
carter_TE_CIN,Cethan Carter,TE,CIN,,,,,0.64,7.23,0.47,57.11,,,,,,,,,,,,,,
woerner_TE_SF,Charlie Woerner,TE,SF,,,,,1.05,5.71,0.5,66.95,,,,,,,,,,,,,,
luton_QB_JAX,Jake Luton,QB,JAX,1.34,272.17,1.55,0.14,3.34,,,,0.56,0.12,,,,,,,,,,,,
schultz_TE_DAL,Dalton Schultz,TE,DAL,,,,,0.54,5.56,0.54,56.91,,,,,,,,,,,,,,
blasingame_RB_TEN,Khari Blasingame,RB,TEN,,,,0.07,4.91,6.35,0.34,49,0.06,0.01,,,,,,,,,,,,
togiai_TE_IND,Noah Togiai,TE,IND,,,,,0.91,5.26,0.48,59.71,,,,,,,,,,,,,,
sherfield_WR_ARI,Trent Sherfield,WR,ARI,,,,,1.05,4.77,0.39,69.5,,,,,,,,,,,,,,
penny_RB_NYG,Elijhaa Penny,RB,NYG,,,,0.29,47.6,4.09,0.12,25.21,0.02,0.04,,,,,,,,,,,,
jones_RB_BUF,Taiwan Jones,RB,BUF,,,,0.03,3.87,5.24,0.33,59.07,,,,,,,,,,,,,,
homer_RB_SEA,Travis Homer,RB,SEA,,,,0.28,44.92,3.32,0.13,34.63,0.02,0.05,,,,,,,,,,,,
higgins_WR_CLE,Rashard Higgins,WR,CLE,,,,0.01,1.05,4.29,0.39,65.6,,,,,,,,,,,,,,
anderson_TE_LAC,Stephen Anderson,TE,LAC,,,,,0.64,4.29,0.4,60.56,,,,,,,,,,,,,,
flacco_QB_NYJ,Joe Flacco,QB,NYJ,0.61,256.04,0.95,0.08,2.12,,,,0.49,0.1,,,,,,,,,,,,
pringle_WR_KC,Byron Pringle,WR,KC,,,,,1.55,3.14,0.32,67.04,,,,,,,,,,,,,,
beebe_WR_MIN,Chad Beebe,WR,MIN,,,,,2.95,2.64,0.29,63.88,,,,,,,,,,,,,0.09,
williams_RB_CIN,Trayveon Williams,RB,CIN,,,,0.22,29.68,3.26,0.19,26.22,0.05,0.04,,,,,,,,,,,,
ricard_RB_BAL,Patrick Ricard,RB,BAL,,,,0.05,0.75,5.42,0.25,38.34,0.05,0.01,,,,,,,,,,,,
harris_RB_NE,Damien Harris,RB,NE,,,,0.34,56.61,1.75,0.07,14.62,0.01,0.09,,,,,,,,,,,,
hightower_WR_PHI,John Hightower,WR,PHI,,,,0.04,4.12,3.27,0.26,56.3,,,,,,,,,,,,,,
finley_QB_CIN,Ryan Finley,QB,CIN,0.56,225.96,1.02,0.12,2.17,,,,0.56,0.11,,,,,,,,,,,,
howell_RB_HOU,Buddy Howell,RB,HOU,,,,0.2,25.69,3.88,0.16,23.87,0.04,0.03,,,,,,,,,,,,
roberts_WR_BUF,Andre Roberts,WR,BUF,,,,0.01,2.21,3.9,0.21,54.31,,,,,,,,,,,,,,
gafford_WR_LV,Rico Gafford,WR,LV,,,,,1.93,3.85,0.31,43.67,,,,,,,,,,,,,0.01,
yelder_TE_KC,Deon Yelder,TE,KC,,,,,0.45,3.83,0.35,43.46,,,,,,,,,,,,,,
gentry_TE_PIT,Zach Gentry,TE,PIT,,,,,0.67,4.4,0.39,34.65,,,,,,,,,,,,,,
izzo_TE_NE,Ryan Izzo,TE,NE,,,,,0.65,3.67,0.43,35.52,,,,,,,,,,,,,,
turner_WR_DAL,Malik Turner,WR,DAL,,,,,0.07,3.68,0.29,42.88,,,,,,,,,,,,,,
carlson_TE_CLE,Stephen Carlson,TE,CLE,,,,,0.82,3.2,0.4,36.87,,,,,,,,,,,,,,
wesco_TE_NYJ,Trevon Wesco,TE,NYJ,,,,0.03,7.29,3.12,0.35,28.49,,0.01,,,,,,,,,,,,
daniels_TE_ARI,Darrell Daniels,TE,ARI,,,,,0.45,2.84,0.34,39.77,,,,,,,,,,,,,,
mccoy_QB_NYG,Colt McCoy,QB,NYG,0.36,178.2,0.79,0.12,2.25,,,,0.42,0.06,,,,,,,,,,,,
smith_QB_WSH,Alex Smith,QB,WSH,0.54,165.35,0.6,0.06,0.34,,,,0.3,0.01,,,,,,,,,,,,
coutee_WR_HOU,Keke Coutee,WR,HOU,,,,,3.39,3.51,0.21,34.31,,,,,,,,,,,,,,
griffin_QB_BAL,Robert Griffin III,QB,BAL,0.68,136.71,1.2,0.25,7.69,,,,0.41,0.19,,,,,,,,,,,,
pettis_WR_SF,Dante Pettis,WR,SF,,,,0.01,6.34,0.94,0.16,50.64,,0.01,,,,,,,,,,,0.11,
slater_WR_NE,Matthew Slater,WR,NE,,,,0.01,5.13,1.21,0.14,53.03,,0.01,,,,,,,,,,,0.05,
manhertz_TE_CAR,Chris Manhertz,TE,CAR,,,,,0.68,4.08,0.32,20.77,,,,,,,,,,,,,,
keenum_QB_CLE,Case Keenum,QB,CLE,0.43,161.35,0.69,0.06,0.26,,,,0.49,0.06,,,,,,,,,,,,
henne_QB_KC,Chad Henne,QB,KC,0.49,158.89,0.81,0.09,0.51,,,,0.34,0.12,,,,,,,,,,,,
watt_RB_PIT,Derek Watt,RB,PIT,,,,0.18,11.25,3.11,0.17,12.88,0.02,0.02,,,,,,,,,,,,
boyle_QB_GB,Tim Boyle,QB,GB,0.45,136.53,0.76,0.2,0.04,,,,0.51,0.18,,,,,,,,,,,,
stidham_QB_NE,Jarrett Stidham,QB,NE,0.44,146.28,1,0.13,2.14,,,,0.51,0.11,,,,,,,,,,,,
schaub_QB_ATL,Matt Schaub,QB,ATL,0.4,95.14,0.74,0.04,1.31,,,,1.64,0.09,,,,,,,,,,,,
cephus_WR_DET,Quintez Cephus,WR,DET,,,,,0.81,2.85,0.19,33.04,,,,,,,,,,,,,,
mullens_QB_SF,Nick Mullens,QB,SF,0.47,144.54,0.87,0.07,0.3,,,,0.56,0.06,,,,,,,,,,,,
dwelley_TE_SF,Ross Dwelley,TE,SF,,,,,0.7,1.97,0.3,34.88,,,,,,,,,,,,,,
sherman_RB_KC,Anthony Sherman,RB,KC,,,,0.07,0.34,3.53,0.18,19.83,,0.01,,,,,,,,,,,,
jones_RB_LAR,Xavier Jones,RB,LAR,,,,0.21,28.52,1.52,0.05,10.84,0.01,0.04,,,,,,,,,,,,
sudfeld_QB_PHI,Nate Sudfeld,QB,PHI,0.37,120.21,0.64,0.15,3.43,,,,0.49,0.14,,,,,,,,,,,,
barkley_QB_BUF,Matt Barkley,QB,BUF,0.47,154.71,1.36,0.04,0.23,,,,0.44,0.05,,,,,,,,,,,,
auclair_TE_TB,Antony Auclair,TE,TB,,,,,0.58,2.29,0.25,21.53,,,,,,,,,,,,,,
smith_TE_BUF,Lee Smith,TE,BUF,,,,,0.59,2.01,0.28,22.09,,,,,,,,,,,,,,
armah_RB_CAR,Alex Armah,RB,CAR,,,,0.14,12.39,2.45,0.12,6.73,0.03,0.02,,,,,,,,,,,,
hollins_WR_MIA,Mack Hollins,WR,MIA,,,,,0.87,1.25,0.09,37.05,,,,,,,,,,,,,,
stick_QB_LAC,Easton Stick,QB,LAC,0.13,35.82,0.17,0.06,35.85,,,,0.04,0.03,,,,,,,,,,,,
burton_RB_NO,Michael Burton,RB,NO,,,,0.03,1.7,2.77,0.14,7.57,0.03,,,,,,,,,,,,,
swain_WR_SEA,Freddie Swain,WR,SEA,,,,0.01,0.77,1.62,0.13,20.52,,,,,,,,,,,,,,
huntley_RB_PHI,Jason Huntley,RB,PHI,,,,0.09,12.75,1.08,0.06,8.62,,0.02,,,,,,,,,,,,
kemp_WR_KC,Marcus Kemp,WR,KC,,,,,0.46,1.27,0.1,20.36,,,,,,,,,,,,,,
natson_WR_CLE,JoJo Natson,WR,CLE,,,,,2.22,0.51,0.06,26.59,,,,,,,,,,,,,,
cox_RB_MIA,Chandler Cox,RB,MIA,,,,0.06,2.11,2.15,0.09,3.28,0.05,0.01,,,,,,,,,,,,
holtz_TE_CHI,J.P. Holtz,TE,CHI,,,,,0.33,1.3,0.17,13.09,,,,,,,,,,,,,,
gallman_RB_NYG,Wayne Gallman,RB,NYG,,,,0.12,12.77,0.79,0.02,4.92,,0.03,,,,,,,,,,,,
gilliam_RB_BUF,Reggie Gilliam,RB,BUF,,,,0.05,7.31,1.15,0.06,7.64,0.01,0.01,,,,,,,,,,,,
johnson_WR_ARI,KeeSean Johnson,WR,ARI,,,,,0.15,1.09,0.06,13.74,,,,,,,,,,,,,0.01,
perine_RB_CIN,Samaje Perine,RB,CIN,,,,0.09,13.82,0.47,0.02,4.25,,0.04,,,,,,,,,,,,
vaughn_RB_TB,Ke'Shawn Vaughn,RB,TB,,,,0.09,13.17,0.56,0.02,2.75,,0.02,,,,,,,,,,,,
carrier_TE_LV,Derek Carrier,TE,LV,,,,,0.16,1,0.09,10.71,,,,,,,,,,,,,,
johnson_RB_CLE,D'Ernest Johnson,RB,CLE,,,,0.04,5.06,0.69,0.05,8.52,,0.01,,,,,,,,,,,0.01,
morgan_QB_NYJ,James Morgan,QB,NYJ,0.18,53.47,0.36,0.02,0.13,,,,0.11,0.02,,,,,,,,,,,,
toilolo_TE_NYG,Levine Toilolo,TE,NYG,,,,,0.52,0.58,0.22,3.78,,,,,,,,,,,,,,
mckeon_TE_DAL,Sean McKeon,TE,DAL,,,,,0.12,0.71,0.07,9.13,,,,,,,,,,,,,,
wright_WR_WSH,Isaiah Wright,WR,WSH,,,,,0.46,0.61,0.06,8.58,,,,,,,,,,,,,0.01,
mickens_WR_TB,Jaydon Mickens,WR,TB,,,,,0.7,0.15,0.03,11.41,,,,,,,,,,,,,0.06,
tomlinson_TE_NYG,Eric Tomlinson,TE,NYG,,,,,0.09,0.94,0.07,3.75,,,,,,,,,,,,,,
johnson_WR_JAX,Collin Johnson,WR,JAX,,,,,0.3,0.62,0.04,6.78,,,,,,,,,,,,,,
dinucci_QB_DAL,Ben DiNucci,QB,DAL,0.06,18.91,0.13,0.04,5.09,,,,0.04,0.02,,,,,,,,,,,,
dulin_WR_IND,Ashton Dulin,WR,IND,,,,,0.26,0.21,0.04,10.54,,,,,,,,,,,,,,
moore_WR_LAC,Jason Moore,WR,LAC,,,,,0.09,0.29,0.03,7.47,,,,,,,,,,,,,,
hoyer_QB_NE,Brian Hoyer,QB,NE,0.05,15.99,0.09,0.02,,,,,0.01,0.01,,,,,,,,,,,,
keizer_TE_KC,Nick Keizer,TE,KC,,,,,0.07,0.21,0.01,3.85,,,,,,,,,,,,,,
spencer_WR_DEN,Diontae Spencer,WR,DEN,,,,,0.89,0.08,0.01,2.92,,,,,,,,,,,,,,
batson_WR_TEN,Cameron Batson,WR,TEN,,,,,0.21,0.12,0.01,2.79,,,,,,,,,,,,,,
adeboyejo_WR_NE,Quincy Adeboyejo,WR,NE,,,,,,,,,,,,,,,,,,,,,,
allison_WR_DET,Geronimo Allison,WR,DET,,,,,,,,,,,,,,,,,,,,,,
anderson_RB_IND,Bruce Anderson,RB,IND,,,,,,,,,,,,,,,,,,,,,,
anderson_RB_DAL,Darius Anderson,RB,DAL,,,,,,,,,,,,,,,,,,,,,,
armstead_RB_JAX,Ryquell Armstead,RB,JAX,,,,,,,,,,,,,,,,,,,,,,
austin_WR_SF,Tavon Austin,WR,SF,,,,,,,,,,,,,,,,,,,,,,
baccellia_WR_NE,Andre Baccellia,WR,NE,,,,,,,,,,,,,,,,,,,,,,
ballage_RB_MIA,Kalen Ballage,RB,MIA,,,,,,,,,,,,,,,,,,,,,,
bawden_RB_DET,Nick Bawden,RB,DET,,,,,,,,,,,,,,,,,,,,,,
bayless_WR_CAR,Omar Bayless,WR,CAR,,,,,,,,,,,,,,,,,,,,,,
baylis_TE_GB,Evan Baylis,TE,GB,,,,,,,,,,,,,,,,,,,,,,
beathard_QB_SF,C.J. Beathard,QB,SF,,,,,,,,,,,,,,,,,,,,,,
bellamy_WR_NYJ,Josh Bellamy,WR,NYJ,,,,,,,,,,,,,,,,,,,,,,
bellore_RB_SEA,Nick Bellore,RB,SEA,,,,,,,,,,,,,,,,,,,,,,
benjamin_WR_SF,Travis Benjamin,WR,SF,,,,,,,,,,,,,,,,,,,,,,
blackmon_WR_JAX,Justin Blackmon,WR,JAX,,,,,,,,,,,,,,,,,,,,,,
blacknall_WR_PIT,Saeed Blacknall,WR,PIT,,,,,,,,,,,,,,,,,,,,,,
bolden_RB_NE,Brandon Bolden,RB,NE,,,,,,,,,,,,,,,,,,,,,,
breeland_TE_BAL,Jacob Breeland,TE,BAL,,,,,,,,,,,,,,,,,,,,,,
brown_TE_NYJ,Daniel Brown,TE,NYJ,,,,,,,,,,,,,,,,,,,,,,
brown_TE_CLE,Pharaoh Brown,TE,CLE,,,,,,,,,,,,,,,,,,,,,,
bryant_WR_DAL,Ventell Bryant,WR,DAL,,,,,,,,,,,,,,,,,,,,,,
butler_WR_NO,Emmanuel Butler,WR,NO,,,,,,,,,,,,,,,,,,,,,,
butler_WR_ARI,Hakeem Butler,WR,ARI,,,,,,,,,,,,,,,,,,,,,,
butler_TE_NE,Paul Butler,TE,NE,,,,,,,,,,,,,,,,,,,,,,
butt_TE_DEN,Jake Butt,TE,DEN,,,,,,,,,,,,,,,,,,,,,,
callaway_WR_NO,Marquez Callaway,WR,NO,,,,,,,,,,,,,,,,,,,,,,
campbell_WR_NYJ,George Campbell,WR,NYJ,,,,,,,,,,,,,,,,,,,,,,
carr_RB_SEA,Patrick Carr,RB,SEA,,,,,,,,,,,,,,,,,,,,,,
chesson_WR_NYJ,Jehu Chesson,WR,NYJ,,,,,,,,,,,,,,,,,,,,,,
chisena_WR_MIN,Dan Chisena,WR,MIN,,,,,,,,,,,,,,,,,,,,,,
clark_TE_CHI,Darion Clark,TE,CHI,,,,,,,,,,,,,,,,,,,,,,
cleveland_WR_DEN,Tyrie Cleveland,WR,DEN,,,,,,,,,,,,,,,,,,,,,,
coleman_WR_NYG,Corey Coleman,WR,NYG,,,,,,,,,,,,,,,,,,,,,,
core_WR_NYG,Cody Core,WR,NYG,,,,,,,,,,,,,,,,,,,,,,
coulter_WR_HOU,Isaiah Coulter,WR,HOU,,,,,,,,,,,,,,,,,,,,,,
dafney_TE_IND,Dominique Dafney,TE,IND,,,,,,,,,,,,,,,,,,,,,,
daniel_RB_ATL,Mikey Daniel,RB,ATL,,,,,,,,,,,,,,,,,,,,,,
davidson_QB_CLE,Kevin Davidson,QB,CLE,,,,,,,,,,,,,,,,,,,,,,
davis_WR_MIN,Quartney Davis,WR,MIN,,,,,,,,,,,,,,,,,,,,,,
dickerson_TE_NYG,Garrett Dickerson,TE,NYG,,,,,,,,,,,,,,,,,,,,,,
dimarco_RB_BUF,Patrick DiMarco,RB,BUF,,,,,,,,,,,,,,,,,,,,,,
dixon_WR_ARI,Johnnie Dixon,WR,ARI,,,,,,,,,,,,,,,,,,,,,,
dobbs_QB_PIT,Joshua Dobbs,QB,PIT,,,,,,,,,,,,,,,,,,,,,,
doctson_WR_NYJ,Josh Doctson,WR,NYJ,,,,,,,,,,,,,,,,,,,,,,
dolegala_QB_CIN,Jake Dolegala,QB,CIN,,,,,,,,,,,,,,,,,,,,,,
dowdle_RB_DAL,Rico Dowdle,RB,DAL,,,,,,,,,,,,,,,,,,,,,,
eason_QB_IND,Jacob Eason,QB,IND,,,,,,,,,,,,,,,,,,,,,,
edwards_WR_LAR,Earnest Edwards,WR,LAR,,,,,,,,,,,,,,,,,,,,,,
ervin_RB_GB,Tyler Ervin,RB,GB,,,,,,,,,,,,,,,,,,,,,,
feaster_RB_NYG,Tavien Feaster,RB,NYG,,,,,,,,,,,,,,,,,,,,,,
fort_TE_DEN,Austin Fort,TE,DEN,,,,,,,,,,,,,,,,,,,,,,
foster_WR_BUF,Robert Foster,WR,BUF,,,,,,,,,,,,,,,,,,,,,,
franks_TE_CIN,Jordan Franks,TE,CIN,,,,,,,,,,,,,,,,,,,,,,
fromm_QB_BUF,Jake Fromm,QB,BUF,,,,,,,,,,,,,,,,,,,,,,
fumagalli_TE_DEN,Troy Fumagalli,TE,DEN,,,,,,,,,,,,,,,,,,,,,,
funchess_WR_GB,Devin Funchess,WR,GB,,,,,,,,,,,,,,,,,,,,,,
gillaspia_RB_HOU,Cullen Gillaspia,RB,HOU,,,,,,,,,,,,,,,,,,,,,,
goodwin_WR_PHI,Marquise Goodwin,WR,PHI,,,,,,,,,,,,,,,,,,,,,,
gordon_QB_SEA,Anthony Gordon,QB,SEA,,,,,,,,,,,,,,,,,,,,,,
gordon_WR_SEA,Josh Gordon,WR,SEA,,,,,,,,,,,,,,,,,,,,,,
gore_RB_LAC,Derrick Gore,RB,LAC,,,,,,,,,,,,,,,,,,,,,,
gray_WR_ATL,Devin Gray,WR,ATL,,,,,,,,,,,,,,,,,,,,,,
gray_TE_SF,MarQueis Gray,TE,SF,,,,,,,,,,,,,,,,,,,,,,
grier_QB_CAR,Will Grier,QB,CAR,,,,,,,,,,,,,,,,,,,,,,
griffin_QB_TB,Ryan Griffin,QB,TB,,,,,,,,,,,,,,,,,,,,,,
griffinstewart_TE_MIN,Nakie Griffin-Stewart,TE,MIN,,,,,,,,,,,,,,,,,,,,,,
guidry_WR_DAL,Stephen Guidry,WR,DAL,,,,,,,,,,,,,,,,,,,,,,
hall_WR_WSH,Emanuel Hall,WR,WSH,,,,,,,,,,,,,,,,,,,,,,
harmon_WR_WSH,Kelvin Harmon,WR,WSH,,,,,,,,,,,,,,,,,,,,,,
helm_TE_KC,Daniel Helm,TE,KC,,,,,,,,,,,,,,,,,,,,,,
hemingway_TE_CAR,Temarrick Hemingway,TE,CAR,,,,,,,,,,,,,,,,,,,,,,
higdon_RB_HOU,Karan Higdon,RB,HOU,,,,,,,,,,,,,,,,,,,,,,
hills_RB_DET,Wes Hills,RB,DET,,,,,,,,,,,,,,,,,,,,,,
hinton_WR_DEN,Kendall Hinton,WR,DEN,,,,,,,,,,,,,,,,,,,,,,
hodges_QB_PIT,Devlin Hodges,QB,PIT,,,,,,,,,,,,,,,,,,,,,,
hodgins_WR_BUF,Isaiah Hodgins,WR,BUF,,,,,,,,,,,,,,,,,,,,,,
hogan_WR_TEN,Krishawn Hogan,WR,TEN,,,,,,,,,,,,,,,,,,,,,,
holly_RB_LAC,Bobby Holly,RB,LAC,,,,,,,,,,,,,,,,,,,,,,
hopkins_TE_LAR,Brycen Hopkins,TE,LAR,,,,,,,,,,,,,,,,,,,,,,
hurd_WR_SF,Jalen Hurd,WR,SF,,,,,,,,,,,,,,,,,,,,,,
hurns_WR_MIA,Allen Hurns,WR,MIA,,,,,,,,,,,,,,,,,,,,,,
hurst_WR_TB,John Hurst,WR,TB,,,,,,,,,,,,,,,,,,,,,,
jackson_WR_LAR,Trishton Jackson,WR,LAR,,,,,,,,,,,,,,,,,,,,,,
james_WR_SF,Richie James,WR,SF,,,,,,,,,,,,,,,,,,,,,,
jennings_WR_LAC,Darius Jennings,WR,LAC,,,,,,,,,,,,,,,,,,,,,,
jennings_WR_MIA,Gary Jennings,WR,MIA,,,,,,,,,,,,,,,,,,,,,,
john_TE_NYG,Rysen John,TE,NYG,,,,,,,,,,,,,,,,,,,,,,
johnson_TE_NE,Jakob Johnson,TE,NE,,,,,,,,,,,,,,,,,,,,,,
johnson_WR_WSH,Johnathon Johnson,WR,WSH,,,,,,,,,,,,,,,,,,,,,,
johnson_WR_DAL,Jon'Vea Johnson,WR,DAL,,,,,,,,,,,,,,,,,,,,,,
johnson_WR_NO,Juwan Johnson,WR,NO,,,,,,,,,,,,,,,,,,,,,,
johnson_WR_IND,Marcus Johnson,WR,IND,,,,,,,,,,,,,,,,,,,,,,
johnson_WR_LAC,Tyron Johnson,WR,LAC,,,,,,,,,,,,,,,,,,,,,,
jones_WR_MIA,Andy Jones,WR,MIA,,,,,,,,,,,,,,,,,,,,,,
jones_WR_DAL,Tevin Jones,WR,DAL,,,,,,,,,,,,,,,,,,,,,,
kelly_RB_LAR,John Kelly,RB,LAR,,,,,,,,,,,,,,,,,,,,,,
kinsey_WR_TEN,Mason Kinsey,WR,TEN,,,,,,,,,,,,,,,,,,,,,,
kirkwood_WR_CAR,Keith Kirkwood,WR,CAR,,,,,,,,,,,,,,,,,,,,,,
kumerow_WR_GB,Jake Kumerow,WR,GB,,,,,,,,,,,,,,,,,,,,,,
lacosse_TE_NE,Matt LaCosse,TE,NE,,,,,,,,,,,,,,,,,,,,,,
lacy_WR_DET,Chris Lacy,WR,DET,,,,,,,,,,,,,,,,,,,,,,
lee_WR_NE,Marqise Lee,WR,NE,,,,,,,,,,,,,,,,,,,,,,
lewerke_QB_NE,Brian Lewerke,QB,NE,,,,,,,,,,,,,,,,,,,,,,
lewis_WR_CAR,Tommylee Lewis,WR,CAR,,,,,,,,,,,,,,,,,,,,,,
lodge_WR_CIN,DaMarkus Lodge,WR,CIN,,,,,,,,,,,,,,,,,,,,,,
logan_RB_TB,T.J. Logan,RB,TB,,,,,,,,,,,,,,,,,,,,,,
love_QB_GB,Jordan Love,QB,GB,,,,,,,,,,,,,,,,,,,,,,
lynch_QB_PIT,Paxton Lynch,QB,PIT,,,,,,,,,,,,,,,,,,,,,,
markway_TE_PIT,Kyle Markway,TE,PIT,,,,,,,,,,,,,,,,,,,,,,
marshall_RB_TEN,Marcus Marshall,RB,TEN,,,,,,,,,,,,,,,,,,,,,,
mccleskey_WR_ATL,Jalen McCleskey,WR,ATL,,,,,,,,,,,,,,,,,,,,,,
mcelroy_TE_TB,Codey McElroy,TE,TB,,,,,,,,,,,,,,,,,,,,,,
mcguire_RB_KC,Elijah McGuire,RB,KC,,,,,,,,,,,,,,,,,,,,,,
mckenzie_WR_BUF,Isaiah McKenzie,WR,BUF,,,,,,,,,,,,,,,,,,,,,,
mcsorley_QB_BAL,Trace McSorley,QB,BAL,,,,,,,,,,,,,,,,,,,,,,
meyers_WR_NE,Jakobi Meyers,WR,NE,,,,,,,,,,,,,,,,,,,,,,
miller_RB_JAX,Bruce Miller,RB,JAX,,,,,,,,,,,,,,,,,,,,,,
miller_RB_NE,Lamar Miller,RB,NE,,,,,,,,,,,,,,,,,,,,,,
mitchell_WR_TB,Bryant Mitchell,WR,TB,,,,,,,,,,,,,,,,,,,,,,
mitchell_WR_MIN,Dillon Mitchell,WR,MIN,,,,,,,,,,,,,,,,,,,,,,
mooney_WR_CHI,Darnell Mooney,WR,CHI,,,,,,,,,,,,,,,,,,,,,,
moore_WR_BAL,Chris Moore,WR,BAL,,,,,,,,,,,,,,,,,,,,,,
moss_TE_WSH,Thaddeus Moss,TE,WSH,,,,,,,,,,,,,,,,,,,,,,
oleary_TE_LV,Nick O'Leary,TE,LV,,,,,,,,,,,,,,,,,,,,,,
ogunbowale_RB_TB,Dare Ogunbowale,RB,TB,,,,,,,,,,,,,,,,,,,,,,
olawale_RB_DAL,Jamize Olawale,RB,DAL,,,,,,,,,,,,,,,,,,,,,,
oliver_TE_JAX,Josh Oliver,TE,JAX,,,,,,,,,,,,,,,,,,,,,,
ollison_RB_ATL,Qadree Ollison,RB,ATL,,,,,,,,,,,,,,,,,,,,,,
osborn_WR_MIN,K.J. Osborn,WR,MIN,,,,,,,,,,,,,,,,,,,,,,
parkinson_TE_SEA,Colby Parkinson,TE,SEA,,,,,,,,,,,,,,,,,,,,,,
penny_RB_SEA,Rashaad Penny,RB,SEA,,,,,,,,,,,,,,,,,,,,,,
perkins_TE_PHI,Josh Perkins,TE,PHI,,,,,,,,,,,,,,,,,,,,,,
perry_WR_MIA,Malcolm Perry,WR,MIA,,,,,,,,,,,,,,,,,,,,,,
peterman_QB_LV,Nathan Peterman,QB,LV,,,,,,,,,,,,,,,,,,,,,,
phillips_WR_CAR,Cam Phillips,WR,CAR,,,,,,,,,,,,,,,,,,,,,,
piersonel_WR_LV,De'Mornay Pierson-El,WR,LV,,,,,,,,,,,,,,,,,,,,,,
poindexter_WR_SF,Shawn Poindexter,WR,SF,,,,,,,,,,,,,,,,,,,,,,
quinn_WR_WSH,Trey Quinn,WR,WSH,,,,,,,,,,,,,,,,,,,,,,
reynolds_RB_ATL,Craig Reynolds,RB,ATL,,,,,,,,,,,,,,,,,,,,,,
richardson_WR_SEA,Paul Richardson,WR,SEA,,,,,,,,,,,,,,,,,,,,,,
rodgers_TE_WSH,Richard Rodgers,TE,WSH,,,,,,,,,,,,,,,,,,,,,,
rosen_QB_MIA,Josh Rosen,QB,MIA,,,,,,,,,,,,,,,,,,,,,,
ross_WR_JAX,Marvelle Ross,WR,JAX,,,,,,,,,,,,,,,,,,,,,,
saubert_TE_CHI,Eric Saubert,TE,CHI,,,,,,,,,,,,,,,,,,,,,,
scarff_TE_BAL,Charles Scarff,TE,BAL,,,,,,,,,,,,,,,,,,,,,,
schnell_WR_TB,Spencer Schnell,WR,TB,,,,,,,,,,,,,,,,,,,,,,
schoen_WR_LAC,Dalton Schoen,WR,LAC,,,,,,,,,,,,,,,,,,,,,,
scott_WR_NYG,Da'Mari Scott,WR,NYG,,,,,,,,,,,,,,,,,,,,,,
scott_WR_BAL,Jaleel Scott,WR,BAL,,,,,,,,,,,,,,,,,,,,,,
sheltonmosley_WR_KC,Justice Shelton-Mosley,WR,KC,,,,,,,,,,,,,,,,,,,,,,
sills_WR_NYG,David Sills,WR,NYG,,,,,,,,,,,,,,,,,,,,,,
smallwood_RB_PIT,Wendell Smallwood,RB,PIT,,,,,,,,,,,,,,,,,,,,,,
smith_WR_NYJ,Jeff Smith,WR,NYJ,,,,,,,,,,,,,,,,,,,,,,
sokol_TE_DET,Matt Sokol,TE,DET,,,,,,,,,,,,,,,,,,,,,,
stapleton_TE_HOU,Dylan Stapleton,TE,HOU,,,,,,,,,,,,,,,,,,,,,,
stewart_WR_CAR,Darrell Stewart,WR,CAR,,,,,,,,,,,,,,,,,,,,,,
streveler_QB_ARI,Chris Streveler,QB,ARI,,,,,,,,,,,,,,,,,,,,,,
sweeney_TE_BUF,Tommy Sweeney,TE,BUF,,,,,,,,,,,,,,,,,,,,,,
switzer_WR_PIT,Ryan Switzer,WR,PIT,,,,,,,,,,,,,,,,,,,,,,
tanney_QB_NYG,Alex Tanney,QB,NYG,,,,,,,,,,,,,,,,,,,,,,
taylor_WR_GB,Malik Taylor,WR,GB,,,,,,,,,,,,,,,,,,,,,,
taylor_RB_GB,Patrick Taylor,RB,GB,,,,,,,,,,,,,,,,,,,,,,
thomas_WR_BAL,De'Anthony Thomas,WR,BAL,,,,,,,,,,,,,,,,,,,,,,
thomas_WR_NE,Jeff Thomas,WR,NE,,,,,,,,,,,,,,,,,,,,,,
thomas_TE_HOU,Jordan Thomas,TE,HOU,,,,,,,,,,,,,,,,,,,,,,
thomas_WR_CIN,Mike Thomas,WR,CIN,,,,,,,,,,,,,,,,,,,,,,
thompkins_WR_PIT,DeAndre Thompkins,WR,PIT,,,,,,,,,,,,,,,,,,,,,,
thompson_WR_SF,Chris Thompson,WR,SF,,,,,,,,,,,,,,,,,,,,,,
thompson_TE_CAR,Colin Thompson,TE,CAR,,,,,,,,,,,,,,,,,,,,,,
treadwell_WR_ATL,Laquon Treadwell,WR,ATL,,,,,,,,,,,,,,,,,,,,,,
vander_TE_NO,Jason Vander Laan,TE,NO,,,,,,,,,,,,,,,,,,,,,,
veasy_WR_WSH,Jordan Veasy,WR,WSH,,,,,,,,,,,,,,,,,,,,,,
vitale_RB_NE,Danny Vitale,RB,NE,,,,,,,,,,,,,,,,,,,,,,
vollert_TE_IND,Andrew Vollert,TE,IND,,,,,,,,,,,,,,,,,,,,,,
walker_WR_JAX,Michael Walker,WR,JAX,,,,,,,,,,,,,,,,,,,,,,
washington_RB_NO,Dwayne Washington,RB,NO,,,,,,,,,,,,,,,,,,,,,,
watkins_WR_PHI,Quez Watkins,WR,PHI,,,,,,,,,,,,,,,,,,,,,,
weah_WR_WSH,Jester Weah,WR,WSH,,,,,,,,,,,,,,,,,,,,,,
wesley_WR_BAL,Antoine Wesley,WR,BAL,,,,,,,,,,,,,,,,,,,,,,
white_WR_DEN,Cody White,WR,DEN,,,,,,,,,,,,,,,,,,,,,,
white_WR_BAL,DeAndrew White,WR,BAL,,,,,,,,,,,,,,,,,,,,,,
whitney_WR_HOU,Isaac Whitney,WR,HOU,,,,,,,,,,,,,,,,,,,,,,
whyte_RB_PIT,Kerrith Whyte,RB,PIT,,,,,,,,,,,,,,,,,,,,,,
wick_TE_NO,Cole Wick,TE,NO,,,,,,,,,,,,,,,,,,,,,,
wieting_TE_MIA,Nate Wieting,TE,MIA,,,,,,,,,,,,,,,,,,,,,,
wilkerson_WR_TEN,Kristian Wilkerson,WR,TEN,,,,,,,,,,,,,,,,,,,,,,
williams_WR_LV,Tyrell Williams,WR,LV,,,,,,,,,,,,,,,,,,,,,,
wilson_WR_MIA,Albert Wilson,WR,MIA,,,,,,,,,,,,,,,,,,,,,,
wims_WR_CHI,Javon Wims,WR,CHI,,,,,,,,,,,,,,,,,,,,,,
winfree_WR_DEN,Juwann Winfree,WR,DEN,,,,,,,,,,,,,,,,,,,,,,
winston_WR_LAR,Easop Winston,WR,LAR,,,,,,,,,,,,,,,,,,,,,,
wolf_TE_NO,Ethan Wolf,TE,NO,,,,,,,,,,,,,,,,,,,,,,
gould_K_SF,Robbie Gould,K,SF,,,,,,,,,,,0.25,7.6,9.43,9.39,,41.81,,,,,,
carlson_K_LV,Daniel Carlson,K,LV,,,,,,,,,,,1.11,7.7,9.15,7.64,,41.85,,,,,,
bullock_K_CIN,Randy Bullock,K,CIN,,,,,,,,,,,0.83,7.7,11.94,9.47,,24.92,,,,,,
myers_K_SEA,Jason Myers,K,SEA,,,,,,,,,,,0.83,7.6,9.48,8.52,,34.88,,,,,,
lutz_K_NO,Wil Lutz,K,NO,,,,,,,,,,,0.33,7.6,7.56,7.53,,44.93,,,,,,
butker_K_KC,Harrison Butker,K,KC,,,,,,,,,,,0.54,7.6,7.59,8.5,,40.62,,,,,,
sanders_K_MIA,Jason Sanders,K,MIA,,,,,,,,,,,0.22,7.6,8.89,9.56,,34.34,,,,,,
tucker_K_BAL,Justin Tucker,K,BAL,,,,,,,,,,,0.59,7.6,8.49,7.73,,39.54,,,,,,
elliott_K_PHI,Jake Elliott,K,PHI,,,,,,,,,,,0.85,7.58,9.22,9.33,,30.74,,,,,,
seibert_K_CLE,Austin Seibert,K,CLE,,,,,,,,,,,0.58,7.6,9.21,7.82,,35.05,,,,,,
gostkowski_K_TEN,Stephen Gostkowski,K,TEN,,,,,,,,,,,0.55,7.6,8.82,5.99,,41.05,,,,,,
koo_K_ATL,Younghoe Koo,K,ATL,,,,,,,,,,,0.35,7.58,8.54,7.28,,37.49,,,,,,
crosby_K_GB,Mason Crosby,K,GB,,,,,,,,,,,0.33,7.6,7.22,7.41,,40.54,,,,,,
mcmanus_K_DEN,Brandon McManus,K,DEN,,,,,,,,,,,0.57,7.6,7.4,8.15,,36.42,,,,,,
boswell_K_PIT,Chris Boswell,K,PIT,,,,,,,,,,,0.66,7.6,8.18,8.52,,30.94,,,,,,
zuerlein_K_DAL,Greg Zuerlein,K,DAL,,,,,,,,,,,0.13,7.6,8.17,6.18,,39.27,,,,,,
ficken_K_NYJ,Sam Ficken,K,NYJ,,,,,,,,,,,0.8,7.6,8.71,6.79,,33.69,,,,,,
slye_K_CAR,Joey Slye,K,CAR,,,,,,,,,,,0.58,7.6,8.04,7.73,,32.77,,,,,,
prater_K_DET,Matt Prater,K,DET,,,,,,,,,,,0.37,7.6,7.87,7.58,,33.03,,,,,,
badgley_K_LAC,Mike Badgley,K,LAC,,,,,,,,,,,0.89,7.6,8.41,8.08,,28.01,,,,,,
blankenship_K_IND,Rodrigo Blankenship,K,IND,,,,,,,,,,,1.05,7.6,7.36,6.84,,34.18,,,,,,
bailey_K_MIN,Dan Bailey,K,MIN,,,,,,,,,,,0.11,7.6,7.84,7.26,,34.09,,,,,,
lambo_K_JAX,Josh Lambo,K,JAX,,,,,,,,,,,0.1,7.6,8.6,6.22,,33.75,,,,,,
gano_K_NYG,Graham Gano,K,NYG,,,,,,,,,,,0.34,7.6,7.66,5.94,,35.94,,,,,,
pineiro_K_CHI,Eddy Pineiro,K,CHI,,,,,,,,,,,0.25,7.6,9.59,6.4,,28.38,,,,,,
succop_K_TB,Ryan Succop,K,TB,,,,,,,,,,,0.62,7.6,8.77,6.99,,27.95,,,,,,
gonzalez_K_ARI,Zane Gonzalez,K,ARI,,,,,,,,,,,0.08,7.6,7.94,6.66,,32.04,,,,,,
fairbairn_K_HOU,Ka'imi Fairbairn,K,HOU,,,,,,,,,,,0.6,7.6,6.88,6.96,,31.41,,,,,,
bass_K_BUF,Tyler Bass,K,BUF,,,,,,,,,,,0.28,7.6,7.29,6.86,,30.76,,,,,,
sloman_K_LAR,Sam Sloman,K,LAR,,,,,,,,,,,0.4,7.6,7.47,6.82,,27.75,,,,,,
hopkins_K_WSH,Dustin Hopkins,K,WSH,,,,,,,,,,,,7.6,7.94,6.73,,25.13,,,,,,
gay_K_TB,Matt Gay,K,TB,,,,,,,,,,,,,,,,,,,,,,
hajrullahu_K_LAR,Lirim Hajrullahu,K,LAR,,,,,,,,,,,,,,,,,,,,,,
long_K_LAC,Ty Long,K,LAC,,,,,,,,,,,,,,,,,,,,,,
macginnis_K_LAR,Austin MacGinnis,K,LAR,,,,,,,,,,,,,,,,,,,,,,
mclaughlin_K_IND,Chase McLaughlin,K,IND,,,,,,,,,,,,,,,,,,,,,,
steelers_DST_PIT,Steelers,DST,PIT,,,,,,,,,,,,,,,,,20.175625,45.05,0.7,10.59,0.54,15.83
packers_DST_GB,Packers,DST,GB,,,,,,,,,,,,,,,,,21.754375,38.33,0.52,10.26,0.5,17.78
ravens_DST_BAL,Ravens,DST,BAL,,,,,,,,,,,,,,,,,17.940625,39.53,0.58,10.24,0.6,16.1
ers_DST_SF,49ers,DST,SF,,,,,,,,,,,,,,,,,19.184375,40.26,0.64,10.25,0.53,15.88
chiefs_DST_KC,Chiefs,DST,KC,,,,,,,,,,,,,,,,,20.315,39.76,0.56,10.33,0.64,15.5
patriots_DST_NE,Patriots,DST,NE,,,,,,,,,,,,,,,,,17.945625,36.58,0.53,10.96,0.52,16.51
bears_DST_CHI,Bears,DST,CHI,,,,,,,,,,,,,,,,,21.60125,39,0.5,10.57,0.97,13.99
saints_DST_NO,Saints,DST,NO,,,,,,,,,,,,,,,,,20.860625,38.51,0.54,10.9,0.81,14.15
colts_DST_IND,Colts,DST,IND,,,,,,,,,,,,,,,,,22.065625,40.11,0.6,10.18,0.63,14.46
eagles_DST_PHI,Eagles,DST,PHI,,,,,,,,,,,,,,,,,21.473125,38.5,0.61,11.51,0.45,14.06
rams_DST_LAR,Rams,DST,LAR,,,,,,,,,,,,,,,,,21.0425,39.74,0.51,10.83,0.48,14.16
bills_DST_BUF,Bills,DST,BUF,,,,,,,,,,,,,,,,,20.6025,38.44,0.57,10.48,0.46,14.65
vikings_DST_MIN,Vikings,DST,MIN,,,,,,,,,,,,,,,,,20.70125,40.11,0.56,9.1,0.49,15.08
broncos_DST_DEN,Broncos,DST,DEN,,,,,,,,,,,,,,,,,22.305625,39.3,0.6,10.3,0.51,13.51
buccaneers_DST_TB,Buccaneers,DST,TB,,,,,,,,,,,,,,,,,22.201875,37.9,0.72,10.67,0.55,14.19
cowboys_DST_DAL,Cowboys,DST,DAL,,,,,,,,,,,,,,,,,20.42875,37.87,0.57,10.17,0.49,14.86
browns_DST_CLE,Browns,DST,CLE,,,,,,,,,,,,,,,,,23.005,41.2,0.55,10.14,0.38,13.75
cardinals_DST_ARI,Cardinals,DST,ARI,,,,,,,,,,,,,,,,,23.65875,41.39,0.63,9.94,0.39,12.63
titans_DST_TEN,Titans,DST,TEN,,,,,,,,,,,,,,,,,20.2825,36.89,0.52,10.15,0.38,14.63
jaguars_DST_JAX,Jaguars,DST,JAX,,,,,,,,,,,,,,,,,24.308125,40.32,0.58,10.41,0.37,12.74
chargers_DST_LAC,Chargers,DST,LAC,,,,,,,,,,,,,,,,,21.39375,36.87,0.55,9.38,0.56,13.38
jets_DST_NYJ,Jets,DST,NYJ,,,,,,,,,,,,,,,,,22.678125,36.86,0.88,10.99,0.38,13.12
seahawks_DST_SEA,Seahawks,DST,SEA,,,,,,,,,,,,,,,,,22.8925,36.72,0.56,10.78,0.51,13.34
bengals_DST_CIN,Bengals,DST,CIN,,,,,,,,,,,,,,,,,23.950625,38.56,0.57,9.65,0.51,13.43
raiders_DST_LV,Raiders,DST,LV,,,,,,,,,,,,,,,,,23.880625,38.76,0.55,10.41,0.43,12.59
texans_DST_HOU,Texans,DST,HOU,,,,,,,,,,,,,,,,,23.20375,35.91,0.49,10.34,0.33,13.71
giants_DST_NYG,Giants,DST,NYG,,,,,,,,,,,,,,,,,24.1825,36.25,0.54,11.01,0.47,12.27
team_DST_WSH,Team,DST,WSH,,,,,,,,,,,,,,,,,25.45625,37.76,0.53,10.14,0.43,12.44
lions_DST_DET,Lions,DST,DET,,,,,,,,,,,,,,,,,23.291875,37.34,0.51,9.98,0.57,12.03
falcons_DST_ATL,Falcons,DST,ATL,,,,,,,,,,,,,,,,,22.76875,33.57,0.55,9.43,0.48,13.78
panthers_DST_CAR,Panthers,DST,CAR,,,,,,,,,,,,,,,,,24.615,34.32,0.48,10.1,0.37,12.53
dolphins_DST_MIA,Dolphins,DST,MIA,,,,,,,,,,,,,,,,,24.36125,37.93,0.54,7.25,0.54,12.07
